handle,title,productType,vendor,availableForSale,tagCount,tags
2013-2025-mazda-cx-5-class-2-trailer-hitch-1-25-receiver,"2013-2025 Mazda CX-5 Trailer Hitch Receiver Class 2 1.25""",trailer hitch kit,Stehlen,1,44,1.25 inch receiver | 2013 | 2013-2025 | 2014 | 2015 | 2016 | 2017 | 2018 | 2019 | 2020 | 2021 | 2022 | 2023 | 2024 | 2025 | bolt-on hitch | category:Trailer Hitches | class 2 hitch | crossover hitch | CX-5 | hitch receiver | light duty towing | make:Mazda | Mazda | Mazda CX-5 | model:CX-5 | rear hitch | Stehlen | TH-CX513-B170 | towing | trailer hitch | year:2013 | year:2014 | year:2015 | year:2016 | year:2017 | year:2018 | year:2019 | year:2020 | year:2021 | year:2022 | year:2023 | year:2024 | year:2025
2017-2026-honda-cr-v-class-2-trailer-hitch-1-25-receiver,"2017-2026 Honda CR-V Class 2 Trailer Hitch 1.25"" Receiver",trailer hitch kit,TLAPS,0,37,1.25 inch receiver | 2017 | 2017-2026 | 2018 | 2019 | 2020 | 2021 | 2022 | 2023 | 2024 | 2025 | 2026 | bike rack hitch | bolt-on hitch | cargo carrier hitch | category:Trailer Hitches | class 2 hitch | crv trailer hitch | hitch receiver | honda accessories | honda cr-v | honda crv | make:Honda | model:CR-V | TH-CRV17-B169 | tow hitch | trailer hitch | year:2017 | year:2018 | year:2019 | year:2020 | year:2021 | year:2022 | year:2023 | year:2024 | year:2025 | year:2026
2007-2011-honda-cr-v-class-3-trailer-hitch-mpn-13555,2007-2011 Honda CR-V Class 3 Trailer Hitch - Black | MPN 13555,trailer hitch kit,Curt,1,29,13555 | 2007 | 2007 Honda CR-V | 2008 | 2008 Honda CR-V | 2009 | 2009 Honda CR-V | 2010 | 2010 Honda CR-V | 2011 | 2011 Honda CR-V | black hitch | category:Trailer Hitches | class 3 hitch | CR-V hitch | CRV hitch | Honda accessories | Honda CR-V | make:Honda | model:CR-V | receiver hitch | TH-CRV07-C555 | towing | trailer hitch | year:2007 | year:2008 | year:2009 | year:2010 | year:2011
2012-2016-honda-cr-v-class-3-trailer-hitch-black,2012-2016 Honda CR-V Class 3 Trailer Hitch - Black | CURT 13119,trailer hitch kit,CURT,1,29,13119 | 2-inch receiver | 2012 | 2012 CR-V | 2013 | 2013 CR-V | 2014 | 2014 CR-V | 2015 | 2015 CR-V | 2016 | 2016 CR-V | category:Trailer Hitches | class 3 hitch | CRV hitch | CURT | Honda accessories | Honda CR-V | make:Honda | model:CR-V | receiver hitch | TH-CRV12-C119 | towing | trailer hitch | year:2012 | year:2013 | year:2014 | year:2015 | year:2016
2002-2006-honda-cr-v-class-3-trailer-hitch-black,2002-2006 Honda CR-V Class 3 Trailer Hitch - Black | MPN 13535,trailer hitch kit,CURT,1,29,13535 | 2002 | 2002 Honda CR-V | 2003 | 2003 Honda CR-V | 2004 | 2004 Honda CR-V | 2005 | 2005 Honda CR-V | 2006 | 2006 Honda CR-V | black hitch | bolt-on hitch | category:Trailer Hitches | class 3 hitch | CRV hitch | Honda CR-V | Honda towing | make:Honda | model:CR-V | receiver hitch | TH-CRV02-C535 | towing | trailer hitch | year:2002 | year:2003 | year:2004 | year:2005 | year:2006
2007-2011-honda-cr-v-class-1-trailer-hitch-black,2007-2011 Honda CR-V Class 1 Trailer Hitch - Black | MPN 11555,trailer hitch kit,Torzo Racing,1,29,11555 | 2007 | 2007 Honda CR-V | 2008 | 2008 Honda CR-V | 2009 | 2009 Honda CR-V | 2010 | 2010 Honda CR-V | 2011 | 2011 Honda CR-V | black hitch | bolt-on hitch | category:Trailer Hitches | class 1 hitch | CR-V | Honda | Honda CR-V | make:Honda | model:CR-V | receiver hitch | TH-CRV07-A555 | towing | trailer hitch | year:2007 | year:2008 | year:2009 | year:2010 | year:2011
2018-2023-subaru-crosstrek-2-class-3-trailer-hitch-curt-13382,"2018-2023 Subaru Crosstrek 2"" Trailer Hitch Receiver Class 3 - CURT",trailer hitch kit,CURT,1,28,13382 | 2 inch receiver | 2018 | 2019 | 2020 | 2021 | 2022 | 2023 | black powder coat | bolt-on hitch | category:Trailer Hitches | class 3 | Crosstrek | CURT | hitch receiver | make:Subaru | model:Crosstrek | Subaru | subaru crosstrek hitch | TH-CROS18-C382 | towing | trailer hitch | year:2018 | year:2019 | year:2020 | year:2021 | year:2022 | year:2023
2011-2015-chevy-cruze-trailer-hitch-class-1-1-25-receiver,"2011-2017 Chevrolet Cruze & Buick Verano 1.25"" Trailer Hitch - Class 1",trailer hitch,Trailer Hitch,1,28,1.25 inch receiver | 11282 | 2011 | 2011 Cruze hitch | 2012 | 2012 Cruze hitch | 2012 Verano hitch | 2013 | 2013 Cruze hitch | 2013 Verano hitch | 2014 | 2014 Cruze hitch | 2014 Verano hitch | 2015 | 2015 Cruze hitch | 2015 Verano hitch | 2016 | 2016 Verano hitch | 2017 | 2017 Verano hitch | bike rack hitch | Buick Verano hitch | cargo carrier hitch | Chevrolet Cruze hitch | class 1 hitch | TH-CRUZ11-A282 | tow hitch | trailer hitch
2018-2023-subaru-crosstrek-1-25-trailer-hitch-receiver-curt,"2018-2023 Subaru Crosstrek 1.25"" Trailer Hitch Receiver - CURT",trailer hitch kit,CURT,1,28,1.25 inch receiver | 12184 | 2018 | 2019 | 2020 | 2021 | 2022 | 2023 | black hitch | bolt-on hitch | category:Trailer Hitches | class 2 hitch | Crosstrek | CURT | hitch receiver | make:Subaru | model:Crosstrek | Subaru | subaru crosstrek hitch | TH-CROS18-B184 | towing | trailer hitch | year:2018 | year:2019 | year:2020 | year:2021 | year:2022 | year:2023
2017-jeep-compass-class-3-trailer-hitch-2-receiver,"2017-2025 Jeep Compass Class 3 Trailer Hitch 2"" Receiver",trailer hitch kit,Generic,0,39,2 inch receiver | 2017 | 2017 Jeep Compass | 2018 | 2018 Jeep Compass | 2019 | 2019 Jeep Compass | 2020 | 2020 Jeep Compass | 2021 | 2021 Jeep Compass | 2022 | 2022 Jeep Compass | 2023 | 2023 Jeep Compass | 2024 | 2024 Jeep Compass | 2025 | 2025 Jeep Compass | category:Trailer Hitches | class 3 hitch | Jeep accessories | Jeep Compass | make:Jeep | model:Compass | receiver hitch | TH-COMP17-C363 | tow hitch | towing | trailer hitch | year:2017 | year:2018 | year:2019 | year:2020 | year:2021 | year:2022 | year:2023 | year:2024 | year:2025
1995-2005-chevrolet-cavalier-pontiac-sunfire-class-1-trailer-hitch,1995-2005 Chevrolet Cavalier & Pontiac Sunfire Trailer Hitch - Class 1,trailer hitch,Trailer Hitch,1,26,11109 | 1995 | 1995 Chevrolet Cavalier | 1995 Pontiac Sunfire | 1996 | 1997 | 1998 | 1999 | 2000 | 2001 | 2002 | 2003 | 2004 | 2005 | 2005 Chevrolet Cavalier | 2005 Pontiac Sunfire | bike rack hitch | black hitch | cargo carrier hitch | Cavalier hitch | class 1 hitch | light duty towing | Sunfire hitch | TH-CAV95-A109 | tow hitch | trailer hitch
2004-2011-chevrolet-cobalt-hhr-trailer-hitch-class-1,2004-2011 Chevrolet Cobalt/HHR Saturn Ion Pontiac G5 Trailer Hitch - Class 1,trailer hitch,Trailer Hitch,1,23,2004 | 2004 2005 2006 2007 2008 2009 2010 2011 | 2005 | 2006 | 2007 | 2008 | 2009 | 2010 | 2011 | black trailer hitch | Chevrolet Cobalt hitch | Chevrolet HHR hitch | class 1 hitch | compact car hitch | drilling required | light duty towing | MPN 11447 | Pontiac G5 hitch | Pontiac Pursuit hitch | Saturn Ion hitch | TH-COB05-A447 | tow hitch | trailer hitch
1996-2007-chrysler-town-country-class-3-trailer-hitch-13362,1996-2007 Chrysler Town & Country Class 3 Trailer Hitch - 13362,trailer hitch kit,DERA,0,41,13362 | 1996 | 1996-2007 | 1997 | 1998 | 1999 | 2000 | 2001 | 2002 | 2003 | 2004 | 2005 | 2006 | 2007 | black trailer hitch | category:Trailer Hitches | Chrysler Town & Country | Chrysler Voyager | class 3 hitch | class III | hitch receiver | make:Chrysler | minivan hitch | model:Town & Country | Plymouth Voyager | receiver hitch | TH-CARA04V2-C362 | towing | trailer hitch | year:1996 | year:1997 | year:1998 | year:1999 | year:2000 | year:2001 | year:2002 | year:2003 | year:2004 | year:2005 | year:2006 | year:2007
class-3-trailer-hitch-for-2009-2015-ram-c-v-volkswagen-routan,2009-2015 Dodge Ram C/V & VW Routan Class 3 Trailer Hitch - Black,trailer hitch,Trailer Hitch,1,18,13364 | 2009 | 2010 | 2011 | 2012 | 2013 | 2014 | 2015 | black hitch | cargo van hitch | class 3 hitch | Dodge Ram C/V | minivan hitch | TH-CARA08-C364 | tow hitch | trailer hitch | trailer hitches | Volkswagen Routan
2007-2012-dodge-caliber-class-1-trailer-hitch-black,2007-2012 Dodge Caliber Class 1 Trailer Hitch - Black,trailer hitch kit,Torklift Central,1,31,11006 | 2007 | 2007 Dodge Caliber | 2008 | 2008 Dodge Caliber | 2009 | 2009 Dodge Caliber | 2010 | 2010 Dodge Caliber | 2011 | 2011 Dodge Caliber | 2012 | 2012 Dodge Caliber | black hitch | bolt-on hitch | category:Trailer Hitches | class 1 hitch | Dodge Caliber | hatchback | make:Dodge | model:Caliber | receiver hitch | TH-CALI06-A006 | towing | trailer hitch | year:2007 | year:2008 | year:2009 | year:2010 | year:2011 | year:2012
2011-2015-chevrolet-camaro-convertible-class-1-trailer-hitch,2011-2015 Chevrolet Camaro Convertible Class 1 Trailer Hitch - Black,trailer hitch kit,Torklift,1,30,11222 | 2011 | 2011 Camaro | 2012 | 2012 Camaro | 2013 | 2013 Camaro | 2014 | 2014 Camaro | 2015 | 2015 Camaro | black hitch | bolt-on hitch | Camaro Convertible | Camaro towing | category:Trailer Hitches | Chevrolet Camaro | class 1 hitch | light duty hitch | make:Chevrolet | model:Camaro | receiver hitch | TH-CAMA10-A222 | tow hitch | trailer hitch | year:2011 | year:2012 | year:2013 | year:2014 | year:2015
1988-2000-gmc-c-k-series-class-4-trailer-hitch-14081,1988-2000 GMC C/K Series Class 4 Trailer Hitch - 14081,trailer hitch kit,Torklift,1,46,14081 | 1988 | 1988-2000 | 1989 | 1990 | 1991 | 1992 | 1993 | 1994 | 1995 | 1996 | 1997 | 1998 | 1999 | 2000 | black trailer hitch | C1500 | C2500 | C3500 | category:Trailer Hitches | class 4 hitch | GMC | GMC C/K series | GMC Sierra | heavy duty hitch | K1500 | K2500 | K3500 | make:GMC | model:C/K Series | receiver hitch | TH-C1088-D081 | towing | trailer hitch | truck hitch | year:1990 | year:1991 | year:1992 | year:1993 | year:1994 | year:1995 | year:1996 | year:1997 | year:1998 | year:1999 | year:2000
curt-13028-class-3-trailer-hitch-2-receiver-for-ford-chevy-gmc,"1973-2007 Ford Chevrolet C/K 2"" Class 3 Trailer Hitch Receiver - Black",trailer hitch,Trailer Hitch,1,55,1973 | 1973 1974 1975 1976 1977 1978 1979 1980 1981 1982 1983 1984 1985 1986 1987 1988 1989 1990 1991 1992 1993 1994 1995 1996 1997 1998 1999 2000 2001 2002 2003 2004 2005 2006 2007 | 1974 | 1975 | 1976 | 1977 | 1978 | 1979 | 1980 | 1981 | 1982 | 1983 | 1984 | 1985 | 1986 | 1987 | 1988 | 1989 | 1990 | 1991 | 1992 | 1993 | 1994 | 1995 | 1996 | 1997 | 1998 | 1999 | 2 inch receiver | 2000 | 2001 | 2002 | 2003 | 2004 | 2005 | 2006 | 2007 | black hitch | Chevrolet C10 | Chevrolet C20 | Chevrolet C2500 | Chevrolet C30 | Chevrolet C3500 | Chevrolet C3500HD | Chevrolet Silverado 3500 | class 3 hitch | drilling required | Ford F-250 | Ford F-350 | heavy duty hitch | Silverado 3500 Classic | TH-C1073-C028 | tow hitch | trailer hitch | truck hitch
8-drop-trailer-hitch-ball-mount-2-receiver-chrome-5000lb,"8"" Drop Trailer Hitch Ball Mount 2"" Receiver w/ 2"" Ball Chrome",trailer hitch,TH,1,18,2 inch ball | 2 inch receiver | 5000lb | 8 inch drop | ball mount | C3500 | Chevrolet | chrome | Colorado | drop ball mount | Equinox | Express | hitch ball mount | receiver hitch | TH-BMOUNT-L2-B8 | tow hitch | towing | trailer hitch
3-in-1-tri-ball-trailer-hitch-mount-2-receiver-w-hook,"3-Ball Trailer Hitch Mount 2"" Receiver 1-7/8"" 2"" 2-5/16""",trailer hitch,Stehlen Auto,1,17,1-7/8 ball | 2 inch ball | 2 inch receiver | 2-5/16 ball | 3 ball hitch | C3500 | Chevrolet | Colorado | Equinox | Express | hitch ball mount | hitch hook | TH-BMOUNT-L2-3BL | tow mount | towing | trailer hitch | tri-ball mount
2004-2015-nissan-armada-infiniti-qx56-class-3-trailer-hitch,2004-2015 Nissan Armada Infiniti QX56 Class 3 Trailer Hitch,trailer hitch,CURT,1,42,13188 | 2-inch receiver | 2004 | 2004-2015 | 2005 | 2006 | 2007 | 2008 | 2009 | 2010 | 2011 | 2012 | 2013 | 2014 | 2015 | black hitch | bolt-on hitch | category:Trailer Hitches | class 3 hitch | CURT | Infiniti QX56 | make:Infiniti | make:Nissan | model:Armada | Nissan Armada | Nissan Pathfinder Armada | receiver hitch | TH-ARM04-C188 | towing | trailer hitch | year:2004 | year:2005 | year:2006 | year:2007 | year:2008 | year:2009 | year:2010 | year:2011 | year:2012 | year:2013 | year:2014 | year:2015
2006-2011-hyundai-azera-class-1-trailer-hitch-11080,2006-2011 Hyundai Azera Class 1 Trailer Hitch - Black | MPN 11080,trailer hitch,Torque Highway,1,32,11080 | 2006 | 2006 Azera | 2007 | 2007 Azera | 2008 | 2008 Azera | 2009 | 2009 Azera | 2010 | 2010 Azera | 2011 | 2011 Azera | black hitch | bolt-on hitch | category:Trailer Hitches | class 1 hitch | Hyundai Azera | Hyundai towing | light duty hitch | make:Hyundai | model:Azera | receiver hitch | TH-AZER06-A080 | towing | trailer hitch | year:2006 | year:2007 | year:2008 | year:2009 | year:2010 | year:2011
2007-2025-nissan-altima-maxima-class-1-trailer-hitch-11352,Nissan Altima & Maxima Class 1 Trailer Hitch - Black | 11352,trailer hitch,Torx Highway,1,19,11352 | 2007-2025 | bike rack hitch | black hitch | cargo carrier hitch | category:Trailer Hitches | class 1 hitch | drilling required | make:Nissan | model:Altima | model:Maxima | Nissan Altima | Nissan hitch | Nissan Maxima | receiver hitch | sedan hitch | TH-ALT074D-A352 | tow hitch | trailer hitch
2008-2013-nissan-altima-coupe-class-1-trailer-hitch-black,2008-2013 Nissan Altima Coupe Class 1 Trailer Hitch - Black,trailer hitch,Torque Highway,1,32,2008 | 2008 Altima | 2009 | 2009 Altima | 2010 | 2010 Altima | 2011 | 2011 Altima | 2012 | 2012 Altima | 2013 | 2013 Altima | Altima Coupe | black hitch | category:Trailer Hitches | class 1 hitch | coupe hitch | light duty hitch | make:Nissan | model:Altima | Nissan | Nissan Altima | receiver hitch | TH-ALT082D-A357 | towing | trailer hitch | year:2008 | year:2009 | year:2010 | year:2011 | year:2012 | year:2013
1994-1997-honda-accord-class-1-trailer-hitch-black,1994-1997 Honda Accord Class 1 Trailer Hitch - Black | MPN 11203,trailer hitch,Torzo Racing,1,29,11203 | 1994 | 1994 Honda Accord | 1995 | 1995 Honda Accord | 1996 | 1996 Honda Accord | 1997 | 1997 Honda Accord | Accord hitch | black hitch | bolt-on hitch | category:Trailer Hitches | class 1 hitch | coupe | Honda | Honda Accord | light-duty towing | make:Honda | model:Accord | receiver hitch | sedan | TH-ACC94-A203 | towing | trailer hitch | year:1994 | year:1995 | year:1996 | year:1997
1998-2007-honda-accord-acura-tl-cl-class-1-trailer-hitch,1998-2007 Honda Accord & Acura TL CL Class 1 Trailer Hitch - 11290,trailer hitch,Draw-Tite,1,39,11290 | 1998 | 1998-2007 | 1999 | 2000 | 2001 | 2002 | 2003 | 2004 | 2005 | 2006 | 2007 | Acura | Acura CL | Acura TL | black hitch | category:Trailer Hitches | class 1 hitch | Draw-Tite | Honda | Honda Accord | light duty hitch | make:Acura | make:Honda | model:Accord | receiver hitch | TH-ACC98-A290 | towing | trailer hitch | year:1998 | year:1999 | year:2000 | year:2001 | year:2002 | year:2003 | year:2004 | year:2005 | year:2006 | year:2007
2008-2014-honda-accord-acura-tl-tsx-class-1-trailer-hitch,2008-2014 Honda Accord Acura TL TSX Class 1 Trailer Hitch - 11496,trailer hitch,Torxx,1,32,11496 | 2008 | 2009 | 2010 | 2011 | 2012 | 2013 | 2014 | Acura | Acura TL | Acura TSX | bike rack hitch | category:Trailer Hitches | class 1 hitch | coupe hitch | Honda | Honda Accord | make:Acura | make:Honda | model:Accord | receiver hitch | sedan hitch | TH-ACC08-A496 | towing | trailer hitch | year:2008 | year:2009 | year:2010 | year:2011 | year:2012 | year:2013 | year:2014
2017-2023-gmc-acadia-class-3-trailer-hitch-curt-13293,"2017-2023 GMC Acadia Class 3 Trailer Hitch 2"" Receiver - CURT 13293",trailer hitch,CURT,0,36,13293 | 2 inch receiver | 2017 | 2017 GMC Acadia | 2018 | 2018 GMC Acadia | 2019 | 2019 GMC Acadia | 2020 | 2020 GMC Acadia | 2021 | 2021 GMC Acadia | 2022 | 2022 GMC Acadia | 2023 | 2023 GMC Acadia | category:Trailer Hitches | class 3 hitch | CURT | custom fit hitch | GMC Acadia | GMC accessories | hitch receiver | make:GMC | model:Acadia | no drill hitch | TH-ACAD17-C293 | towing | trailer hitch | year:2017 | year:2018 | year:2019 | year:2020 | year:2021 | year:2022 | year:2023
2002-2008-audi-a4-s4-vw-passat-w8-class-1-trailer-hitch-11164,2002-2008 Audi A4 S4 VW Passat Class 1 Trailer Hitch - Black,trailer hitch,Torklift,1,22,11164 | 2002 | 2002 2003 2004 2005 2006 2007 2008 Audi | 2003 | 2004 | 2005 | 2006 | 2007 | 2008 | Audi A4 hitch | Audi A4 Quattro hitch | Audi S4 hitch | black hitch | class 1 hitch | receiver hitch | sedan hitch | TH-A401-A164 | towing | trailer hitch | Volkswagen Passat hitch | VW Passat W8 hitch | wagon hitch
2008-2017-buick-enclave-chevrolet-traverse-class-3-trailer-hitch,2008-2017 Buick Enclave & Chevy Traverse Class 3 Trailer Hitch - Black,trailer hitch,Stehlen Auto,1,23,2-inch receiver | 2008 | 2008 Buick Enclave | 2009 | 2009 Chevrolet Traverse | 2010 | 2011 | 2012 | 2013 | 2014 | 2015 | 2016 | 2017 | black hitch | Buick Enclave hitch | Chevrolet Traverse hitch | class 3 hitch | MPN 13424 | receiver hitch | TH-ACAD07-C424 | tow hitch | towing | trailer hitch
2011-2023-dodge-chrysler-300-charger-challenger-class-3-hitch,2011-2023 Chrysler 300/Dodge Charger Challenger Class 3 Trailer Hitch,trailer hitch,TLAPS,1,46,2 inch receiver | 2011 | 2011-2023 | 2012 | 2013 | 2014 | 2015 | 2016 | 2017 | 2018 | 2019 | 2020 | 2021 | 2022 | 2023 | bolt-on hitch | category:Trailer Hitches | Chrysler 300 | Chrysler 300C | Chrysler 300S | class 3 hitch | Dodge Challenger | Dodge Charger | hitch receiver | make:Chrysler | make:Dodge | model:300 | model:Challenger | model:Charger | TH-300C11-C093 | tow hitch | towing | trailer hitch | year:2011 | year:2012 | year:2013 | year:2014 | year:2015 | year:2016 | year:2017 | year:2018 | year:2019 | year:2020 | year:2021 | year:2022 | year:2023
2022-toyota-tundra-5-5-hard-tri-fold-tonneau-cover-mpn-2433112,2022-2026 Toyota Tundra 5.5 ft Bed Tonneau Cover - Hard Tri-Fold,tonneau cover - tri-fold,Tonneau Cover,1,22,2022 | 2022 Tundra | 2023 | 2023 Tundra | 2024 | 2024 Tundra | 2025 | 2025 Tundra | 2026 | 2026 Tundra | 5.5 ft bed | bed cover | cargo protection | hard tri-fold | low profile | short bed | solid hard cover | TC-TUN22-5.5-LTH | tonneau cover | Toyota Tundra | tri-fold tonneau | truck bed cover
2015-ford-f-150-6-5ft-bed-tonneau-cover-hard-tri-fold,2015-2026 Ford F-150 6.5 ft Bed Tonneau Cover - Hard Tri-Fold,tonneau cover - tri-fold,Spec-D,1,25,2015 | 2015-2026 Ford F-150 | 2016 | 2017 | 2018 | 2019 | 2020 | 2021 | 2022 | 2023 | 2024 | 2025 | 2026 | 6.5 ft bed | bed cover | cargo protection | F-150 tonneau cover | Ford F-150 | hard folding cover | hard tri-fold | low profile tonneau | TC-F15015-6.5-LTH | tonneau cover | tri-fold bed cover | truck bed cover
2004-2014-chevy-colorado-gmc-canyon-6-bed-hard-tri-fold-tonneau-cover,2004-2012 Chevy Colorado/GMC Canyon 6 ft Bed Tonneau Cover,tonneau cover - tri-fold,Stehlen Auto,1,22,2004 | 2004-2012 | 2005 | 2006 | 2007 | 2008 | 2009 | 2010 | 2011 | 2012 | 6 ft bed | 72 inch bed | bed cover | Chevrolet Colorado | GMC Canyon | hard tri-fold | low profile | solid hard cover | TC-COLO04-6-LTH | tonneau cover | tri-fold tonneau | truck bed cover
2011-2014-dodge-charger-front-grille-black,2011-2014 Dodge Charger Front Grille - Matte Black Mesh Style,front grille,GRZT,0,28,2011 | 2011 Dodge Charger | 2012 | 2012 Dodge Charger | 2013 | 2013 Dodge Charger | 2014 | 2014 Dodge Charger | bolt-on grille | category:Front Grilles | Charger grille | Dodge Charger | Dodge Charger accessories | exterior accessories | FG-CHA11-ME-BK | front grill | front grille | grill | grille | GRZT-CHGR-1112-BK | make:Dodge | matte black grille | mesh grille | model:Charger | year:2011 | year:2012 | year:2013 | year:2014
2004-2008-ford-f-150-4-oval-nerf-bars-stainless-steel,"2004-2008 Ford F-150 Super Cab 4"" Side Step Nerf Bars - Chrome",running boards,?,1,19,2004 | 2004-2008 | 2005 | 2006 | 2007 | 2008 | 4 inch oval | chrome | Extended Cab | Ford F-150 | nerf bars | running boards | sbhd-f15004sc-4-20-ch | side step bars | side steps | stainless steel | Super Cab | T-304 | truck accessories
universal-chase-rack-tire-carrier-matte-black-finish,Universal Full Size Chase Rack Tire Carrier - Matte Black,chase rack/sport bar,Steelcraft,1,15,category:Chase Racks | chase rack | chase rack accessory | CRJZ-TIRE-FS-MB | full size | matte black | off-road | overland | SB028-T-FS | spare tire carrier | spare tire mount | tire carrier | truck accessories | truck bed accessories | universal fit
stehlen-razor-3000-universal-chase-rack-w-led-lights-texture-black,Stehlen Razor 3000 Universal Chase Rack w/LED Lights - Texture Black,chase rack/sport bar,Stehlen,1,24,adjustable | bed rack | category:Chase Racks | chase rack | Chevrolet | CRJZ-RAZ-3000-ST-TB | LED lights | make:Chevrolet | model:Silverado | off-road | Razor Series | roll bar | sb027-TB | Silverado | Silverado 1500 | Silverado 2500 | Silverado 2500 HD | Silverado 3500 | Silverado 3500 HD | sport bar | Stehlen | texture black | truck accessories | universal fit
2021-2024-ford-bronco-bull-guard-w-led-light-bar-matte-black,2021-2024 Ford Bronco Studded Mesh Bull Guard Matte Black w/ LED Bar,bull guard - advance series w/led light bar,Stehlen,1,28,120W | 2021 | 2022 | 2023 | 2024 | BGHD-BRON21-AM-MB | BGHD-BRON21-AM-MB+FLBW-40CREE-LB-WH | brush guard | bull bar | bull guard | category:Bull Guards | CREE | FLBW-40CREE-LB-WH | fog light | Ford Bronco | front bumper guard | LED light bar | make:Ford | matte black | model:Bronco | off-road | push bar | skid plate | studded mesh | year:2021 | year:2022 | year:2023 | year:2024
stehlen-razor-1000-universal-chase-rack-w-led-lights-matte-black,Stehlen Razor 1000 Universal Chase Rack w/ LED Lights - Matte Black,chase rack/sport bar,Stehlen,0,26,bed rack | category:Chase Racks | chase rack | Chevrolet | CRJZ-RAZ-1000-ST-MB | LED brake light | LED fog light | LED lights | make:Chevrolet | matte black | model:Silverado | off-road | Razor Series | roll bar | SB021-UNIVERSAL | Silverado | Silverado 1500 | Silverado 2500 | Silverado 2500 HD | Silverado 3500 | Silverado 3500 HD | sport bar | Stehlen | truck accessories | truck bed accessories | universal fit
chevy-silverado-gmc-sierra-bull-guard-skid-plate-matte-black,99-07 Silverado Sierra Advanced Bull Guard w/ Skid Plate - Matte Black,bull guard - advance series w/skid plate,BGHD,1,36,10074-EUB-V0035-BK | 1500 | advanced series | Avalanche 1500 | BGHD | BGHD-AVA021500-AV-MB | bull guard | category:Bull Guards | Chevrolet | front bumper guard | front end protection | GMC | grille guard | half ton | make:Chevrolet | make:GMC | matte black | model:Sierra | model:Silverado | Sierra 1500 | Silverado 1500 | skid plate | Suburban 1500 | Tahoe | truck accessories | year:1999 | year:2000 | year:2001 | year:2002 | year:2003 | year:2004 | year:2005 | year:2006 | year:2007 | Yukon | Yukon XL 1500
99-07-silverado-sierra-bull-guard-led-light-bar-matte-black,1999-2007 Chevrolet GMC 1500 Bull Guard LED Light Bar - Matte Black,Grille Guard / Bull Bar,Advanced Series,1,31,1500 | 1999 | 1999-2007 | 2000 | 2001 | 2002 | 2003 | 2004 | 2005 | 2006 | 2007 | advanced series | Avalanche 1500 | BGHD-AVA021500-AL-MB | bull bar | bull guard | Chevrolet | front bumper guard | front end protection | GMC | grille guard | half ton | LED light bar | matte black | push bar | Sierra 1500 | Silverado 1500 | Suburban 1500 | Tahoe | Yukon | Yukon XL
2010-2024-toyota-4runner-bull-guard-w-skid-plate-matte-black,2010-2024 Toyota 4Runner Advanced Bull Guard w/ Skid Plate - Matte Black,bull guard - advance series w/skid plate,BGHD,1,50,2010 | 2010-2024 | 2011 | 2012 | 2013 | 2014 | 2015 | 2016 | 2017 | 2018 | 2019 | 2020 | 2021 | 2022 | 2023 | 2024 | 4Runner | advanced series | BGHD-4RUN10-AV-MB | bull guard | category:Bull Guards | front bumper guard | front end protection | grille guard | make:Toyota | matte black | model:4Runner | off-road | skid plate | SR5 | Toyota | Toyota 4Runner | Trail | TRD Off-Road | TRD Pro | year:2010 | year:2011 | year:2012 | year:2013 | year:2014 | year:2015 | year:2016 | year:2017 | year:2018 | year:2019 | year:2020 | year:2021 | year:2022 | year:2023 | year:2024
2010-2024-toyota-4runner-bull-guard-matte-black-gbu10036-ub3303,2010-2024 Toyota 4Runner Bull Guard w/ Mesh Skid Plate - Matte Black,bull guard - advance series w/skid plate,BGHD,1,52,2010 | 2010-2024 | 2011 | 2012 | 2013 | 2014 | 2015 | 2016 | 2017 | 2018 | 2019 | 2020 | 2021 | 2022 | 2023 | 2024 | 4Runner accessories | BGHD | BGHD-4RUN10-AM-MB | bull guard | category:Bull Guards | front bumper guard | front end protection | GBU10036-UB3303 | grille guard | make:Toyota | matte black | mesh skid plate | model:4Runner | off-road | skid plate | SR5 | Toyota 4Runner | Trail | TRD Off-Road | TRD Pro | truck accessories | year:2010 | year:2011 | year:2012 | year:2013 | year:2014 | year:2015 | year:2016 | year:2017 | year:2018 | year:2019 | year:2020 | year:2021 | year:2022 | year:2023 | year:2024
2003-2009-toyota-4runner-lexus-gx470-bull-guard-matte-black,03-09 Toyota 4Runner Lexus GX470 Bull Guard Skid Plate Matte Black,bull guard - advance series w/skid plate,BGHD,0,25,2003-2009 | advanced series | BGHD-4RUN03-AV-MB | bull guard | bumper guard | category:Bull Guards | front bumper protection | front protection | GBU10032-EUB-V0035-BK | grille guard | Lexus GX470 | make:Lexus | make:Toyota | matte black | model:4Runner | off-road | skid plate | Toyota 4Runner | year:2003 | year:2004 | year:2005 | year:2006 | year:2007 | year:2008 | year:2009
2010-2024-toyota-4runner-bull-guard-w-led-light-bar-matte-black,2010-2024 Toyota 4Runner Advanced Bull Guard LED Light Bar - Matte Black,bull guard - advance series w/led light bar,BGHD,1,53,2010 | 2010-2024 | 2011 | 2012 | 2013 | 2014 | 2015 | 2016 | 2017 | 2018 | 2019 | 2020 | 2021 | 2022 | 2023 | 2024 | 4Runner bull guard | advanced series | BGHD | BGHD-4RUN10-AL-MB | brush guard | bull guard | category:Bull Guards | front bumper guard | front end protection | grille guard | LED light bar | make:Toyota | matte black | model:4Runner | off-road | PW01095202 | SR5 | Toyota | Toyota 4Runner | Trail | TRD Off-Road | TRD Pro | year:2010 | year:2011 | year:2012 | year:2013 | year:2014 | year:2015 | year:2016 | year:2017 | year:2018 | year:2019 | year:2020 | year:2021 | year:2022 | year:2023 | year:2024
chevrolet-gmc-suburban-tahoe-yukon-bull-guard-gbu10050,1992-1999 Chevy/GMC SUV Bull Guard w/ Chrome Skid Plate - Matte Black,bull guard - advance series w/skid plate,Bull Guard,1,31,1992 | 1993 | 1994 | 1995 | 1996 | 1997 | 1998 | 1999 | BGHD-C1088-MBBA | blazer | brushed chrome | bull bar | bull guard | C1500 | C2500 | chevrolet | classic body | front end protection | full size SUV | GBU10050 | GMC | grille guard | jimmy | K1500 | K2500 | matte black | OBS | skid plate | suburban | tahoe | yukon
2003-2009-toyota-4runner-lexus-gx470-bull-guard-led-light-bar,2003-2009 Toyota 4Runner Lexus GX470 Bull Guard LED Light Bar,bull guard - advance series w/led light bar,BGHD,1,33,2003 | 2003-2009 | 2004 | 2005 | 2006 | 2007 | 2008 | 2009 | advance series | BGHD | BGHD-4RUN03-AL-MB | brush guard | bull guard | category:Bull Guards | front bumper guard | front end protection | GBU10032-NUB7081 | grille guard | LED light bar | Lexus GX470 | make:Lexus | make:Toyota | matte black | model:4Runner | off-road | Toyota 4Runner | year:2003 | year:2004 | year:2005 | year:2006 | year:2007 | year:2008 | year:2009
2012-2017-hyundai-accent-kia-rio-class-1-trailer-hitch-11250,2012-2017 Hyundai Accent & Kia Rio Class 1 Trailer Hitch - 11250,trailer hitch,Generic,0,34,11250 | 2012 | 2012-2017 | 2013 | 2014 | 2015 | 2016 | 2017 | black trailer hitch | bolt-on hitch | category:Trailer Hitches | class 1 hitch | hatchback hitch | hitch receiver | Hyundai | Hyundai Accent | Kia | Kia Rio | light duty hitch | make:Hyundai | make:Kia | model:Accent | model:Rio | receiver hitch | sedan hitch | TH-ACT12-A250 | towing | trailer hitch | year:2012 | year:2013 | year:2014 | year:2015 | year:2016 | year:2017
2004-2007-chrysler-town-country-class-3-trailer-hitch-13389,2004-2007 Chrysler Town & Country Class 3 Trailer Hitch - 13389,trailer hitch kit,CURT,1,23,13389 | 2004 | 2005 | 2006 | 2007 | black hitch | category:Trailer Hitches | Chrysler Town & Country | class 3 hitch | CURT | make:Chrysler | minivan hitch | model:Town & Country | receiver hitch | stow-n-go | TH-CARA04-C389 | towing | Town and Country hitch | trailer hitch | year:2004 | year:2005 | year:2006 | year:2007
1991-2002-ford-escort-mercury-tracer-class-1-trailer-hitch,1991-2002 Ford Escort & Mercury Tracer Class 1 Trailer Hitch,trailer hitch kit,Generic,1,42,11105 | 1991 | 1992 | 1993 | 1994 | 1995 | 1996 | 1997 | 1998 | 1999 | 2000 | 2001 | 2002 | black | category:Trailer Hitches | class 1 hitch | Ford | Ford Escort | hitch | make:Ford | make:Mercury | Mercury | Mercury Tracer | model:Escort | receiver hitch | sedan | TH-ESCORT90-A105 | towing | trailer hitch | wagon | year:1991 | year:1992 | year:1993 | year:1994 | year:1995 | year:1996 | year:1997 | year:1998 | year:1999 | year:2000 | year:2001 | year:2002
class-3-trailer-hitch-for-ford-escape-mazda-tribute-mercury-mariner,2005-2012 Ford Escape Class 3 Trailer Hitch - Black - 13650,trailer hitch kit,?,1,33,13650 | 2005 | 2006 | 2007 | 2008 | 2009 | 2010 | 2011 | 2012 | black hitch | category:Trailer Hitches | class 3 hitch | Ford | Ford Escape | make:Ford | Mazda | Mazda Tribute | Mercury | Mercury Mariner | model:Escape | receiver hitch | TH-ESCP05-C650 | tow hitch | towing | trailer hitch | year:2005 | year:2006 | year:2007 | year:2008 | year:2009 | year:2010 | year:2011 | year:2012
2018-2024-chevy-equinox-gmc-terrain-class-3-trailer-hitch-2-receiver,"2018-2026 Chevrolet Equinox GMC Terrain 2"" Trailer Hitch - Class 3",trailer hitch,Stehlen Auto,0,37,2 inch receiver | 2018 | 2018 equinox | 2018 terrain | 2019 | 2019 equinox | 2019 terrain | 2020 | 2020 equinox | 2020 terrain | 2021 | 2021 equinox | 2021 terrain | 2022 | 2022 equinox | 2022 terrain | 2023 | 2023 equinox | 2023 terrain | 2024 | 2024 equinox | 2024 terrain | 2025 | 2025 equinox | 2025 terrain | 2026 | 2026 equinox | 2026 terrain | black hitch | chevrolet equinox | class 3 hitch | gmc terrain | MPN 13439 | receiver hitch | TH-EQUI18-C439 | tow hitch | trailer hitch
pontiac-torrent-saturn-vue-class-3-trailer-hitch-13591,Class 3 Trailer Hitch Black - Pontiac Torrent Saturn Vue | 13591,trailer hitch kit,Generic,1,26,13591 | 2-inch receiver | 2002 Saturn Vue | 2003 Saturn Vue | 2004 Saturn Vue | 2005 Saturn Vue | 2006 Pontiac Torrent | 2006 Saturn Vue | 2007 Pontiac Torrent | 2007 Saturn Vue | 2008 Pontiac Torrent | 2009 Pontiac Torrent | black hitch | bolt-on hitch | category:Trailer Hitches | class 3 hitch | make:Pontiac | make:Saturn | model:Torrent | model:Vue | Pontiac Torrent | receiver hitch | Saturn Vue | TH-EQUI05-C591 | tow hitch | trailer hitch
2003-2011-honda-element-class-1-trailer-hitch-11700,2003-2011 Honda Element Class 1 Trailer Hitch - Black 11700,trailer hitch kit,Torklift,1,37,11700 | 2003 | 2003-2011 | 2004 | 2005 | 2006 | 2007 | 2008 | 2009 | 2010 | 2011 | bike rack hitch | black hitch | bolt-on hitch | cargo carrier hitch | category:Trailer Hitches | class 1 hitch | Element | Honda | Honda Element | Honda Element hitch | light duty towing | make:Honda | model:Element | receiver hitch | TH-ELE03-A700 | tow hitch | trailer hitch | year:2003 | year:2004 | year:2005 | year:2006 | year:2007 | year:2008 | year:2009 | year:2010 | year:2011
2007-2010-hyundai-elantra-class-1-trailer-hitch-11467,2007-2010 Hyundai Elantra Class 1 Trailer Hitch - Black,trailer hitch kit,Draw-Tite,1,27,1-1/4 receiver | 11467 | 2007 | 2007 Elantra | 2008 | 2008 Elantra | 2009 | 2009 Elantra | 2010 | 2010 Elantra | black hitch | category:Trailer Hitches | class 1 hitch | Hyundai Elantra | Hyundai trailer hitch | light duty hitch | make:Hyundai | model:Elantra | receiver hitch | sedan hitch | TH-ELANT07-A467 | towing | trailer hitch | year:2007 | year:2008 | year:2009 | year:2010
2007-2015-ford-edge-lincoln-mkx-class-3-trailer-hitch-13067,2007-2015 Ford Edge & Lincoln MKX Class 3 Trailer Hitch - 13067,trailer hitch kit,Torxx Hitch,1,35,13067 | 2 inch receiver | 2007 | 2008 | 2009 | 2010 | 2011 | 2012 | 2013 | 2014 | 2015 | black hitch | category:Trailer Hitches | class 3 hitch | Ford | Ford Edge | Lincoln | Lincoln MKX | make:Ford | make:Lincoln | model:Edge | model:MKX | receiver hitch | TH-EDGE07-C067 | tow hitch | trailer hitch | year:2007 | year:2008 | year:2009 | year:2010 | year:2011 | year:2012 | year:2013 | year:2014 | year:2015
2003-2009-mercedes-benz-e-class-trailer-hitch-class-1,2003-2009 Mercedes-Benz E-Class Class 1 Trailer Hitch - 11701,trailer hitch kit,Torx Highway,1,35,11701 | 2003 | 2003-2009 | 2004 | 2005 | 2006 | 2007 | 2008 | 2009 | black hitch | category:Trailer Hitches | class 1 hitch | E-Class | E320 | E350 | E500 | E55 AMG | E550 | E63 AMG | light duty hitch | make:Mercedes-Benz | Mercedes-Benz | model:E-Class | receiver hitch | TH-ECLASS03-A701 | towing | trailer hitch | W211 | year:2003 | year:2004 | year:2005 | year:2006 | year:2007 | year:2008 | year:2009
2000-2014-ford-e-series-class-4-trailer-hitch-14055,2000-2014 Ford E-Series Class 4 Trailer Hitch - Black 14055,trailer hitch kit,Generic,0,51,14055 | 2000 | 2000-2014 | 2001 | 2002 | 2003 | 2004 | 2005 | 2006 | 2007 | 2008 | 2009 | 2010 | 2011 | 2012 | 2013 | 2014 | black hitch | category:Trailer Hitches | class 4 hitch | E-150 Econoline | E-250 Econoline | E-350 Super Duty | Ford E-150 | Ford E-250 | Ford E-350 | Ford E-Series | Ford van accessories | heavy duty hitch | make:Ford | model:E-Series | receiver hitch | TH-E3500-D055 | towing | trailer hitch | van hitch | year:2000 | year:2001 | year:2002 | year:2003 | year:2004 | year:2005 | year:2006 | year:2007 | year:2008 | year:2009 | year:2010 | year:2011 | year:2012 | year:2013 | year:2014
1998-2003-dodge-durango-class-3-trailer-hitch-black,1998-2003 Dodge Durango Class 3 Trailer Hitch - Black | 13056,trailer hitch kit,?,1,28,13056 | 1998 | 1998-2003 Dodge Durango | 1999 | 2 inch receiver | 2000 | 2001 | 2002 | 2003 | black hitch | bolt-on hitch | category:Trailer Hitches | class 3 hitch | Dodge | Dodge Durango | Durango | make:Dodge | model:Durango | receiver hitch | TH-DUR98-C056 | towing | trailer hitch | year:1998 | year:1999 | year:2000 | year:2001 | year:2002 | year:2003
2012-2022-jeep-grand-cherokee-class-3-trailer-hitch-13182,2012-2022 Jeep Grand Cherokee Class 3 Trailer Hitch - 13182,trailer hitch kit,CURT,1,41,13182 | 2-inch receiver | 2012 | 2012-2022 | 2013 | 2014 | 2015 | 2016 | 2017 | 2018 | 2019 | 2020 | 2021 | 2022 | black | bolt-on | category:Trailer Hitches | class 3 hitch | CURT | grand cherokee hitch | Grand Cherokee WK | Jeep Grand Cherokee | jeep towing | make:Jeep | model:Cherokee | model:Grand Cherokee | receiver hitch | TH-DUR11-C182 | towing | trailer hitch | year:2012 | year:2013 | year:2014 | year:2015 | year:2016 | year:2017 | year:2018 | year:2019 | year:2020 | year:2021 | year:2022
2016-2023-mazda-cx-9-class-3-trailer-hitch-2-receiver,"2016-2023 Mazda CX-9 Class 3 Trailer Hitch 2"" Receiver - Stehlen",trailer hitch kit,Stehlen,1,37,2 inch receiver | 2016 | 2016 CX-9 | 2017 | 2017 CX-9 | 2018 | 2018 CX-9 | 2019 | 2019 CX-9 | 2020 | 2020 CX-9 | 2021 | 2021 CX-9 | 2022 | 2022 CX-9 | 2023 | 2023 CX-9 | bolt-on hitch | category:Trailer Hitches | class 3 hitch | make:Mazda | Mazda CX-9 | Mazda towing | model:CX-9 | receiver hitch | Stehlen | TH-CX916-C284 | tow hitch | trailer hitch | year:2016 | year:2017 | year:2018 | year:2019 | year:2020 | year:2021 | year:2022 | year:2023
2004-2009-dodge-durango-chrysler-aspen-class-3-trailer-hitch,2004-2009 Dodge Durango Chrysler Aspen Class 3 Trailer Hitch,trailer hitch kit,CURT,1,32,13072 | 2004 | 2004-2009 Durango | 2005 | 2006 | 2007 | 2007-2009 Aspen | 2008 | 2009 | black hitch | category:Trailer Hitches | Chrysler Aspen | chrysler tow hitch | class 3 hitch | class 3 receiver | CURT | Dodge Durango | dodge tow hitch | make:Chrysler | make:Dodge | model:Durango | receiver hitch | TH-DUR04-C072 | tow hitch | towing | trailer hitch | year:2004 | year:2005 | year:2006 | year:2007 | year:2008 | year:2009
2013-2023-mazda-cx-5-class-3-trailer-hitch-2-receiver,"2013-2023 Mazda CX-5 2"" Class 3 Trailer Hitch Receiver - TH",trailer hitch,TH,1,33,2 inch receiver | 2013 | 2013 mazda cx-5 | 2014 | 2014 mazda cx-5 | 2015 | 2015 mazda cx-5 | 2016 | 2016 mazda cx-5 | 2017 | 2017 mazda cx-5 | 2018 | 2018 mazda cx-5 | 2019 | 2019 mazda cx-5 | 2020 | 2020 mazda cx-5 | 2021 | 2021 mazda cx-5 | 2022 | 2022 mazda cx-5 | 2023 | 2023 mazda cx-5 | black hitch | class 3 hitch | CX-5 | hitch receiver | Mazda | mazda cx-5 hitch | receiver hitch | TH-CX513-C315 | towing | trailer hitch
2017-2025-honda-cr-v-class-3-trailer-hitch-2-receiver,"2017-2025 Honda CR-V Class 3 Trailer Hitch 2"" Receiver - CURT 13397",trailer hitch kit,CURT,1,36,13397 | 2 inch receiver | 2017 | 2017-2025 | 2018 | 2019 | 2020 | 2021 | 2022 | 2023 | 2024 | 2025 | bolt-on hitch | category:Trailer Hitches | class 3 hitch | CR-V | CRV hitch | CURT | Honda | Honda CR-V | make:Honda | model:CR-V | receiver hitch | TH-CRV17-C397 | tow hitch | towing | trailer hitch | year:2017 | year:2018 | year:2019 | year:2020 | year:2021 | year:2022 | year:2023 | year:2024 | year:2025
curt-2-loaded-ball-mount-with-1-7-8-ball-45034,CURT 2 in Loaded Ball Mount with 1-7/8 in Trailer Ball - CURT 45034,trailer hitch kit,CURT,0,15,1-7/8 trailer ball | 2 inch receiver | 45034 | ball mount | Chevrolet | Colorado | CURT | Equinox | Express | hitch ball | loaded ball mount | pin and clip | TH-BMOUNT-L2 | towing | trailer hitch
1997-2001-honda-cr-v-class-1-trailer-hitch-black,1997-2001 Honda CR-V Class 1 Trailer Hitch - Black | MPN 11014,trailer hitch kit,Torxe,1,28,11014 | 1997 | 1997 Honda CR-V | 1998 | 1998 Honda CR-V | 1999 | 1999 Honda CR-V | 2000 | 2000 Honda CR-V | 2001 | 2001 Honda CR-V | black hitch | category:Trailer Hitches | class 1 hitch | CR-V towing | Honda accessories | Honda CR-V | make:Honda | model:CR-V | receiver hitch | TH-CRV97-A014 | towing | trailer hitch | year:1997 | year:1998 | year:1999 | year:2000 | year:2001
2023-ford-ranger-5-bed-molle-panels-3pc-mp-fo-ra-2326-61-1,2024-2025 Ford Ranger 5 ft Bed MOLLE Panels Front & Sides - 3pc,truck bed mat - rubber,Molle Panels,1,17,2024 | 2024 ford ranger | 2025 | 2025 ford ranger | 3 piece molle kit | bed organization | ford ranger molle | molle panels | molle system | MP-RANG23-5-3P | pals webbing | ranger 5ft bed | ranger accessories | ranger bed panels | short bed | truck bed accessories | truck bed molle
2023-ford-ranger-6ft-bed-molle-panels-front-sides-3pc-set,2019-2023 Ford Ranger 6 ft Bed MOLLE Panels Front & Sides - 3pc,molle panels - truck bed,Aftermarket,1,25,2019 | 2019 ford ranger | 2020 | 2020 ford ranger | 2021 | 2021 ford ranger | 2022 | 2022 ford ranger | 2023 | 2023 ford ranger | 6 ft bed | 72 inch bed | bed molle | cargo organization | ford ranger | ford ranger bed panels | molle panels | molle system | MP-RANG23-6-3P | pals webbing | ranger accessories | ranger molle | truck accessories | truck bed accessories | truck bed organizer
2023-chevy-colorado-5ft-bed-molle-panels-3pc-set,2023-2025 Chevrolet Colorado/GMC Canyon 5 ft Bed MOLLE Panels - 3pc,molle panels - truck bed,Molle Panels,1,22,2023 | 2023 Canyon | 2023 Colorado | 2024 | 2024 Canyon | 2024 Colorado | 2025 | 2025 Canyon | 2025 Colorado | 5ft bed | bed accessories | bed organization | Chevrolet Colorado | gear storage | GMC Canyon | molle panels | molle system | MP-CH-CO-2325-61-1 | MP-COLO23-5-3P | short bed | truck accessories | truck bed molle
2010-2024-toyota-4runner-bull-guard-w-led-light-bar-matte-black-1,2010-2024 Toyota 4Runner Bull Guard w/ LED Light Bar - Matte Black,bull guard - advance series w/led light bar,DERA,1,51,120W | 2010 | 2010-2024 | 2011 | 2012 | 2013 | 2014 | 2015 | 2016 | 2017 | 2018 | 2019 | 2020 | 2021 | 2022 | 2023 | 2024 | 4Runner | BGHD-4RUN10-AM-MB+FLBW-40CREE-LB-WH | bull guard | category:Bull Guards | combo kit | CREE LED | fog light | front bumper guard | grille guard | LED light bar | make:Toyota | matte black | mesh skid plate | model:4Runner | off-road | push bar | skid plate | Toyota 4Runner | Toyota accessories | year:2010 | year:2011 | year:2012 | year:2013 | year:2014 | year:2015 | year:2016 | year:2017 | year:2018 | year:2019 | year:2020 | year:2021 | year:2022 | year:2023 | year:2024
1999-2007-gmc-sierra-advanced-bull-guard-w-led-light-bar-matte-black,1999-2007 GMC Sierra Advanced Bull Guard w/ LED Light Bar - Matte Black,bull guard - advance series w/led light bar,BGHD,0,39,10075-NUB7081 | 1999 | 2000 | 2001 | 2002 | 2003 | 2004 | 2005 | 2006 | 2007 | advanced series | BGHD | BGHD-AVA022500-AL-MB | bull guard | category:Bull Guards | front bumper guard | front end protection | GMC accessories | GMC Sierra | grille guard | LED light bar | make:GMC | matte black | model:Sierra | Sierra 1500 HD | Sierra 2500 | Sierra 2500 HD | Sierra 3500 | truck accessories | year:1999 | year:2000 | year:2001 | year:2002 | year:2003 | year:2004 | year:2005 | year:2006 | year:2007 | Yukon XL 2500
advance-series-bull-guard-w-led-light-bar-for-ford-bronco-2021,Advance Series Bull Guard w/ LED Light Bar for Ford Bronco 2021+,bull guard - advance series w/led light bar,BGHD,1,31,2021 | 2021 Bronco | 2022 | 2023 | 2024 | 2025 | 2026 | 2027 | advance series | aluminum bull guard | BGHD | BGHD-BRON21-AL-MBBA | bull guard | category:Bull Guards | Ford Bronco | front bumper guard | front protection | GBU10084-NUB7082 | LED light bar | make:Ford | matte black | model:Bronco | off-road | trail protection | year:2021 | year:2022 | year:2023 | year:2024 | year:2025 | year:2026 | year:2027
2021-ford-bronco-studded-mesh-bull-guard-matte-black,2021-2024 Ford Bronco Studded Mesh Bull Guard - Matte Black,bull guard - advance series w/skid plate,Bull Guard,1,20,2021 | 2021 bronco | 2022 | 2022 bronco | 2023 | 2023 bronco | 2024 | 2024 bronco | BGHD-BRON21-AM-MB | bronco accessories | bronco bull guard | bull bar | bull guard | ford bronco | front end protection | GBU10084-UB3303 | grille guard | matte black | off-road accessories | studded mesh
92-99-chevy-gmc-suburban-tahoe-yukon-bull-guard-led-light-bar,1992-1999 Chevrolet GMC Bull Guard LED Light Bar Matte Black,bull guard - advance series w/led light bar,Bull Guard,1,28,1992 | 1993 | 1994 | 1995 | 1996 | 1997 | 1998 | 1999 | advanced series | BGHD-C1088-AL-MB | Blazer | bull bar | bull guard | C1500 Suburban | C2500 Suburban | Chevrolet | front bumper guard | GBU10050-NUB7081 | GMC | grille guard | Jimmy | K1500 Suburban | K2500 Suburban | LED light bar | matte black | push bar | Tahoe | Yukon
1992-1999-chevy-gmc-suburban-tahoe-yukon-bull-guard-matte-black,1992-1999 Chevrolet GMC SUV Bull Guard Mesh Skid Plate - Matte Black,bull guard - advance series w/skid plate,Bull Guard,1,37,1992 | 1992 chevrolet suburban | 1993 | 1993 chevrolet suburban | 1994 | 1994 chevrolet suburban | 1995 | 1995 chevrolet suburban | 1996 | 1996 chevrolet suburban | 1997 | 1997 chevrolet suburban | 1998 | 1998 chevrolet suburban | 1999 | 1999 chevrolet suburban | BGHD-C1088-AM-MB | bull guard | c1500 suburban | c2500 suburban | chevrolet blazer | chevrolet tahoe | front bumper guard | front end protection | GBU10050-UB3303 | gmc jimmy | gmc suburban | gmc yukon | grille guard | k1500 suburban | k2500 suburban | matte black | mesh skid plate | push bar | skid plate | SUV accessories | truck accessories
1992-1999-chevy-gmc-suburban-tahoe-yukon-studded-mesh-bull-guard,1992-1999 Chevrolet GMC Studded Mesh Bull Guard Texture Black,bull guard - advance series w/skid plate,Bull Guard,1,30,1992 | 1992 Chevrolet Suburban | 1993 | 1993 Chevrolet Suburban | 1994 | 1994 Chevrolet Suburban | 1995 | 1995 Chevrolet Tahoe | 1996 | 1996 Chevrolet Tahoe | 1997 | 1997 Chevrolet Tahoe | 1998 | 1998 Chevrolet Tahoe | 1999 | 1999 Chevrolet Suburban | BGHD-C1088-AM-TB | bull guard | Chevrolet Blazer | front bumper guard | front end protection | GBU10050-UB3303-CO | GMC Jimmy | GMC Suburban | GMC Yukon | grille guard | studded mesh | SUV accessories | texture black | truck accessories
92-99-chevy-gmc-suburban-tahoe-yukon-bull-guard-w-led-light-bar,1992-1999 Chevy/GMC SUV Bull Guard Mesh Skid Plate & LED Bar,bull guard - advance series w/skid plate,Stehlen Auto,1,32,1992 | 1993 | 1994 | 1995 | 1996 | 1997 | 1998 | 1999 | BGHD-C1088-AM-MB+FLBW-40CREE-LB-WH | Blazer | bull guard | C1500 | C2500 | Chevrolet | combo kit | CREE LED | fog light | front bumper guard | GMC | grille guard | Jimmy | K1500 | K2500 | LED light bar | matte black | mesh skid plate | off-road lighting | push bar | skid plate | Suburban | Tahoe | Yukon
1992-1999-chevy-gmc-suburban-tahoe-yukon-bull-guard-matte-black-1,1992-1999 Chevrolet GMC Advanced Bull Guard w/Skid Plate - Matte Black,bull guard - advance series w/skid plate,Bull Guard,1,30,1992 | 1993 | 1994 | 1995 | 1996 | 1997 | 1998 | 1999 | advanced series | BGHD-C1088-AV-MB | blazer | bull guard | c1500 | c2500 | chevrolet | front end protection | GBU10050-EUB-V0035-BK | gmc | grille guard | jimmy | k1500 | k2500 | matte black | off-road | skid plate | suburban | SUV accessory | tahoe | truck accessory | yukon
92-99-chevy-gmc-suburban-tahoe-yukon-studded-mesh-bull-guard-combo,1992-1999 Chevy/GMC SUV Bull Guard & 120W LED Light Bar Combo,bull guard - advance series w/led light bar,Stehlen Auto,1,31,120W light bar | 1992 | 1992 1993 1994 1995 1996 1997 1998 1999 | 1993 | 1994 | 1995 | 1996 | 1997 | 1998 | 1999 | 21.5 inch light bar | BGHD-C1088-AM-TB+FLBW-40CREE-LB-WH | bull bar combo | bull guard | Chevrolet Blazer | Chevrolet Suburban | Chevrolet Tahoe | CREE LED | fog light | front end protection | GMC Jimmy | GMC Suburban | GMC Yukon | grille guard | LED light bar | off-road lighting | studded mesh | SUV accessories | texture black | truck accessories | white LED
1992-1999-chevy-gmc-suburban-tahoe-yukon-bull-guard-texture-black,1992-1999 Chevy/GMC SUV Advanced Series Bull Guard - Texture Black,bull guard - advance series w/skid plate,Bull Guard,1,29,1992 | 1993 | 1994 | 1995 | 1996 | 1997 | 1998 | 1999 | advanced series | BGHD-C1088-AV-TB | blazer | bull bar | bull guard | C1500 | C2500 | chevrolet | front bumper guard | front end protection | GMC | grille guard | jimmy | K1500 | K2500 | off-road | skid plate | suburban | tahoe | texture black | yukon
92-99-chevy-gmc-suburban-tahoe-yukon-bull-guard-w-led-light-bar-1,1992-1999 Chevrolet GMC SUV Bull Bar w/ LED Light Bar - Matte Black,bull guard - advance series w/led light bar,BGHD,1,33,120W LED | 1992 | 1993 | 1994 | 1995 | 1996 | 1997 | 1998 | 1999 | 21.5 inch light bar | BGHD-C1088-MBBA+FLBW-40CREE-LB-WH | brushed chrome | bull bar | bull guard | C1500 Suburban | C2500 Suburban | Chevrolet Blazer | Chevrolet Suburban | Chevrolet Tahoe | combo kit | CREE LED | fog light | front end protection | GMC Jimmy | GMC Suburban | GMC Yukon | grille guard | K1500 Suburban | K2500 Suburban | LED light bar | matte black | off-road lighting | skid plate
04-12-chevy-colorado-gmc-canyon-advanced-bull-guard-w-led-bar,2004-2012 Chevrolet Colorado/GMC Canyon Bull Guard w/LED Light Bar - Advanced Series,bull guard - advance series w/led light bar,Advanced Series,1,40,2004 | 2004 Canyon | 2004 Colorado | 2005 | 2005 Canyon | 2005 Colorado | 2006 | 2006 Canyon | 2006 Colorado | 2007 | 2007 Canyon | 2007 Colorado | 2008 | 2008 Canyon | 2008 Colorado | 2009 | 2009 Canyon | 2009 Colorado | 2010 | 2010 Canyon | 2010 Colorado | 2011 | 2011 Canyon | 2011 Colorado | 2012 | 2012 Canyon | 2012 Colorado | advanced series | BGHD-COLO04-AL-TB | bull guard | Chevrolet Colorado | front bumper guard | GBU10009-EUB-V0036-CO | GMC Canyon | grille guard | LED light bar | off-road accessories | push bar | texture black | truck front protection
04-12-chevy-colorado-gmc-canyon-bull-guard-mesh-skid-plate,2004-2012 Chevrolet Colorado & GMC Canyon Bull Guard w/Mesh Skid Plate - Matte Black,bull guard - advance series w/skid plate,Bull Guard,1,22,2004 | 2005 | 2006 | 2007 | 2008 | 2009 | 2010 | 2011 | 2012 | BGHD-COLO04-AM-MB | bull bar | bull guard | Chevrolet Colorado | front bumper guard | front end protection | GBU10009-UB3303 | GMC Canyon | grille guard | matte black | mesh skid plate | skid plate | truck accessories
04-12-chevy-colorado-gmc-canyon-bull-guard-w-led-light-bar,2004-2012 Chevrolet Colorado & GMC Canyon Bull Guard w/Mesh Skid Plate & LED Light Bar - Matte Black,bull guard - advance series w/skid plate,Aftermarket,1,42,120W | 2004 | 2004 Chevrolet Colorado | 2004 GMC Canyon | 2005 | 2005 Chevrolet Colorado | 2005 GMC Canyon | 2006 | 2006 Chevrolet Colorado | 2006 GMC Canyon | 2007 | 2007 Chevrolet Colorado | 2007 GMC Canyon | 2008 | 2008 Chevrolet Colorado | 2008 GMC Canyon | 2009 | 2009 Chevrolet Colorado | 2009 GMC Canyon | 2010 | 2010 Chevrolet Colorado | 2010 GMC Canyon | 2011 | 2011 Chevrolet Colorado | 2011 GMC Canyon | 2012 | 2012 Chevrolet Colorado | 2012 GMC Canyon | 21.5 inch light bar | BGHD-COLO04-AM-MB+FLBW-40CREE-LB-WH | bull guard | combo kit | CREE LED | fog light | front end protection | grille guard | LED light bar | matte black | mesh skid plate | push bar | skid plate | truck accessories
04-12-chevy-colorado-gmc-canyon-bull-guard-w-skid-plate-matte-black,2004-2012 Chevrolet Colorado & GMC Canyon Bull Guard w/ Skid Plate - Matte Black,bull guard - advance series w/skid plate,Advanced Series,0,40,2004 | 2004 canyon | 2004 colorado | 2005 | 2005 canyon | 2005 colorado | 2006 | 2006 canyon | 2006 colorado | 2007 | 2007 canyon | 2007 colorado | 2008 | 2008 canyon | 2008 colorado | 2009 | 2009 canyon | 2009 colorado | 2010 | 2010 canyon | 2010 colorado | 2011 | 2011 canyon | 2011 colorado | 2012 | 2012 canyon | 2012 colorado | advanced series | BGHD-COLO04-AV-MB | bull bar | bull guard | chevrolet colorado | front bumper guard | front end protection | GBU10009-EUB-V0035-BK | gmc canyon | grille guard | matte black | skid plate | truck accessories
2004-2012-chevy-colorado-gmc-canyon-advanced-bull-guard-black,2004-2012 Chevrolet Colorado/GMC Canyon Bull Guard Advanced - Textured Black,bull guard - advance series w/skid plate,Bull Guard,1,37,2004 | 2004 chevrolet colorado | 2004 gmc canyon | 2005 | 2005 chevrolet colorado | 2005 gmc canyon | 2006 | 2006 chevrolet colorado | 2006 gmc canyon | 2007 | 2007 chevrolet colorado | 2007 gmc canyon | 2008 | 2008 chevrolet colorado | 2008 gmc canyon | 2009 | 2009 chevrolet colorado | 2009 gmc canyon | 2010 | 2010 chevrolet colorado | 2010 gmc canyon | 2011 | 2011 chevrolet colorado | 2011 gmc canyon | 2012 | 2012 chevrolet colorado | 2012 gmc canyon | advanced series | BGHD-COLO04-AV-TB | bull bar | bull guard | front bumper guard | front end protection | GBU10009-EUB-V0035-CO | grille guard | skid plate | textured black
04-12-chevy-colorado-gmc-canyon-bull-bar-w-120w-led-light-bar,2004-2012 Chevrolet Colorado GMC Canyon Bull Bar + LED Light Bar Combo - Black,bull guard - advance series w/led light bar,Aftermarket,0,25,120W | 2004 | 2005 | 2006 | 2007 | 2008 | 2009 | 2010 | 2011 | 2012 | 21.5 inch light bar | BGHD-COLO04-BK+FLBW-40CREE-LB-WH | black | bull bar | Chevrolet Colorado | combo kit | CREE LED | fog light | front bumper guard | GMC Canyon | grille guard | LED light bar | off-road lighting | skid plate | truck accessories
2015-2022-chevy-colorado-gmc-canyon-advanced-bull-guard-led-bar,2015-2022 Chevrolet Colorado/GMC Canyon Bull Guard LED - Lund,bull guard - advance series w/led light bar,Lund,0,21,2015 | 2016 | 2017 | 2018 | 2019 | 2020 | 2021 | 2022 | advanced series | BGHD-COLO15-AL-MB | bull guard | Chevrolet Colorado | front bumper guard | front end protection | GMC Canyon | grille guard | LED light bar | matte black | off-road lighting | push bar | truck accessories
2015-2022-chevy-colorado-gmc-canyon-bull-guard-w-skid-plate,2015-2022 Chevrolet Colorado GMC Canyon Bull Guard Skid Plate - Matte Black,bull guard - advance series w/skid plate,Advanced Series,0,34,2015 | 2015 chevrolet colorado | 2015 gmc canyon | 2016 | 2016 chevrolet colorado | 2016 gmc canyon | 2017 | 2017 chevrolet colorado | 2017 gmc canyon | 2018 | 2018 chevrolet colorado | 2018 gmc canyon | 2019 | 2019 chevrolet colorado | 2019 gmc canyon | 2020 | 2020 chevrolet colorado | 2020 gmc canyon | 2021 | 2021 chevrolet colorado | 2021 gmc canyon | 2022 | 2022 chevrolet colorado | 2022 gmc canyon | advanced series | BGHD-COLO15-AV-MB | bull guard | front bumper guard | front end protection | grille guard | matte black | mid-size truck | skid plate | truck accessories
05-11-dodge-dakota-ram-mitsubishi-raider-bull-guard-matte-black,2005-2011 Dodge Dakota Mitsubishi Raider Bull Guard LED - BGHD,bull guard - advance series w/led light bar,BGHD,1,29,0101-0327 | 2005 | 2005 dodge dakota | 2006 | 2006 dodge dakota | 2006 mitsubishi raider | 2007 | 2007 dodge dakota | 2007 mitsubishi raider | 2008 | 2008 dodge dakota | 2008 mitsubishi raider | 2009 | 2009 dodge dakota | 2009 mitsubishi raider | 2010 | 2010 dodge dakota | 2011 | 2011 dodge dakota | advanced series | BGHD-DAK04-AL-MB | bull guard | dodge dakota | front bumper guard | grille guard | led light bar | matte black | mitsubishi raider | push bar
2005-2011-dodge-dakota-bull-guard-w-mesh-skid-plate-matte-black,2005-2011 Dodge Dakota Bull Guard w/Mesh Skid Plate - Matte Black,bull guard - advance series w/skid plate,Stehlen Auto,1,19,2005 | 2006 | 2007 | 2008 | 2009 | 2010 | 2011 | BGHD-DAK04-AM-MB | bull bar | bull guard | Dodge Dakota | front bumper guard | front end protection | GBU10027-UB3303 | grille guard | matte black | mesh skid plate | Mitsubishi Raider | truck accessories
2005-2011-dodge-dakota-bull-guard-w-led-light-bar-matte-black,2005-2011 Dodge Dakota Bull Bar Mesh Skid Plate Matte Black - Combo,bull guard - advance series w/skid plate,Combo,1,24,120W LED | 2005 | 2006 | 2007 | 2008 | 2009 | 2010 | 2011 | 21.5 inch light bar | BGHD-DAK04-AM-MB+FLBW-40CREE-LB-WH | bull bar | bull guard | combo kit | CREE LED | Dodge Dakota | Dodge Ram Dakota | fog light | front end protection | LED light bar | matte black | mesh skid plate | Mitsubishi Raider | off-road lighting | skid plate
2005-2011-dodge-dakota-advanced-series-bull-guard-matte-black,2005-2011 Dodge Dakota Bull Guard Skid Plate Matte Black - Advanced,bull guard - advance series w/skid plate,Advanced Series,1,19,2005 | 2006 | 2007 | 2008 | 2009 | 2010 | 2011 | advanced series | BGHD-DAK04-AMBBA | BGHD-DAK04-AV-MBBA | brushed chrome | bull guard | Dodge Dakota | front bumper guard | grille guard | matte black | Mitsubishi Raider | skid plate | truck accessories
05-11-dodge-dakota-ram-mitsubishi-raider-front-bull-bar-black,2005-2011 Dodge Dakota Mitsubishi Raider Bull Bar Guard - Black,bull guard - advance series w/skid plate,Bull Guard,1,28,2005 | 2005 Dakota | 2006 | 2006 Dakota | 2007 | 2007 Dakota | 2007 Raider | 2008 | 2008 Dakota | 2008 Raider | 2009 | 2009 Dakota | 2009 Raider | 2010 | 2010 Dakota | 2011 | 2011 Dakota | BGHD-DAK04-BK | black bull bar | bull bar | bull guard | Dodge Dakota | front bumper guard | grille guard | Mitsubishi Raider | push bar | skid plate | truck front protection
05-11-dodge-dakota-bull-bar-w-21-5-120w-led-light-bar,"2005-2011 Dodge Dakota Bull Bar + 21.5"" LED Light Bar - Black",bull guard - advance series w/led light bar,Stehlen Auto,1,24,120W | 2005 | 2006 | 2007 | 2008 | 2009 | 2010 | 2011 | 21.5 inch light bar | BGHD-DAK04-BK+FLBW-40CREE-LB-WH | black | bull bar | combo kit | CREE LED | Dodge Dakota | fog light | front bumper guard | grille guard | LED light bar | Mitsubishi Raider | off-road lighting | push bar | skid plate | truck accessories
1997-2004-dodge-dakota-durango-advanced-bull-guard-w-skid-plate,1997-2004 Dodge Dakota Durango Advanced Bull Guard w/Skid Plate,bull guard - advance series w/skid plate,BGHD,1,35,1997 | 1997-2004 | 1998 | 1999 | 2000 | 2001 | 2002 | 2003 | 2004 | advanced series | BGHD | BGHD-DAK97-AV-MB | bull guard | category:Bull Guards | Dodge Dakota | Dodge Durango | front bumper guard | front end protection | GBU10028-EUB-V0035-BK | grille guard | make:Dodge | matte black | model:Dakota | model:Durango | off-road | skid plate | truck accessories | year:1997 | year:1998 | year:1999 | year:2000 | year:2001 | year:2002 | year:2003 | year:2004
1997-2004-dodge-dakota-durango-advanced-bull-guard-matte-black,1997-2004 Dodge Dakota Durango Advanced Bull Guard - Matte Black,bull guard - advance series w/skid plate,Steelcraft,1,33,1997 | 1998 | 1999 | 2000 | 2001 | 2002 | 2003 | 2004 | advanced series | BGHD-DAK97-AV-MBBA | brushed chrome | bull guard | category:Bull Guards | Dodge Dakota | Dodge Durango | front bumper guard | front end protection | GBU10028-EUB-V0035-mbba | grille guard | make:Dodge | matte black | model:Dakota | model:Durango | skid plate | truck accessories | year:1997 | year:1998 | year:1999 | year:2000 | year:2001 | year:2002 | year:2003 | year:2004
04-09-dodge-durango-chrysler-aspen-bull-guard-led-light-bar-matte-black,04-09 Dodge Durango Chrysler Aspen Bull Guard LED Light Bar - Matte Black,bull guard - advance series w/led light bar,BGHD,1,26,2004-2009 | advanced series | BGHD | BGHD-DUR04-AL-MB | bull guard | category:Bull Guards | Chrysler Aspen | Dodge Durango | front bumper guard | front-end protection | grille guard | LED light bar | LED lights | make:Chrysler | make:Dodge | matte black | model:Durango | off-road | R203-201SS | truck accessories | year:2004 | year:2005 | year:2006 | year:2007 | year:2008 | year:2009
04-09-dodge-durango-chrysler-aspen-bull-guard-w-led-gbu10023,04-09 Dodge Durango Chrysler Aspen Bull Guard w/ LED - GBU10023,bull guard - advance series w/led light bar,Black Horse Off Road,1,25,2004-2009 | advanced series | BGHD-DUR04-AL-MBBA | brushed aluminum | bull guard | category:Bull Guards | Chrysler Aspen | Dodge Durango | front bumper guard | front end protection | GBU10023 | grille guard | LED light bar | make:Chrysler | make:Dodge | matte black | model:Durango | off road | truck accessories | year:2004 | year:2005 | year:2006 | year:2007 | year:2008 | year:2009
2004-2009-dodge-durango-chrysler-aspen-bull-guard-matte-black-mesh,2004-2009 Dodge Durango Chrysler Aspen Bull Guard Matte Black Mesh,bull guard - advance series w/skid plate,BGHD,1,31,2004 | 2005 | 2006 | 2007 | 2008 | 2009 | BGHD | BGHD-DUR04-AM-MB | brush guard | bull guard | category:Bull Guards | Chrysler Aspen | Dodge Durango | front bumper guard | front end protection | GBU10058-UB3303 | grille guard | make:Chrysler | make:Dodge | matte black | mesh skid plate | model:Durango | off-road | SUV accessories | truck accessories | year:2004 | year:2005 | year:2006 | year:2007 | year:2008 | year:2009
2004-2009-dodge-durango-bull-guard-w-led-light-bar-matte-black,2004-2009 Dodge Durango Bull Guard w/ LED Light Bar - Matte Black,bull guard - advance series w/led light bar,Generic,1,33,120W | 2004 | 2004-2009 | 2005 | 2006 | 2007 | 2008 | 2009 | BGHD-DUR04-AM-MB | BGHD-DUR04-AM-MB+FLBW-40CREE-LB-WH | brush guard | bull guard | category:Bull Guards | Chrysler Aspen | combo package | CREE LED | Dodge Durango | fog lights | front bumper guard | front end protection | grille guard | LED light bar | make:Dodge | matte black | mesh skid plate | model:Durango | off-road | year:2004 | year:2005 | year:2006 | year:2007 | year:2008 | year:2009
2004-2009-dodge-durango-advanced-series-bull-guard-matte-black,2004-2009 Dodge Durango Advanced Series Bull Guard - Matte Black,bull guard - advance series w/skid plate,BGHD,1,29,2004 | 2004-2009 | 2005 | 2006 | 2007 | 2008 | 2009 | advanced series | bghd-dur04-abk | BGHD-DUR04-AV-MB | bull guard | category:Bull Guards | Chrysler Aspen | Dodge Durango | front bumper guard | front end protection | grille guard | make:Dodge | matte black | model:Durango | off-road | skid plate | truck accessories | year:2004 | year:2005 | year:2006 | year:2007 | year:2008 | year:2009
2004-2009-dodge-durango-chrysler-aspen-bull-guard-chrome-a070309a,2004-2009 Dodge Durango Chrysler Aspen Bull Guard Chrome - A070309A,bull guard - advance series w/skid plate,BGHD,1,38,2004 | 2004 Durango | 2005 | 2005 Durango | 2006 | 2006 Durango | 2007 | 2007 Aspen | 2007 Durango | 2008 | 2008 Aspen | 2008 Durango | 2009 | 2009 Aspen | 2009 Durango | A070309A | BGHD | BGHD-DUR04-V2-CH | bull guard | category:Bull Guards | chrome bull guard | chrome grille guard | Chrysler Aspen | Dodge Durango | front bumper guard | front end protection | grille guard | make:Chrysler | make:Dodge | model:Durango | skid plate | truck accessories | year:2004 | year:2005 | year:2006 | year:2007 | year:2008 | year:2009
2004-2009-dodge-durango-chrome-bull-guard-with-led-light-bar,2004-2009 Dodge Durango Chrome Bull Guard with LED Light Bar,bull guard - advance series w/led light bar,DERA,1,41,120W light bar | 2004 | 2004 Durango | 2005 | 2005 Durango | 2006 | 2006 Durango | 2007 | 2007 Aspen | 2007 Durango | 2008 | 2008 Aspen | 2008 Durango | 2009 | 2009 Aspen | 2009 Durango | 21.5 inch light bar | BGHD-DUR04-V2-CH+FLBW-40CREE-LB-WH | bull guard | category:Bull Guards | chrome bull guard | Chrysler Aspen | combo kit | CREE LED | Dodge Durango | fog light | front bumper guard | grille guard | LED light bar | make:Dodge | model:Durango | off-road | skid plate | SUV accessories | truck accessories | year:2004 | year:2005 | year:2006 | year:2007 | year:2008 | year:2009
2011-2016-jeep-grand-cherokee-dodge-durango-bull-guard-led-r203-201bk,2011-2016 Jeep Grand Cherokee Dodge Durango Bull Guard LED - R203-201BK,bull guard - advance series w/led light bar,Advanced Series,1,32,2011 | 2012 | 2013 | 2014 | 2015 | 2016 | advanced series | BGHD-DUR11-AL-MB | bull guard | category:Bull Guards | Dodge Durango | front bumper guard | front end protection | grille guard | Jeep Grand Cherokee | LED light bar | LED lights | make:Dodge | make:Jeep | matte black | model:Cherokee | model:Durango | model:Grand Cherokee | off-road | push bar | R203-201BK | year:2011 | year:2012 | year:2013 | year:2014 | year:2015 | year:2016
2011-2016-durango-grand-cherokee-advanced-bull-guard-matte-black,2011-2016 Durango Grand Cherokee Advanced Bull Guard - Matte Black,bull guard - advance series w/skid plate,Black Horse Off Road,0,28,2011 | 2012 | 2013 | 2014 | 2015 | 2016 | advanced series | bghd-dur11-abk | BGHD-DUR11-AV-MB | Black Horse | bull guard | category:Bull Guards | Dodge Durango | front bumper guard | front end protection | grille guard | Jeep Grand Cherokee | make:Dodge | matte black | model:Durango | off road | skid plate | year:2011 | year:2012 | year:2013 | year:2014 | year:2015 | year:2016
02-09-chevy-trailblazer-gmc-envoy-bull-guard-w-led-matte-black,2002-2009 Chevrolet Trailblazer & GMC Envoy Bull Guard w/LED - Matte Black,bull guard - advance series w/led light bar,Advanced Series,0,38,2002 | 2002 Envoy | 2002 Trailblazer | 2003 | 2003 Envoy | 2003 Trailblazer | 2004 | 2004 Envoy | 2004 Trailblazer | 2005 | 2005 Envoy | 2005 Trailblazer | 2006 | 2006 Envoy | 2006 Trailblazer | 2007 | 2007 Envoy | 2007 Trailblazer | 2008 | 2008 Envoy | 2008 Trailblazer | 2009 | 2009 Envoy | 2009 Trailblazer | advanced series | BGHD-ENVO02-AL-MB | bull guard | Chevrolet Trailblazer | front bumper guard | front end protection | GMC Envoy | grille guard | LED light bar | matte black | off-road lighting | push bar | SUV accessories | truck accessories
ford-f-150-expedition-lincoln-bull-guard-mesh-skid-plate-matte-black,Ford F-150 Expedition Lincoln Bull Guard Mesh Skid Plate - Matte Black,bull guard - advance series w/skid plate,BGHD,0,22,2004-2023 | BGHD | BGHD-EXPED03-AM-MB | brush guard | bull guard | category:Bull Guards | Ford Expedition | Ford F-150 | front bumper guard | front end protection | GBU10012-UB3303 | grille guard | Lincoln Mark LT | Lincoln Navigator | make:Ford | make:Lincoln | matte black | mesh skid plate | model:Expedition | model:F-150 | SUV accessories | truck accessories
2003-2014-lincoln-navigator-mark-lt-bull-guard-matte-black-led-bar,2003-2014 Lincoln Navigator/Mark LT Bull Guard Matte Black + LED Bar,bull guard - advance series w/led light bar,Generic,0,47,120W LED | 2003 | 2003-2014 Navigator | 2004 | 2005 | 2006 | 2006-2008 Mark LT | 2007 | 2008 | 2009 | 2010 | 2011 | 2012 | 2013 | 2014 | BGHD-EXPED03-AM-MB+FLBW-40CREE-LB-WH | brush guard | bull guard | category:Bull Guards | combo kit | CREE LED | fog lights | front bumper guard | front end protection | grille guard | LED light bar | Lincoln Mark LT | Lincoln Navigator | make:Lincoln | matte black | mesh skid plate | model:Navigator | off-road | skid plate | truck accessories | year:2003 | year:2004 | year:2005 | year:2006 | year:2007 | year:2008 | year:2009 | year:2010 | year:2011 | year:2012 | year:2013 | year:2014
studded-mesh-bull-guard-texture-black-ford-f-150-expedition,Studded Mesh Bull Guard Texture Black - Ford F-150 Expedition,bull guard - advance series w/skid plate,Black Horse Off Road,1,20,BGHD-EXPED03-AM-TB | black horse off road | brush guard | bull guard | category:Bull Guards | Ford Expedition | Ford F-150 | front bumper guard | front end protection | grille guard | Lincoln Mark LT | Lincoln Navigator | make:Ford | model:Expedition | model:F-150 | skid plate | studded mesh | SUV accessories | texture black | truck accessories
advanced-series-bull-guard-w-skid-plate-matte-black,Advanced Series Bull Guard w/ Skid Plate - Matte Black,bull guard - advance series w/skid plate,BGHD,1,18,advanced series | BGHD | BGHD-EXPED03-AV-MB | brush guard | bull guard | category:Bull Guards | Ford Expedition | Ford F-150 | front bumper guard | front end protection | GBU10012-EUB-V0035-BK | grille guard | Lincoln Mark LT | Lincoln Navigator | matte black | skid plate | SUV accessories | truck accessories
ford-f-150-expedition-studded-mesh-bull-guard-combo-w-led-light-bar,Ford F-150 Expedition Studded Mesh Bull Guard Combo w/ LED Light Bar,bull guard - advance series w/led light bar,DERA,1,24,120W | BGHD-EXPED03-AM-TB | BGHD-EXPED03-AM-TB+FLBW-40CREE-LB-WH | brush guard | bull guard | category:Bull Guards | CREE LED | fog light | Ford Expedition | Ford F-150 | front bumper guard | front end protection | grille guard | LED light bar | light bar combo | Lincoln Mark LT | Lincoln Navigator | make:Ford | model:Expedition | model:F-150 | off-road | studded mesh | textured black | truck accessories
2006-2010-ford-explorer-advanced-series-bull-guard-w-led-light-bar,2006-2010 Ford Explorer Advanced Series Bull Guard w/ LED Light Bar,bull guard - advance series w/led light bar,Advance Series,1,28,2006 | 2007 | 2008 | 2009 | 2010 | advanced series | BGHD-EXPL06-AL-MBBA | brushed aluminum | bull guard | category:Bull Guards | Explorer Sport Trac | Ford Explorer | front bumper guard | front end protection | GBU10040-NUB7082 | grille guard | LED light bar | LED lights | make:Ford | matte black | model:Explorer | off-road | skid plate | year:2006 | year:2007 | year:2008 | year:2009 | year:2010
2011-2019-ford-explorer-advanced-series-bull-guard-w-skid-plate,2011-2019 Ford Explorer Advanced Series Bull Guard w/ Skid Plate,bull guard - advance series w/skid plate,BGHD,0,40,2011 | 2011 Explorer | 2012 | 2012 Explorer | 2013 | 2013 Explorer | 2014 | 2014 Explorer | 2015 | 2015 Explorer | 2016 | 2016 Explorer | 2017 | 2017 Explorer | 2018 | 2018 Explorer | 2019 | 2019 Explorer | advanced series | BGHD-EXPL11-AV-MB | bull guard | category:Bull Guards | Ford Explorer | front bumper guard | front end protection | grille guard | make:Ford | matte black | model:Explorer | off-road | skid plate | year:2011 | year:2012 | year:2013 | year:2014 | year:2015 | year:2016 | year:2017 | year:2018 | year:2019
1997-2004-ford-f-150-bull-guard-w-mesh-skid-plate-matte-black,1997-2004 Ford F-150 Bull Guard w/ Mesh Skid Plate - Matte Black,bull guard - advance series w/skid plate,Generic,0,32,1997 | 1998 | 1999 | 2000 | 2001 | 2002 | 2003 | 2004 | BGHD-F15097-AM-MB | bull guard | category:Bull Guards | Ford Expedition | Ford F-150 | Ford F-150 Heritage | Ford F-250 | front bumper guard | front end protection | GBU10025-UB3303 | grille guard | make:Ford | matte black | mesh skid plate | model:F-150 | truck accessories | year:1997 | year:1998 | year:1999 | year:2000 | year:2001 | year:2002 | year:2003 | year:2004
1997-2004-ford-f-150-bull-guard-w-led-light-bar-matte-black,1997-2004 Ford F-150 Bull Guard w/ LED Light Bar - Matte Black,bull guard - advance series w/led light bar,Generic,0,38,120W | 1997 | 1997-2004 | 1998 | 1999 | 2000 | 2001 | 2002 | 2003 | 2004 | BGHD-F15097-AM-MB+FLBW-40CREE-LB-WH | brush guard | bull guard | category:Bull Guards | combo kit | CREE LED | fog light | Ford Expedition | Ford F-150 | Ford F-150 Heritage | Ford F-250 | front bumper guard | grille guard | LED light bar | make:Ford | matte black | mesh skid plate | model:F-150 | off-road | truck accessories | year:1997 | year:1998 | year:1999 | year:2000 | year:2001 | year:2002 | year:2003 | year:2004
1997-2004-ford-f-150-f-250-expedition-studded-mesh-bull-guard,1997-2004 Ford F-150 F-250 Expedition Studded Mesh Bull Guard,bull guard - advance series w/skid plate,Black Horse Off Road,1,37,1997 | 1998 | 1999 | 2000 | 2001 | 2002 | 2003 | 2004 | BGHD-F15097-AM-TB | bull guard | category:Bull Guards | F-150 Heritage | Ford Expedition | Ford F-150 | Ford F-250 | front bumper guard | front end protection | GBU10025-UB3303-CO | grille guard | Lincoln Navigator | make:Ford | model:Expedition | model:F-150 | model:F-250 | off road | skid plate | studded mesh | textured black | truck accessories | year:1997 | year:1998 | year:1999 | year:2000 | year:2001 | year:2002 | year:2003 | year:2004
97-03-ford-f-150-f-250-expedition-bull-guard-combo-w-led-bar,97-03 Ford F-150 F-250 Expedition Bull Guard Combo w/ LED Bar,bull guard - advance series w/led light bar,Black Horse Off Road,1,40,120W | 1997 | 1998 | 1999 | 2000 | 2001 | 2002 | 2003 | 2004 | 21.5 inch | BGHD-F15097-AM-TB+FLBW-40CREE-LB-WH | brush guard | bull guard | category:Bull Guards | combo kit | CREE LED | F-150 Heritage | fog lights | Ford Expedition | Ford F-150 | Ford F-250 | front bumper guard | grille guard | LED light bar | make:Ford | model:Expedition | model:F-150 | model:F-250 | off-road | studded mesh | textured black | truck accessories | year:1997 | year:1998 | year:1999 | year:2000 | year:2001 | year:2002 | year:2003 | year:2004
1997-2004-ford-f-150-advanced-series-bull-guard-w-skid-plate-matte-black,1997-2004 Ford F-150 Advanced Series Bull Guard w/ Skid Plate - Matte Black,bull guard - advance series w/skid plate,Black Horse Off Road,1,33,1997 | 1998 | 1999 | 2000 | 2001 | 2002 | 2003 | 2004 | advanced series | BGHD-F15097-AV-MB | bull guard | category:Bull Guards | Ford Expedition | Ford F-150 | Ford F-150 Heritage | Ford F-250 | front bumper guard | front end protection | GBU10025-EUB-V0035-BK | grille guard | make:Ford | matte black | model:F-150 | skid plate | truck accessories | year:1997 | year:1998 | year:1999 | year:2000 | year:2001 | year:2002 | year:2003 | year:2004
1997-2004-ford-f-150-f-250-expedition-advanced-bull-guard-black,1997-2004 Ford F-150 F-250 Expedition Advanced Bull Guard - Black,bull guard - advance series w/skid plate,BGHD,1,37,1997 | 1998 | 1999 | 2000 | 2001 | 2002 | 2003 | 2004 | advanced series | BGHD | BGHD-F15097-AV-TB | bull guard | category:Bull Guards | Ford Expedition | Ford F-150 | Ford F-150 Heritage | Ford F-250 | front bumper guard | front end protection | GBU10025-EUB-V0035-CO | grille guard | make:Ford | model:Expedition | model:F-150 | model:F-250 | off-road | skid plate | texture black | truck accessories | year:1997 | year:1998 | year:1999 | year:2000 | year:2001 | year:2002 | year:2003 | year:2004
05-07-ford-super-duty-advanced-bull-guard-w-led-light-bar-matte-black,05-07 Ford Super Duty Advanced Bull Guard w/LED Light Bar - Matte Black,bull guard - advance series w/led light bar,Generic,1,27,2005 | 2006 | 2007 | advanced series | BGHD-F25005-AL-MB | brush guard | bull guard | category:Bull Guards | Excursion | F-250 | F-350 | F-450 | F-550 | Ford | front bumper guard | front end protection | GBU10048-NUB7081 | grille guard | LED light bar | make:Ford | matte black | model:Super Duty | Super Duty | truck accessories | year:2005 | year:2006 | year:2007
05-07-ford-super-duty-advanced-bull-guard-w-led-light-bar,05-07 Ford Super Duty Advanced Bull Guard w/ LED Light Bar,bull guard - advance series w/led light bar,Advanced Series,1,26,2005 | 2006 | 2007 | advanced series | BGHD-F25005-AL-TB | bull guard | category:Bull Guards | Excursion | F-250 | F-350 | F-450 | F-550 | Ford | front bumper guard | front protection | GBU10048-EUB-V0036-CO | grille guard | LED light bar | make:Ford | model:Super Duty | Super Duty | texture black | truck accessories | year:2005 | year:2006 | year:2007
2005-2007-ford-super-duty-bull-guard-w-mesh-skid-plate-matte-black,2005-2007 Ford Super Duty Bull Guard w/ Mesh Skid Plate - Matte Black,bull guard - advance series w/skid plate,BGHD,1,25,2005 | 2006 | 2007 | BGHD-F25005-AM-MB | brush guard | bull guard | category:Bull Guards | Excursion | F-250 | F-350 | F-450 | F-550 | Ford | Ford Super Duty | front end protection | GBU10048-UB3303 | grille guard | make:Ford | matte black | mesh skid plate | model:Super Duty | truck accessories | year:2005 | year:2006 | year:2007
05-07-ford-super-duty-bull-guard-w-led-light-bar-matte-black,05-07 Ford Super Duty Bull Guard w/ LED Light Bar - Matte Black,bull guard - advance series w/led light bar,Generic,1,31,120W | 2005 | 2006 | 2007 | BGHD-F25005-AM-MB | BGHD-F25005-AM-MB+FLBW-40CREE-LB-WH | bull guard | category:Bull Guards | combo | CREE LED | Excursion | F-250 | F-350 | F-450 | F-550 | fog light | Ford | front bumper guard | front end protection | grille guard | LED light bar | make:Ford | matte black | mesh skid plate | model:Super Duty | push bar | Super Duty | truck accessories | year:2005 | year:2006 | year:2007
2005-2007-ford-super-duty-advanced-series-bull-guard-matte-black,2005-2007 Ford Super Duty Advanced Series Bull Guard - Matte Black,bull guard - advance series w/skid plate,BGHD,1,27,2005 | 2006 | 2007 | advanced series | BGHD-F25005-abk | BGHD-F25005-AV-MB | bull guard | category:Bull Guards | Excursion | F-250 | F-350 | F-450 | F-550 | Ford | Ford Super Duty | front bumper guard | front end protection | grille guard | heavy duty | make:Ford | matte black | model:Super Duty | skid plate | truck accessories | year:2005 | year:2006 | year:2007
05-07-ford-super-duty-advanced-series-bull-guard-matte-black,05-07 Ford Super Duty Advanced Series Bull Guard - Matte Black,bull guard - advance series w/skid plate,BGHD,1,26,2005 | 2006 | 2007 | advance series | BGHD-F25005-ambba | BGHD-F25005-AV-MBBA | brushed chrome | bull guard | category:Bull Guards | Excursion | F-250 | F-350 | F-450 | F-550 | Ford | front bumper guard | front end protection | grille guard | make:Ford | matte black | model:Super Duty | skid plate | Super Duty | year:2005 | year:2006 | year:2007
05-07-ford-super-duty-advanced-series-bull-guard-texture-black,05-07 Ford Super Duty Advanced Series Bull Guard - Texture Black,bull guard - advance series w/skid plate,BGHD,1,26,2005 | 2006 | 2007 | advanced series | BGHD | BGHD-F25005-AV-TB | bull guard | category:Bull Guards | Excursion | F-250 | F-350 | F-450 | F-550 | Ford Super Duty | front bumper guard | front end protection | GBU10048-EUB-V0035-CO | grille guard | make:Ford | model:Super Duty | skid plate | texture black | truck accessories | year:2005 | year:2006 | year:2007
2008-2010-ford-super-duty-advanced-series-bull-guard-matte-black-led,2008-2010 Ford Super Duty Advanced Series Bull Guard - Matte Black LED,bull guard - advance series w/led light bar,Advanced Series,1,25,2008 | 2009 | 2010 | advanced series | BGHD-F25008-AL-MB | bull guard | category:Bull Guards | F-250 | F-350 | F-450 | F-550 | Ford | front bumper guard | front end protection | GBU10034-NUB7081 | grille guard | LED light bar | make:Ford | matte black | model:Super Duty | Super Duty | truck accessories | year:2008 | year:2009 | year:2010
2008-2010-ford-super-duty-advanced-bull-guard-w-led-light-bar,2008-2010 Ford Super Duty Advanced Bull Guard w/LED Light Bar,bull guard - advance series w/led light bar,BGHD,1,26,2008 | 2009 | 2010 | advanced series | BGHD-F25008-AL-MBBA | brushed aluminum | bull guard | category:Bull Guards | F-250 Super Duty | F-350 Super Duty | F-450 Super Duty | F-550 Super Duty | Ford | front bumper guard | front end protection | GBU10034-NUB7082 | grille guard | LED light bar | make:Ford | matte black | model:Super Duty | Super Duty | truck accessories | year:2008 | year:2009 | year:2010
2008-2010-ford-super-duty-f-250-f-350-bull-guard-matte-black,2008-2010 Ford Super Duty F-250/F-350 Bull Guard Matte Black,bull guard - advance series w/skid plate,BGHD,1,28,2008 | 2009 | 2010 | BGHD | BGHD-F25008-AM-MB | brush guard | bull guard | category:Bull Guards | F-250 | F-350 | F-450 | F-550 | Ford | front bumper guard | front end protection | GBU10034-UB3303 | grille guard | make:Ford | matte black | mesh skid plate | model:F-250 | model:F-350 | model:Super Duty | Super Duty | truck accessories | year:2008 | year:2009 | year:2010
08-10-ford-super-duty-bull-guard-w-led-light-bar-matte-black,08-10 Ford Super Duty Bull Guard w/ LED Light Bar - Matte Black,bull guard - advance series w/led light bar,Generic,1,29,120W | 2008 | 2009 | 2010 | BGHD-F25008-AM-MB+FLBW-40CREE-LB-WH | bull guard | category:Bull Guards | CREE LED | F-250 | F-350 | F-450 | F-550 | fog lights | Ford | front bumper guard | front protection | grille guard | LED light bar | make:Ford | matte black | mesh skid plate | model:Super Duty | off-road | push bar | Super Duty | truck accessories | year:2008 | year:2009 | year:2010
2008-2010-ford-super-duty-advanced-series-bull-guard-matte-black,2008-2010 Ford Super Duty Advanced Series Bull Guard - Matte Black,bull guard - advance series w/skid plate,DERA,1,25,2008 | 2009 | 2010 | advanced series | bghd-f25008-abk | BGHD-F25008-AV-MB | bull guard | category:Bull Guards | F-250 | F-350 | F-450 | F-550 | Ford | front bumper guard | front end protection | grille guard | make:Ford | matte black | model:Super Duty | skid plate | Super Duty | truck accessories | year:2008 | year:2009 | year:2010
2011-2016-ford-super-duty-advanced-bull-guard-w-led-light-bar,2011-2016 Ford Super Duty Advanced Bull Guard w/ LED Light Bar,bull guard - advance series w/led light bar,Advanced Series,1,30,2011 | 2011-2016 | 2012 | 2013 | 2014 | 2015 | 2016 | advanced series | BGHD-F25011-AL-MB | bull guard | category:Bull Guards | Ford F-250 | Ford F-350 | Ford F-450 | Ford F-550 | front bumper guard | GBU10061-NUB7081 | grille guard | LED light bar | make:Ford | matte black | model:Super Duty | Super Duty | truck accessories | year:2011 | year:2012 | year:2013 | year:2014 | year:2015 | year:2016
2011-2016-ford-super-duty-advanced-series-bull-guard-matte-black,2011-2016 Ford Super Duty Advanced Series Bull Guard - Matte Black,bull guard - advance series w/skid plate,BGHD,1,33,2011 | 2011-2016 | 2012 | 2013 | 2014 | 2015 | 2016 | advanced series | BGHD | bghd-f25011-abk | BGHD-F25011-AV-MB | bull guard | category:Bull Guards | F-250 | F-350 | F-450 | F-550 | Ford Super Duty | front bumper guard | front end protection | grille guard | heavy duty | make:Ford | matte black | model:Super Duty | skid plate | truck accessories | year:2011 | year:2012 | year:2013 | year:2014 | year:2015 | year:2016
2011-2016-ford-super-duty-advanced-series-bull-guard-texture-black,2011-2016 Ford Super Duty Advanced Series Bull Guard - Texture Black,bull guard - advance series w/skid plate,BGHD,1,33,2011 | 2011-2016 | 2012 | 2013 | 2014 | 2015 | 2016 | advanced series | BGHD | BGHD-F25011-AV-TB | bull guard | category:Bull Guards | F-250 | F-350 | F-450 | F-550 | Ford Super Duty | front bumper guard | front end protection | GBU10061-EUB-V0035-CO | grille guard | heavy duty | make:Ford | model:Super Duty | skid plate | texture black | truck accessories | year:2011 | year:2012 | year:2013 | year:2014 | year:2015 | year:2016
99-04-ford-super-duty-excursion-bull-guard-led-light-bar-matte-black,99-04 Ford Super Duty Excursion Bull Guard LED Light Bar - Matte Black,bull guard - advance series w/led light bar,Advanced Series,1,34,1999 | 2000 | 2001 | 2002 | 2003 | 2004 | advance series | BGHD-F25099-AL-MB | brush guard | bull guard | category:Bull Guards | Excursion | F-250 | F-350 | F-450 | F-550 | Ford | front bumper guard | grille guard | LED light bar | make:Ford | matte black | model:Excursion | model:Super Duty | P4S11012 | push bar | Super Duty | truck accessories | year:1999 | year:2000 | year:2001 | year:2002 | year:2003 | year:2004
99-04-ford-super-duty-excursion-bull-guard-w-led-light-bar,99-04 Ford Super Duty Excursion Bull Guard w/ LED Light Bar,bull guard - advance series w/led light bar,Black Horse Off Road,1,29,1999-2004 | advanced series | BGHD-F25099-AL-MBBA | brushed aluminum | bull guard | category:Bull Guards | Ford Excursion | Ford F-250 | Ford F-350 | Ford F-450 | Ford F-550 | front bumper guard | front end protection | GBU10007 | grille guard | LED light bar | make:Ford | matte black | model:Excursion | model:Super Duty | off road | Super Duty | truck accessories | year:1999 | year:2000 | year:2001 | year:2002 | year:2003 | year:2004
1999-2004-ford-super-duty-excursion-bull-guard-w-led-light-bar,1999-2004 Ford Super Duty Excursion Bull Guard w/ LED Light Bar,bull guard - advance series w/led light bar,BGHD,1,32,1999 | 1999-2004 | 2000 | 2001 | 2002 | 2003 | 2004 | advanced series | BGHD-F25099-AL-TB | bull guard | category:Bull Guards | Excursion | F-250 Super Duty | F-350 Super Duty | F-450 Super Duty | F-550 Super Duty | Ford | front end protection | GBU10029-EUB-V0036-CO | grille guard | LED light bar | make:Ford | model:Excursion | model:Super Duty | Super Duty | texture black | year:1999 | year:2000 | year:2001 | year:2002 | year:2003 | year:2004
1999-2004-ford-super-duty-bull-guard-w-mesh-skid-plate-matte-black,1999-2004 Ford Super Duty Bull Guard w/ Mesh Skid Plate - Matte Black,bull guard - advance series w/skid plate,BGHD,0,33,1999 | 2000 | 2001 | 2002 | 2003 | 2004 | BGHD | BGHD-F25099-AM-MB | brush guard | bull guard | category:Bull Guards | Excursion | F-250 | F-350 | F-450 | F-550 | Ford | front bumper guard | front end protection | GBU10029-UB3303 | grille guard | make:Ford | matte black | mesh skid plate | model:Super Duty | Super Duty | truck accessories | year:1999 | year:2000 | year:2001 | year:2002 | year:2003 | year:2004
1999-2004-ford-super-duty-bull-guard-w-led-light-bar-matte-black,1999-2004 Ford Super Duty Bull Guard w/LED Light Bar - Matte Black,bull guard - advance series w/led light bar,Generic,0,34,120W | 1999 | 1999-2004 | 2000 | 2001 | 2002 | 2003 | 2004 | BGHD-F25099-AM-MB+FLBW-40CREE-LB-WH | bull guard | category:Bull Guards | CREE | Excursion | F-250 | F-350 | F-450 | F-550 | fog light | Ford Super Duty | front bumper guard | front end protection | grille guard | LED light bar | make:Ford | matte black | mesh skid plate | model:Super Duty | truck accessories | year:1999 | year:2000 | year:2001 | year:2002 | year:2003 | year:2004
1999-2004-ford-super-duty-advanced-series-bull-guard-matte-black,1999-2004 Ford Super Duty Advanced Series Bull Guard - Matte Black,bull guard - advance series w/skid plate,BGHD,1,34,1999 | 1999-2004 | 2000 | 2001 | 2002 | 2003 | 2004 | advance series | BGHD | BGHD-F25099-AV-MB | bull guard | category:Bull Guards | Excursion | F-250 | F-350 | F-450 | F-550 | Ford | front bumper guard | front end protection | GBU10029-EUB-V0035-BK | grille guard | make:Ford | matte black | model:Super Duty | skid plate | Super Duty | truck accessories | year:1999 | year:2000 | year:2001 | year:2002 | year:2003 | year:2004
01-04-nissan-frontier-xterra-advanced-bull-guard-led-light-bar,01-04 Nissan Frontier Xterra Advanced Bull Guard LED Light Bar,bull guard - advance series w/led light bar,Steelcraft,1,22,2001-2004 | advance series | BGHD-FRON00-AL-MB | bull guard | category:Bull Guards | front bumper guard | front end protection | grille guard | LED light bar | make:Nissan | matte black | model:Frontier | model:Xterra | Nissan Frontier | Nissan Xterra | off-road | P4S13009 | truck accessories | year:2001 | year:2002 | year:2003 | year:2004
2001-2004-nissan-frontier-xterra-advanced-bull-guard-w-led-bar,2001-2004 Nissan Frontier Xterra Advanced Bull Guard w/ LED Bar,bull guard - advance series w/led light bar,Broadfeet Motorsports Equipment,1,32,2001 | 2001 Frontier | 2002 | 2002 Frontier | 2002 Xterra | 2003 | 2003 Frontier | 2003 Xterra | 2004 | 2004 Frontier | 2004 Xterra | advanced series | BGHD-FRON00-AL-TB | bull guard | category:Bull Guards | front bumper guard | front end protection | GBU10030-EUB-V0036-CO | grille guard | LED light bar | make:Nissan | model:Frontier | model:Xterra | Nissan Frontier | Nissan Xterra | off road | texture black | truck accessories | year:2001 | year:2002 | year:2003 | year:2004
2001-2004-nissan-frontier-xterra-bull-guard-skid-plate-matte-black,2001-2004 Nissan Frontier Xterra Bull Guard Skid Plate Matte Black,bull guard - advance series w/skid plate,Advance Series,1,27,2001 | 2002 | 2003 | 2004 | advance series | BGHD-FRON00-AV-MB | bull guard | category:Bull Guards | front bumper guard | front end protection | Frontier | GBU10030-EUB-V0035-bk | grille guard | make:Nissan | matte black | mesh skid plate | model:Frontier | model:Xterra | Nissan | off-road | skid plate | truck accessories | Xterra | year:2001 | year:2002 | year:2003 | year:2004
2001-2004-nissan-frontier-xterra-advanced-series-bull-guard,2001-2004 Nissan Frontier Xterra Advanced Series Bull Guard,bull guard - advance series w/skid plate,BGHD,1,33,2001 | 2001 Frontier | 2002 | 2002 Frontier | 2002 Xterra | 2003 | 2003 Frontier | 2003 Xterra | 2004 | 2004 Frontier | 2004 Xterra | advance series | BGHD | BGHD-FRON00-AV-TB | bull guard | category:Bull Guards | front bumper guard | front end protection | GBU10030-EUB-V0035-CO | grille guard | make:Nissan | model:Frontier | model:Xterra | Nissan Frontier | Nissan Xterra | off-road | skid plate | texture black | truck accessories | year:2001 | year:2002 | year:2003 | year:2004
05-21-nissan-frontier-advanced-bull-guard-w-led-light-bar-matte-black,05-21 Nissan Frontier Advanced Bull Guard w/ LED Light Bar - Matte Black,bull guard - advance series w/led light bar,BGHD,1,34,advanced series | BGHD-FRON05-AL-MB | bull guard | category:Bull Guards | front bumper guard | GBU10023-NUB7081 | grille guard | LED light bar | make:Nissan | matte black | model:Frontier | Nissan Frontier | Nissan Pathfinder | Nissan Xterra | off-road | SUV accessories | truck accessories | year:2005 | year:2006 | year:2007 | year:2008 | year:2009 | year:2010 | year:2011 | year:2012 | year:2013 | year:2014 | year:2015 | year:2016 | year:2017 | year:2018 | year:2019 | year:2020 | year:2021
nissan-pathfinder-xterra-bull-guard-w-mesh-skid-plate-matte-black,Nissan Pathfinder Xterra Bull Guard w/ Mesh Skid Plate - Matte Black,bull guard - advance series w/skid plate,BGHD,1,19,BGHD | BGHD-FRON05-AM-MB | bull guard | category:Bull Guards | front bumper guard | front end protection | GBU10023-UB3303 | grille guard | make:Nissan | matte black | mesh skid plate | model:Pathfinder | model:Xterra | Nissan | off-road | Pathfinder | skid plate | truck accessories | Xterra
nissan-bull-guard-w-mesh-skid-plate-led-light-bar-matte-black,Nissan Bull Guard w/ Mesh Skid Plate & LED Light Bar - Matte Black,bull guard - advance series w/led light bar,Generic,1,20,120W | BGHD-FRON05-AM-MB+FLBW-40CREE-LB-WH | brush guard | bull guard | category:Bull Guards | combo kit | CREE LED | fog lights | front bumper guard | grille guard | LED light bar | make:Nissan | matte black | mesh skid plate | Nissan | off-road | Pathfinder | skid plate | truck accessories | Xterra
2005-2021-nissan-frontier-studded-mesh-bull-guard-texture-black,2005-2021 Nissan Frontier Studded Mesh Bull Guard - Texture Black,bull guard - advance series w/skid plate,BGHD,1,54,2005 | 2005-2021 | 2006 | 2007 | 2008 | 2009 | 2010 | 2011 | 2012 | 2013 | 2014 | 2015 | 2016 | 2017 | 2018 | 2019 | 2020 | 2021 | BGHD | BGHD-FRON05-AM-TB | brush guard | bull guard | category:Bull Guards | front bumper guard | front end protection | GBU10023-UB3303-CO | grille guard | make:Nissan | model:Frontier | Nissan Frontier | Nissan Pathfinder | Nissan Xterra | skid plate | studded mesh | SUV accessories | texture black | truck accessories | year:2005 | year:2006 | year:2007 | year:2008 | year:2009 | year:2010 | year:2011 | year:2012 | year:2013 | year:2014 | year:2015 | year:2016 | year:2017 | year:2018 | year:2019 | year:2020 | year:2021
05-21-nissan-frontier-bull-guard-w-led-light-bar-combo,05-21 Nissan Frontier Bull Guard w/ LED Light Bar Combo,bull guard - advance series w/led light bar,Black Horse Off Road,1,38,120W | 21.5 inch light bar | BGHD-FRON05-AM-TB+FLBW-40CREE-LB-WH | brush guard | bull guard | category:Bull Guards | combo package | CREE LED | fog light | front bumper guard | grille guard | LED light bar | make:Nissan | model:Frontier | Nissan Frontier | Nissan Pathfinder | Nissan Xterra | off-road | studded mesh | textured black | truck accessories | year:2005 | year:2006 | year:2007 | year:2008 | year:2009 | year:2010 | year:2011 | year:2012 | year:2013 | year:2014 | year:2015 | year:2016 | year:2017 | year:2018 | year:2019 | year:2020 | year:2021
nissan-pathfinder-xterra-advanced-bull-guard-w-skid-plate-matte-black,Nissan Pathfinder Xterra Advanced Bull Guard w/ Skid Plate - Matte Black,bull guard - advance series w/skid plate,BGHD,0,19,advanced series | BGHD | bghd-fron05-abk | BGHD-FRON05-AV-MB | bull guard | category:Bull Guards | front bumper guard | front end protection | grille guard | make:Nissan | matte black | model:Pathfinder | model:Xterra | Nissan | off-road | Pathfinder | skid plate | truck accessories | Xterra
2006-2010-hummer-h3-advanced-series-bull-guard-w-led-light-bar,2006-2010 Hummer H3 Advanced Series Bull Guard w/ LED Light Bar,bull guard - advance series w/led light bar,BGHD,1,27,2006 | 2006-2010 Hummer H3 | 2007 | 2008 | 2009 | 2010 | advanced series | BGHD | BGHD-H306-AL-TB | bull guard | category:Bull Guards | front bumper guard | front end protection | GBU10064-EUB-V0036-CO | grille guard | Hummer H3 | LED light bar | make:Hummer | model:H3 | off-road | texture black | truck accessories | year:2006 | year:2007 | year:2008 | year:2009 | year:2010
2006-2010-hummer-h3-bull-guard-w-mesh-skid-plate-matte-black,2006-2010 Hummer H3 Bull Guard w/ Mesh Skid Plate - Matte Black,bull guard - advance series w/skid plate,BGHD,0,27,2006 | 2006-2010 | 2007 | 2008 | 2009 | 2010 | BGHD | BGHD-H306-AM-MB | brush guard | bull guard | category:Bull Guards | front bumper guard | GBU10064-UB3303 | grille guard | Hummer accessories | Hummer H3 | make:Hummer | matte black | mesh skid plate | model:H3 | off-road protection | skid plate | year:2006 | year:2007 | year:2008 | year:2009 | year:2010
2006-2010-hummer-h3-bull-guard-w-skid-plate-led-light-bar,2006-2010 Hummer H3 Bull Guard w/ Skid Plate & LED Light Bar,bull guard - advance series w/skid plate,Generic,0,32,120W light bar | 2006 | 2006 Hummer H3 | 2007 | 2007 Hummer H3 | 2008 | 2008 Hummer H3 | 2009 | 2009 Hummer H3 | 2010 | 2010 Hummer H3 | BGHD-H306-AM-MB+FLBW-40CREE-LB-WH | brush guard | bull guard | category:Bull Guards | CREE LED | fog lights | front bumper guard | grille guard | Hummer H3 | LED light bar | make:Hummer | matte black | mesh skid plate | model:H3 | off-road | truck accessories | year:2006 | year:2007 | year:2008 | year:2009 | year:2010
2006-2010-hummer-h3-advanced-series-bull-guard-w-skid-plate-matte-black,2006-2010 Hummer H3 Advanced Series Bull Guard w/ Skid Plate - Matte Black,bull guard - advance series w/skid plate,BGHD,1,31,2006 | 2006 hummer h3 | 2007 | 2007 hummer h3 | 2008 | 2008 hummer h3 | 2009 | 2009 hummer h3 | 2010 | 2010 hummer h3 | advanced series | BGHD | bghd-h306-abk | BGHD-H306-AV-MB | bull guard | category:Bull Guards | front bumper guard | front end protection | grille guard | hummer | hummer h3 | make:Hummer | matte black | model:H3 | off-road | skid plate | year:2006 | year:2007 | year:2008 | year:2009 | year:2010
2006-2010-hummer-h3-advanced-series-bull-guard-texture-black,2006-2010 Hummer H3 Advanced Series Bull Guard - Texture Black,bull guard - advance series w/skid plate,BGHD,1,26,2006 | 2007 | 2008 | 2009 | 2010 | advanced series | BGHD | BGHD-H306-AV-TB | bull guard | category:Bull Guards | front bumper guard | front end protection | GBU10064-EUB-V0035-CO | grille guard | Hummer accessories | Hummer H3 | make:Hummer | model:H3 | off-road | skid plate | texture black | year:2006 | year:2007 | year:2008 | year:2009 | year:2010
2014-2019-toyota-highlander-bull-guard-w-led-light-bar-matte-black,2014-2019 Toyota Highlander Bull Guard w/ LED Light Bar - Matte Black,bull guard - advance series w/led light bar,BGHD,1,32,10071-NUB7081 | 2014 | 2014 Highlander | 2015 | 2015 Highlander | 2016 | 2016 Highlander | 2017 | 2017 Highlander | 2018 | 2018 Highlander | 2019 | 2019 Highlander | advanced series | BGHD | BGHD-HIGH14-AL-MB | bull guard | category:Bull Guards | front bumper guard | front end protection | grille guard | LED light bar | make:Toyota | matte black | model:Highlander | Toyota Highlander | year:2014 | year:2015 | year:2016 | year:2017 | year:2018 | year:2019
2014-2019-toyota-highlander-bull-guard-w-skid-plate-matte-black,2014-2019 Toyota Highlander Bull Guard w/ Skid Plate - Matte Black,bull guard - advance series w/skid plate,BGHD,1,32,10071-EUB-V0035-BK | 2014 | 2014 Highlander | 2015 | 2015 Highlander | 2016 | 2016 Highlander | 2017 | 2017 Highlander | 2018 | 2018 Highlander | 2019 | 2019 Highlander | advanced series | BGHD | BGHD-HIGH14-AV-MB | bull guard | category:Bull Guards | front bumper guard | front end protection | grille guard | make:Toyota | matte black | model:Highlander | skid plate | Toyota Highlander | year:2014 | year:2015 | year:2016 | year:2017 | year:2018 | year:2019
jeep-commander-grand-cherokee-advanced-bull-guard-led-matte-black,Jeep Commander & Grand Cherokee Advanced Bull Guard LED - Matte Black,bull guard - advance series w/led light bar,BGHD,1,20,advanced series | BGHD | BGHD-JCM06-AL-MB | bull guard | category:Bull Guards | front bumper guard | front end protection | GBU10014-NUB7081 | grille guard | Jeep bull guard | Jeep Commander | Jeep Grand Cherokee | LED bull guard | LED light bar | make:Jeep | matte black bull guard | model:Cherokee | model:Commander | model:Grand Cherokee | off-road
2005-2010-jeep-commander-grand-cherokee-bull-guard-matte-black,2005-2010 Jeep Commander Grand Cherokee Bull Guard Matte Black,bull guard - advance series w/skid plate,Broadfeet Motorsport Equipment,1,32,2005 | 2006 | 2007 | 2008 | 2009 | 2010 | BGHD-JCM06-AM-MB | brush guard | bull guard | category:Bull Guards | Commander | front bumper guard | front end protection | GBU10014-UB3303 | Grand Cherokee | grille guard | Jeep | jeep accessories | make:Jeep | matte black | mesh skid plate | model:Cherokee | model:Commander | model:Grand Cherokee | off-road | skid plate | year:2005 | year:2006 | year:2007 | year:2008 | year:2009 | year:2010
jeep-commander-grand-cherokee-bull-guard-w-led-light-bar-matte-black,Jeep Commander/Grand Cherokee Bull Guard w/ LED Light Bar - Matte Black,bull guard - advance series w/led light bar,DERA,1,23,120W | BGHD-JCM06-AM-MB | BGHD-JCM06-AM-MB+FLBW-40CREE-LB-WH | bull guard | category:Bull Guards | combo package | Commander | CREE LED | FLBW-40CREE-LB-WH | fog light | front bumper guard | front end protection | Grand Cherokee | grille guard | Jeep | LED light bar | make:Jeep | matte black | mesh skid plate | model:Cherokee | model:Commander | model:Grand Cherokee | off-road
2008-2010-jeep-grand-cherokee-advanced-bull-guard-w-led-light-bar,2008-2010 Jeep Grand Cherokee Advanced Bull Guard w/ LED Light Bar,bull guard - advance series w/led light bar,Advanced Series,1,23,2008 | 2009 | 2010 | advanced series | BGHD-JGC08-AL-MB | bull guard | category:Bull Guards | front bumper guard | front end protection | GBU10015-NUB7081 | Grand Cherokee | grille guard | Jeep | Jeep Grand Cherokee bull guard | LED light bar | make:Jeep | matte black | model:Cherokee | model:Grand Cherokee | off-road | year:2008 | year:2009 | year:2010
2008-2010-jeep-grand-cherokee-bull-guard-w-mesh-skid-plate-matte-black,2008-2010 Jeep Grand Cherokee Bull Guard w/ Mesh Skid Plate - Matte Black,bull guard - advance series w/skid plate,DERA,1,23,2008 | 2009 | 2010 | BGHD-JGC08-AM-MB | bull guard | category:Bull Guards | front bumper guard | front end protection | GBU10015-UB3303 | Grand Cherokee | grille guard | Jeep | make:Jeep | matte black | mesh skid plate | model:Cherokee | model:Grand Cherokee | off-road | skid plate | truck accessories | year:2008 | year:2009 | year:2010
2008-2010-jeep-grand-cherokee-bull-guard-w-led-light-bar-matte-black,2008-2010 Jeep Grand Cherokee Bull Guard w/ LED Light Bar - Matte Black,bull guard - advance series w/led light bar,Generic,1,26,120W | 2008 | 2008-2010 | 2009 | 2010 | BGHD-JGC08-AM-MB+FLBW-40CREE-LB-WH | bull guard | category:Bull Guards | combo kit | CREE | fog light | front bumper guard | grille guard | Jeep accessories | Jeep Grand Cherokee | LED light bar | make:Jeep | matte black | mesh skid plate | model:Cherokee | model:Grand Cherokee | off-road | push bar | year:2008 | year:2009 | year:2010
2008-2010-jeep-grand-cherokee-advanced-series-bull-guard-matte-black,2008-2010 Jeep Grand Cherokee Advanced Series Bull Guard - Matte Black,bull guard - advance series w/skid plate,BGHD,0,25,2008 | 2008 Grand Cherokee | 2009 | 2009 Grand Cherokee | 2010 | 2010 Grand Cherokee | advanced series | BGHD | bghd-jgc08-abk | BGHD-JGC08-AV-MB | bull guard | category:Bull Guards | front bumper guard | front end protection | grille guard | Jeep Grand Cherokee | make:Jeep | matte black | model:Cherokee | model:Grand Cherokee | off-road | skid plate | year:2008 | year:2009 | year:2010
2012-2022-nissan-nv-titan-xd-advanced-bull-guard-w-skid-plate,2012-2022 Nissan NV/Titan XD Advanced Bull Guard w/ Skid Plate,bull guard - advance series w/skid plate,Steelcraft,1,40,2012 | 2013 | 2014 | 2015 | 2016 | 2017 | 2018 | 2019 | 2020 | 2021 | 2022 | advanced series | bghd-nv12-abk | BGHD-NV12-AV-MB | bull guard | category:Bull Guards | front bumper guard | front end protection | grille guard | make:Nissan | matte black | model:Titan | Nissan accessories | Nissan NV1500 | Nissan NV2500 | Nissan NV3500 | Nissan Titan XD | skid plate | truck accessories | year:2012 | year:2013 | year:2014 | year:2015 | year:2016 | year:2017 | year:2018 | year:2019 | year:2020 | year:2021 | year:2022
1999-2004-nissan-pathfinder-advanced-series-bull-guard-w-led-bar,1999-2004 Nissan Pathfinder Advanced Series Bull Guard w/ LED Bar,bull guard - advance series w/led light bar,Black Horse Off Road,1,29,1999 | 1999-2004 Pathfinder | 2000 | 2001 | 2002 | 2003 | 2004 | advanced series | BGHD-PAT99-AL-MBBA | brushed aluminum | bull guard | category:Bull Guards | front bumper guard | front end protection | GBU10035-NUB7082 | grille guard | LED light bar | make:Nissan | matte black | model:Pathfinder | Nissan accessories | Nissan Pathfinder | off-road | year:1999 | year:2000 | year:2001 | year:2002 | year:2003 | year:2004
03-14-honda-pilot-ridgeline-advanced-bull-guard-w-led-matte-black,03-14 Honda Pilot Ridgeline Advanced Bull Guard w/ LED - Matte Black,bull guard - advance series w/led light bar,BGHD,0,32,2003-2008 | 2006-2014 | advanced series | BGHD | BGHD-PILOT03-AL-MB | bull guard | category:Bull Guards | front bumper guard | front end protection | GBU10016-NUB7081 | grille guard | Honda | Honda Pilot | Honda Ridgeline | LED light bar | LED lights | make:Honda | matte black | model:Pilot | model:Ridgeline | year:2003 | year:2004 | year:2005 | year:2006 | year:2007 | year:2008 | year:2009 | year:2010 | year:2011 | year:2012 | year:2013 | year:2014
2006-2014-honda-ridgeline-advanced-bull-guard-w-skid-plate-matte-black,2006-2014 Honda Ridgeline Advanced Bull Guard w/ Skid Plate - Matte Black,bull guard - advance series w/skid plate,Broadfeet Motorsport Equipment,1,34,2006 | 2006-2014 Ridgeline | 2007 | 2008 | 2009 | 2010 | 2011 | 2012 | 2013 | 2014 | advanced series | bghd-pilot03-abk | BGHD-PILOT03-AV-MB | bull guard | category:Bull Guards | front bumper guard | front end protection | grille guard | Honda accessories | Honda Ridgeline | make:Honda | matte black | model:Ridgeline | push bar | skid plate | year:2006 | year:2007 | year:2008 | year:2009 | year:2010 | year:2011 | year:2012 | year:2013 | year:2014
2009-2015-honda-pilot-advanced-bull-guard-w-led-light-bar-matte-black,2009-2015 Honda Pilot Advanced Bull Guard w/ LED Light Bar - Matte Black,bull guard - advance series w/led light bar,Advanced Series,1,35,2009 | 2009 Honda Pilot | 2010 | 2010 Honda Pilot | 2011 | 2011 Honda Pilot | 2012 | 2012 Honda Pilot | 2013 | 2013 Honda Pilot | 2014 | 2014 Honda Pilot | 2015 | 2015 Honda Pilot | advanced series | BGHD-PILOT09-AL-MB | bull guard | category:Bull Guards | front bumper guard | front end protection | GBU10052-NUB7081 | grille guard | Honda accessories | Honda Pilot | LED light bar | make:Honda | matte black | model:Pilot | year:2009 | year:2010 | year:2011 | year:2012 | year:2013 | year:2014 | year:2015
2009-2015-honda-pilot-bull-guard-w-mesh-skid-plate-matte-black,2009-2015 Honda Pilot Bull Guard w/ Mesh Skid Plate - Matte Black,bull guard - advance series w/skid plate,BGHD,1,36,2009 | 2009 Honda Pilot | 2010 | 2010 Honda Pilot | 2011 | 2011 Honda Pilot | 2012 | 2012 Honda Pilot | 2013 | 2013 Honda Pilot | 2014 | 2014 Honda Pilot | 2015 | 2015 Honda Pilot | BGHD | BGHD-PILOT09-AM-MB | bull guard | category:Bull Guards | front bumper guard | front end protection | GBU10052-UB3303 | grille guard | Honda Pilot | make:Honda | matte black | mesh skid plate | model:Pilot | SUV accessories | truck accessories | year:2009 | year:2010 | year:2011 | year:2012 | year:2013 | year:2014 | year:2015
2009-2015-honda-pilot-bull-guard-w-led-light-bar-matte-black,2009-2015 Honda Pilot Bull Guard w/ LED Light Bar - Matte Black,bull guard - advance series w/led light bar,Generic,1,32,120W | 2009 | 2009-2015 | 2010 | 2011 | 2012 | 2013 | 2014 | 2015 | BGHD-PILOT09-AM-MB+FLBW-40CREE-LB-WH | bull guard | category:Bull Guards | CREE | fog light | front bumper guard | grille guard | Honda accessories | Honda Pilot | LED light bar | make:Honda | matte black | mesh skid plate | model:Pilot | off-road | truck accessories | year:2009 | year:2010 | year:2011 | year:2012 | year:2013 | year:2014 | year:2015
2009-2015-honda-pilot-advanced-series-bull-guard-w-skid-plate-matte-black,2009-2015 Honda Pilot Advanced Series Bull Guard w/ Skid Plate - Matte Black,bull guard - advance series w/skid plate,BGHD,1,34,2009 | 2009 Honda Pilot | 2010 | 2010 Honda Pilot | 2011 | 2011 Honda Pilot | 2012 | 2012 Honda Pilot | 2013 | 2013 Honda Pilot | 2014 | 2014 Honda Pilot | 2015 | 2015 Honda Pilot | advanced series | BGHD | BGHD-PILOT09-AV-MB | bull guard | category:Bull Guards | front bumper guard | front end protection | grille guard | Honda Pilot | make:Honda | matte black | model:Pilot | skid plate | year:2009 | year:2010 | year:2011 | year:2012 | year:2013 | year:2014 | year:2015
02-09-dodge-ram-1500-2500-3500-advanced-bull-guard-led-p4s16004,02-09 Dodge Ram 1500/2500/3500 Advanced Bull Guard LED - P4S16004,bull guard - advance series w/led light bar,BGHD,1,40,2002 | 2003 | 2004 | 2005 | 2006 | 2007 | 2008 | 2009 | advance series | BGHD | BGHD-RAM021500-AL-MB | bull guard | category:Bull Guards | chrome bumper | Dodge Ram | front bumper guard | front end protection | grille guard | LED light bar | LED lights | make:Dodge | make:Ram | matte black | model:1500 | model:2500 | model:3500 | model:Ram | P4S16004 | Ram 1500 | Ram 2500 | Ram 3500 | truck accessories | year:2002 | year:2003 | year:2004 | year:2005 | year:2006 | year:2007 | year:2008 | year:2009
02-09-dodge-ram-1500-2500-3500-advanced-bull-guard-w-led-texture-black,02-09 Dodge Ram 1500/2500/3500 Advanced Bull Guard w/ LED - Texture Black,bull guard - advance series w/led light bar,Advanced Series,1,33,2002-2009 | advanced series | BGHD-RAM021500-AL-TB | bull guard | category:Bull Guards | chrome bumper | Dodge Ram | front bumper guard | front end protection | GBU10007-EUB-V0036-CO | grille guard | LED light bar | LED lights | make:Dodge | make:Ram | Mega Cab | model:1500 | model:2500 | model:3500 | model:Ram | Ram 1500 | Ram 2500 | Ram 3500 | texture black | truck accessories | year:2002 | year:2003 | year:2004 | year:2005 | year:2006 | year:2007 | year:2008 | year:2009
2003-2009-dodge-ram-2500-3500-bull-guard-matte-black-mesh-skid,2003-2009 Dodge Ram 2500/3500 Bull Guard Matte Black Mesh Skid,bull guard - advance series w/skid plate,DERA,1,34,2003 | 2003-2009 | 2004 | 2005 | 2006 | 2007 | 2008 | 2009 | BGHD-RAM021500-AM-MB | bull guard | category:Bull Guards | chrome bumper | Dodge Ram 2500 | Dodge Ram 3500 | front bumper guard | front end protection | GBU10007-UB3303 | grille guard | heavy duty | make:Dodge | make:Ram | matte black | mesh skid plate | model:2500 | model:3500 | model:Ram | truck protection | year:2003 | year:2004 | year:2005 | year:2006 | year:2007 | year:2008 | year:2009
2003-2009-dodge-ram-2500-3500-bull-guard-w-skid-plate-matte-black,2003-2009 Dodge Ram 2500/3500 Bull Guard w/ Skid Plate - Matte Black,bull guard - advance series w/skid plate,BGHD,1,35,2003 | 2003-2009 | 2004 | 2005 | 2006 | 2007 | 2008 | 2009 | Advanced Series | BGHD | BGHD-RAM021500-AV-MB | bull guard | category:Bull Guards | chrome bumper | Dodge Ram 2500 | Dodge Ram 3500 | front bumper guard | front end protection | GBU10007-EUB-V0035-BK | grille guard | make:Dodge | make:Ram | matte black | model:2500 | model:3500 | model:Ram | skid plate | truck accessories | year:2003 | year:2004 | year:2005 | year:2006 | year:2007 | year:2008 | year:2009
2003-2009-dodge-ram-2500-3500-bull-guard-matte-black-w-skid-plate,2003-2009 Dodge Ram 2500/3500 Bull Guard Matte Black w/Skid Plate,bull guard - advance series w/skid plate,DERA,1,35,2003 | 2003-2009 | 2004 | 2005 | 2006 | 2007 | 2008 | 2009 | advanced series | BGHD-RAM021500-AV-MBBA | brushed chrome | bull guard | category:Bull Guards | Dodge Ram | front bumper guard | front end protection | GBU10007-EUB-V0035-mbba | grille guard | make:Dodge | make:Ram | matte black | model:2500 | model:3500 | model:Ram | Ram 2500 | Ram 3500 | skid plate | truck accessories | year:2003 | year:2004 | year:2005 | year:2006 | year:2007 | year:2008 | year:2009
02-09-dodge-ram-1500-2500-3500-advanced-series-bull-guard-black,02-09 Dodge Ram 1500/2500/3500 Advanced Series Bull Guard - Black,bull guard - advance series w/skid plate,Westin,1,32,2002-2009 | advance series | BGHD-RAM021500-AV-TB | bull guard | category:Bull Guards | Dodge Ram | front end protection | GBU10007-EUB-V0035-CO | grille guard | heavy duty | make:Dodge | make:Ram | Mega Cab | model:1500 | model:2500 | model:3500 | model:Ram | push bar | Ram 1500 | Ram 2500 | Ram 3500 | skid plate | texture black | truck accessories | year:2002 | year:2003 | year:2004 | year:2005 | year:2006 | year:2007 | year:2008 | year:2009
06-08-dodge-ram-1500-advanced-bull-guard-w-led-light-bar-matte-black,06-08 Dodge Ram 1500 Advanced Bull Guard w/ LED Light Bar - Matte Black,bull guard - advance series w/led light bar,Advanced Series,1,24,2006 Ram | 2007 Ram | 2008 Ram | advanced series | BGHD-RAM061500-AL-MB | bull guard | category:Bull Guards | Dodge Ram 1500 | front bumper guard | front end protection | grille guard | LED light bar | make:Dodge | make:Ram | matte black | model:1500 | model:Ram | off-road | P4S13012 | truck accessories | truck grille guard | year:2006 | year:2007 | year:2008
2006-2008-dodge-ram-1500-advanced-bull-guard-w-led-light-bar,2006-2008 Dodge Ram 1500 Advanced Bull Guard w/ LED Light Bar,bull guard - advance series w/led light bar,BGHD,1,27,2006 | 2006 Ram 1500 | 2007 | 2007 Ram 1500 | 2008 | 2008 Ram 1500 | advanced series | BGHD | BGHD-RAM061500-AL-TB | bull guard | category:Bull Guards | Dodge Ram 1500 | front bumper guard | front end protection | GBU10005-EUB-V0036-CO | grille guard | LED light bar | make:Dodge | make:Ram | model:1500 | model:Ram | off-road | texture black | truck accessories | year:2006 | year:2007 | year:2008
2006-2008-dodge-ram-1500-bull-guard-w-mesh-skid-plate-matte-black,2006-2008 Dodge Ram 1500 Bull Guard w/ Mesh Skid Plate - Matte Black,bull guard - advance series w/skid plate,BGHD,1,26,2006 | 2006 Ram 1500 | 2007 | 2007 Ram 1500 | 2008 | 2008 Ram 1500 | BGHD | BGHD-RAM061500-AM-MB | brush guard | bull guard | category:Bull Guards | Dodge Ram 1500 | front bumper guard | front end protection | GBU10005-UB3303 | grille guard | make:Dodge | make:Ram | matte black | mesh skid plate | model:1500 | model:Ram | truck accessories | year:2006 | year:2007 | year:2008
2006-2008-dodge-ram-1500-studded-mesh-bull-guard-texture-black,2006-2008 Dodge Ram 1500 Studded Mesh Bull Guard - Texture Black,bull guard - advance series w/skid plate,BGHD,1,27,2006 | 2006 Ram 1500 | 2007 | 2007 Ram 1500 | 2008 | 2008 Ram 1500 | BGHD | BGHD-RAM061500-AM-TB | bull guard | category:Bull Guards | Dodge Ram 1500 | front bumper guard | front end protection | GBU10005-UB3303-CO | grille guard | make:Dodge | make:Ram | model:1500 | model:Ram | push bar | skid plate | studded mesh | texture black | truck accessories | year:2006 | year:2007 | year:2008
2006-2008-dodge-ram-1500-advanced-bull-guard-w-skid-plate-matte-black,2006-2008 Dodge Ram 1500 Advanced Bull Guard w/ Skid Plate - Matte Black,bull guard - advance series w/skid plate,Armour,1,25,2006 | 2006 Ram 1500 | 2007 | 2007 Ram 1500 | 2008 | 2008 Ram 1500 | advanced series | BGHD-RAM061500-AV-MB | bull guard | category:Bull Guards | Dodge Ram 1500 | front bumper guard | front end protection | GBU10005-EUB-V0035-BK | grille guard | make:Dodge | make:Ram | matte black | model:1500 | model:Ram | skid plate | truck accessories | year:2006 | year:2007 | year:2008
2006-2008-dodge-ram-1500-bull-guard-w-chrome-skid-plate-matte-black,2006-2008 Dodge Ram 1500 Bull Guard w/ Chrome Skid Plate - Matte Black,bull guard - advance series w/skid plate,Black Horse Off Road,1,25,2006 | 2006 Ram 1500 | 2007 | 2007 Ram 1500 | 2008 | 2008 Ram 1500 | advanced series | BGHD-RAM061500-AV-MBBA | bull guard | category:Bull Guards | chrome skid plate | Dodge Ram 1500 | front bumper guard | front end protection | GBU10005-EUB-V0035-mbba | grille guard | make:Dodge | make:Ram | matte black | model:1500 | model:Ram | truck accessories | year:2006 | year:2007 | year:2008
2006-2008-dodge-ram-1500-advanced-series-bull-guard-texture-black,2006-2008 Dodge Ram 1500 Advanced Series Bull Guard - Texture Black,bull guard - advance series w/skid plate,BGHD,1,24,2006 | 2006 Ram | 2007 | 2007 Ram | 2008 | 2008 Ram | advance series | BGHD-RAM061500-AV-TB | bull guard | category:Bull Guards | Dodge Ram 1500 | dodge ram accessories | front grille guard | GBU10005-EUB-V0035-CO | make:Dodge | make:Ram | model:1500 | model:Ram | skid plate | texture black | truck protection | year:2006 | year:2007 | year:2008
09-22-ram-1500-advanced-series-bull-guard-w-led-light-bar-matte-black,2009-2022 Dodge Ram 1500 Bull Guard w/LED Light Bar Matte Black,bull guard - advance series w/led light bar,Advanced Series,1,43,2009 | 2009 Ram 1500 | 2010 | 2010 Ram 1500 | 2011 | 2011 Ram 1500 | 2012 | 2012 Ram 1500 | 2013 | 2013 Ram 1500 | 2014 | 2014 Ram 1500 | 2015 | 2015 Ram 1500 | 2016 | 2016 Ram 1500 | 2017 | 2017 Ram 1500 | 2018 | 2018 Ram 1500 | 2019 | 2019 Ram 1500 Classic | 2020 | 2020 Ram 1500 Classic | 2021 | 2021 Ram 1500 Classic | 2022 | 2022 Ram 1500 Classic | advanced series | BGHD-RAM091500-AL-MB | bull bar | bull guard | Dodge Ram | front bumper guard | GBU10018-NUB7081 | grille guard | LED light bar | matte black | off-road lighting | push bar | Ram 1500 | Ram 1500 Classic | truck accessories
09-22-ram-1500-advanced-series-bull-guard-w-led-light-bar,2009-2022 Dodge Ram 1500 Bull Guard LED Light Bar - Advanced,bull guard - advance series w/led light bar,Advanced Series,1,30,2009 | 2009 2010 2011 2012 2013 2014 2015 2016 2017 2018 2019 2020 2021 2022 | 2010 | 2011 | 2012 | 2013 | 2014 | 2015 | 2016 | 2017 | 2018 | 2019 | 2020 | 2021 | 2022 | advanced series | BGHD-RAM091500-AL-TB | bull guard | Dodge Ram 1500 | excludes ram rebel | front bumper guard | front protection | grille guard | LED light bar | off-road | old body style | push bar | Ram 1500 Classic | texture black | truck accessories
09-22-dodge-ram-1500-bull-guard-w-mesh-skid-plate-matte-black,2009-2022 Dodge Ram 1500 Bull Guard Mesh Skid Plate Matte Black,bull guard - advance series w/skid plate,Bull Guard,1,44,2009 | 2009 ram 1500 | 2010 | 2010 ram 1500 | 2011 | 2011 ram 1500 | 2012 | 2012 ram 1500 | 2013 | 2013 ram 1500 | 2014 | 2014 ram 1500 | 2015 | 2015 ram 1500 | 2016 | 2016 ram 1500 | 2017 | 2017 ram 1500 | 2018 | 2018 ram 1500 | 2019 | 2019 ram 1500 classic | 2020 | 2020 ram 1500 classic | 2021 | 2021 ram 1500 classic | 2022 | 2022 ram 1500 classic | BGHD-RAM091500-AM-MB | bull bar | bull guard | dodge ram | dodge ram 1500 | excludes rebel | front end protection | GBU10018-UB3303 | grille guard | matte black | mesh skid plate | push bar | ram 1500 | ram 1500 classic | skid plate | truck accessories
09-22-ram-1500-advanced-series-bull-guard-w-skid-plate-matte-black,2009-2022 Dodge Ram 1500 Bull Guard w/ Skid Plate Matte Black - Advanced Series,bull guard - advance series w/skid plate,Advanced Series,1,41,2009 | 2009 ram 1500 | 2010 | 2010 ram 1500 | 2011 | 2011 ram 1500 | 2012 | 2012 ram 1500 | 2013 | 2013 ram 1500 | 2014 | 2014 ram 1500 | 2015 | 2015 ram 1500 | 2016 | 2016 ram 1500 | 2017 | 2017 ram 1500 | 2018 | 2018 ram 1500 | 2019 | 2019 ram 1500 classic | 2020 | 2020 ram 1500 classic | 2021 | 2021 ram 1500 classic | 2022 | 2022 ram 1500 classic | advanced series | BGHD-RAM091500-AV-MB | bull guard | dodge ram 1500 | excludes ram rebel | front bumper guard | GBU10018-EUB-V0035-BK | grille guard | matte black | old body style | push bar | ram 1500 classic | skid plate
09-22-dodge-ram-1500-advanced-bull-guard-w-skid-plate-matte-black,2009-2022 Dodge Ram 1500 Bull Guard Brushed Chrome Skid Plate Matte Black,bull guard - advance series w/skid plate,Advanced Series,1,30,2009 | 2009-2022 | 2010 | 2011 | 2012 | 2013 | 2014 | 2015 | 2016 | 2017 | 2018 | 2019 | 2020 | 2021 | 2022 | advanced series | BGHD-RAM091500-AV-MBBA | brushed chrome | bull guard | dodge ram 1500 | excludes ram rebel | front bumper guard | front end protection | grille guard | matte black | push bar | ram 1500 classic | ram 1500 old body | skid plate | truck accessories
10-18-ram-2500-3500-advanced-bull-guard-w-led-light-bar-matte-black,2010-2018 Dodge Ram 2500/3500 Bull Guard LED Light Bar - Matte Black,bull guard - advance series w/led light bar,Advanced Series,1,24,2010 | 2011 | 2012 | 2013 | 2014 | 2015 | 2016 | 2017 | 2018 | 2500 | 3500 | BGHD-RAM102500-AL-MB | bull guard | Dodge Ram | front end protection | grille guard | LED | LED light bar | matte black | off-road | P4S13007 | push bar | Ram 2500 | Ram 3500
2010-2018-dodge-ram-2500-3500-bull-guard-w-mesh-skid-plate-matte-black,2010-2018 Dodge Ram 2500/3500 Bull Guard Mesh Skid Plate - Matte Black,bull guard - advance series w/skid plate,Bull Guard,1,25,2010 | 2010-2018 | 2011 | 2012 | 2013 | 2014 | 2015 | 2016 | 2017 | 2018 | BGHD-RAM102500-AM-MB | bull bar | bull guard | Dodge Ram 2500 | Dodge Ram 3500 | front end protection | GBU10062-UB3303 | grille guard | matte black | mesh skid plate | off-road | Ram 2500 | Ram 3500 | skid plate | truck accessories
2010-2018-dodge-ram-2500-3500-advanced-bull-guard-w-skid-plate,2010-2018 Dodge Ram 2500/3500 Bull Guard w/ Skid Plate - Matte Black,bull guard - advance series w/skid plate,Bull Guard,1,24,2010 | 2010-2018 | 2011 | 2012 | 2013 | 2014 | 2015 | 2016 | 2017 | 2018 | advanced series | BGHD-RAM102500-AV-MB | bull bar | bull guard | dodge ram 2500 | dodge ram 3500 | front bumper guard | grille guard | heavy duty | matte black | off-road | push bar | skid plate | truck protection
2010-2018-dodge-ram-2500-3500-advanced-series-bull-guard-matte-black,2010-2018 Dodge Ram 2500/3500 Bull Guard w/Skid Plate - Matte Black,bull guard - advance series w/skid plate,Advanced Series,1,26,2010 | 2010-2018 | 2011 | 2012 | 2013 | 2014 | 2015 | 2016 | 2017 | 2018 | 2500 | 3500 | Advanced Series | BGHD-RAM102500-AV-MBBA | brushed chrome | bull bar | bull guard | Dodge Ram | front bumper guard | grille guard | matte black | push bar | Ram 2500 | Ram 3500 | skid plate | truck protection
2010-2018-ram-dodge-2500-3500-advanced-series-bull-guard-texture-black,2010-2018 Dodge Ram 2500/3500 Bull Guard Advanced Series - Texture Black,bull guard - advance series w/skid plate,Bull Guard,1,22,2010 | 2011 | 2012 | 2013 | 2014 | 2015 | 2016 | 2017 | 2018 | advanced series | BGHD-RAM102500-AV-TB | bull bar | bull guard | Dodge Ram 2500 | Dodge Ram 3500 | front bumper guard | front end protection | GBU10062-EUB-V0035-CO | grille guard | heavy duty | skid plate | texture black
2019-2023-dodge-ram-1500-studded-mesh-bull-guard-matte-black,2019-2023 Dodge Ram 1500 Studded Mesh Bull Guard Matte Black,bull guard - advance series w/skid plate,Bull Guard,1,22,2019 | 2019 ram 1500 | 2020 | 2020 ram 1500 | 2021 | 2021 ram 1500 | 2022 | 2022 ram 1500 | 2023 | 2023 ram 1500 | BGHD-RAM191500-AM-MB | bull bar | bull guard | dodge ram 1500 | front bumper guard | front end protection | GBU10079-UB3303 | grille guard | matte black | ram 1500 | studded mesh | truck accessories
1994-2002-dodge-ram-advanced-series-bull-guard-w-skid-plate-matte-black,1994-2002 Dodge Ram Advanced Series Bull Guard w/ Skid Plate - Matte Black,bull guard - advance series w/skid plate,BGHD,1,39,1994 | 1994-2002 | 1995 | 1996 | 1997 | 1998 | 1999 | 2000 | 2001 | 2002 | advanced series | BGHD | bghd-ram941500-abk | BGHD-RAM941500-AV-MB | brush guard | bull guard | category:Bull Guards | Dodge Ram | front bumper guard | front end protection | grille guard | make:Dodge | make:Ram | matte black | model:Ram | Ram 1500 | Ram 2500 | Ram 3500 | skid plate | truck accessories | year:1994 | year:1995 | year:1996 | year:1997 | year:1998 | year:1999 | year:2000 | year:2001 | year:2002
1994-2002-dodge-ram-1500-2500-3500-bull-guard-w-led-light-bar,1994-2002 Dodge Ram 1500/2500/3500 Bull Guard w/ LED Light Bar,bull guard - advance series w/led light bar,Advanced Series,1,41,1994 | 1994-2002 | 1995 | 1996 | 1997 | 1998 | 1999 | 2000 | 2001 | 2002 | advance series | BGHD-RAM941500-AL-MB | brush guard | bull guard | category:Bull Guards | Dodge Ram 1500 | Dodge Ram 2500 | Dodge Ram 3500 | Dodge Ram accessories | front bumper guard | front end protection | GBU10024-NUB7081 | grille guard | LED light bar | make:Dodge | make:Ram | matte black | model:1500 | model:2500 | model:3500 | model:Ram | truck accessories | year:1994 | year:1995 | year:1996 | year:1997 | year:1998 | year:1999 | year:2000 | year:2001 | year:2002
2019-ford-ranger-studded-mesh-bull-guard-matte-black,2019-2023 Ford Ranger Studded Mesh Bull Guard - Matte Black,bull guard - advance series w/skid plate,Grille Guard,1,22,2019 | 2019 Ford Ranger | 2020 | 2020 Ford Ranger | 2021 | 2021 Ford Ranger | 2022 | 2022 Ford Ranger | 2023 | 2023 Ford Ranger | BGHD-RANG19-AM-MB | bull guard | Ford Ranger | front bumper guard | front end protection | GBU10078-UB3303 | grille guard | matte black | off-road | push bar | studded mesh | truck accessories
2019-2023-ford-ranger-studded-mesh-bull-guard-matte-black-w-led-bar,2019-2023 Ford Ranger Studded Mesh Bull Guard Matte Black w/ LED Bar,bull guard - advance series w/led light bar,TLAPS,1,34,120W | 2019 | 2019 Ford Ranger | 2020 | 2020 Ford Ranger | 2021 | 2021 Ford Ranger | 2022 | 2022 Ford Ranger | 2023 | 2023 Ford Ranger | BGHD-RANG19-AM-MB | BGHD-RANG19-AM-MB+FLBW-40CREE-LB-WH | brush guard | bull guard | category:Bull Guards | CREE LED | FLBW-40CREE-LB-WH | fog light | Ford Ranger | front bumper guard | grille guard | LED light bar | make:Ford | matte black | model:Ranger | off-road | studded mesh | truck accessories | year:2019 | year:2020 | year:2021 | year:2022 | year:2023
2011-2020-toyota-sienna-advanced-bull-guard-w-led-light-bar,2011-2020 Toyota Sienna Advanced Bull Guard w/ LED Light Bar,bull guard - advance series w/led light bar,BGHD,1,39,2011 | 2011-2020 | 2012 | 2013 | 2014 | 2015 | 2016 | 2017 | 2018 | 2019 | 2020 | advanced series | BGHD | BGHD-SIEN11-AL-MB | bull guard | category:Bull Guards | front bumper guard | front protection | GBU10022-NUB7081 | grille guard | LED light bar | LED lights | make:Toyota | matte black | minivan accessories | model:Sienna | Sienna | Toyota | Toyota Sienna | year:2011 | year:2012 | year:2013 | year:2014 | year:2015 | year:2016 | year:2017 | year:2018 | year:2019 | year:2020
2011-2020-toyota-sienna-advanced-bull-guard-w-skid-plate-matte-black,2011-2020 Toyota Sienna Advanced Bull Guard w/Skid Plate - Matte Black,bull guard - advance series w/skid plate,Broadfeet Motorsport Equipment,1,44,2011 | 2011 Sienna | 2012 | 2012 Sienna | 2013 | 2013 Sienna | 2014 | 2014 Sienna | 2015 | 2015 Sienna | 2016 | 2016 Sienna | 2017 | 2017 Sienna | 2018 | 2018 Sienna | 2019 | 2019 Sienna | 2020 | 2020 Sienna | advanced series | BGHD-SIEN11-AV-MB | bull guard | bumper protector | category:Bull Guards | front bumper guard | front end protection | grille guard | make:Toyota | matte black | model:Sienna | skid plate | Toyota accessories | Toyota Sienna | year:2011 | year:2012 | year:2013 | year:2014 | year:2015 | year:2016 | year:2017 | year:2018 | year:2019 | year:2020
07-10-silverado-sierra-2500hd-3500hd-bull-guard-mesh-skid-plate,07-10 Silverado/Sierra 2500HD 3500HD Bull Guard Mesh Skid Plate,bull guard - advance series w/skid plate,BGHD,1,30,2007 | 2008 | 2009 | 2010 | BGHD-SIL072500-AM-MB | brush guard | bull guard | category:Bull Guards | Chevrolet Silverado 2500 | Chevrolet Silverado 2500 HD | Chevrolet Silverado 3500 | Chevrolet Silverado 3500 HD | front bumper guard | front end protection | GBU10020-UB3303 | GMC Sierra 2500 HD | GMC Sierra 3500 HD | grille guard | heavy duty | make:Chevrolet | make:GMC | matte black | mesh skid plate | model:Sierra 2500 | model:Silverado 2500 | truck accessories | year:2007 | year:2008 | year:2009 | year:2010
07-10-chevy-gmc-silverado-sierra-2500-3500-bull-guard-led-dera,2007-2010 Chevrolet/GMC 2500HD/3500HD Bull Guard LED Light Bar - Matte Black,bull guard - advance series w/led light bar,Advanced Series,1,30,2007 | 2007 Chevrolet Silverado 2500HD | 2007 Chevrolet Silverado 3500HD | 2007 GMC Sierra 2500HD | 2007 GMC Sierra 3500HD | 2008 | 2008 Chevrolet Silverado 2500HD | 2008 Chevrolet Silverado 3500HD | 2008 GMC Sierra 2500HD | 2008 GMC Sierra 3500HD | 2009 | 2009 Chevrolet Silverado 2500HD | 2009 Chevrolet Silverado 3500HD | 2009 GMC Sierra 2500HD | 2009 GMC Sierra 3500HD | 2010 | 2010 Chevrolet Silverado 2500HD | 2010 Chevrolet Silverado 3500HD | 2010 GMC Sierra 2500HD | 2010 GMC Sierra 3500HD | BGHD-SIL072500-AL-MB | brush guard | bull guard | front bumper guard | front protection | GBU10020-NUB7081 | grille guard | heavy duty truck | LED light bar | matte black
07-10-silverado-sierra-2500hd-3500hd-advanced-bull-guard-matte-black,07-10 Silverado/Sierra 2500HD 3500HD Advanced Bull Guard - Matte Black,bull guard - advance series w/skid plate,BGHD,1,30,2007 | 2008 | 2009 | 2010 | 2500HD | 3500HD | advanced series | bghd-sil072500-abk | BGHD-SIL072500-AV-MB | bull guard | category:Bull Guards | Chevrolet | front bumper guard | front end protection | GMC | grille guard | heavy duty | make:Chevrolet | make:GMC | matte black | model:Sierra 2500 | model:Silverado 2500 | Sierra | Silverado | skid plate | truck protection | year:2007 | year:2008 | year:2009 | year:2010
07-10-silverado-sierra-2500hd-3500hd-advanced-bull-guard-matte-black-1,2007-2010 Chevrolet GMC HD Advanced Bull Guard Skid Plate - Matte Black,bull guard - advance series w/skid plate,Bull Guard,1,28,2007 | 2007 silverado | 2008 | 2008 silverado | 2009 | 2009 silverado | 2010 | 2010 silverado | advanced series | BGHD-SIL072500-AV-MBBA | brushed chrome | bull bar | bull guard | chevrolet | front bumper guard | front end protection | gmc | gmc sierra 2500hd | gmc sierra 3500hd | grille guard | heavy duty truck | matte black | silverado 2500 | silverado 2500hd | silverado 3500 | silverado 3500hd | skid plate | truck accessories
11-19-silverado-sierra-2500-3500-advanced-bull-guard-led-matte-black,11-19 Silverado/Sierra 2500/3500 Advanced Bull Guard LED - Matte Black,bull guard - advance series w/led light bar,BGHD,1,35,2011-2019 | advanced series | BGHD-SIL112500-AL-MB | bull guard | category:Bull Guards | Chevrolet | front bumper guard | front end protection | GMC | grille guard | heavy duty | LED light bar | LED lights | make:Chevrolet | make:GMC | matte black | model:Sierra 2500 | model:Silverado 2500 | P4SB049401A | Sierra 2500 HD | Sierra 3500 HD | Silverado 2500 | Silverado 2500 HD | Silverado 3500 | Silverado 3500 HD | truck accessories | year:2011 | year:2012 | year:2013 | year:2014 | year:2015 | year:2016 | year:2017 | year:2018 | year:2019
2011-2019-silverado-sierra-2500-3500-bull-guard-w-skid-plate-matte-black,2011-2019 Silverado/Sierra 2500/3500 Bull Guard w/ Skid Plate - Matte Black,bull guard - advance series w/skid plate,BGHD,1,42,2011 | 2012 | 2013 | 2014 | 2015 | 2016 | 2017 | 2018 | 2019 | advanced series | bghd-sil112500-abk | BGHD-SIL112500-AV-MB | bull guard | category:Bull Guards | Chevrolet | front bumper guard | front end protection | GMC | grille guard | heavy duty | make:Chevrolet | make:GMC | matte black | model:Sierra 2500 | model:Silverado 2500 | Sierra 2500 HD | Sierra 3500 HD | Silverado 2500 | Silverado 2500 HD | Silverado 3500 | Silverado 3500 HD | skid plate | truck accessories | year:2011 | year:2012 | year:2013 | year:2014 | year:2015 | year:2016 | year:2017 | year:2018 | year:2019
2019-2022-chevy-silverado-gmc-sierra-1500-bull-guard-led-light-bar,2019-2022 Chevy Silverado 1500 Bull Guard LED Light Bar - Matte Black,bull guard - advance series w/led light bar,Advanced Series,0,18,2019 | 2020 | 2021 | 2022 | advanced series | BGHD-SIL191500-AL-MB | bull bar | bull guard | Chevrolet Silverado 1500 | front end protection | GMC Sierra 1500 | grille guard | LED light bar | matte black | old body style | Sierra 1500 Limited | Silverado 1500 LTD | truck accessories
2019-2022-chevy-silverado-gmc-sierra-1500-bull-guard-led-matte-black,2019-2022 Chevrolet Silverado 1500 Bull Guard LED Light Bar - Matte Black,bull guard - advance series w/led light bar,Advanced Series,1,20,2019 | 2019 2020 2021 2022 | 2020 | 2021 | 2022 | advanced series | BGHD-SIL191500-AL-MBBA | brushed aluminum skid plate | bull bar | bull guard | Chevrolet Silverado 1500 | front bumper guard | front end protection | GMC Sierra 1500 | grille guard | LED light bar | matte black | off-road lights | push bar | truck accessories
2019-2023-chevy-silverado-gmc-sierra-1500-bull-guard-matte-black,2019-2022 Chevrolet Silverado/GMC Sierra 1500 Bull Guard - Matte Black,bull guard - advance series w/skid plate,Bull Guard,0,24,2019 | 2019 Sierra | 2019 Silverado | 2020 | 2020 Sierra | 2020 Silverado | 2021 | 2021 Sierra | 2021 Silverado | 2022 | 2022 Sierra Limited | 2022 Silverado LTD | BGHD-SIL191500-AM-MB | bull guard | Chevrolet Silverado 1500 | front bumper guard | GBU10077-UB3303 | GMC Sierra 1500 | grille guard | matte black | push bar | skid plate | studded mesh | truck front protection
2019-2022-chevy-silverado-gmc-sierra-1500-bull-guard-matte-black,2019-2022 Chevrolet Silverado 1500 Bull Guard Skid Plate - Matte Black,bull guard - advance series w/skid plate,Advanced Series,0,15,2019 | 2020 | 2021 | 2022 | advanced series | BGHD-SIL191500-AV-MB | bull guard | Chevrolet Silverado 1500 | front bumper guard | front end protection | GMC Sierra 1500 | matte black | push bar | skid plate | truck accessories
99-07-silverado-sierra-1500-bull-guard-mesh-skid-plate-matte-black,99-07 Silverado Sierra 1500 Bull Guard Mesh Skid Plate Matte Black,bull guard - advance series w/skid plate,BGHD,1,35,1999-2007 | BGHD | BGHD-SIL991500-AM-MB | brush guard | bull guard | category:Bull Guards | Chevrolet | front bumper guard | front end protection | GBU10004-UB3303 | GMC | grille guard | make:Chevrolet | make:GMC | matte black | mesh skid plate | model:Sierra 1500 | model:Silverado 1500 | push bar | Sierra 1500 | Silverado 1500 | Suburban 1500 | Tahoe | truck accessories | year:1999 | year:2000 | year:2001 | year:2002 | year:2003 | year:2004 | year:2005 | year:2006 | year:2007 | Yukon | Yukon XL 1500
99-07-silverado-sierra-1500-advanced-bull-guard-w-skid-plate-matte-black,1999-2007 Chevy Silverado/GMC Sierra 1500 Bull Guard Skid Plate - Matte Black,bull guard - advance series w/skid plate,Bull Guard,1,27,1999 | 2000 | 2001 | 2002 | 2003 | 2004 | 2005 | 2006 | 2007 | advanced series | BGHD-SIL991500-AV-MB | bull guard | Chevrolet Silverado 1500 | Chevrolet Suburban 1500 | Chevrolet Tahoe | front bumper guard | front end protection | GMC Sierra 1500 | GMC Yukon | GMC Yukon XL 1500 | GMT800 | grille guard | matte black | off-road | push bar | skid plate | truck accessories
1999-2007-chevy-gmc-1500-advanced-series-bull-guard-texture-black,1999-2007 Chevy/GMC 1500 Advanced Series Bull Guard - Texture Black,bull guard - advance series w/skid plate,Bull Guard,1,37,1500 | 1999 | 1999 Chevrolet Silverado 1500 | 2000 | 2000 Chevrolet Silverado 1500 | 2001 | 2001 Chevrolet Silverado 1500 | 2002 | 2002 Chevrolet Silverado 1500 | 2003 | 2003 Chevrolet Silverado 1500 | 2004 | 2004 Chevrolet Silverado 1500 | 2005 | 2005 Chevrolet Silverado 1500 | 2006 | 2006 Chevrolet Silverado 1500 | 2007 | 2007 Chevrolet Silverado 1500 Classic | advanced series | BGHD-SIL991500-AV-TB | bull guard | Chevrolet Suburban 1500 | Chevrolet Tahoe | front bumper guard | front end protection | GMC Sierra 1500 | GMC Sierra 1500 Classic | GMC Yukon | GMC Yukon XL 1500 | grille guard | half ton | push bar | skid plate | SUV accessories | texture black | truck accessories
2005-2015-toyota-tacoma-advanced-series-bull-guard-w-led-bar,2005-2015 Toyota Tacoma Advanced Series Bull Guard w/LED Bar,bull guard - advance series w/led light bar,BGHD,0,39,2005 | 2005-2015 | 2006 | 2007 | 2008 | 2009 | 2010 | 2011 | 2012 | 2013 | 2014 | 2015 | advance series | BGHD | BGHD-TACO05-AL-MB | bull guard | category:Bull Guards | front bumper guard | front end protection | GBU10002-NUB7081 | grille guard | LED light bar | make:Toyota | matte black | model:Tacoma | off-road | Toyota Tacoma | truck accessories | year:2005 | year:2006 | year:2007 | year:2008 | year:2009 | year:2010 | year:2011 | year:2012 | year:2013 | year:2014 | year:2015
2005-2015-toyota-tacoma-bull-guard-w-mesh-skid-plate-matte-black,2005-2015 Toyota Tacoma Bull Guard w/ Mesh Skid Plate - Matte Black,bull guard - advance series w/skid plate,BGHD,1,38,2005 | 2005-2015 | 2006 | 2007 | 2008 | 2009 | 2010 | 2011 | 2012 | 2013 | 2014 | 2015 | BGHD-TACO05-AM-MB | brush guard | bull guard | category:Bull Guards | front protection | grille guard | make:Toyota | matte black | mesh skid plate | model:Tacoma | off-road | skid plate | Tacoma accessories | Toyota Tacoma | truck accessories | year:2005 | year:2006 | year:2007 | year:2008 | year:2009 | year:2010 | year:2011 | year:2012 | year:2013 | year:2014 | year:2015
2005-2015-toyota-tacoma-bull-guard-w-led-light-bar-matte-black,2005-2015 Toyota Tacoma Bull Guard w/ LED Light Bar - Matte Black,bull guard - advance series w/led light bar,Generic,1,42,120W | 2005 | 2005-2015 | 2006 | 2007 | 2008 | 2009 | 2010 | 2011 | 2012 | 2013 | 2014 | 2015 | BGHD-TACO05-AM-MB+FLBW-40CREE-LB-WH | brush guard | bull guard | category:Bull Guards | CREE LED | fog light | front bumper guard | grille guard | LED light bar | light bar combo | make:Toyota | matte black | mesh skid plate | model:Tacoma | off-road | Tacoma accessories | Toyota Tacoma | truck accessories | year:2005 | year:2006 | year:2007 | year:2008 | year:2009 | year:2010 | year:2011 | year:2012 | year:2013 | year:2014 | year:2015
2005-2015-toyota-tacoma-advanced-series-bull-guard-w-skid-plate,2005-2015 Toyota Tacoma Advanced Series Bull Guard w/ Skid Plate,bull guard - advance series w/skid plate,Broadfeet Motorsport Equipment,0,38,2005 | 2005-2015 | 2006 | 2007 | 2008 | 2009 | 2010 | 2011 | 2012 | 2013 | 2014 | 2015 | advanced series | BGHD-TACO05-AV-MB | bull guard | category:Bull Guards | front bumper guard | front end protection | GBU10002-EUB-V0035-BK | grille guard | make:Toyota | matte black | model:Tacoma | off-road | skid plate | Toyota Tacoma | truck accessories | year:2005 | year:2006 | year:2007 | year:2008 | year:2009 | year:2010 | year:2011 | year:2012 | year:2013 | year:2014 | year:2015
2016-2022-toyota-tacoma-classic-bull-guard-studded-mesh-matte-black,2016-2022 Toyota Tacoma Classic Bull Guard Studded Mesh - Matte Black,bull guard - advance series w/skid plate,Steelcraft,1,36,10073-UB3303 | 2016 | 2016 Tacoma | 2017 | 2017 Tacoma | 2018 | 2018 Tacoma | 2019 | 2019 Tacoma | 2020 | 2020 Tacoma | 2021 | 2021 Tacoma | 2022 | 2022 Tacoma | BGHD-TACO16-AM-MB | bull guard | category:Bull Guards | classic series | front bumper guard | front end protection | grille guard | make:Toyota | matte black | model:Tacoma | skid plate | studded mesh | Toyota Tacoma | truck accessories | year:2016 | year:2017 | year:2018 | year:2019 | year:2020 | year:2021 | year:2022
2016-2022-toyota-tacoma-bull-guard-w-mesh-skid-plate-led-bar,2016-2022 Toyota Tacoma Bull Guard w/Mesh Skid Plate & LED Bar,bull guard - advance series w/skid plate,Generic,1,41,120W | 2016 | 2016 Tacoma | 2017 | 2017 Tacoma | 2018 | 2018 Tacoma | 2019 | 2019 Tacoma | 2020 | 2020 Tacoma | 2021 | 2021 Tacoma | 2022 | 2022 Tacoma | BGHD-TACO16-AM-MB+FLBW-40CREE-LB-WH | brush guard | bull guard | category:Bull Guards | combo package | CREE LED | fog light | front bumper guard | front end protection | grille guard | LED light bar | make:Toyota | matte black | model:Tacoma | off-road | skid plate | studded mesh | Toyota Tacoma | truck accessories | year:2016 | year:2017 | year:2018 | year:2019 | year:2020 | year:2021 | year:2022
2016-2022-toyota-tacoma-advanced-series-bull-guard-w-skid-plate-matte-black,2016-2022 Toyota Tacoma Advanced Series Bull Guard w/ Skid Plate - Matte Black,bull guard - advance series w/skid plate,BGHD,1,31,10073-EUB-V0035-BK | 2016 | 2016-2022 Tacoma | 2017 | 2018 | 2019 | 2020 | 2021 | 2022 | advanced series | BGHD | BGHD-TACO16-AV-MB | bull guard | category:Bull Guards | front bumper guard | front end protection | grille guard | make:Toyota | matte black | model:Tacoma | off-road protection | skid plate | Toyota Tacoma | truck accessories | year:2016 | year:2017 | year:2018 | year:2019 | year:2020 | year:2021 | year:2022
04-15-nissan-titan-armada-advanced-bull-guard-led-light-bar-matte-black,04-15 Nissan Titan Armada Advanced Bull Guard LED Light Bar - Matte Black,bull guard - advance series w/led light bar,BGHD,1,31,2004-2015 | advance series | BGHD | BGHD-TIT04-AL-MB | bull guard | category:Bull Guards | front bumper guard | front protection | grille guard | LED light bar | make:Nissan | matte black | model:Armada | model:Titan | Nissan Armada | Nissan Titan | off-road | P4SB096401A1A | truck accessories | year:2004 | year:2005 | year:2006 | year:2007 | year:2008 | year:2009 | year:2010 | year:2011 | year:2012 | year:2013 | year:2014 | year:2015
2004-2015-nissan-titan-armada-bull-guard-mesh-skid-plate-matte-black,2004-2015 Nissan Titan Armada Bull Guard Mesh Skid Plate Matte Black,bull guard - advance series w/skid plate,BGHD,1,44,2004 | 2004-2015 | 2005 | 2006 | 2007 | 2008 | 2009 | 2010 | 2011 | 2012 | 2013 | 2014 | 2015 | BGHD | BGHD-TIT04-AM-MB | bull guard | category:Bull Guards | front bumper guard | front end protection | GBU10003-UB3303 | grille guard | make:Nissan | matte black | mesh skid plate | model:Armada | model:Titan | Nissan Armada | Nissan Titan | off-road | skid plate | studded mesh | truck accessories | year:2004 | year:2005 | year:2006 | year:2007 | year:2008 | year:2009 | year:2010 | year:2011 | year:2012 | year:2013 | year:2014 | year:2015
2004-2015-nissan-titan-armada-bull-guard-w-led-light-bar-matte-black,2004-2015 Nissan Titan Armada Bull Guard w/LED Light Bar - Matte Black,bull guard - advance series w/led light bar,Generic,1,45,120W | 2004 | 2004-2015 | 2005 | 2006 | 2007 | 2008 | 2009 | 2010 | 2011 | 2012 | 2013 | 2014 | 2015 | BGHD-TIT04-AM-MB+FLBW-40CREE-LB-WH | brush guard | bull guard | category:Bull Guards | combo package | CREE LED | fog light | front bumper guard | grille guard | LED light bar | make:Nissan | matte black | mesh skid plate | model:Armada | model:Titan | Nissan Armada | Nissan Titan | off-road | truck accessories | year:2004 | year:2005 | year:2006 | year:2007 | year:2008 | year:2009 | year:2010 | year:2011 | year:2012 | year:2013 | year:2014 | year:2015
2004-2015-nissan-titan-armada-bull-guard-w-skid-plate-matte-black,2004-2015 Nissan Titan Armada Bull Guard w/ Skid Plate - Matte Black,bull guard - advance series w/skid plate,BGHD,0,43,2004 | 2004-2015 | 2005 | 2006 | 2007 | 2008 | 2009 | 2010 | 2011 | 2012 | 2013 | 2014 | 2015 | Advanced Series | BGHD | BGHD-TIT04-AV-MB | bull guard | category:Bull Guards | front bumper guard | front end protection | GBU10003-EUB-V0035-BK | grille guard | make:Nissan | matte black | model:Armada | model:Titan | Nissan Armada | Nissan Titan | off-road | skid plate | truck accessories | year:2004 | year:2005 | year:2006 | year:2007 | year:2008 | year:2009 | year:2010 | year:2011 | year:2012 | year:2013 | year:2014 | year:2015
2016-2021-nissan-titan-xd-studded-mesh-bull-guard-matte-black,2016-2024 Nissan Titan XD Studded Mesh Bull Guard - Matte Black,bull guard - advance series w/skid plate,Stehlen Auto,1,21,2016 | 2017 | 2018 | 2019 | 2020 | 2021 | 2022 | 2023 | 2024 | BGHD-TIT16XD-AM-MB | bull guard | front bumper guard | GBU10081-UB3303 | grille guard | matte black | Nissan | off-road | skid plate | studded mesh | Titan XD | truck accessories
2016-2021-nissan-titan-xd-studded-mesh-bull-guard-matte-black-w-led,2016-2024 Nissan Titan XD Studded Mesh Bull Guard Matte Black - LED,bull guard - advance series w/skid plate,Aftermarket,1,34,120w led | 2016 | 2016 nissan titan xd | 2017 | 2017 nissan titan xd | 2018 | 2018 nissan titan xd | 2019 | 2019 nissan titan xd | 2020 | 2020 nissan titan xd | 2021 | 2021 nissan titan xd | 2022 | 2022 nissan titan xd | 2023 | 2023 nissan titan xd | 2024 | 2024 nissan titan xd | 21.5 inch light bar | BGHD-TIT16XD-AM-MB+FLBW-40CREE-LB-WH | bull bar | bull guard | combo kit | cree led | front bumper guard | front end protection | grille guard | led light bar | matte black | nissan titan xd | studded mesh | titan xd | truck accessories
07-21-toyota-tundra-sequoia-advanced-bull-guard-w-led-matte-black,07-21 Toyota Tundra Sequoia Advanced Bull Guard w/ LED - Matte Black,bull guard - advance series w/led light bar,Advance Series,0,34,2007-2021 | advanced series | BGHD-TUN07-AL-MB | bull guard | category:Bull Guards | front bumper guard | front protection | GBU10008-NUB7081 | grille guard | LED light bar | LED lights | make:Toyota | matte black | model:Sequoia | model:Tundra | off-road | Toyota Sequoia | Toyota Tundra | truck accessories | year:2007 | year:2008 | year:2009 | year:2010 | year:2011 | year:2012 | year:2013 | year:2014 | year:2015 | year:2016 | year:2017 | year:2018 | year:2019 | year:2020 | year:2021
07-21-toyota-tundra-sequoia-bull-guard-w-skid-plate-matte-black,07-21 Toyota Tundra Sequoia Bull Guard w/ Skid Plate - Matte Black,bull guard - advance series w/skid plate,Black Horse Off Road,1,34,2007-2021 | advanced series | BGHD-TUN07-AV-MB | Black Horse Off Road | bull guard | category:Bull Guards | front bumper guard | front end protection | GBU10008-EUB-V0035-BK | grille guard | make:Toyota | matte black | model:Sequoia | model:Tundra | off road | skid plate | Toyota Sequoia | Toyota Tundra | truck accessories | year:2007 | year:2008 | year:2009 | year:2010 | year:2011 | year:2012 | year:2013 | year:2014 | year:2015 | year:2016 | year:2017 | year:2018 | year:2019 | year:2020 | year:2021
07-21-toyota-tundra-sequoia-advanced-bull-guard-matte-black,07-21 Toyota Tundra/Sequoia Advanced Bull Guard - Matte Black,bull guard - advance series w/skid plate,Black Horse Off Road,1,35,2007-2021 | advanced series | BGHD-TUN07-AV-MBBA | Black Horse Off Road | brushed chrome | bull guard | category:Bull Guards | front bumper guard | front end protection | GBU10008-EUB-V0035-mbba | grille guard | make:Toyota | matte black | model:Sequoia | model:Tundra | skid plate | SUV accessories | Toyota Sequoia | Toyota Tundra | truck accessories | year:2007 | year:2008 | year:2009 | year:2010 | year:2011 | year:2012 | year:2013 | year:2014 | year:2015 | year:2016 | year:2017 | year:2018 | year:2019 | year:2020 | year:2021
2000-2007-toyota-tundra-sequoia-advanced-bull-guard-matte-black,2000-2007 Toyota Tundra Sequoia Advanced Bull Guard - Matte Black,bull guard - advance series w/skid plate,Armordillo USA,1,37,2000 | 2000-2006 Tundra | 2001 | 2001-2007 Sequoia | 2002 | 2003 | 2004 | 2005 | 2006 | 2007 | advanced series | bghd-tun99-abk | BGHD-TUN99-AV-MB | brush guard | bull guard | category:Bull Guards | front bumper guard | front end protection | grille guard | heavy duty | make:Toyota | matte black | model:Sequoia | model:Tundra | off-road | skid plate | Toyota Sequoia | Toyota Tundra | truck accessories | year:2000 | year:2001 | year:2002 | year:2003 | year:2004 | year:2005 | year:2006 | year:2007
2007-2009-jeep-wrangler-jk-advanced-bull-guard-w-led-light-bar,2007-2009 Jeep Wrangler JK Advanced Bull Guard w/ LED Light Bar,bull guard - advance series w/led light bar,NUB,1,23,10069-NUB7081 | 2007 | 2007-2009 Jeep Wrangler | 2008 | 2009 | advanced series | BGHD-WRAN07-AL-MB | bull guard | bumper guard | category:Bull Guards | front protection | grille guard | Jeep Wrangler | Jeep Wrangler JK | LED light bar | make:Jeep | matte black | model:Wrangler | NUB | off-road | year:2007 | year:2008 | year:2009
2007-2009-jeep-wrangler-jk-bull-guard-w-studded-mesh-skid-plate,2007-2009 Jeep Wrangler JK Bull Guard w/ Studded Mesh Skid Plate,bull guard - advance series w/skid plate,BGHD,1,25,10069-UB3303 | 2007 | 2007 Jeep Wrangler | 2008 | 2008 Jeep Wrangler | 2009 | 2009 Jeep Wrangler | BGHD | BGHD-WRAN07-AM-MB | bull guard | category:Bull Guards | classic series | front bumper guard | front end protection | grille guard | Jeep Wrangler | Jeep Wrangler JK | make:Jeep | matte black | model:Wrangler | off-road | studded mesh skid plate | year:2007 | year:2008 | year:2009
2007-2009-jeep-wrangler-jk-bull-guard-w-led-light-bar-matte-black,2007-2009 Jeep Wrangler JK Bull Guard w/LED Light Bar - Matte Black,bull guard - advance series w/led light bar,Generic,1,26,120W | 2007 | 2008 | 2009 | BGHD-WRAN07-AM-MB+FLBW-40CREE-LB-WH | bull guard | category:Bull Guards | combo | CREE LED | fog light | front bumper guard | grille guard | Jeep accessories | Jeep Wrangler | LED light bar | make:Jeep | matte black | model:Wrangler | off-road | push bar | skid plate | studded mesh | Wrangler JK | year:2007 | year:2008 | year:2009
2007-2009-jeep-wrangler-jk-advanced-series-bull-guard-w-skid-plate,2007-2009 Jeep Wrangler JK Advanced Series Bull Guard w/ Skid Plate,bull guard - advance series w/skid plate,DERA,1,23,10069-EUB-V0035-BK | 2007 | 2007 wrangler | 2008 | 2008 wrangler | 2009 | 2009 wrangler | advanced series | BGHD-WRAN07-AV-MB | bull guard | category:Bull Guards | front bumper guard | front end protection | jeep wrangler | jeep wrangler jk | make:Jeep | matte black | model:Wrangler | off-road | skid plate | year:2007 | year:2008 | year:2009
2007-2009-jeep-wrangler-jk-advanced-series-bull-guard-matte-black,2007-2009 Jeep Wrangler JK Advanced Series Bull Guard - Matte Black,bull guard - advance series w/skid plate,BGHD,1,26,10069-EUB-V0035-mbba | 2007 | 2007 Wrangler | 2008 | 2008 Wrangler | 2009 | 2009 Wrangler | advance series | BGHD | BGHD-WRAN07-AV-MBBA | brushed chrome | bull guard | category:Bull Guards | front bumper guard | front end protection | grille guard | Jeep Wrangler | make:Jeep | matte black | model:Wrangler | off-road | skid plate | Wrangler JK | year:2007 | year:2008 | year:2009
2010-2018-jeep-wrangler-jk-bull-guard-w-led-light-bar-matte-black,2010-2018 Jeep Wrangler JK Bull Guard w/ LED Light Bar - Matte Black,bull guard - advance series w/led light bar,Prestige Automotive,1,37,2010 | 2010-2018 | 2011 | 2012 | 2013 | 2014 | 2015 | 2016 | 2017 | 2018 | advanced series | BGHD-WRAN10-AL-MB | bolt-on | bull guard | category:Bull Guards | front bumper guard | grille guard | Jeep accessories | Jeep Wrangler | JK Wrangler | LED light bar | LED lights | make:Jeep | matte black | model:Wrangler | off-road | P4S12008 | Wrangler JK | year:2010 | year:2011 | year:2012 | year:2013 | year:2014 | year:2015 | year:2016 | year:2017 | year:2018
2010-2018-jeep-wrangler-bull-guard-w-mesh-skid-plate-matte-black,2010-2018 Jeep Wrangler Bull Guard w/ Mesh Skid Plate - Matte Black,bull guard - advance series w/skid plate,Advance Series,1,34,2010 | 2011 | 2012 | 2013 | 2014 | 2015 | 2016 | 2017 | 2018 | advance series | BGHD-WRAN10-AV-MB | bull guard | category:Bull Guards | front end protection | grille guard | Jeep | JK | make:Jeep | matte black | mesh skid plate | model:Wrangler | off-road | skid plate | Wrangler | Wrangler JK | year:2010 | year:2011 | year:2012 | year:2013 | year:2014 | year:2015 | year:2016 | year:2017 | year:2018
2010-2018-jeep-wrangler-jk-advanced-bull-guard-w-led-light-bar,2010-2018 Jeep Wrangler JK Advanced Bull Guard w/ LED Light Bar,bull guard - advance series w/led light bar,Armour,1,37,2010 | 2010-2018 | 2011 | 2012 | 2013 | 2014 | 2015 | 2016 | 2017 | 2018 | advance series | BGHD-WRAN10-AL-MBBA | brushed aluminum | bull guard | category:Bull Guards | front bumper guard | front end protection | GBU10033-NUB7082 | grille guard | Jeep Wrangler | Jeep Wrangler JK | JK | LED light bar | make:Jeep | matte black | model:Wrangler | off-road | skid plate | year:2010 | year:2011 | year:2012 | year:2013 | year:2014 | year:2015 | year:2016 | year:2017 | year:2018
2010-2018-jeep-wrangler-advanced-series-bull-guard-matte-black,2010-2018 Jeep Wrangler Advanced Series Bull Guard - Matte Black,bull guard - advance series w/skid plate,Black Horse Off Road,1,34,2010 | 2011 | 2012 | 2013 | 2014 | 2015 | 2016 | 2017 | 2018 | advance series | BGHD-WRAN10-AV-MBBA | brushed chrome | bull guard | category:Bull Guards | front bumper guard | front protection | grille guard | Jeep | make:Jeep | matte black | model:Wrangler | off-road | skid plate | Wrangler | Wrangler JK | year:2010 | year:2011 | year:2012 | year:2013 | year:2014 | year:2015 | year:2016 | year:2017 | year:2018
2020-2023-tesla-model-y-front-bumper-guard-steel-black,2020-2023 Tesla Model Y Front Bumper Guard Steel - Black,bull guard - advance series w/skid plate,TLAPS,1,26,2020 | 2020 Tesla Model Y | 2021 | 2021 Tesla Model Y | 2022 | 2022 Tesla Model Y | 2023 | 2023 Tesla Model Y | black bumper guard | BLGF-TMY20-BK | bumper guard | category:Bull Guards | front bumper guard | front end protection | grille guard | make:Tesla | Model Y accessories | model:Model Y | steel bumper guard | Tesla | Tesla accessories | Tesla Model Y | year:2020 | year:2021 | year:2022 | year:2023
2020-2024-tesla-model-y-front-rear-bumper-guard-set-black-steel,2020-2024 Tesla Model Y Front & Rear Bumper Guard Set - Black Steel,bull guard - advance series w/skid plate,TLAPS,1,30,2020 | 2020 Tesla Model Y | 2021 | 2021 Tesla Model Y | 2022 | 2022 Tesla Model Y | 2023 | 2023 Tesla Model Y | 2024 | 2024 Tesla Model Y | black bumper guard | BLGF-TMY20-BK | BLGF-TMY20-BK+BLGR-TMY20-BK | BLGR-TMY20-BK | bumper guard | bumper protection | category:Bull Guards | front and rear guard set | front bumper guard | make:Tesla | model:Model Y | rear bumper guard | steel bumper guard | Tesla accessories | Tesla Model Y | year:2020 | year:2021 | year:2022 | year:2023 | year:2024
2020-2023-tesla-model-y-rear-bumper-guard-black,2020-2023 Tesla Model Y Rear Bumper Guard - Black,bull guard - advance series w/skid plate,BLGR,1,26,2020 | 2020 Tesla Model Y | 2021 | 2021 Tesla Model Y | 2022 | 2022 Tesla Model Y | 2023 | 2023 Tesla Model Y | black bumper guard | BLGR | BLGR-TMY20-BK | bumper guard | bumper protector | category:Bull Guards | make:Tesla | Model Y accessories | model:Model Y | MY20689-BK | rear bumper guard | rear bumper protector | Tesla accessories | Tesla Model Y | year:2020 | year:2021 | year:2022 | year:2023
2005-2010-chrysler-300-front-grille-matte-black-replacement,2005-2010 Chrysler 300 Front Grille - Matte Black Replacement,front grille,Generic,1,30,2005 | 2005-2010 chrysler 300 | 2006 | 2007 | 2008 | 2009 | 2010 | category:Front Grilles | chrysler 300 | chrysler 300 grill | chrysler 300 grille | chrysler 300c | FG-300C05-ME-BK | front grill | front grille | GRZ-300C-0405-BK | limited grille | make:Chrysler | matte black grille | model:300 | replacement grille | SRT-8 grille | touring grille | year:2005 | year:2006 | year:2007 | year:2008 | year:2009 | year:2010 | YS33-6601-B
2005-2010-chrysler-300-honeycomb-mesh-front-grille-matte-black,2005-2010 Chrysler 300 Honeycomb Mesh Front Grille - Matte Black,front grille,Generic,0,30,2005 | 2005-2010 chrysler 300 | 2006 | 2007 | 2008 | 2009 | 2010 | bolt-on grille | category:Front Grilles | chrysler 300 | chrysler 300 grille | chrysler 300c | custom grille | exterior accessories | FG-300C05-ME-MB | front grill | front grille | honeycomb mesh grille | make:Chrysler | matte black grille | mesh grille | model:300 | replacement grille | SRT8 grille | year:2005 | year:2006 | year:2007 | year:2008 | year:2009 | year:2010
2011-2014-chrysler-300-front-grille-matte-black-replacement,2011-2014 Chrysler 300 Front Grille - Matte Black Replacement,front grille,FG,1,25,2011 | 2011 chrysler 300 | 2012 | 2012 chrysler 300 | 2013 | 2013 chrysler 300 | 2014 | 2014 chrysler 300 | category:Front Grilles | chrysler 300 | chrysler 300c | exterior accessories | FG-300C11-ME-BK | front grill | front grille | grille insert | GRZ-300C-1112-BK | make:Chrysler | matte black grille | model:300 | replacement grille | year:2011 | year:2012 | year:2013 | year:2014
2011-2014-chrysler-300-front-grille-chrome-mesh-style,2011-2014 Chrysler 300 Front Grille - Chrome Mesh Style,front grille,Generic,1,26,2011 | 2011 Chrysler 300 | 2012 | 2012 Chrysler 300 | 2013 | 2013 Chrysler 300 | 2014 | 2014 Chrysler 300 | category:Front Grilles | chrome grille | Chrysler 300 | Chrysler 300C | exterior accessories | FG-300C11-ME-CH | front grill replacement | front grille | grill | grille | GRZ-300C-1112-CM | make:Chrysler | mesh grille | model:300 | year:2011 | year:2012 | year:2013 | year:2014
2011-2014-chrysler-300-honeycomb-mesh-front-grille-matte-black,2011-2014 Chrysler 300 Honeycomb Mesh Front Grille - Matte Black,front grille,FG,1,24,2011 | 2011 Chrysler 300 | 2012 | 2012 Chrysler 300 | 2013 | 2013 Chrysler 300 | 2014 | 2014 Chrysler 300 | aftermarket grille | category:Front Grilles | Chrysler 300 | Chrysler 300 grille | FG-300C11-ME-MB | front grille | honeycomb mesh grille | make:Chrysler | matte black grille | mesh grille | model:300 | replacement grille | year:2011 | year:2012 | year:2013 | year:2014
2011-2014-chrysler-300-vertical-front-grille-matte-black,2011-2014 Chrysler 300 Vertical Front Grille - Matte Black,front grille,FG,1,23,2011 | 2012 | 2013 | 2014 | black grille | category:Front Grilles | Chrysler 300 | Chrysler 300C | Chrysler accessories | exterior accessories | FG-300C11-VT-BK | front grille | grill | grille | GRZV-300C-1112-BK | make:Chrysler | model:300 | replacement grille | vertical grille | year:2011 | year:2012 | year:2013 | year:2014
2011-2014-chrysler-300-vertical-front-grille-chrome-finish,2011-2014 Chrysler 300 Vertical Front Grille - Chrome Finish,front grille,GRZV,1,26,2011 | 2011 Chrysler 300 | 2012 | 2012 Chrysler 300 | 2013 | 2013 Chrysler 300 | 2014 | 2014 Chrysler 300 | category:Front Grilles | chrome front grille | chrome grille | Chrysler 300 | Chrysler 300C | exterior accessories | FG-300C11-VT-CH | front grille | grille replacement | GRZV-300C-1112-CM | make:Chrysler | model:300 | vertical bar grille | vertical grille | year:2011 | year:2012 | year:2013 | year:2014
2013-2016-audi-a5-s5-rs-style-honeycomb-front-grille-matte-black,2013-2016 Audi A5/S5 RS Style Honeycomb Front Grille - Matte Black,front grille,POW,1,34,2013 | 2013 Audi A5 | 2013 Audi S5 | 2014 | 2014 Audi A5 | 2014 Audi S5 | 2015 | 2015 Audi A5 | 2015 Audi S5 | 2016 | 2016 Audi A5 | 2016 Audi S5 | A5 grille | A5 Quattro grille | ABS grille | aftermarket grille | Audi front grille replacement | Audi grille | B8.5 facelift | category:Front Grilles | FG-A513-RS-MB | front grille | honeycomb mesh grille | make:Audi | matte black grille | model:A5 | POW-A5-1315-RS-BR-MB | RS grille | RS style grille | S5 grille | year:2013 | year:2014 | year:2015 | year:2016
2013-2016-audi-a4-s4-rs-style-honeycomb-mesh-grille-black,2013-2016 Audi A4 S4 RS Style Honeycomb Mesh Grille - Black,front grille,POW,1,32,2013 | 2013 Audi A4 | 2014 | 2014 Audi A4 | 2015 | 2015 Audi A4 | 2016 | 2016 Audi A4 | A4 Quattro grille | Audi A4 grille | Audi grille | Audi S4 grille | B8.5 grille | black grille | bumper grille | category:Front Grilles | facelift grille | FG-A413-RS-BK | front grille | grill | grille | honeycomb mesh grille | hood grille | make:Audi | model:A4 | POW-A4-1315-RS-BK-BK | RS honeycomb | RS style grille | year:2013 | year:2014 | year:2015 | year:2016
2008-2011-audi-a6-s6-rs-style-honeycomb-mesh-front-grille-black,2008-2011 Audi A6 S6 RS Style Honeycomb Mesh Front Grille - Black,front grille,Generic,1,25,2008 | 2009 | 2010 | 2011 | A6 | A6 Quattro | Audi | Audi front grille | black grille | category:Front Grilles | combo front grill | EM-AUDI-S3 | FG-A608-RS-BK | FG-A608-RS-BK+EM-AUDI-S3 | front grille | honeycomb mesh | make:Audi | model:A6 | replacement grille | RS style | S6 | year:2008 | year:2009 | year:2010 | year:2011
2008-2011-audi-a6-s6-rs-style-honeycomb-mesh-front-grille-matte-black,2008-2011 Audi A6 S6 RS Style Honeycomb Mesh Front Grille - Matte Black,front grille,Generic,1,26,2008 | 2009 | 2010 | 2011 | A6 | A6 Quattro | aftermarket grille | Audi | Audi A6 grille | Audi S6 grille | blacked out grille | category:Front Grilles | FG-A608-RS-MB+EM-AUDI-S3 | front grill | front grille | grille with emblem | honeycomb mesh | make:Audi | matte black | model:A6 | RS style | S6 | year:2008 | year:2009 | year:2010 | year:2011
2008-2010-honda-accord-4-door-sedan-front-grille-matte-black,2008-2010 Honda Accord 4-Door Sedan Front Grille - Matte Black,front grille,Generic,1,25,2008 | 2008 Honda Accord | 2009 | 2009 Honda Accord | 2010 | 2010 Honda Accord | 4-door sedan grille | Accord sedan | category:Front Grilles | exterior accessories | FG-ACC084D-ME-BK | FGGG-AC-0809-TR-BK | front grill | front grille | grill | grille | Honda Accord | Honda Accord grille | make:Honda | matte black grille | model:Accord | replacement grille | year:2008 | year:2009 | year:2010
2008-2010-honda-accord-sedan-front-grille-matte-black,2008-2010 Honda Accord Sedan Front Grille - Matte Black,front grille,Generic,1,21,2008 | 2008 Honda Accord | 2009 | 2009 Honda Accord | 2010 | 2010 Honda Accord | Accord grille | category:Front Grilles | exterior accessories | FG-ACC084D-MU-BK | front grill | front grille | Honda Accord | Honda grille | make:Honda | matte black grille | model:Accord | sedan grille | year:2008 | year:2009 | year:2010
2011-2012-honda-accord-sedan-front-grille-chrome-finish,2011-2012 Honda Accord Sedan Front Grille - Chrome Finish,front grille,Generic,1,20,2011 | 2011 Honda Accord | 2012 | 2012 Honda Accord | 4-door sedan | Accord Sedan | category:Front Grilles | chrome grille | FG-ACC114D-MU-CH | front grill | front grille | grill | grille | Honda Accord | Honda Accord grille | make:Honda | model:Accord | replacement grille | year:2011 | year:2012
1990-1993-honda-accord-front-grille-chrome-trim,1990-1993 Honda Accord Front Grille - Chrome Trim,front grille,Generic,1,26,1990 | 1990 Honda Accord | 1990-1993 | 1991 | 1991 Honda Accord | 1992 | 1992 Honda Accord | 1993 | 1993 Honda Accord | category:Front Grilles | chrome grille | exterior accessories | FG-ACC90-ABS-CH | front grille | GR-AC-9093-TR-CM | grill | grille | Honda Accord | Honda Accord grille | make:Honda | model:Accord | replacement grille | year:1990 | year:1991 | year:1992 | year:1993
1998-2002-honda-accord-coupe-front-grill-grille-black,1998-2002 Honda Accord Coupe Front Grill Grille - Black,front grille,Generic,1,28,1998 | 1998 Honda Accord | 1999 | 1999 Honda Accord | 2-door coupe | 2000 | 2000 Honda Accord | 2001 | 2001 Honda Accord | 2002 | 2002 Honda Accord | Accord Coupe | Accord Coupe grill | black grille | category:Front Grilles | custom grille | FG-ACC98-AM-BK | front grill | front grille | Honda Accord | Honda Accord grille | make:Honda | model:Accord | year:1998 | year:1999 | year:2000 | year:2001 | year:2002
2006-2010-dodge-charger-front-grille-mesh-style-matte-black,2006-2010 Dodge Charger Front Grille - Mesh Style Matte Black,front grille,Generic,1,30,2006 | 2006 Charger | 2007 | 2007 Charger | 2008 | 2008 Charger | 2009 | 2009 Charger | 2010 | 2010 Charger | bolt-on grille | category:Front Grilles | Dodge Charger | Dodge Charger grille | exterior accessories | FG-CHA06-ME-BK | front end upgrade | front grille | grill | grille | GRZT-CHA06-ME-BK | make:Dodge | matte black grille | mesh grille | model:Charger | year:2006 | year:2007 | year:2008 | year:2009 | year:2010
2006-2010-dodge-charger-front-grille-chrome-mesh-style,2006-2010 Dodge Charger Front Grille - Chrome Mesh Style,front grille,Aftermarket,1,29,2006 | 2006 Dodge Charger | 2007 | 2007 Dodge Charger | 2008 | 2008 Dodge Charger | 2009 | 2009 Dodge Charger | 2010 | 2010 Dodge Charger | category:Front Grilles | chrome grille | Dodge Charger | Dodge Charger grille | exterior accessories | FG-CHA06-ME-CH | front grill | front grille | grill | grille | make:Dodge | mesh grille | model:Charger | replacement grille | year:2006 | year:2007 | year:2008 | year:2009 | year:2010
2011-2014-dodge-charger-front-grille-chrome-mesh-style,2011-2014 Dodge Charger Front Grille - Chrome Mesh Style,front grille,GRZT,1,28,2011 | 2011 Dodge Charger | 2012 | 2012 Dodge Charger | 2013 | 2013 Dodge Charger | 2014 | 2014 Dodge Charger | aftermarket grille | category:Front Grilles | Charger accessories | chrome grille | Dodge Charger | Dodge Charger grille | FG-CHA11-ME-CH | front grill | front grille | grill | grille | GRZT-CHGR-1112-CM | make:Dodge | mesh grille | model:Charger | replacement grille | year:2011 | year:2012 | year:2013 | year:2014
2015-2023-dodge-charger-hex-style-front-grille-w-led-light-bar-matte-black,2015-2023 Dodge Charger Hex Style Front Grille w/LED Light Bar - Matte Black,front grille,TLAPS,1,37,2015 | 2015-2023 | 2016 | 2017 | 2018 | 2019 | 2020 | 2021 | 2022 | 2023 | ABS grille | aftermarket grille | category:Front Grilles | Charger | charger accessories | charger grille | Dodge | dodge charger | FG-CHA15-BLLB-MB-KS | front grill | front grille | hex grille | honeycomb grille | LED light bar | make:Dodge | matte black | model:Charger | sequential LED | year:2015 | year:2016 | year:2017 | year:2018 | year:2019 | year:2020 | year:2021 | year:2022 | year:2023
02-05-honda-civic-si-ep3-front-grille-matte-black-abs,02-05 Honda Civic Si EP3 Front Grille - Matte Black ABS,front grille,Generic,1,20,2002 2003 2004 2005 | ABS | category:Front Grilles | Civic Si grille | EP3 | FG-CIV02SI-ABS-BK | front grill | front grille | hatchback | Honda accessories | Honda Civic | Honda Civic Si | make:Honda | matte black | model:Civic | replacement grille | year:2002 | year:2003 | year:2004 | year:2005
2002-2005-honda-civic-si-ep3-matte-black-front-grille-hatchback,2002-2005 Honda Civic Si EP3 Matte Black Front Grille - Hatchback,front grille,Generic,0,26,2002 | 2002-2005 | 2003 | 2004 | 2005 | ABS | category:Front Grilles | civic si | civic si ep3 | civic si grille | ep3 | FG-CIV02SI-ABS-MB | front grill | front grille | hatchback | honda | honda civic | honda civic grille | make:Honda | matte black | model:Civic | replacement grille | year:2002 | year:2003 | year:2004 | year:2005
2006-2008-honda-civic-coupe-front-grille-chrome-trim,2006-2008 Honda Civic Coupe Front Grille - Chrome Trim,front grille,Generic,1,24,2006 | 2006 honda civic | 2007 | 2007 honda civic | 2008 | 2008 honda civic | ABS grille | category:Front Grilles | chrome grille | civic coupe | civic coupe grille | exterior accessories | FG-CIV062D-ABS-CH | front grille | GR-CV-0607SI-TR-CM | honda accessories | honda civic front grill | honda civic grille | make:Honda | model:Civic | replacement grille | year:2006 | year:2007 | year:2008
1999-2000-honda-civic-front-grille-matte-black-abs,1999-2000 Honda Civic Front Grille - Matte Black ABS,front grille,Aftermarket,1,20,1999 | 1999 honda civic | 2000 | 2000 honda civic | aftermarket grille | category:Front Grilles | civic coupe grille | civic grille replacement | civic hatchback grille | civic sedan grille | exterior accessories | FG-CIV99-AM-BK | front grille | honda accessories | honda civic front grill | honda civic grille | make:Honda | model:Civic | year:1999 | year:2000
2003-2004-toyota-corolla-front-grille-matte-black,2003-2004 Toyota Corolla Front Grille - Matte Black,front grille,Generic,1,22,2003 | 2003 Toyota Corolla | 2004 | 2004 Toyota Corolla | ABS grille | bolt-on grille | category:Front Grilles | Corolla grille | FG-COR03-ABS-BK | front grill | front grille | G-TYCL01B | grill | grille | make:Toyota | matte black grille | model:Corolla | OE replacement | replacement grille | Toyota Corolla | year:2003 | year:2004
2006-2011-cadillac-dts-vertical-front-grille-black,2006-2011 Cadillac DTS Vertical Front Grille - Black,front grille,FG,0,28,2006 | 2007 | 2008 | 2009 | 2010 | 2011 | aftermarket grille | black grille | Cadillac | Cadillac DTS grille | category:Front Grilles | custom grille | DTS | exterior accessories | FG-DTS06-VT-BK | front grille | grill | grille | GRZV-DTS-0610-BK | make:Cadillac | model:DTS | vertical grille | year:2006 | year:2007 | year:2008 | year:2009 | year:2010 | year:2011
2006-2011-cadillac-dts-chrome-vertical-front-grille-custom,2006-2011 Cadillac DTS Chrome Vertical Front Grille - Custom,front grille,Custom,1,33,2006 | 2006 cadillac dts | 2007 | 2007 cadillac dts | 2008 | 2008 cadillac dts | 2009 | 2009 cadillac dts | 2010 | 2010 cadillac dts | 2011 | 2011 cadillac dts | cadillac dts accessories | cadillac dts grille | cadillac grille | category:Front Grilles | chrome front grille | chrome grille | dts grille | exterior accessories | FG-DTS06-VT-CH | front grille | GRZV-DTS-0610-CM | make:Cadillac | model:DTS | vertical front grille | vertical grille | year:2006 | year:2007 | year:2008 | year:2009 | year:2010 | year:2011
2003-2006-ford-expedition-vertical-style-front-grille-black-abs,2003-2006 Ford Expedition Vertical Style Front Grille - Black ABS,front grille,Generic,1,26,2003 | 2003 Ford Expedition | 2004 | 2004 Ford Expedition | 2005 | 2005 Ford Expedition | 2006 | 2006 Ford Expedition | ABS grille | black grille | category:Front Grilles | exterior accessories | FG-EXPED03-VT-BK | Ford accessories | Ford Expedition | front grille | grill | grille | GRZV-EXPD-0306-BK | make:Ford | model:Expedition | vertical grille | year:2003 | year:2004 | year:2005 | year:2006
2003-2006-ford-expedition-vertical-style-chrome-front-grille-abs,2003-2006 Ford Expedition Vertical Style Chrome Front Grille - ABS,front grille,Generic,1,27,2003 | 2003-2006 | 2004 | 2005 | 2006 | ABS grille | category:Front Grilles | chrome front grille | chrome grille | Expedition | exterior accessories | FG-EXPED03-VT-CH | Ford | Ford Expedition | front grille | grill | grille | GRZV-EXPD-0306-CM | make:Ford | model:Expedition | replacement grille | vertical grille | vertical style grille | year:2003 | year:2004 | year:2005 | year:2006
2004-2008-ford-f-150-mesh-rivet-style-front-grille-matte-black,2004-2008 Ford F-150 Mesh Rivet Style Front Grille - Matte Black,front grille,Power,1,31,2004 | 2004 F-150 | 2005 | 2005 F-150 | 2006 | 2006 F-150 | 2007 | 2007 F-150 | 2008 | 2008 F-150 | ABS grille | aftermarket grille | category:Front Grilles | custom grille | FG-F15004-RVT-ME-MB | Ford F-150 grille | Ford F150 accessories | front grille | make:Ford | matte black grille | mesh grille | model:F-150 | POWER-RVT-F150-0408-MB | rivet grille | studded mesh | truck grille | year:2004 | year:2005 | year:2006 | year:2007 | year:2008
2021-2023-ford-f-150-badgeless-front-grille-glossy-black-abs,2021-2023 Ford F-150 Badgeless Front Grille - Glossy Black ABS,front grille,Generic,1,22,2021 | 2021 f-150 | 2022 | 2022 f-150 | 2023 | 2023 f-150 | ABS grille | badgeless grille | category:Front Grilles | custom grille | FG-F15021-BL-BK-KS | ford f-150 | ford f150 grille | front grille | glossy black grille | make:Ford | model:F-150 | replacement grille | truck grille | year:2021 | year:2022 | year:2023
2021-2023-ford-f150-badgeless-front-grille-w-led-light-bar-black,2021-2023 Ford F150 Badgeless Front Grille w/ LED Light Bar - Black,front grille,Generic,1,25,2021 | 2021 F150 | 2022 | 2022 F150 | 2023 | 2023 F150 | ABS grille | aftermarket grille | badgeless grille | category:Front Grilles | F150 grille | FG-F15021-BLLB-BK-KS | Ford F150 | Ford F150 grille | front grill | front grille | glossy black grille | LED grille | make:Ford | model:F-150 | sequential LED | truck grille | year:2021 | year:2022 | year:2023
2005-2007-ford-f250-f350-black-mesh-grille-w-chrome-rivets,2005-2007 Ford F250 F350 Black Mesh Grille w/ Chrome Rivets,front grille,POW,1,28,2005 | 2005 2006 2007 | 2006 | 2007 | ABS grille | black mesh grille | category:Front Grilles | chrome rivet grille | custom grille | FG-F25005-RVT-ME-BK | Ford Excursion | Ford F-250 | Ford F-350 | Ford F-450 | Ford F-550 | Ford Super Duty | front grille | make:Ford | mesh grille | model:F-250 | model:F-350 | POW-RVT-F250-0507-BK | replacement grille | stud grille | Super Duty grille | year:2005 | year:2006 | year:2007
05-07-ford-f250-f350-f450-studded-mesh-rivet-grille-matte-black,05-07 Ford F250 F350 F450 Studded Mesh Rivet Grille Matte Black,front grille,Power,1,26,2005 2006 2007 | ABS grille | bolt-on grille | category:Front Grilles | custom grille | FG-F25005-RVT-ME-MB | Ford Excursion | Ford F-250 | Ford F-350 | Ford F-450 | Ford F-550 | front grille | make:Ford | matte black grille | mesh grille | model:F-250 | model:F-350 | model:F-450 | POWER-RVT-F250-0507-MB | replacement grille | rivet grille | studded grille | Super Duty grille | year:2005 | year:2006 | year:2007
2011-2016-ford-super-duty-studded-mesh-rivet-grille-matte-black,2011-2016 Ford Super Duty Studded Mesh Rivet Grille Matte Black,front grille,ZT,1,32,2011 | 2011-2016 | 2012 | 2013 | 2014 | 2015 | 2016 | ABS grille | category:Front Grilles | F-250 grille | F-250 Super Duty | F-350 grille | F-350 Super Duty | FG-F25011-RVT-ME-MB | Ford grille | Ford Super Duty | front grille | make:Ford | matte black grille | mesh grille | model:Super Duty | replacement grille | rivet grille | studded grille | Super Duty grille | year:2011 | year:2012 | year:2013 | year:2014 | year:2015 | year:2016 | ZT-F250-1112-MBBK
2002-2005-audi-a4-s4-b6-front-grille-black,2002-2005 Audi A4 S4 B6 Front Grille - Black,front grille,FGGG,1,26,2002 | 2003 | 2004 | 2005 | A4 | A4 Quattro | Audi | Audi A4 grille | Audi S4 grille | B6 | black grille | category:Front Grilles | exterior accessories | FGGG-GR-A401-H-BK | front grille | GR-A4-0105-BK | grill | grille | make:Audi | model:A4 | replacement grille | S4 | year:2002 | year:2003 | year:2004 | year:2005
2002-2005-audi-a4-s4-b6-rs-style-honeycomb-front-grille-matte-black,2002-2005 Audi A4 S4 B6 RS Style Honeycomb Front Grille - Matte Black,front grille,Generic,1,30,2002 | 2002 2003 2004 2005 | 2003 | 2004 | 2005 | A4 | A4 Quattro | aftermarket grille | Audi | Audi A4 grille | Audi grille | Audi S4 grille | B6 | bumper grille | category:Front Grilles | FGGG-GR-A401-RS-MB+EM-AUDI-S1 | front grille | grille with emblem | honeycomb grille | hood grille | make:Audi | matte black grille | mesh grille | model:A4 | RS style grille | S4 | year:2002 | year:2003 | year:2004 | year:2005
2006-2008-audi-a4-rs-style-front-grille-w-emblem-matte-black,2006-2008 Audi A4 RS Style Front Grille w/ Emblem - Matte Black,front grille,Generic,1,27,2006 | 2006 Audi A4 | 2007 | 2007 Audi A4 | 2008 | 2008 Audi A4 | A4 | A4 Quattro | A405-RS-MB | Audi | Audi A4 Quattro grille | Audi grille | B7 | blacked out grille | category:Front Grilles | combo front grill | FGGG-GR-A405-RS-MB+EM-A05-MB-S2 | front grill emblem | front grille | make:Audi | matte black grille | model:A4 | RS grille | RS style grille | year:2006 | year:2007 | year:2008
2009-2012-audi-a4-front-grille-emblem-with-s3-badge-black,2009-2012 Audi A4 Front Grille Emblem with S3 Badge - Black,front grille,Generic,1,25,2009 | 2010 | 2011 | 2012 | A4 | A4 Quattro | Audi | Audi A4 emblem | Audi accessories | B8 | black emblem | category:Front Grilles | combo front grill | exterior accessories | FGGG-GR-A409-RS-BK+EM-AUDI-S3 | front grill | front grille emblem | grille badge | make:Audi | model:A4 | S3 emblem | year:2009 | year:2010 | year:2011 | year:2012
2009-2012-audi-a4-front-grill-emblem-matte-black,2009-2012 Audi A4 Front Grill Emblem - Matte Black,front grille,FGGG,1,24,2009 | 2010 | 2011 | 2012 | A4 | A4 Quattro | Audi | Audi A4 accessories | Audi emblem | B8 | blacked out | blackout emblem | category:Front Grilles | exterior accessories | FGGG-GR-A409-RS-MB+EM-AUDI-S3 | front grill emblem | grill badge | make:Audi | matte black | model:A4 | year:2009 | year:2010 | year:2011 | year:2012
1996-2002-audi-a4-s4-b5-front-grille-black-mesh-style,1996-2002 Audi A4 S4 B5 Front Grille - Black Mesh Style,front grille,FGGG,1,29,1996 | 1997 | 1998 | 1999 | 2000 | 2001 | 2002 | Audi | Audi A4 | Audi A4 Quattro | Audi S4 | B5 | black grille | category:Front Grilles | exterior accessories | FGGG-GR-A495-H-BK | front grill | front grille | grille replacement | make:Audi | mesh grille | model:A4 | year:1996 | year:1997 | year:1998 | year:1999 | year:2000 | year:2001 | year:2002
2008-2012-audi-a5-s5-front-grille-emblem-gloss-black,2008-2012 Audi A5 S5 Front Grille Emblem - Gloss Black,front grille,Generic,1,29,2008 | 2009 | 2010 | 2011 | 2012 | 8T | A5 | A5 Quattro | Audi | Audi A5 emblem | Audi emblem | Audi S5 emblem | blacked out | category:Front Grilles | combo front grill | FGGG-GR-A508-RS-BK+EM-AUDI-S3 | front grill | front grille emblem | gloss black emblem | grille badge | make:Audi | model:A5 | pre-facelift | S5 | year:2008 | year:2009 | year:2010 | year:2011 | year:2012
2005-2007-audi-a6-rs-style-honeycomb-mesh-front-grille-chrome-black,2005-2007 Audi A6 RS Style Honeycomb Mesh Front Grille - Chrome/Black,front grille,Audi Aftermarket,0,25,2005 | 2005 2006 2007 | 2006 | 2007 | A6 grille | Audi A6 | Audi A6 accessories | Audi A6 Quattro | Audi emblem | Audi front grill | category:Front Grilles | chrome black grille | FGGG-GR-A605-RS-CHBK+EM-AUDI-S3 | front grill combo | front grille | honeycomb mesh grille | make:Audi | mesh grille | model:A6 | radiator grille | RS grille | RS style grille | year:2005 | year:2006 | year:2007
2005-2009-land-rover-lr3-honeycomb-mesh-front-grille-chrome-black,2005-2009 Land Rover LR3 Honeycomb Mesh Front Grille Chrome/Black,front grille,FGGG,1,27,2005 | 2006 | 2007 | 2008 | 2009 | aftermarket grille | category:Front Grilles | chrome black | Discovery | FGGG-GRA-DISC05-ME-CHBK | front grill | front grille | GRA-DSCV-0509-CMBK | grill | grille | honeycomb mesh | Land Rover | Land Rover LR3 grille | LR3 | make:Land Rover | model:LR3 | replacement grille | year:2005 | year:2006 | year:2007 | year:2008 | year:2009
2005-2009-land-rover-lr3-discovery-3-front-grille-replacement,2005-2009 Land Rover LR3 Discovery 3 Front Grille - Replacement,front grille,Generic,1,25,2005 | 2006 | 2007 | 2008 | 2009 | category:Front Grilles | Discovery 3 | exterior accessories | FGGG-GRA-DISC05-ME-GY | front grill | front grille | GRA-DSCV-0509-GR | grill | grille | Land Rover | Land Rover LR3 grille | LR3 | make:Land Rover | model:Discovery | replacement grille | year:2005 | year:2006 | year:2007 | year:2008 | year:2009
2005-2009-ford-mustang-v6-pony-package-front-lower-bumper-grille,2005-2009 Ford Mustang V6 Pony Package Front Lower Bumper Grille,front grille,FGGG,1,29,2005 | 2005 Mustang | 2006 | 2006 Mustang | 2007 | 2007 Mustang | 2008 | 2008 Mustang | 2009 | 2009 Mustang | black grille | bumper grill | category:Front Grilles | exterior accessories | FGGG-GRB-MUS05V6LO-H-BK | Ford Mustang | front grill | front grille | GRB-MST0506-V6G-BK | lower bumper grille | make:Ford | model:Mustang | Mustang V6 | Pony Package | year:2005 | year:2006 | year:2007 | year:2008 | year:2009
2007-2014-gmc-yukon-yukon-xl-front-lower-bumper-grille-black,2007-2014 GMC Yukon / Yukon XL Front Lower Bumper Grille - Black,front grille,Generic,1,33,2007 | 2007-2014 GMC Yukon | 2008 | 2009 | 2010 | 2011 | 2012 | 2013 | 2014 | bumper grill | category:Front Grilles | exterior accessories | FGGG-GRBT-DNL07LO-ME-BK | front grille | front lower grille | GMC grille replacement | GMC Yukon grille | GMC Yukon XL grille | lower bumper grille | make:GMC | matte black grille | model:Yukon | year:2007 | year:2008 | year:2009 | year:2010 | year:2011 | year:2012 | year:2013 | year:2014 | Yukon Denali grille | Yukon XL 1500 | Yukon XL 2500
2007-2014-gmc-yukon-xl-front-lower-bumper-grille-chrome,2007-2014 GMC Yukon XL Front Lower Bumper Grille - Chrome,front grille,Generic,1,34,2007 | 2007-2014 Yukon | 2008 | 2009 | 2010 | 2011 | 2012 | 2013 | 2014 | bumper grill | category:Front Grilles | chrome grille | FGGG-GRBT-DNL07LO-ME-CH | front grill | front grille | GMC accessories | GMC Yukon grille | GMC Yukon XL grille | GRBT-DNL-0708-CM | lower bumper grille | make:GMC | model:Yukon | replacement grille | year:2007 | year:2008 | year:2009 | year:2010 | year:2011 | year:2012 | year:2013 | year:2014 | Yukon Denali | Yukon XL 1500 | Yukon XL 2500
2007-2014-gmc-yukon-honeycomb-mesh-lower-front-grille-matte-black,2007-2014 GMC Yukon Honeycomb Mesh Lower Front Grille - Matte Black,front grille,Generic,1,33,2007 | 2007-2014 GMC Yukon | 2008 | 2009 | 2010 | 2011 | 2012 | 2013 | 2014 | aftermarket grille | category:Front Grilles | FGGG-GRBT-DNL07LO-ME-MB | front grille | GMC accessories | GMC Yukon grille | GMC Yukon XL grille | honeycomb mesh grille | lower front grille | lower grille | make:GMC | matte black grille | mesh grille | model:Yukon | year:2007 | year:2008 | year:2009 | year:2010 | year:2011 | year:2012 | year:2013 | year:2014 | Yukon XL 1500 | Yukon XL 2500
2006-2016-chevy-impala-front-lower-bumper-grille-matte-black,2006-2016 Chevrolet Impala Front Lower Bumper Grille - Black,front grille,Aftermarket,1,31,2006 | 2006 Impala grille | 2007 | 2007 Impala grille | 2008 | 2008 Impala grille | 2009 | 2009 Impala grille | 2010 | 2010 Impala grille | 2011 | 2011 Impala grille | 2012 | 2012 Impala grille | 2013 | 2013 Impala grille | 2014 | 2014 Impala Limited grille | 2015 | 2015 Impala Limited grille | 2016 | 2016 Impala Limited grille | black grille | bumper grille insert | Chevrolet Impala | FGGG-GRBT-IMPA06LO-ME-BK | front bumper grille | front grille | Impala Limited | lower bumper grille | replacement grille
2006-2016-chevy-impala-front-grille-matte-black,2006-2016 Chevrolet Impala Front Grille - Matte Black,front grille,FG,1,30,2006 | 2006 impala | 2007 | 2007 impala | 2008 | 2008 impala | 2009 | 2009 impala | 2010 | 2010 impala | 2011 | 2011 impala | 2012 | 2012 impala | 2013 | 2013 impala | 2014 | 2014 impala limited | 2015 | 2015 impala limited | 2016 | 2016 impala limited | black grille | chevrolet impala | FGGG-GRBT-IMPA06LO-ME-MB | front grille | grille | impala limited | matte black | replacement grille
2010-2011-toyota-camry-mesh-front-grille-black,2010-2011 Toyota Camry Mesh Front Grille - Black,front grille,FGGG,1,20,2010 | 2010 Toyota Camry | 2011 | 2011 Toyota Camry | black grille | Camry grille | category:Front Grilles | exterior accessories | FGGG-GR-CAMY10-ME-BK | front grille | GR-CMY-1011-MF-BK | make:Toyota | mesh front grill | mesh grille | model:Camry | replacement grille | Toyota accessories | Toyota Camry | year:2010 | year:2011
2010-2011-toyota-camry-front-grille-chrome-mesh-style,2010-2011 Toyota Camry Front Grille - Chrome Mesh Style,front grille,Generic,1,22,2010 | 2010 Toyota Camry | 2011 | 2011 Toyota Camry | Camry | Camry grille | category:Front Grilles | chrome grille | exterior accessories | FGGG-GR-CAMY10-ME-CH | front grill | front grille | grill | grille | make:Toyota | mesh grille | model:Camry | replacement grille | Toyota | Toyota Camry | year:2010 | year:2011
2010-2011-toyota-camry-vertical-front-grille-black,2010-2011 Toyota Camry Vertical Front Grille - Black,front grille,FGGG,1,23,2010 | 2010 Camry | 2011 | 2011 Camry | aftermarket grille | black grille | Camry | category:Front Grilles | FGGG | FGGG-GR-CAMY10-VT-BK | front grill | front grille | GR-CMY-1011-V-BK | grill | grille | make:Toyota | model:Camry | replacement grille | Toyota | Toyota Camry | vertical grille | year:2010 | year:2011
1999-2006-vw-mk4-golf-gti-r32-horizontal-front-grille-matte-black,1999-2006 Volkswagen Golf MK4 Horizontal Front Grille Matte Black,front grille,FGGG,1,29,1999 | 1999 volkswagen golf | 2000 | 2000 volkswagen golf | 2001 | 2001 volkswagen golf | 2002 | 2002 volkswagen golf | 2003 | 2003 volkswagen golf | 2004 | 2004 volkswagen golf | 2005 | 2005 volkswagen golf | 2006 | 2006 volkswagen golf | exterior accessories | FGGG-GR-GOLF99-H-MB | front grille | golf iv | GOLF4-9804-BK | grille replacement | gti grille | horizontal grille | matte black grille | mk4 | r32 grille | volkswagen golf | vw golf mk4
2004-2005-subaru-impreza-aluminum-mesh-grille-matte-black,2004-2005 Subaru Impreza Aluminum Mesh Grille - Matte Black,front grille,FGGG,1,17,2004 | 2005 | aftermarket grille | aluminum grille | category:Front Grilles | FGGG-GR-IMP04-ME-MB | front grille | grille replacement | impreza | make:Subaru | matte black | mesh grille | model:Impreza | subaru | subaru impreza grille | year:2004 | year:2005
1999-2005-volkswagen-jetta-mk4-horizontal-front-grille-black,1999-2005 Volkswagen Jetta MK4 Horizontal Front Grille - FG,front grille,FG,1,20,1999 | 2000 | 2001 | 2002 | 2003 | 2004 | 2005 | black grille | FGGG-GR-JET99-H-BK | front grill | front grille | grille | horizontal grille | jetta | jetta mk4 | mk4 | replacement grille | volkswagen | vw | vw jetta grille
1999-2005-volkswagen-jetta-mk4-front-bumper-grille-matte-black,1999-2005 Volkswagen Jetta MK4 Horizontal Front Grille - Matte Black,front grille,FGGG,1,23,1999 | 1999 jetta | 2000 | 2000 jetta | 2001 | 2001 jetta | 2002 | 2002 jetta | 2003 | 2003 jetta | 2004 | 2004 jetta | 2005 | 2005 jetta | FGGG-GR-JET99-H-MB | front bumper grille | front grille | horizontal grille | jetta mk4 | jetta replacement grille | matte black grille | volkswagen jetta | vw jetta grille
1999-2005-volkswagen-jetta-mk4-front-grille-matte-black,1999-2005 Volkswagen Jetta MK4 Front Grille - FGGG,front grille,FGGG,1,23,1999 | 1999 jetta | 2000 | 2000 jetta | 2001 | 2001 jetta | 2002 | 2002 jetta | 2003 | 2003 jetta | 2004 | 2004 jetta | 2005 | 2005 jetta | black grille | FGGG-GR-JET99-ME-BK | front end | front grille | jetta mk4 | mk4 grille | replacement grille | volkswagen jetta | vw jetta grille
1999-2005-volkswagen-jetta-mk4-front-grille-matte-black-1,1999-2005 Volkswagen Jetta MK4 Front Grille - Matte Black,front grille,FGGG,1,17,1999 | 2000 | 2001 | 2002 | 2003 | 2004 | 2005 | FGGG-GR-JET99-ME-MB | front grill | front grille | grille replacement | jetta | jetta mk4 | matte black | mk4 | volkswagen | vw jetta grille
2001-2005-volkswagen-passat-b5-5-front-grille-matte-black,2001-2005 Volkswagen Passat B5.5 Front Grille - FGGG,front grille,FGGG,1,20,2001 | 2001 passat | 2002 | 2002 passat | 2003 | 2003 passat | 2004 | 2004 passat | 2005 | 2005 passat | b5.5 facelift | black grille | FGGG-GR-PAS03-H-BK | front grill | front grille | passat b5.5 | replacement grille | volkswagen | volkswagen passat | VW passat grille
2001-2005-volkswagen-passat-horizontal-front-bumper-grille-matte-black,2001-2005 Volkswagen Passat B5.5 Facelift Grille - Matte Black,front grille,FGGG,1,18,2001 | 2002 | 2003 | 2004 | 2005 | b5.5 | bumper grille | exterior accessories | facelift | FGGG-GR-PAS03-H-MB | front bumper grille | front grille | horizontal grille | matte black | passat | replacement grille | volkswagen | vw passat grille
1998-2001-volkswagen-passat-b5-front-grille-matte-black,1998-2001 Volkswagen Passat B5 Front Grille - FGGG,front grille,FGGG,1,14,1998 | 1999 | 2000 | 2001 | B5 | black grille | FGGG-GR-PAS98-H-BK | front grill | front grille | grille | Passat | replacement grille | Volkswagen | VW Passat
2006-2009-volkswagen-rabbit-front-grille-matte-black-mk5,2006-2009 Volkswagen Rabbit Front Grille - FGGG,front grille,FGGG,0,15,2006 | 2007 | 2008 | 2009 | black grille | FGGG-GR-RAB06-ME-BK | front grill | front grille | Golf MK5 | grille | MK5 | Rabbit | replacement grille | Volkswagen | VW Rabbit
2006-2009-land-rover-range-rover-front-grille-chrome-black,2006-2009 Land Rover Range Rover Front Grille - Chrome Black,front grille,Generic,1,21,2006 | 2007 | 2008 | 2009 | category:Front Grilles | chrome black | exterior accessories | FGGG-GR-ROVER06-ME-CHBK | front grill | front grille | grill | grille | Land Rover | make:Land Rover | model:Range Rover | Range Rover | replacement grille | year:2006 | year:2007 | year:2008 | year:2009
06-09-land-rover-range-rover-chrome-mesh-front-grille,06-09 Land Rover Range Rover Chrome Mesh Front Grille,front grille,FGGG,1,23,2006 Range Rover | 2007 Range Rover | 2008 Range Rover | 2009 Range Rover | category:Front Grilles | chrome grille | chrome mesh grille | exterior accessories | FGGG-GR-ROVER06-ME-CHSL | front grille | GR-RGRV-0608-CMSL | Land Rover | Land Rover grille | make:Land Rover | mesh grille | model:Range Rover | Range Rover | Range Rover grille | replacement grille | year:2006 | year:2007 | year:2008 | year:2009
2010-2013-hyundai-sonata-front-grille-chrome-finish,2010-2013 Hyundai Sonata Front Grille - Chrome Finish,front grille,FGGG,1,26,2010 | 2010 Sonata | 2011 | 2011 Sonata | 2012 | 2012 Sonata | 2013 | 2013 Sonata | category:Front Grilles | chrome grille | exterior | FGGG-GR-SONA10-H-CH | front grill | front grille | grill | grille | Hyundai | Hyundai Sonata | make:Hyundai | model:Sonata | replacement grille | Sonata | year:2010 | year:2011 | year:2012 | year:2013
02-03-subaru-impreza-wrx-front-grille-matte-black-mesh,02-03 Subaru Impreza WRX Front Grille - Matte Black Mesh,front grille,FGGG,1,23,02-03 | 2002 | 2003 | category:Front Grilles | exterior | FGGG | FGGG-GR-WRX02-ME-BK | front end | front grille | GR-WRX-0203-ZERO | grill | grille | Impreza | make:Subaru | matte black | mesh grille | model:Impreza | model:WRX | replacement grille | Subaru | WRX | year:2002 | year:2003
2002-2003-subaru-impreza-wrx-matte-black-front-grille,2002-2003 Subaru Impreza WRX Matte Black Front Grille,front grille,FGGG,1,20,2002 | 2003 | category:Front Grilles | exterior accessories | FGGG-GR-WRX02STI-ME-MB | front grill | front grille | grill | grille | Impreza | make:Subaru | matte black | model:Impreza | model:WRX | replacement grille | Subaru | Subaru Impreza WRX | WRX | year:2002 | year:2003
2007-2014-toyota-fj-cruiser-front-grille-matte-black,2007-2014 Toyota FJ Cruiser Front Grille - Matte Black,front grille,FGGG,1,34,2007 | 2007-2014 | 2008 | 2009 | 2010 | 2011 | 2012 | 2013 | 2014 | category:Front Grilles | FGGG-GRZ2-FJ07-VT-BK | FJ Cruiser | FJ Cruiser accessories | FJ Cruiser exterior | FJ Cruiser grille | front grill | front grille | grill | grille | GRZ2-FJC-0708-BK | make:Toyota | matte black grille | model:FJ Cruiser | replacement grille | Toyota | Toyota FJ Cruiser | year:2007 | year:2008 | year:2009 | year:2010 | year:2011 | year:2012 | year:2013 | year:2014
1997-2004-dodge-dakota-durango-front-grille-black,1997-2004 Dodge Dakota Durango Front Grille - Black,front grille,Generic,1,37,1997 | 1997-2004 | 1998 | 1999 | 2000 | 2001 | 2002 | 2003 | 2004 | aftermarket grille | black grille | category:Front Grilles | Dakota grille | Dodge | Dodge Dakota | Dodge Durango | Durango grille | FGGG-GRZ-DAK97-BL-BK | front grill | front grille | grill | grille | GRZ-DKT-9704-BK | GRZT-DKT-9704-BK | make:Dodge | model:Dakota | model:Durango | replacement grille | truck grille | year:1997 | year:1998 | year:1999 | year:2000 | year:2001 | year:2002 | year:2003 | year:2004
1997-2004-dodge-dakota-durango-front-grille-chrome,1997-2004 Dodge Dakota Durango Front Grille - Chrome,front grille,Generic,1,36,1997 | 1997-2004 Dakota | 1998 | 1998-2003 Durango | 1999 | 2000 | 2001 | 2002 | 2003 | 2004 | category:Front Grilles | chrome | chrome grille | Dakota | Dodge | Dodge Dakota grille | Dodge Durango grille | Durango | FGGG-GRZ-DAK97-BL-CH | front grill | front grille | grill | grille | GRZ-DKT-9704-CM | make:Dodge | model:Dakota | model:Durango | replacement grille | year:1997 | year:1998 | year:1999 | year:2000 | year:2001 | year:2002 | year:2003 | year:2004
2000-2005-cadillac-deville-front-grille-matte-black,2000-2005 Cadillac DeVille Front Grille - Matte Black,front grille,Generic,1,28,2000 | 2000-2005 Cadillac DeVille | 2001 | 2002 | 2003 | 2004 | 2005 | Cadillac | Cadillac DeVille | category:Front Grilles | DeVille | exterior accessories | FGGG-GRZ-DEV00-ME-BK | front grill | front grille | grill | grille | GRZ-DVL-0005-BK | make:Cadillac | matte black grille | model:DeVille | replacement grille | year:2000 | year:2001 | year:2002 | year:2003 | year:2004 | year:2005
2007-2013-gmc-sierra-1500-front-grille-replacement-grill,2007-2013 GMC Sierra 1500 Front Grille - Replacement Grill,front grille,Aftermarket,1,28,2007 | 2007-2013 | 2008 | 2009 | 2010 | 2011 | 2012 | 2013 | category:Front Grilles | exterior accessories | fggg-grzd-sie07-ro-ch | front grill | front grille | GMC | GMC Sierra grille | grill | make:GMC | model:Sierra | replacement grille | Sierra 1500 | truck grille | year:2007 | year:2008 | year:2009 | year:2010 | year:2011 | year:2012 | year:2013
2004-2008-ford-f-150-front-grille-chrome-mesh-style,2004-2008 Ford F-150 Front Grille - Chrome Mesh Style,front grille,FGGG,1,30,2004 | 2004 F-150 | 2005 | 2005 F-150 | 2006 | 2006 F-150 | 2007 | 2007 F-150 | 2008 | 2008 F-150 | aftermarket grille | category:Front Grilles | chrome mesh grille | F150 | FGGG-GRZ-F15004-H-CH | Ford accessories | Ford F-150 | front grill replacement | front grille | grill | grille | GRZ-F150-0405-CM | make:Ford | model:F-150 | truck grille | year:2004 | year:2005 | year:2006 | year:2007 | year:2008
2006-2008-lexus-is250-is350-front-grille-emblem-matte-black,2006-2008 Lexus IS250 IS350 Front Grille Emblem - Matte Black,front grille,FGGG,1,26,2006 | 2006 Lexus IS250 | 2006 Lexus IS350 | 2007 | 2007 Lexus IS250 | 2007 Lexus IS350 | 2008 | 2008 Lexus IS250 | 2008 Lexus IS350 | blackout emblem | category:Front Grilles | exterior accessories | FGGG-GRZF-IS06-ME-BK+EM-IS06-BK | front grill emblem | front grille emblem | grille emblem | IS250 | IS350 | Lexus | make:Lexus | matte black emblem | model:IS250 | model:IS350 | year:2006 | year:2007 | year:2008
2006-2008-lexus-is250-is350-mesh-front-grille-emblem-matte-black,2006-2008 Lexus IS250 IS350 Mesh Front Grille & Emblem - Matte Black,front grille,Generic,1,25,2006 | 2007 | 2008 | aftermarket grille | blacked out grille | category:Front Grilles | exterior accessories | FGGG-GRZF-IS06-ME-MB+EM-IS06-MB | front emblem | front grille | grille combo | grille emblem | IS250 | IS350 | Lexus | Lexus grille | Lexus IS | make:Lexus | matte black | mesh grille | model:IS250 | model:IS350 | year:2006 | year:2007 | year:2008
05-08-nissan-frontier-pathfinder-front-grille-matte-black,05-08 Nissan Frontier Pathfinder Front Grille - Matte Black,front grille,Generic,0,25,2005 | 2006 | 2007 | 2008 | bolt-on | category:Front Grilles | exterior accessories | FGGG-GRZ-FRON05-VT-BK | front grille | grill | grille | GRZ-FRTR-0505-VT-BK | make:Nissan | matte black | model:Frontier | model:Pathfinder | Nissan accessories | Nissan Frontier | Nissan Pathfinder | replacement grille | vertical bar grille | year:2005 | year:2006 | year:2007 | year:2008
05-08-nissan-frontier-pathfinder-front-grille-chrome,05-08 Nissan Frontier Pathfinder Front Grille - Chrome,front grille,FGGG,1,24,2005 Nissan Frontier | 2005 Nissan Pathfinder | 2006 Nissan Frontier | 2006 Nissan Pathfinder | 2007 Nissan Frontier | 2007 Nissan Pathfinder | 2008 Nissan Frontier | category:Front Grilles | chrome front grille | chrome grille | exterior accessories | FGGG-GRZ-FRON05-VT-CH | front grille | grille replacement | make:Nissan | model:Frontier | model:Pathfinder | Nissan Frontier grille | Nissan grille | Nissan Pathfinder grille | year:2005 | year:2006 | year:2007 | year:2008
2005-2008-nissan-frontier-pathfinder-vertical-front-grille-matte-black,2005-2008 Nissan Frontier Pathfinder Vertical Front Grille Matte Black,front grille,FGGG,1,25,2005 | 2006 | 2007 | 2008 | aftermarket grille | bolt-on grille | category:Front Grilles | FGGG | FGGG-GRZ-FRON05-VT-MB | front grille | Frontier | make:Nissan | matte black | model:Frontier | model:Pathfinder | Nissan | Nissan Frontier grille | Nissan Pathfinder grille | Pathfinder | replacement grille | vertical grille | year:2005 | year:2006 | year:2007 | year:2008
2005-2007-dodge-magnum-front-grille-matte-black-gts-style,2005-2007 Dodge Magnum Front Grille - Matte Black GTS Style,front grille,FGGG,1,24,2005 | 2005 Dodge Magnum | 2006 | 2006 Dodge Magnum | 2007 | 2007 Dodge Magnum | category:Front Grilles | Dodge Magnum | Dodge Magnum grille | exterior accessories | FGGG-GRZ-MAG05-ME-BK | front grill | front grille | grill | grille | GRZ-MST-0507-GTS-BK | GTS style grille | make:Dodge | matte black grille | model:Magnum | replacement grille | year:2005 | year:2006 | year:2007
2005-2009-ford-mustang-gt-front-grille-matte-black,2005-2009 Ford Mustang GT Front Grille - Matte Black,front grille,FGGG,1,27,2005 | 2005 Mustang | 2006 | 2006 Mustang | 2007 | 2007 Mustang | 2008 | 2008 Mustang | 2009 | 2009 Mustang | category:Front Grilles | exterior accessories | FGGG-GRZ-MUS05GT-ME-MB | Ford Mustang | Ford Mustang GT grille | front grille | grille | make:Ford | matte black grille | model:Mustang | Mustang GT | S197 | year:2005 | year:2006 | year:2007 | year:2008 | year:2009
2005-2009-ford-mustang-gt-front-grille-matte-black-1,2005-2009 Ford Mustang GT Front Grille - Matte Black,front grille,Generic,1,28,2005 | 2005-2009 | 2006 | 2007 | 2008 | 2009 | aftermarket grille | category:Front Grilles | FGGG-GRZ-MUS05GT-ME-BK | Ford Mustang | Ford Mustang GT | front grill | front grille | grill | grille | GRZ-MST-0507-GTS-BK | make:Ford | matte black | model:Mustang | Mustang grille | Mustang GT | replacement grille | S197 Mustang | year:2005 | year:2006 | year:2007 | year:2008 | year:2009
2005-2011-toyota-tacoma-front-grille-matte-black,2005-2011 Toyota Tacoma Front Grille - Matte Black,front grille,FGGG,1,35,2005 | 2005 Tacoma | 2006 | 2006 Tacoma | 2007 | 2007 Tacoma | 2008 | 2008 Tacoma | 2009 | 2009 Tacoma | 2010 | 2010 Tacoma | 2011 | 2011 Tacoma | bolt-on grille | category:Front Grilles | FGGG-GRZQ-TACO05-ME-BK | front grille | grill | grille | GRZQ-TCM-0509-BK | make:Toyota | matte black grille | model:Tacoma | replacement grille | Tacoma front grill | Toyota accessories | Toyota Tacoma | year:2005 | year:2006 | year:2007 | year:2008 | year:2009 | year:2010 | year:2011
2005-2011-toyota-tacoma-front-grille-chrome-mesh-style,2005-2011 Toyota Tacoma Front Grille - Chrome Mesh Style,front grille,Generic,1,31,2005 | 2005-2011 Toyota Tacoma | 2006 | 2007 | 2008 | 2009 | 2010 | 2011 | aftermarket grille | category:Front Grilles | chrome grille | chrome mesh grille | FGGG-GRZQ-TACO05-ME-CH | front grille | grill | grille | make:Toyota | mesh grille | model:Tacoma | Tacoma front grill | Tacoma grille | Toyota Tacoma | Toyota Tacoma accessories | truck grille | year:2005 | year:2006 | year:2007 | year:2008 | year:2009 | year:2010 | year:2011
2005-2011-toyota-tacoma-honeycomb-mesh-front-grille-matte-black,2005-2011 Toyota Tacoma Honeycomb Mesh Front Grille - Matte Black,front grille,FGGG,1,34,2005 | 2005 Tacoma | 2006 | 2006 Tacoma | 2007 | 2007 Tacoma | 2008 | 2008 Tacoma | 2009 | 2009 Tacoma | 2010 | 2010 Tacoma | 2011 | 2011 Tacoma | aftermarket grille | category:Front Grilles | FGGG-GRZQ-TACO05-ME-MB | front grille | honeycomb mesh grille | make:Toyota | matte black grille | mesh grille | model:Tacoma | Tacoma grille | Toyota grille | Toyota Tacoma | truck grille | year:2005 | year:2006 | year:2007 | year:2008 | year:2009 | year:2010 | year:2011
2007-2009-toyota-tundra-mesh-front-grille-black,2007-2009 Toyota Tundra Mesh Front Grille - Black,front grille,FGGG,0,22,2007 | 2007 Tundra | 2008 | 2008 Tundra | 2009 | 2009 Tundra | aftermarket grille | black grille | category:Front Grilles | FGGG-GRZQ-TUN07-ME-BK | front grille | make:Toyota | mesh grille | model:Tundra | replacement grille | Toyota accessories | Toyota Tundra | truck grille | Tundra grille | year:2007 | year:2008 | year:2009
2002-2005-dodge-ram-1500-2500-3500-front-grille-black,2002-2005 Dodge Ram 1500 2500 3500 Front Grille - Black,front grille,FGGG,1,32,2002 | 2002 2003 2004 2005 | 2003 | 2004 | 2005 | black grille | bolt-on grille | category:Front Grilles | Dodge Ram | dodge ram front grill | dodge ram grille | exterior accessories | FGGG-GRZ-RAM02-H-BK | front grille | grill | grille | GRZ-RAM-0205-JDM | make:Dodge | make:Ram | model:1500 | model:2500 | model:3500 | model:Ram | Ram 1500 | Ram 2500 | Ram 3500 | replacement grille | truck grille | year:2002 | year:2003 | year:2004 | year:2005
2007-2009-toyota-tundra-front-grille-chrome-mesh-style,2007-2009 Toyota Tundra Front Grille - Chrome Mesh Style,front grille,Generic,1,23,2007 | 2007 toyota tundra | 2008 | 2008 toyota tundra | 2009 | 2009 toyota tundra | category:Front Grilles | chrome grille | FGGG-GRZQ-TUN07-ME-CH | front grille | grill | grille | make:Toyota | mesh grille | model:Tundra | toyota tundra exterior | toyota tundra grille | truck grille | tundra accessories | tundra front grill | year:2007 | year:2008 | year:2009
02-05-dodge-ram-1500-2500-3500-front-grille-chrome,02-05 Dodge Ram 1500 2500 3500 Front Grille Chrome,front grille,FGGG,0,27,2002 2003 2004 2005 | bolt-on grille | category:Front Grilles | chrome | chrome grille | Dodge Ram | Dodge Ram grille | FGGG-GRZ-RAM02-H-CH | front grill | front grille | grill | grille | GRZ-RAM-0204-CM | make:Dodge | make:Ram | model:1500 | model:2500 | model:3500 | model:Ram | Ram 1500 grille | Ram 2500 grille | Ram 3500 grille | replacement grille | year:2002 | year:2003 | year:2004 | year:2005
2002-2005-dodge-ram-1500-2500-3500-horizontal-front-grille-matte-black,2002-2005 Dodge Ram 1500 2500 3500 Horizontal Front Grille Matte Black,front grille,FGGG,1,28,2002 | 2002-2005 | 2003 | 2004 | 2005 | aftermarket grille | category:Front Grilles | dodge ram 1500 | dodge ram 2500 | dodge ram 3500 | dodge ram front grille | dodge ram grille | FGGG-GRZ-RAM02-H-MB | front grille | horizontal grille | make:Dodge | make:Ram | matte black grille | model:1500 | model:2500 | model:3500 | model:Ram | replacement grille | truck grille | year:2002 | year:2003 | year:2004 | year:2005
1998-2004-chevy-s10-blazer-s10-pickup-front-grille-chrome,1998-2004 Chevrolet Blazer S10 Front Grille - GRZ,front grille,GRZ,1,30,1998 | 1998 Chevrolet Blazer | 1998 Chevrolet S10 | 1999 | 1999 Chevrolet Blazer | 1999 Chevrolet S10 | 2000 | 2000 Chevrolet Blazer | 2000 Chevrolet S10 | 2001 | 2001 Chevrolet Blazer | 2001 Chevrolet S10 | 2002 | 2002 Chevrolet Blazer | 2002 Chevrolet S10 | 2003 | 2003 Chevrolet Blazer | 2003 Chevrolet S10 | 2004 | 2004 Chevrolet Blazer | 2004 Chevrolet S10 | Blazer | Chevrolet | fggg-grz-s1098-h-ch | front grille | grille | GRZ-S10-9802-CH | replacement grille | S10 | S10 Pickup
2004-2006-chrysler-sebring-front-grille-black-replacement,2004-2006 Chrysler Sebring Front Grille - Black Replacement,front grille,Generic,1,24,2004 | 2004 Chrysler Sebring | 2005 | 2005 Chrysler Sebring | 2006 | 2006 Chrysler Sebring | black grille | category:Front Grilles | Chrysler Sebring | Chrysler Sebring grille | convertible grille | exterior accessories | FGGG-GRZ-SEB04-ME-BK | front grill | front grille | GRZ-SBR-0406-2-BK | GRZ-SBR-0407-BK | make:Chrysler | model:Sebring | replacement grille | sedan grille | year:2004 | year:2005 | year:2006
2004-2006-chrysler-sebring-front-grille-chrome-mesh-style,2004-2006 Chrysler Sebring Front Grille - Chrome Mesh Style,front grille,Generic,0,24,2004 | 2005 | 2006 | category:Front Grilles | chrome | Chrysler | Chrysler Sebring grille | convertible | exterior accessories | FGGG-GRZ-SEB04-ME-CH | front grill | front grille | grill | grille | GRZ-SBR-0407-CM | make:Chrysler | mesh | model:Sebring | replacement grille | Sebring | sedan | year:2004 | year:2005 | year:2006
2005-2011-toyota-tacoma-front-grille-matte-black-mesh-style,2005-2011 Toyota Tacoma Front Grille - Matte Black Mesh Style,front grille,Pegasus,1,36,2005 | 2005 Tacoma | 2006 | 2006 Tacoma | 2007 | 2007 Tacoma | 2008 | 2008 Tacoma | 2009 | 2009 Tacoma | 2010 | 2010 Tacoma | 2011 | 2011 Tacoma | category:Front Grilles | exterior accessories | FGGG-GRZ-TACO05-H-BK | front end upgrade | front grille | grill | grille | make:Toyota | matte black grille | mesh grille | model:Tacoma | Pegasus | pegasus(z)-TCM-0507-BK | Tacoma grille replacement | Toyota Tacoma | year:2005 | year:2006 | year:2007 | year:2008 | year:2009 | year:2010 | year:2011
2005-2011-toyota-tacoma-front-grille-chrome-finish,2005-2011 Toyota Tacoma Front Grille - Chrome Finish,front grille,FGGG,1,36,2005 | 2005 Tacoma | 2006 | 2006 Tacoma | 2007 | 2007 Tacoma | 2008 | 2008 Tacoma | 2009 | 2009 Tacoma | 2010 | 2010 Tacoma | 2011 | 2011 Tacoma | category:Front Grilles | chrome grille | exterior accessories | FGGG-GRZ-TACO05-H-CH | front grill | front grille | grill | grille | make:Toyota | model:Tacoma | Tacoma | Tacoma grille | Toyota | Toyota Tacoma | truck grille | year:2005 | year:2006 | year:2007 | year:2008 | year:2009 | year:2010 | year:2011
2005-2011-toyota-tacoma-horizontal-front-grille-matte-black,2005-2011 Toyota Tacoma Horizontal Front Grille - Matte Black,front grille,FGGG,1,30,2005 | 2005-2011 | 2006 | 2007 | 2008 | 2009 | 2010 | 2011 | aftermarket grille | bolt-on grille | category:Front Grilles | exterior accessories | FGGG-GRZ-TACO05-H-MB | front grille | horizontal grille | make:Toyota | matte black | model:Tacoma | Tacoma accessories | Tacoma grille | Toyota accessories | Toyota Tacoma | truck grille | year:2005 | year:2006 | year:2007 | year:2008 | year:2009 | year:2010 | year:2011
2008-2010-dodge-avenger-front-grille-matte-black-replacement,2008-2010 Dodge Avenger Front Grille - Matte Black Replacement,front grille,Generic,1,23,2008 | 2008 Dodge Avenger | 2009 | 2009 Dodge Avenger | 2010 | 2010 Dodge Avenger | Avenger grille | category:Front Grilles | Dodge Avenger | Dodge grille | exterior accessories | FGGG-GRZT-AVE08-ME-BK | front grill | front grille | grill | grille | make:Dodge | matte black grille | model:Avenger | replacement grille | year:2008 | year:2009 | year:2010
06-09-chevy-trailblazer-lt-front-grille-matte-black,2006-2009 Chevrolet Trailblazer LT 4-Door Front Grille - Matte Black,front grille,GRZT,1,16,2006 | 2007 | 2008 | 2009 | 4-Door | black grille | Chevrolet Trailblazer | FGGG-GRZT-BLAZ06LT-ME-BK | front grill | front grille | GRZT-TRBZ-0608LT-BK | LT | OE style | replacement grille | Sport Utility | Trailblazer EXT
2006-2009-chevy-trailblazer-lt-front-grille-chrome-mesh,2006-2009 Chevrolet Trailblazer LT 4-Door Front Grille - Chrome Mesh,front grille,GRZT,1,17,2006 | 2007 | 2008 | 2009 | 4-Door | Chevrolet | FGGG-GRZT-BLAZ06LT-ME-CH | front end | front grille | grille | GRZT-TRBZ-0608LT-CM | LT | OE style | replacement grille | Sport Utility | Trailblazer | Trailblazer EXT
2007-2012-dodge-caliber-front-grille-matte-black-replacement,2007-2012 Dodge Caliber Front Grille - Matte Black Replacement,front grille,FGGG,1,31,2007 | 2007 Dodge Caliber | 2008 | 2008 Dodge Caliber | 2009 | 2009 Dodge Caliber | 2010 | 2010 Dodge Caliber | 2011 | 2011 Dodge Caliber | 2012 | 2012 Dodge Caliber | category:Front Grilles | Dodge Caliber | Dodge Caliber grille | exterior accessories | FGGG-GRZT-CALI06-ME-BK | front grill | front grille | grill | grille | make:Dodge | matte black grille | model:Caliber | replacement grille | year:2007 | year:2008 | year:2009 | year:2010 | year:2011 | year:2012
2005-2007-dodge-dakota-front-grille-matte-black-mesh-style,2005-2007 Dodge Dakota Front Grille - Matte Black Mesh Style,front grille,Generic,0,24,2005 | 2005 Dodge Dakota | 2006 | 2006 Dodge Dakota | 2007 | 2007 Dodge Dakota | aftermarket grille | bolt-on grille | category:Front Grilles | Dakota grille | Dodge Dakota | FGGG-GRZT-DAK05-ME-BK | front grille | grill | grille | make:Dodge | matte black grille | mesh grille | model:Dakota | replacement grille | truck grille | year:2005 | year:2006 | year:2007
2007-2014-gmc-yukon-yukon-xl-front-grille-chrome,2007-2014 GMC Yukon / Yukon XL Front Grille - Chrome,front grille,Generic,1,34,2007 | 2007-2014 GMC Yukon | 2008 | 2009 | 2010 | 2011 | 2012 | 2013 | 2014 | category:Front Grilles | chrome | chrome grille | exterior accessories | FGGG-GRZT-DNL07-ME-CH | front grille | GMC | GMC Yukon grille | GMC Yukon XL grille | grill | grille | make:GMC | model:Yukon | replacement grille | year:2007 | year:2008 | year:2009 | year:2010 | year:2011 | year:2012 | year:2013 | year:2014 | Yukon Denali grille | Yukon XL 1500 | Yukon XL 2500
2002-2008-gmc-envoy-front-grille-matte-black-replacement-grill,2002-2008 GMC Envoy Front Grille - Matte Black Replacement Grill,front grille,FGGG,1,28,2002 | 2002-2008 | 2003 | 2004 | 2005 | 2006 | 2007 | 2008 | category:Front Grilles | Envoy | exterior accessories | FGGG-GRZT-ENVO02-ME-BK | front grill | front grille | GMC | GMC Envoy grille | grill | make:GMC | matte black | model:Envoy | replacement grille | year:2002 | year:2003 | year:2004 | year:2005 | year:2006 | year:2007 | year:2008
2007-2010-ford-explorer-sport-trac-front-grille-chrome,2007-2010 Ford Explorer Sport Trac Front Grille - Chrome,front grille,Generic,0,22,2007 | 2008 | 2009 | 2010 | category:Front Grilles | chrome grille | Explorer Sport Trac | FGGG-GRZT-EXPL07ST-ME-CH | Ford | Ford Explorer Sport Trac grille | front grill | front grille | grill | grille | make:Ford | model:Explorer | OE replacement | replacement grille | year:2007 | year:2008 | year:2009 | year:2010
2004-2008-ford-f-150-front-grille-matte-black-mesh-style,2004-2008 Ford F-150 Front Grille - Matte Black Mesh Style,front grille,Generic,1,27,2004 | 2004-2008 | 2005 | 2006 | 2007 | 2008 | aftermarket grille | category:Front Grilles | F150 | FGGG-GRZT-F15004-ME-BK | Ford F-150 | Ford F-150 grille | front grille | grill | grille | make:Ford | matte black | mesh grille | model:F-150 | pickup truck | replacement grille | truck grille | year:2004 | year:2005 | year:2006 | year:2007 | year:2008
2000-2005-chevy-impala-front-grille-matte-black-replacement,2000-2005 Chevrolet Impala Front Grille - Replacement,front grille,Replacement,1,20,2000 | 2000 Impala | 2001 | 2001 Impala | 2002 | 2002 Impala | 2003 | 2003 Impala | 2004 | 2004 Impala | 2005 | 2005 Impala | Chevrolet | Chevy Impala grille | FGGG-GRZT-IMPA00-ME-BK | front grill | front grille | grille | Impala | replacement grille
2000-2005-chevy-impala-front-grille-chrome-finish,2000-2005 Chevrolet Impala Front Grille - Pegasus,front grille,Pegasus,1,21,2000 | 2000 Impala | 2001 | 2001 Impala | 2002 | 2002 Impala | 2003 | 2003 Impala | 2004 | 2004 Impala | 2005 | 2005 Impala | Chevrolet | Chevy Impala | FGGG-GRZT-IMPA00-ME-CH | front grill | front grille | grille | Impala | PEGASUS(ZT)-IPL-0005-CM | replacement grille
2000-2005-chevy-impala-front-grille-matte-black-replacement-1,2000-2005 Chevrolet Impala Matte Black Front Grille - FGGG,front grille,FGGG,1,21,2000 | 2000 Impala | 2001 | 2001 Impala | 2002 | 2002 Impala | 2003 | 2003 Impala | 2004 | 2004 Impala | 2005 | 2005 Impala | Chevrolet Impala | Chevy Impala | exterior accessories | FGGG-GRZT-IMPA00-ME-MB | front grill | front grille | grille | matte black | replacement grille
2006-2016-chevy-impala-monte-carlo-front-grille-black,2006-2016 Chevrolet Impala & Monte Carlo Front Grille - Black,front grille,aftermarket,1,33,2006 | 2006 Impala | 2006 Monte Carlo | 2007 | 2007 Impala | 2007 Monte Carlo | 2008 | 2008 Impala | 2009 | 2009 Impala | 2010 | 2010 Impala | 2011 | 2011 Impala | 2012 | 2013 | 2014 | 2015 | 2016 | black | black grille | Chevrolet Impala | chevy impala grille | FGGG-GRZT-IMPA06-ME-BK | front grill | front grille | grille | Impala grille | Impala Limited | Impala Limited grille | Monte Carlo | Monte Carlo grille | replacement grille
2006-2016-chevy-impala-monte-carlo-front-grille-chrome,2006-2016 Chevrolet Impala & Monte Carlo Front Grille - GRZT,front grille,GRZT,1,38,2-door coupe | 2006 | 2006 Impala | 2006 Monte Carlo | 2007 | 2007 Impala | 2007 Monte Carlo | 2008 | 2008 Impala | 2009 | 2009 Impala | 2010 | 2010 Impala | 2011 | 2011 Impala | 2012 | 2012 Impala | 2013 | 2013 Impala | 2014 | 2014 Impala Limited | 2015 | 2015 Impala Limited | 2016 | 2016 Impala Limited | 4-door sedan | Chevrolet Impala | fggg-grzt-impa06-me-ch | front end | front grille | grille replacement | GRZT-IPL-0610-CM | Impala Limited | LS | LT | LTZ | Monte Carlo | replacement grille
2004-2007-nissan-titan-armada-front-grille-matte-black,2004-2007 Nissan Titan Armada Front Grille - Matte Black,front grille,FGGG,1,30,2004 | 2004 Titan | 2005 | 2005 Armada | 2005 Titan | 2006 | 2006 Armada | 2006 Titan | 2007 | 2007 Armada | 2007 Titan | category:Front Grilles | FGGG-GRZ-TIT04-VT-BK | front grille | grill | grille | GRZ-TTN-0406-BK | make:Nissan | matte black grille | model:Armada | model:Titan | Nissan Armada | Nissan grille | Nissan Titan | replacement grille | truck grille | year:2004 | year:2005 | year:2006 | year:2007
09-12-dodge-ram-1500-mesh-style-front-grille-black,2009-2012 Dodge Ram 1500 Mesh Front Grille - Black,front grille,Stehlen Auto,0,19,2009 | 2009 Ram 1500 | 2010 | 2010 Ram 1500 | 2011 | 2011 Ram 1500 | 2012 | 2012 Ram 1500 | black grille | Dodge Ram | Dodge Ram 1500 grille | FGGG-GRZT-RAM09-ME-BK | front grill | front grille | mesh grille | mesh style grille | Ram 1500 | replacement grille | truck grille
2009-2012-dodge-ram-1500-front-grille-chrome-mesh-style,2009-2012 Dodge Ram 1500 Front Grille Guard - GRZT,bull guard - advance series w/skid plate,GRZT,1,14,2009 | 2010 | 2011 | 2012 | bull bar | chrome | dodge ram | dodge ram 1500 | FGGG-GRZT-RAM09-ME-CH | front bumper guard | front grille | grille guard | ram 1500 | truck accessories
07-14-chevy-tahoe-suburban-avalanche-front-grille-matte-black,2007-2014 Chevrolet Tahoe/Suburban/Avalanche Front Grille - Black,front grille,Stehlen Auto,0,21,2007 | 2008 | 2009 | 2010 | 2011 | 2012 | 2013 | 2014 | Avalanche | black grille | Chevrolet | Chevy | custom grille | FGGG-GRZT-TAHO07-ME-BK | front grill | front grille | grille | replacement grille | Suburban | SUV grille | Tahoe
02-06-cadillac-escalade-front-grille-chrome-mesh-style,02-06 Cadillac Escalade Front Grille - Chrome Mesh Style,front grille,Generic,1,26,2002 Escalade | 2003 Escalade | 2004 Escalade | 2005 Escalade | 2006 Escalade | Cadillac | Cadillac Escalade grille | category:Front Grilles | chrome grille | Escalade ESV | Escalade EXT | exterior accessories | FGGG-GRZV-ESCL02-VT-CH | front grille | grill | grille | GRZV-ESCL-0206-CM | make:Cadillac | mesh grille | model:Escalade | replacement grille | year:2002 | year:2003 | year:2004 | year:2005 | year:2006
2007-2014-ford-expedition-vertical-front-grille-black,2007-2014 Ford Expedition Vertical Front Grille - Black,front grille,FGGG,1,30,2007 | 2008 | 2009 | 2010 | 2011 | 2012 | 2013 | 2014 | black grille | category:Front Grilles | Expedition | exterior | FGGG-GRZV-EXPED07-VT-BK | Ford | front end | front grille | grill | grille | make:Ford | model:Expedition | replacement grille | vertical grille | year:2007 | year:2008 | year:2009 | year:2010 | year:2011 | year:2012 | year:2013 | year:2014
2004-2008-ford-f-150-front-grille-vertical-style-matte-black,2004-2008 Ford F-150 Front Grille - Vertical Style Matte Black,front grille,JDM,1,29,2004 | 2004-2008 | 2005 | 2006 | 2007 | 2008 | aftermarket grille | category:Front Grilles | F-150 grille replacement | FGGG-GRZV-F15004-VT-BK | Ford accessories | Ford F-150 | Ford F150 | front grill | front grille | grill | grille | GRZV-F150-0405-JDM | make:Ford | matte black grille | model:F-150 | pickup truck | truck grille | vertical grille | year:2004 | year:2005 | year:2006 | year:2007 | year:2008
2004-2008-ford-f-150-front-grille-chrome-vertical-style,2004-2008 Ford F-150 Front Grille Chrome Vertical Style,front grille,Generic,1,31,2004 | 2004 F-150 | 2005 | 2005 F-150 | 2006 | 2006 F-150 | 2007 | 2007 F-150 | 2008 | 2008 F-150 | aftermarket grille | category:Front Grilles | chrome | chrome grille | exterior accessories | F-150 | FGGG-GRZV-F15004-VT-CH | Ford F-150 | Ford truck grille | front grille | grill | grille | make:Ford | model:F-150 | truck accessories | vertical grille | year:2004 | year:2005 | year:2006 | year:2007 | year:2008
2004-2008-ford-f-150-vertical-style-front-grille-matte-black,2004-2008 Ford F-150 Vertical Style Front Grille - Matte Black,front grille,FGGG,1,28,2004 | 2004 F-150 | 2005 | 2005 F-150 | 2006 | 2006 F-150 | 2007 | 2007 F-150 | 2008 | 2008 F-150 | aftermarket grille | category:Front Grilles | custom grille | F150 grille | FGGG-GRZV-F15004-VT-MB | Ford F-150 | Ford grille | front grille | make:Ford | matte black grille | model:F-150 | truck grille | vertical grille | year:2004 | year:2005 | year:2006 | year:2007 | year:2008
2011-2016-ford-f-250-f-350-super-duty-front-grille-matte-black,2011-2016 Ford F-250 F-350 Super Duty Front Grille - Matte Black,front grille,FGGG,1,32,2011 | 2012 | 2013 | 2014 | 2015 | 2016 | category:Front Grilles | exterior accessories | F-250 | F-350 | FGGG-GRZV-F25011-VT-BK | Ford | Ford F250 | Ford F350 | front grille | grill | grille | GRZV-F250-1112-BK | make:Ford | matte black | model:F-250 | model:F-350 | model:Super Duty | replacement grille | Super Duty | truck grille | year:2011 | year:2012 | year:2013 | year:2014 | year:2015 | year:2016
1999-2004-ford-super-duty-excursion-front-grille-black,1999-2004 Ford Super Duty Excursion Front Grille - Black,front grille,GRZV,1,33,1999 | 2000 | 2001 | 2002 | 2003 | 2004 | black grille | category:Front Grilles | Excursion | F-250 | F-350 | F-450 | F-550 | FGGG-GRZV-F25099-VT-BK | Ford | Ford Super Duty grille | front grill | front grille | grill | grille | GRZV-F25099-BK | make:Ford | model:Excursion | model:Super Duty | replacement grille | Super Duty | truck grille | year:1999 | year:2000 | year:2001 | year:2002 | year:2003 | year:2004
1999-2004-ford-super-duty-excursion-front-grille-chrome,1999-2004 Ford Super Duty Excursion Front Grille - Chrome,front grille,GRZV,1,31,1999 | 1999-2004 | 2000 | 2001 | 2002 | 2003 | 2004 | category:Front Grilles | chrome grille | F-250 grille | F-350 grille | F-450 grille | F-550 grille | FGGG-GRZV-F25099-VT-CH | Ford Excursion grille | Ford grille | Ford Super Duty grille | front grille | GRZV-F250-9904-CM | make:Ford | model:Excursion | model:Super Duty | OE style grille | replacement grille | truck grille | year:1999 | year:2000 | year:2001 | year:2002 | year:2003 | year:2004
2006-2009-dodge-ram-1500-2500-3500-front-grille-matte-black,2006-2009 Dodge Ram 1500 2500 3500 Front Grille - Matte Black,front grille,FGGG,1,28,2006 | 2007 | 2008 | 2009 | category:Front Grilles | Dodge Ram | exterior accessories | FGGG-GRZV-RAM06-VT-BK | front grille | grill | grille | GRZV-RAM-0608-BK | make:Dodge | make:Ram | matte black | model:1500 | model:2500 | model:3500 | model:Ram | Ram 1500 | Ram 2500 | Ram 3500 | replacement grille | truck accessories | year:2006 | year:2007 | year:2008 | year:2009
2006-2009-dodge-ram-1500-2500-3500-front-grille-chrome,2006-2009 Dodge Ram 1500 2500 3500 Front Grille - Chrome,front grille,Generic,1,31,2006 | 2006 Dodge Ram | 2007 | 2007 Dodge Ram | 2008 | 2008 Dodge Ram | 2009 | 2009 Dodge Ram | category:Front Grilles | chrome front grille | chrome grille | Dodge Ram accessories | Dodge Ram grille | exterior accessories | FGGG-GRZV-RAM06-VT-CH | front grille | make:Dodge | make:Ram | model:1500 | model:2500 | model:3500 | model:Ram | Ram 1500 grille | Ram 2500 grille | Ram 3500 grille | replacement grille | truck grille | year:2006 | year:2007 | year:2008 | year:2009
1994-2002-dodge-ram-1500-2500-3500-front-grille-black,1994-2002 Dodge Ram 1500 2500 3500 Front Grille - Black,front grille,Generic,1,38,1994 | 1995 | 1996 | 1997 | 1998 | 1999 | 2000 | 2001 | 2002 | black grille | category:Front Grilles | Dodge | Dodge Ram | FGGG-GRZV-RAM94-VT-BK | front grill | front grille | grill | grille | make:Dodge | make:Ram | model:1500 | model:2500 | model:3500 | model:Ram | pickup truck | Ram 1500 | Ram 2500 | Ram 3500 | replacement grille | year:1994 | year:1995 | year:1996 | year:1997 | year:1998 | year:1999 | year:2000 | year:2001 | year:2002
1994-2002-dodge-ram-1500-2500-3500-vertical-front-grille-matte-black,1994-2002 Dodge Ram 1500 2500 3500 Vertical Front Grille Matte Black,front grille,FGGG,1,41,1994 | 1994-2002 | 1995 | 1996 | 1997 | 1998 | 1999 | 2000 | 2001 | 2002 | bolt-on grille | category:Front Grilles | custom grille | Dodge | Dodge Ram grille | FGGG-GRZV-RAM94-VT-MB | front grille | make:Dodge | make:Ram | matte black grille | model:1500 | model:2500 | model:3500 | model:Ram | Ram | Ram 1500 grille | Ram 2500 grille | Ram 3500 grille | replacement grille | truck grille | vertical grille | vertical style | year:1994 | year:1995 | year:1996 | year:1997 | year:1998 | year:1999 | year:2000 | year:2001 | year:2002
1999-2006-chevy-silverado-tahoe-suburban-front-grille-black,1999-2006 Chevrolet Silverado Tahoe Suburban Front Grille - Black,front grille,Stehlen Auto,1,22,1999 | 2000 | 2001 | 2002 | 2003 | 2004 | 2005 | 2006 | black grille | Chevrolet | FGGG-GRZV-SIL99-VT-BK | front grill | front grille | grille guard | replacement grille | Silverado | Silverado 1500 | Silverado 2500 | Suburban | Suburban 1500 | Suburban 2500 | Tahoe
2010-2014-vw-golf-mk6-jetta-front-lower-bumper-grille-black,2010-2014 Volkswagen Golf MK6 Front Lower Bumper Grille - Black,front grille,Unknown,1,24,2010 | 2010 volkswagen golf | 2011 | 2011 volkswagen golf | 2012 | 2012 golf r | 2012 volkswagen golf | 2013 | 2013 golf r | 2013 volkswagen golf | 2014 | black grille | bumper grille replacement | FG-GOLF08LO-ME-BK | front bumper grille | front grille | golf mk6 | golf r | jetta | jetta wagon | LGR-GF6-0811-BK | lower bumper grille | mk6 | volkswagen golf
2010-2014-vw-golf-mk6-jetta-front-grille-matte-black,2010-2013 Volkswagen Golf MK6 Front Grille - Matte Black,front grille,Aftermarket,1,20,2010 | 2011 | 2012 | 2013 | 2014 | exterior | FG-GOLF08LO-ME-MB | front end | front grille | golf | golf mk6 | golf r | grille | jetta | jetta wagon | matte black | mk6 | replacement grille | volkswagen | VW
1993-1999-volkswagen-golf-cabrio-abs-front-grille-black-horizontal,1993-1999 Volkswagen Golf/Cabrio Upper Grille Black - Horizontal,front grille,Aftermarket,1,30,1993 | 1993 volkswagen golf | 1994 | 1994 volkswagen golf | 1995 | 1995 volkswagen cabrio | 1995 volkswagen golf | 1996 | 1996 volkswagen cabrio | 1996 volkswagen golf | 1997 | 1997 volkswagen cabrio | 1997 volkswagen golf | 1998 | 1998 volkswagen cabrio | 1998 volkswagen golf | 1999 | 1999 volkswagen cabrio | ABS grille | black grille | FG-GOLF93-H-BK | front grille | horizontal grille | replacement grille | single bulb headlights | upper grille | volkswagen cabrio grille | volkswagen golf grille | VW cabrio grille | VW golf grille
2008-2011-audi-a3-rs-style-front-grille-matte-black-w-logo,2008-2011 Audi A3 RS Style Front Grille Matte Black w/ Logo,front grille,Generic,1,26,2008 | 2008 2009 2010 2011 | 2009 | 2010 | 2011 | A3 | A3 Quattro | aftermarket grille | Audi | Audi A3 grille | Audi grille replacement | category:Front Grilles | combo front grill | FG-GR-A308-RS-MB+EM-AUDI-S3 | front grill | front grille | honeycomb grille | make:Audi | matte black grille | model:A3 | RS grille | RS style grille | year:2008 | year:2009 | year:2010 | year:2011
2007-2014-gmc-yukon-xl-front-lower-bumper-grille-black,2007-2014 GMC Yukon XL Front Lower Bumper Grille - Black,front grille,FG,0,34,2007 | 2007-2014 Yukon | 2008 | 2009 | 2010 | 2011 | 2012 | 2013 | 2014 | black grille | bumper grille | category:Front Grilles | exterior accessories | FG-GRBD-DNL07LOWER-BK | front grill | front grille | GMC accessories | GMC Yukon grille | GMC Yukon XL grille | GRBD-DNL-0708-BK | lower bumper grille | make:GMC | model:Yukon | year:2007 | year:2008 | year:2009 | year:2010 | year:2011 | year:2012 | year:2013 | year:2014 | Yukon Denali grille | Yukon XL 1500 | Yukon XL 2500
2007-2014-gmc-yukon-xl-front-lower-bumper-grille-chrome-1,2007-2014 GMC Yukon XL Front Lower Bumper Grille - Chrome,front grille,FG,1,35,2007 | 2007-2014 | 2008 | 2009 | 2010 | 2011 | 2012 | 2013 | 2014 | bumper grill | category:Front Grilles | chrome grille | FG-GRBD-DNL07LOWER-CH | front grill | front grille | GMC grille | GMC Yukon grille | GMC Yukon XL grille | GRBD-DNL-0708-CM | HG-DEN07LWCO | lower bumper grille | make:GMC | model:Yukon | replacement grille | year:2007 | year:2008 | year:2009 | year:2010 | year:2011 | year:2012 | year:2013 | year:2014 | Yukon Denali | Yukon XL 1500 | Yukon XL 2500
2007-2014-gmc-yukon-yukon-xl-front-grille-matte-black,2007-2014 GMC Yukon / Yukon XL Front Grille - Matte Black,front grille,OEM Replacement,1,35,2007 | 2007-2014 GMC Yukon | 2008 | 2009 | 2010 | 2011 | 2012 | 2013 | 2014 | category:Front Grilles | exterior accessories | FG-GRZD-DNL07-BK | front grill | front grille | GMC grille | GMC Yukon grille | GMC Yukon XL grille | grill | grille | GRZD-DNL-0710-BK | make:GMC | matte black grille | model:Yukon | replacement grille | year:2007 | year:2008 | year:2009 | year:2010 | year:2011 | year:2012 | year:2013 | year:2014 | Yukon Denali grille | Yukon XL 1500 | Yukon XL 2500
2007-2014-gmc-yukon-yukon-xl-front-grille-chrome-1,2007-2014 GMC Yukon Yukon XL Front Grille - Chrome,front grille,Generic,1,34,2007 | 2007-2014 GMC Yukon | 2008 | 2009 | 2010 | 2011 | 2012 | 2013 | 2014 | category:Front Grilles | chrome front grill | chrome grille | FG-GRZD-DNL07-CH | front grille | GMC grille | GMC Yukon grille | GMC Yukon XL grille | grill | GRZD-DNL-0708-CM | HG-DEN07CO | make:GMC | model:Yukon | replacement grille | year:2007 | year:2008 | year:2009 | year:2010 | year:2011 | year:2012 | year:2013 | year:2014 | Yukon Denali grille | Yukon XL 1500 | Yukon XL 2500
2007-2014-cadillac-escalade-front-grille-matte-black,2007-2014 Cadillac Escalade Front Grille - Matte Black,front grille,Generic,1,32,2007 | 2008 | 2009 | 2010 | 2011 | 2012 | 2013 | 2014 | aftermarket grille | Cadillac | category:Front Grilles | Escalade | Escalade EXT | exterior accessories | FG-GRZ-ESCL07-BK | front grill | front grille | grill | grille | GRZ-ESCL-0708-BK | make:Cadillac | matte black | model:Escalade | replacement grille | year:2007 | year:2008 | year:2009 | year:2010 | year:2011 | year:2012 | year:2013 | year:2014
2007-2014-cadillac-escalade-front-grille-chrome-mesh-style,2007-2014 Cadillac Escalade Front Grille - Chrome Mesh Style,front grille,Generic,1,40,2007 | 2007 escalade | 2008 | 2008 escalade | 2009 | 2009 escalade | 2010 | 2010 escalade | 2011 | 2011 escalade | 2012 | 2012 escalade | 2013 | 2013 escalade | 2014 | 2014 escalade | aftermarket grille | cadillac | cadillac escalade ext grille | cadillac escalade grille | category:Front Grilles | chrome grille | chrome mesh grille | escalade ext | FG-GRZ-ESCL07-CH | front grille | grill | grille | GRZ-ESCL-0708-CM | make:Cadillac | model:Escalade | replacement grille | year:2007 | year:2008 | year:2009 | year:2010 | year:2011 | year:2012 | year:2013 | year:2014
2007-2014-cadillac-escalade-diamond-mesh-front-grille-matte-black,2007-2014 Cadillac Escalade Diamond Mesh Front Grille - Matte Black,front grille,Generic,1,34,2007 | 2007-2014 | 2008 | 2009 | 2010 | 2011 | 2012 | 2013 | 2014 | aftermarket grille | bolt-on grille | Cadillac | Cadillac Escalade grille | category:Front Grilles | custom grille | diamond mesh | Escalade | Escalade EXT | FG-GRZ-ESCL07-MB | front grill | front grille | honeycomb grille | make:Cadillac | matte black | mesh grille | model:Escalade | year:2007 | year:2008 | year:2009 | year:2010 | year:2011 | year:2012 | year:2013 | year:2014
07-13-chevy-silverado-1500-front-grille-matte-black,2007-2013 Chevrolet Silverado 1500 Front Grille - Black,front grille,Stehlen Auto,1,18,2007 | 2008 | 2009 | 2010 | 2011 | 2012 | 2013 | black | Chevrolet | chevy silverado grille | FG-GRZV-SIL07-BK | front end | front grille | grille | replacement grille | Silverado | Silverado 1500 | truck grille
2007-2013-chevy-silverado-1500-vertical-front-grille-matte-black,2007-2013 Chevrolet Silverado 1500 Vertical Style Front Grille - Matte Black,front grille,Aftermarket,1,23,2007 | 2007 Silverado grille | 2008 | 2008 Silverado grille | 2009 | 2009 Silverado grille | 2010 | 2010 Silverado grille | 2011 | 2011 Silverado grille | 2012 | 2012 Silverado grille | 2013 | 2013 Silverado grille | Chevrolet Silverado 1500 | custom grille | FG-GRZV-SIL07-MB | front grille | grille upgrade | matte black grille | Silverado grille | truck grille replacement | vertical grille
2004-2006-mazda-3-sedan-front-grille-matte-black,2004-2006 Mazda 3 Sedan Front Grille - Matte Black,front grille,Aftermarket,1,23,2004 | 2004 Mazda 3 | 2005 | 2005 Mazda 3 | 2006 | 2006 Mazda 3 | category:Front Grilles | exterior accessories | FG-MAZ34D-AM-BK | front grill | front grille | grill | grille | make:Mazda | matte black grille | Mazda 3 | Mazda3 | model:Mazda3 | replacement grille | sedan grille | year:2004 | year:2005 | year:2006
2004-2006-mazda-3-sedan-matte-black-front-grille-replacement,2004-2006 Mazda 3 Sedan Matte Black Front Grille Replacement,front grille,Aftermarket,1,22,2004 | 2004 mazda 3 | 2005 | 2005 mazda 3 | 2006 | 2006 mazda 3 | category:Front Grilles | exterior accessories | FG-MAZ34D-AM-MB | front grill | front grille | make:Mazda | matte black grille | mazda 3 | mazda 3 grille | mazda3 | model:Mazda3 | replacement grille | sedan grille | year:2004 | year:2005 | year:2006
1998-2003-lincoln-navigator-blackwood-chrome-vertical-front-grille,1998-2003 Lincoln Navigator Blackwood Chrome Vertical Front Grille,front grille,Generic,1,27,1998 | 1999 | 2000 | 2001 | 2002 | 2003 | ABS grille | category:Front Grilles | chrome front grille | chrome grille | exterior accessories | FG-NAV98-VT-CH | front grille | GRZV-NVG-9802-CM | Lincoln Blackwood | Lincoln grille | Lincoln Navigator | make:Lincoln | model:Navigator | vertical grille | vertical style grille | year:1998 | year:1999 | year:2000 | year:2001 | year:2002 | year:2003
2002-2005-dodge-ram-rivet-style-mesh-front-grille-black-abs,2002-2005 Dodge Ram Rivet Style Mesh Front Grille - Black ABS,front grille,Power,1,32,2002 | 2002 Dodge Ram | 2003 | 2003 Dodge Ram | 2004 | 2004 Dodge Ram | 2005 | 2005 Dodge Ram | ABS grille | black grille | category:Front Grilles | custom grille | Dodge Ram grille | exterior accessories | FG-RAM02-RVT-ME-BK | front grille | grille | make:Dodge | make:Ram | mesh grille | model:Ram | power-rvt-ram0205bk | Ram 1500 | Ram 2500 | Ram 3500 | replacement grille | rivet style grille | truck accessories | year:2002 | year:2003 | year:2004 | year:2005
2002-2005-dodge-ram-1500-2500-3500-rivet-mesh-grille-matte-black,2002-2005 Dodge Ram 1500 2500 3500 Rivet Mesh Grille Matte Black,front grille,Power,1,34,2002 | 2002-2005 | 2003 | 2004 | 2005 | ABS grille | bolt-on grille | category:Front Grilles | custom grille | Dodge Ram | Dodge Ram grille | FG-RAM02-RVT-ME-MB | front grille | grill | grille | make:Dodge | make:Ram | matte black | mesh grille | model:1500 | model:2500 | model:3500 | model:Ram | POWER-RVT-RAM-0205-MB | Ram 1500 | Ram 2500 | Ram 3500 | replacement grille | rivet style | studded mesh | year:2002 | year:2003 | year:2004 | year:2005
2006-2009-dodge-ram-1500-2500-3500-mesh-front-grille-matte-black,2006-2009 Dodge Ram 1500 2500 3500 Mesh Front Grille - Matte Black,front grille,Power,0,32,2006 | 2006 2007 2008 2009 | 2007 | 2008 | 2009 | ABS grille | aftermarket grille | bolt-on grille | category:Front Grilles | Dodge | Dodge Ram | FG-RAM06-ME-MB | front grille | make:Dodge | make:Ram | matte black grille | mesh grille | mesh style grille | model:1500 | model:2500 | model:3500 | model:Ram | POWER-MSH-RAM-0608-MB | Ram 1500 | Ram 2500 | Ram 3500 | replacement grille | truck grille | year:2006 | year:2007 | year:2008 | year:2009
2006-2009-dodge-ram-1500-2500-3500-mesh-front-grille-black,2006-2009 Dodge Ram 1500 2500 3500 Mesh Front Grille - Black,front grille,Power,1,29,2006 | 2007 | 2008 | 2009 | black grille | bolt-on grille | category:Front Grilles | Dodge Ram | Dodge Ram grille | FG-RAM06-ME-BK | front grille | make:Dodge | make:Ram | mesh front grill | mesh grille | model:1500 | model:2500 | model:3500 | model:Ram | POWER-MSH-RAM-0608-BK | Ram 1500 | Ram 2500 | Ram 3500 | replacement grille | truck grille | year:2006 | year:2007 | year:2008 | year:2009
2010-2018-ram-2500-3500-4500-5500-big-horn-style-chrome-grille,2010-2018 Dodge Ram 2500/3500/4500/5500 Big Horn Grille - Chrome,front grille,Aftermarket,1,22,2010 | 2010 2011 2012 2013 2014 2015 2016 2017 2018 | 2011 | 2012 | 2013 | 2014 | 2015 | 2016 | 2017 | 2018 | ABS grille | big horn grille | chrome grille | dodge ram 2500 | dodge ram 3500 | dodge ram 4500 | dodge ram 5500 | FG-RAM102500-BH-CH | front grille | replacement grille | truck grille | Z-RAM-1017-CM
2013-2024-ram-1500-big-horn-style-front-grille-black-abs,2013-2024 Dodge Ram 1500 Big Horn Style ABS Front Grille - Black,front grille,Aftermarket,1,36,2013 | 2013 ram 1500 | 2014 | 2014 ram 1500 | 2015 | 2015 ram 1500 | 2016 | 2016 ram 1500 | 2017 | 2017 ram 1500 | 2018 | 2018 ram 1500 | 2019 | 2019 ram 1500 classic | 2020 | 2020 ram 1500 classic | 2021 | 2021 ram 1500 classic | 2022 | 2022 ram 1500 classic | 2023 | 2023 ram 1500 classic | 2024 | 2024 ram 1500 classic | abs grille | big horn | black grille | dodge ram | FG-RAM131500-BH-BK | front grille | grille replacement | ram 1500 | ram 1500 classic | replacement grille | truck grille | Z-RAM1500-1317-GB
2013-2022-ram-1500-big-horn-style-front-grille-matte-black-abs,2013-2022 Dodge Ram 1500 Big Horn Style Grille Matte Black,front grille,OE Style,1,33,2013 | 2013 ram 1500 | 2014 | 2014 ram 1500 | 2015 | 2015 ram 1500 | 2016 | 2016 ram 1500 | 2017 | 2017 ram 1500 | 2018 | 2018 ram 1500 | 2019 | 2019 ram 1500 classic | 2020 | 2020 ram 1500 classic | 2021 | 2021 ram 1500 classic | 2022 | 2022 ram 1500 classic | ABS grille | big horn style | dodge ram | FG-RAM131500-BH-MB | front end replacement | front grille | grille | matte black | old body style | ram 1500 | ram 1500 classic | replacement grille | truck grille
2013-2024-ram-1500-honeycomb-rebel-style-front-grille-black-abs,2013-2024 Dodge Ram 1500 Honeycomb Rebel Style Front Grille - Black,front grille,Aftermarket,1,26,1500 classic | 2013 | 2014 | 2015 | 2016 | 2017 | 2018 | 2019 | 2020 | 2021 | 2022 | 2023 | 2024 | ABS grille | black grille | dodge ram | dodge ram 1500 | FG-RAM131500-RB-BK | front grille | grille | honeycomb grille | ram 1500 | rebel style | replacement grille | truck grille | ZH-RAM1315-BK
2013-2022-ram-1500-honeycomb-rebel-style-front-grille-matte-black,2013-2022 Dodge Ram 1500 Honeycomb Rebel Style Front Grille - Matte Black,front grille,Aftermarket,1,32,2013 | 2013 ram 1500 | 2014 | 2014 ram 1500 | 2015 | 2015 ram 1500 | 2016 | 2016 ram 1500 | 2017 | 2017 ram 1500 | 2018 | 2018 ram 1500 | 2019 | 2019 ram 1500 classic | 2020 | 2020 ram 1500 classic | 2021 | 2021 ram 1500 classic | 2022 | 2022 ram 1500 classic | abs grille | dodge ram | FG-RAM131500-RB-MB | front grille | honeycomb grille | matte black grille | ram 1500 | ram 1500 classic | rebel style grille | replacement grille | truck grille | ZH-RAM1315-MB
2013-2024-ram-1500-oem-mesh-style-front-grille-black,2013-2024 Dodge Ram 1500 OE Mesh Front Grille Black - Power,front grille,Power,0,26,2013 | 2014 | 2015 | 2016 | 2017 | 2018 | 2019 | 2020 | 2021 | 2022 | 2023 | 2024 | black grille | dodge ram | dodge ram 1500 | FG-RAM14OE-ME-BK | front end | front grille | grille | mesh grille | oem mesh grille | POWER-RAM-1415-BK-NEW | ram 1500 | ram 1500 classic | replacement grille | truck grille
1994-2002-dodge-ram-1500-2500-3500-horizontal-grille-black,1994-2002 Dodge Ram 1500 2500 3500 Horizontal Grille - Black,front grille,Power,1,44,1994 | 1994-2002 | 1995 | 1996 | 1997 | 1998 | 1999 | 2000 | 2001 | 2002 | aftermarket grille | black grille | category:Front Grilles | Dodge | Dodge Ram 1500 grille | Dodge Ram 2500 grille | Dodge Ram 3500 grille | Dodge Ram grille | FG-RAM94-H-BK | front grille | grill | grille | horizontal grille | make:Dodge | make:Ram | model:1500 | model:2500 | model:3500 | model:Ram | POWER-HZT-RAM-9401-BK | Ram 1500 | Ram 2500 | Ram 3500 | replacement grille | truck grille | year:1994 | year:1995 | year:1996 | year:1997 | year:1998 | year:1999 | year:2000 | year:2001 | year:2002
1994-2002-dodge-ram-1500-2500-3500-horizontal-front-grille-matte-black,1994-2002 Dodge Ram 1500 2500 3500 Horizontal Front Grille Matte Black,front grille,Power,1,40,1994 | 1994-2002 | 1995 | 1996 | 1997 | 1998 | 1999 | 2000 | 2001 | 2002 | ABS grille | aftermarket grille | category:Front Grilles | dodge ram | dodge ram grille | FG-RAM94-H-MB | front grille | horizontal grille | make:Dodge | make:Ram | matte black grille | model:1500 | model:2500 | model:3500 | model:Ram | POWER-HZT-RAM-9401-MB | ram 1500 grille | ram 2500 grille | ram 3500 grille | replacement grille | truck grille | year:1994 | year:1995 | year:1996 | year:1997 | year:1998 | year:1999 | year:2000 | year:2001 | year:2002
1994-2002-dodge-ram-1500-2500-3500-mesh-front-grille-black,1994-2002 Dodge Ram 1500 2500 3500 Mesh Front Grille - Black,front grille,Power,1,41,1994 | 1994-2002 | 1995 | 1996 | 1997 | 1998 | 1999 | 2000 | 2001 | 2002 | black grille | category:Front Grilles | Dodge Ram | dodge ram grille | FG-RAM94-ME-BK | front grill | front grille | make:Dodge | make:Ram | mesh grille | mesh style grille | model:1500 | model:2500 | model:3500 | model:Ram | pickup truck grille | POWER-MSH-RAM-9401-BK | Ram 1500 | Ram 2500 | Ram 3500 | replacement grille | truck grille | year:1994 | year:1995 | year:1996 | year:1997 | year:1998 | year:1999 | year:2000 | year:2001 | year:2002
1994-2002-dodge-ram-1500-2500-3500-mesh-front-grille-matte-black,1994-2002 Dodge Ram 1500 2500 3500 Mesh Front Grille Matte Black,front grille,Power,1,43,1994 | 1994-2002 | 1995 | 1996 | 1997 | 1998 | 1999 | 2000 | 2001 | 2002 | ABS grille | bolt-on grille | category:Front Grilles | Dodge | Dodge Ram grille | FG-RAM94-ME-MB | front grill | front grille | make:Dodge | make:Ram | matte black grille | mesh grille | mesh style | model:1500 | model:2500 | model:3500 | model:Ram | POWER-MSH-RAM-9401-MB | Ram | Ram 1500 grille | Ram 2500 grille | Ram 3500 grille | replacement grille | truck grille | year:1994 | year:1995 | year:1996 | year:1997 | year:1998 | year:1999 | year:2000 | year:2001 | year:2002
2007-2010-chrysler-sebring-bentley-style-chrome-mesh-grille-abs,2007-2010 Chrysler Sebring Bentley Style Chrome Mesh Grille - ABS,front grille,FG,1,27,2007 | 2007 Chrysler Sebring | 2008 | 2008 Chrysler Sebring | 2009 | 2009 Chrysler Sebring | 2010 | 2010 Chrysler Sebring | ABS grille | bentley style grille | category:Front Grilles | chrome grille | chrome mesh grill | Chrysler aftermarket parts | Chrysler Sebring grille | custom grille | FG-SEB08-ME-CH | front grille | GRZT-SBR-0810-CM | make:Chrysler | mesh grille | model:Sebring | replacement grille | year:2007 | year:2008 | year:2009 | year:2010
99-06-chevy-silverado-tahoe-suburban-black-horizontal-grille,1999-2006 Chevrolet Silverado Tahoe Suburban Front Grille Black,front grille,Power,1,27,1999 | 2000 | 2001 | 2002 | 2003 | 2004 | 2005 | 2006 | black grille | bumper grille | Chevrolet | FG-SIL99-H-BK | front bumper | front grille | grille | horizontal grille | POWER-HZT-SLV-9902BK | replacement grille | Silverado | Silverado 1500 | Silverado 2500 | Suburban | Suburban 1500 | Suburban 2500 | SUV grille | Tahoe | truck grille
1999-2006-chevy-silverado-tahoe-suburban-front-grille-matte-black,1999-2006 Chevrolet Silverado Tahoe Suburban Grille Horizontal Matte Black,front grille,Power,1,27,1999 | 2000 | 2001 | 2002 | 2003 | 2004 | 2005 | 2006 | ABS grille | bumper grille | Chevrolet | FG-SIL99-H-MB | front grille | grille | horizontal grille | matte black | POWER-HZT-SLV-9902-MB | replacement grille | Silverado | Silverado 1500 | Silverado 2500 | Suburban | Suburban 1500 | Suburban 2500 | SUV grille | Tahoe | truck grille
2005-2011-toyota-tacoma-studded-mesh-rivet-style-front-grille-matte-black,2005-2011 Toyota Tacoma Studded Mesh Rivet Style Front Grille - Matte Black,front grille,Generic,1,31,2005 | 2005-2011 Tacoma | 2006 | 2007 | 2008 | 2009 | 2010 | 2011 | ABS grille | aftermarket grille | bolt-on grille | category:Front Grilles | FG-TACO05-RVT-ME-MB | front grille | make:Toyota | matte black grille | mesh grille | model:Tacoma | rivet style grille | studded mesh | Tacoma accessories | Toyota Tacoma | Toyota Tacoma grille | truck grille | year:2005 | year:2006 | year:2007 | year:2008 | year:2009 | year:2010 | year:2011
2004-2007-volkswagen-touareg-front-grille-black-torg-0206-bk,2004-2007 Volkswagen Touareg Front Grille - Black | TORG-0206-BK,front grille,Aftermarket,1,18,2004 | 2004 touareg | 2005 | 2005 touareg | 2006 | 2006 touareg | 2007 | 2007 touareg | black grille | exterior | FG-TOR03-H-BK | front end | front grille | replacement grille | TORG-0206-BK | touareg grille | volkswagen touareg | VW touareg
2022-2024-toyota-tundra-lex-style-abs-front-grille-glossy-black,2022-2024 Toyota Tundra Lex Style ABS Front Grille - Glossy Black,front grille,Generic,1,24,2022 | 2022 Tundra | 2023 | 2023 Tundra | 2024 | 2024 Tundra | ABS grille | aftermarket grille | category:Front Grilles | FG-TUN22-BL-BK-KS | front grill | front grille | glossy black grille | lex style grille | make:Toyota | model:Tundra | replacement grille | Toyota Tundra | Toyota Tundra grille | Tundra front end | Tundra grille | year:2022 | year:2023 | year:2024
2022-2024-toyota-tundra-led-front-grille-lex-style-glossy-black,2022-2024 Toyota Tundra LED Front Grille Lex Style - Glossy Black,front grille,FG,1,26,2022 | 2022 Tundra | 2023 | 2023 Tundra | 2024 | 2024 Tundra | ABS grille | aftermarket grille | category:Front Grilles | custom grille | FG-TUN22-BLLB-BK-KS | front grille | glossy black grille | LED grille | LED light bar grille | Lex style grille | make:Toyota | model:Tundra | sequential LED | TATU22-122 | Toyota Tundra | Tundra accessories | Tundra grille | year:2022 | year:2023 | year:2024
2005-2009-ford-mustang-gt-honeycomb-mesh-front-grille-black,2005-2009 Ford Mustang GT Honeycomb Mesh Front Grille - Black,front grille,Generic,1,31,2005 | 2005-2009 | 2006 | 2007 | 2008 | 2009 | aftermarket grille | black grille | category:Front Grilles | exterior accessories | FG-ZH-MUS05GT-ME-BK | Ford | Ford Mustang | front grille | grill | grille | GRZH-MST-0509-GT-BK | GT | honeycomb mesh | make:Ford | mesh grille | model:Mustang | Mustang | Mustang GT | replacement grille | S197 | year:2005 | year:2006 | year:2007 | year:2008 | year:2009
11-19-dodge-charger-chrysler-300-hex-rubber-floor-mats-3pc-black,2011-2021 Dodge Charger / Chrysler 300 RWD Rubber Floor Mats 3PC,floor mats - rubber,FMR,1,26,2011 | 2011-2021 | 2012 | 2013 | 2014 | 2015 | 2016 | 2017 | 2018 | 2019 | 2020 | 2021 | 3 piece | all season | all weather floor mats | black floor mats | Chrysler 300 floor mats | custom fit floor mats | Dodge Charger floor mats | floor mats | FMR-CHA11RWD-3P-HB | hex style | interior protection | rear wheel drive | rubber floor mats | RWD
2011-2021-dodge-challenger-rwd-hex-rubber-floor-mats-4pc-black,2011-2021 Dodge Challenger RWD All-Weather Floor Mats 4PC - Black,floor mats - rubber,Hex Style,1,26,2011 | 2011-2021 Dodge Challenger | 2012 | 2013 | 2014 | 2015 | 2016 | 2017 | 2018 | 2019 | 2020 | 2021 | 4-piece floor mats | all-season floor mats | all-weather floor mats | black floor mats | Challenger accessories | custom fit floor mats | Dodge Challenger | floor mats | FMR-CHAL11RWD-4P-HB | hex style floor mats | interior protection | rear wheel drive | rubber floor mats | RWD
2013-2019-buick-encore-hex-style-rubber-trunk-mat-all-weather,2013-2019 Buick Encore Rubber Trunk Mat All Weather - HexStyle,floor mats - rubber,HexStyle,1,22,2013 | 2013-2019 | 2014 | 2015 | 2016 | 2017 | 2018 | 2019 | all weather | black | Buick | Buick Encore accessories | cargo liner | cargo mat | custom fit | Encore | floor mat | FMR-ENCO13-1P-HB | hex style | rubber mat | trunk liner | trunk mat
2008-2017-buick-enclave-hex-style-all-weather-rubber-floor-mats-4pc,2008-2017 Buick Enclave All Weather Rubber Floor Mats 4PC - Black,floor mats - rubber,Custom Fit,1,23,2008 | 2008-2017 Buick Enclave | 2009 | 2010 | 2011 | 2012 | 2013 | 2014 | 2015 | 2016 | 2017 | 4 piece floor mats | all season | all weather floor mats | black floor mats | Buick Enclave | custom fit floor mats | floor mats | FMR-ENL08-4P-HB | hex style | interior protection | rubber floor mats | weather protection
2018-2020-buick-enclave-hex-style-all-weather-rubber-floor-mats-4pc,2018-2021 Buick Enclave Custom Fit Rubber Floor Mats 4PC - Black,floor mats - rubber,FMR,1,20,2018 | 2018 Buick Enclave | 2019 | 2019 Buick Enclave | 2020 | 2020 Buick Enclave | 2021 | 2021 Buick Enclave | 4 piece | all weather | all weather floor mats | black floor mats | bucket seats | Buick Enclave | custom fit floor mats | floor mats | FMR-ENLB18-4P-HB | hex style | interior protection | rubber floor mats
2016-2020-buick-envision-hex-style-rubber-trunk-mat-black,2016-2020 Buick Envision Rubber Trunk Mat - All Weather HB,floor mats - rubber,HB,1,18,2016 | 2017 | 2018 | 2019 | 2020 | all weather | black | Buick | cargo liner | cargo mat | custom fit | Envision | floor mat | FMR-ENVI16-1P-HB | hex style | rubber trunk mat | trunk liner | trunk mat
2010-2017-chevy-equinox-hex-style-rubber-trunk-mat-black-1pc,2010-2017 Chevrolet Equinox All-Weather Rubber Trunk Mat - 1PC,floor mats - rubber,Custom Fit Mats,1,22,2010 | 2010 2011 2012 2013 2014 2015 2016 2017 | 2011 | 2012 | 2013 | 2014 | 2015 | 2016 | 2017 | all weather | black | cargo liner | cargo mat | Chevrolet | custom fit | Equinox | floor mats | FMR-EQUI10-1P-HB | hex style | rubber mat | trunk mat | weather protection
2010-2017-chevy-equinox-all-weather-rubber-floor-mats-3pc-black,2010-2017 Chevrolet Equinox All Weather Rubber Floor Mats 3PC - Black,floor mats - rubber,Custom Auto,1,21,2010 | 2010-2017 | 2011 | 2012 | 2013 | 2014 | 2015 | 2016 | 2017 | 3 piece | all weather floor mats | black floor mats | Chevrolet Equinox | custom fit | Equinox floor mats | floor mats | FMR-EQUI10-3P-HB | hex style | interior accessories | rubber floor mats | weather protection
2018-2024-chevy-equinox-hex-style-rubber-trunk-mat-black-1pc,2018-2024 Chevrolet Equinox All-Weather Rubber Trunk Mat - 1PC,truck bed mat - rubber,Unknown,1,26,2018 | 2018 Chevrolet Equinox | 2019 | 2019 Chevrolet Equinox | 2020 | 2020 Chevrolet Equinox | 2021 | 2021 Chevrolet Equinox | 2022 | 2022 Chevrolet Equinox | 2023 | 2023 Chevrolet Equinox | 2024 | 2024 Chevrolet Equinox | all-weather | black trunk mat | cargo liner | cargo mat | custom fit | Equinox accessories | floor mat | FM-004-T | FMR-EQUI18-1P-HB | hex style | rubber mat | trunk mat
ford-f-150-lightning-supercrew-hex-rubber-floor-mats-3pc-black,2015-2023 Ford F-150 Crew Cab All Weather Floor Mats 3PC Black,floor mats - rubber,FMR,1,24,2015 | 2015-2023 F-150 | 2016 | 2017 | 2018 | 2019 | 2020 | 2021 | 2022 | 2023 | 3 piece floor mats | all season floor mats | all weather floor mats | black floor mats | crew cab floor mats | custom fit floor mats | floor mats | FMR-F15022CC-3P-HB | Ford F-150 floor mats | Ford F-150 Lightning floor mats | hex style floor mats | interior protection | rubber floor mats | super crew floor mats
ford-f-150-lightning-super-cab-hex-rubber-floor-mats-3pc-black,2015-2023 Ford F-150 Super Cab All Weather Floor Mats 3PC - Black,floor mats - rubber,Custom Fit,1,24,2015 | 2015-2023 | 2016 | 2017 | 2018 | 2019 | 2020 | 2021 | 2022 | 2023 | 3 piece | all weather floor mats | black floor mats | custom fit | Extended Cab | F-150 floor mats | floor mats | FMR-F15022SC-3P-HB | Ford accessories | Ford F-150 | hex style | rubber floor mats | Super Cab | weather protection
2013-2019-bmw-3-series-f30-hex-style-rubber-floor-mats-4pc,2012-2019 BMW 3 Series F30 All Weather Rubber Floor Mats 4PC - Black,floor mats - rubber,BMW Floor Mats,1,31,2012 | 2013 | 2014 | 2015 | 2016 | 2017 | 2018 | 2019 | 3 Series | 318i | 320i | 325i | 328d | 328i | 330e | 330i | 335i | 340i | 4 piece | all weather floor mats | black | BMW | custom fit | F30 | F31 | F34 | floor mats | FMR-F30-4P-HB | hex style | interior accessories | rubber floor mats
2022-nissan-frontier-crew-cab-hex-rubber-floor-mats-3pc-black,2022-2023 Nissan Frontier Crew Cab Rubber Floor Mats 3PC - Black,floor mats - rubber,Custom Fit,1,18,2022 | 2022 Frontier | 2023 | 2023 Frontier | 3 piece | all weather floor mats | black floor mats | crew cab | custom fit | floor mats | FMR-FRON22CC-3P-HB | Frontier accessories | hex style | interior protection | Nissan accessories | Nissan Frontier | rubber floor mats | weather protection
2022-nissan-frontier-king-cab-hex-rubber-floor-mats-3pc-black,2022-2023 Nissan Frontier King Cab 3PC Rubber Floor Mats - Black,floor mats - rubber,Custom Fit,1,18,2022 | 2022 Frontier | 2023 | 2023 Frontier | 3 piece | all weather floor mats | black floor mats | custom fit floor mats | Extended Cab | floor mats | FMR-FRON22KC-3P-HB | Frontier accessories | hex style | King Cab | Nissan accessories | Nissan Frontier | rubber floor mats | weather protection
2020-jeep-gladiator-hex-style-all-weather-rubber-floor-mats-3pc,2020-2023 Jeep Gladiator All Weather Rubber Floor Mats 3PC - Black,floor mats - rubber,Custom Fit,1,20,2020 | 2020 Gladiator | 2021 | 2021 Gladiator | 2022 | 2022 Gladiator | 2023 | 2023 Gladiator | 3 piece floor mats | all weather floor mats | black floor mats | custom fit floor mats | floor mats | FMR-GLAD20-3P-HB | Gladiator accessories | hex style floor mats | Jeep accessories | Jeep Gladiator | rubber floor mats | weather protection
14-24-lexus-gx460-toyota-4runner-hex-rubber-floor-mats-3pc,2013-2023 Toyota 4Runner / Lexus GX460 Rubber Floor Mats 3PC - Black,floor mats - rubber,Custom Fit,1,26,2013 | 2013-2023 | 2014 | 2015 | 2016 | 2017 | 2018 | 2019 | 2020 | 2021 | 2022 | 2023 | 3 piece floor mats | 4Runner floor mats | all weather floor mats | all weather protection | black floor mats | custom fit floor mats | floor mats | FMR-GX14-3P-HB | GX460 floor mats | hex style floor mats | interior accessories | Lexus GX460 | rubber floor mats | Toyota 4Runner
2020-2024-hyundai-palisade-hex-style-rubber-trunk-mat-black-1pc,2020-2024 Hyundai Palisade Rubber Trunk Mat - Custom Fit,floor mats - rubber,Custom Fit,1,19,2020 | 2020-2024 | 2021 | 2022 | 2023 | 2024 | all weather | black | cargo liner | cargo mat | custom fit | floor mat | FMR-PALI20-1P-HB | hex style | Hyundai Palisade | Palisade accessories | rubber mat | trunk liner | trunk mat
2020-hyundai-palisade-hex-style-all-weather-rubber-floor-mats-3pc,2020-2023 Hyundai Palisade All Weather Rubber Floor Mats 3PC - Black,floor mats - rubber,Custom Fit,1,21,2020 | 2020 Palisade | 2021 | 2021 Palisade | 2022 | 2022 Palisade | 2023 | 2023 Palisade | 3 piece | all weather | all weather floor mats | black floor mats | custom fit floor mats | floor mats | FMR-PALI20-3P-HB | hex style | Hyundai Palisade | interior protection | rubber floor mats | rubber mats | weather protection
honda-pilot-passport-hex-style-all-weather-rubber-floor-mats-3pc,2016-2023 Honda Pilot / Passport All Weather Floor Mats 3PC - Black,floor mats - rubber,Custom Fit,1,34,2016 | 2016 Pilot | 2017 | 2017 Pilot | 2018 | 2018 Pilot | 2019 | 2019 Passport | 2019 Pilot | 2020 | 2020 Passport | 2020 Pilot | 2021 | 2021 Passport | 2021 Pilot | 2022 | 2022 Passport | 2022 Pilot | 2023 | 2023 Passport | 2023 Pilot | 3 piece floor mats | all weather floor mats | all weather mats | black floor mats | custom fit floor mats | floor mats | FMR-PILOT16-3P-HB | hex style floor mats | Honda accessories | Honda Passport floor mats | Honda Pilot floor mats | rubber floor mats | rubber mats
2016-honda-pilot-3rd-row-rubber-floor-mat-hex-style-black,2016-2023 Honda Pilot 3rd Row Rubber Floor Mat - HexStyle,floor mats - rubber,HexStyle,1,23,2016 | 2016-2023 Honda Pilot | 2017 | 2018 | 2019 | 2020 | 2021 | 2022 | 2023 | 3rd row floor mat | all weather | all weather floor mat | cargo mat | custom fit floor mat | floor mat | FM-676-trunk3rd | FMR-PILOT163RD-1P-HB | hex style | Honda Pilot | Honda Pilot accessories | rubber floor mat | rubber mat | third row mat
2016-honda-pilot-hex-style-all-weather-rubber-floor-mats-4pc,2016-2023 Honda Pilot All Weather Rubber Floor Mats 4PC - Hex Style,floor mats - rubber,Hex Style,1,23,2016 | 2016-2023 Honda Pilot | 2017 | 2018 | 2019 | 2020 | 2021 | 2022 | 2023 | 3 row floor mats | 4 piece floor mats | all weather floor mats | black floor mats | custom fit floor mats | floor mats | FMR-PILOT16-4P-HB | hex style | Honda accessories | Honda Pilot | interior protection | Pilot accessories | rubber floor mats | weather protection
2019-2023-audi-q8-hex-style-rubber-trunk-mat-all-weather-black,2019-2024 Audi Q8 Hex Style All Weather Rubber Trunk Mat - Black,floor mats - rubber,Custom Fit,1,20,2019 | 2020 | 2021 | 2022 | 2023 | 2024 | all weather | Audi | Audi Q8 accessories | black | cargo liner | cargo mat | custom fit | floor mat | FMR-Q819-1P-HB | hex style | Q8 | rubber mat | trunk liner | trunk mat
2019-2023-audi-q8-hex-style-all-weather-rubber-floor-mats-3pc-black,2019-2024 Audi Q8 All Weather Rubber Floor Mats 3PC - Hex Style,floor mats - rubber,Hex Style,1,21,2019 | 2019-2024 | 2020 | 2021 | 2022 | 2023 | 2024 | 3 piece | all season | all weather floor mats | Audi | Audi Q8 accessories | black | custom fit floor mats | floor mats | FMR-Q819-3P-HB | front and rear | hex style | interior protection | Q8 | rubber floor mats
rivian-r1t-hex-style-all-weather-rubber-front-trunk-mat-black,2022-2023 Rivian R1T R1S Front Trunk Mat All Weather - HexStyle,floor mats - rubber,HexStyle,1,16,2022 | 2023 | all weather mat | cargo mat | custom fit | floor mat | FMR-R1TFT-1P-HB | front trunk mat | frunk liner | frunk mat | hex style | R1S | R1T | Rivian | Rivian accessories | rubber mat
2019-ford-ranger-supercrew-hex-rubber-floor-mats-3pc-black,2019-2023 Ford Ranger Crew Cab All Weather Floor Mats 3PC - Black,floor mats - rubber,Custom Auto,1,23,2019 | 2019 Ford Ranger | 2020 | 2020 Ford Ranger | 2021 | 2021 Ford Ranger | 2022 | 2022 Ford Ranger | 2023 | 2023 Ford Ranger | 3 piece | all weather floor mats | black floor mats | crew cab | custom fit | floor mats | FMR-RAN19CC-3P-HB | Ford Ranger | hex style | interior accessories | rubber floor mats | supercrew | weather protection
2019-2022-toyota-rav4-hex-style-all-weather-rubber-floor-mats-3pc,2019-2023 Toyota RAV4 All Weather Rubber Floor Mats 3PC - Black,floor mats - rubber,Custom Fit,1,22,2019 | 2019 RAV4 | 2020 | 2020 RAV4 | 2021 | 2021 RAV4 | 2022 | 2022 RAV4 | 2023 | 2023 RAV4 | 3 piece floor mats | all weather floor mats | black floor mats | custom fit floor mats | floor mats | FMR-RAV419-3P-HB | hex style | interior accessories | RAV4 floor mats | rubber floor mats | Toyota RAV4 | weather protection
2021-2023-toyota-rav4-prime-hex-style-rubber-floor-mats-3pc-black,2021-2023 Toyota RAV4 Prime Rubber Floor Mats 3PC - Hex Style,floor mats - rubber,Custom Fit,1,18,2021 | 2021 RAV4 Prime | 2022 | 2022 RAV4 Prime | 2023 | 2023 RAV4 Prime | 3 piece | all weather floor mats | black floor mats | custom fit | floor mats | FMR-RAV421P-3P-HB | hex style | interior protection | RAV4 Prime accessories | rubber floor mats | Toyota RAV4 Prime | weather protection
2016-2018-acura-rdx-all-weather-rubber-floor-mats-3pc-hex-style,2013-2018 Acura RDX All Weather Rubber Floor Mats 3PC - Hex Style,floor mats - rubber,Hex Style,1,20,2013 | 2013-2018 | 2014 | 2015 | 2016 | 2017 | 2018 | 3 piece | Acura | Acura RDX floor mats | all weather floor mats | black | custom fit | floor mats | FMR-RDX16-3P-HB | hex style | interior accessories | RDX | rubber floor mats | weather protection
2019-acura-rdx-hex-style-all-weather-rubber-floor-mats-3pc-black,2019-2021 Acura RDX All Weather Rubber Floor Mats 3PC - Black,floor mats - rubber,Custom Fit,1,18,2019 | 2019 Acura RDX | 2020 | 2020 Acura RDX | 2021 | 2021 Acura RDX | 3 piece floor mats | Acura RDX | all season floor mats | all weather floor mats | black floor mats | car floor mats | custom fit floor mats | floor mats | FMR-RDX19-3P-HB | hex style floor mats | interior protection | rubber floor mats
2022-hyundai-santa-cruz-hex-style-rubber-floor-mats-3pc-black,2022-2023 Hyundai Santa Cruz All Weather Rubber Floor Mats 3PC - Black,floor mats - rubber,Custom Fit,1,16,2022 | 2022 Santa Cruz | 2023 | 2023 Santa Cruz | 3 piece floor mats | all weather | all weather floor mats | black floor mats | custom fit floor mats | floor mats | FMR-SANTA22-3P-HB | hex style floor mats | Hyundai accessories | Hyundai Santa Cruz | interior protection | rubber floor mats
2021-toyota-sienna-hex-style-rubber-trunk-mat-all-weather-1pc,2021-2023 Toyota Sienna Custom Fit Rubber Trunk Mat - HexStyle,floor mats - rubber,HexStyle,1,19,2021 | 2021 Sienna | 2022 | 2022 Sienna | 2023 | 2023 Sienna | all weather | black | cargo liner | cargo mat | custom fit | floor mat | FMR-SIEN21OT-1P-HB | hex style | rubber | rubber trunk mat | Toyota Sienna | trunk mat | without spare tire
2021-toyota-sienna-trunk-mat-w-spare-tire-hex-style-rubber,2021-2023 Toyota Sienna Trunk Mat With Spare Tire - HexStyle,floor mats - rubber,HexStyle,1,19,2021 | 2021 Sienna | 2022 | 2022 Sienna | 2023 | 2023 Sienna | all weather | black | cargo liner | cargo mat | custom fit | floor mat | FMR-SIEN21WT-1P-HB | hex style | rubber mat | Toyota Sienna | trunk liner | trunk mat | with spare tire
14-18-chevy-silverado-gmc-sierra-crew-cab-hex-rubber-floor-mats-4pc,2014-2019 Silverado/Sierra Crew Cab Floor Mats 4PC Black Rubber,floor mats - rubber,Hex Style,1,29,2014 | 2014-2019 | 2015 | 2016 | 2017 | 2018 | 2019 | 4 piece | all weather | all weather floor mats | bench seat | black floor mats | Chevrolet Silverado | Crew Cab | custom fit floor mats | floor mats | FMR-SIL14CCBE-4P-HB | GMC Sierra | hex style | rubber floor mats | rubber mats | Sierra 1500 | Sierra 2500 HD | Sierra 3500 HD | Silverado 1500 | Silverado 2500 | Silverado 2500 HD | Silverado 3500 HD | truck floor mats
14-18-silverado-sierra-crew-cab-hex-rubber-floor-mats-2pc-black,2014-2019 Silverado/Sierra Crew Cab Rubber Floor Mats 2PC Black,floor mats - rubber,Hex Style,1,27,2 piece | 2014 | 2014-2019 | 2015 | 2016 | 2017 | 2018 | 2019 | all weather floor mats | black floor mats | bucket seats | Chevrolet Silverado | Crew Cab | custom fit floor mats | floor mats | FMR-SIL14CCBU-2P-HB | front floor mats | GMC Sierra | hex style | rubber floor mats | Sierra 1500 | Sierra 2500 HD | Sierra 3500 HD | Silverado 1500 | Silverado 2500 | Silverado 2500 HD | Silverado 3500 HD
05-11-toyota-tacoma-double-cab-hex-rubber-floor-mats-3pc-black,2005-2011 Toyota Tacoma Double Cab Rubber Floor Mats 3PC - Black,floor mats - rubber,FMR,1,23,2005 | 2005-2011 Tacoma | 2006 | 2007 | 2008 | 2009 | 2010 | 2011 | 3 piece | all weather | all weather floor mats | black floor mats | Crew Cab | custom fit | Double Cab | floor mats | FMR-TACO05DC-3P-HB | hex style | interior protection | rubber floor mats | Tacoma floor mats | Toyota accessories | Toyota Tacoma
2021-tesla-model-3-lr-hex-all-weather-rubber-floor-mats-3pc-black,2021-2023 Tesla Model 3 Long Range Custom Rubber Floor Mats 3PC,floor mats - rubber,Custom Auto,1,20,2021 | 2021 Tesla Model 3 | 2022 | 2022 Tesla Model 3 | 2023 | 2023 Tesla Model 3 | 3 piece | all weather | all weather floor mats | black floor mats | custom fit | EV accessories | floor mats | FMR-TM321LR-3P-HB | hex style | Long Range | rubber floor mats | Tesla accessories | Tesla Model 3 | Tesla Model 3 floor mats
2022-2023-tesla-model-x-hex-rubber-trunk-mats-3pc-all-weather,2021-2023 Tesla Model X All Weather Rubber Trunk Mats 3PC - HexStyle,floor mats - rubber,HexStyle,1,22,2021 | 2021 Tesla Model X | 2022 | 2022 Tesla Model X | 2023 | 2023 Tesla Model X | 3rd row up | 6 seater | 7 seater | all weather mats | black | cargo mats | custom fit | EV accessories | floor mats | FMR-TMX223RDU-3P-HB | hex style | Model X | rubber mats | Tesla | trunk liner | trunk mats
2022-2023-tesla-model-x-all-weather-hex-rubber-floor-mats-6pc-set,2021-2023 Tesla Model X 5-Seat Floor Mats & Trunk Mats 6PC - HexStyle,floor mats - rubber,HexStyle,1,21,2021 | 2021 Tesla Model X | 2022 | 2022 Tesla Model X | 2023 | 2023 Tesla Model X | 5 seat | 6 piece set | all weather floor mats | all weather protection | black floor mats | cargo mats | custom fit floor mats | floor mats | FMR-TMX225S-6P-HB | hex style | rubber floor mats | Tesla accessories | Tesla floor mats | Tesla Model X | trunk mats
2018-2024-chevy-traverse-hex-style-rubber-trunk-mat-black-1pc,2018-2024 Chevrolet Traverse Rubber Trunk Mat - Hex Style,truck bed mat - rubber,Stehlen Auto,1,20,1 piece | 2018 | 2019 | 2020 | 2021 | 2022 | 2023 | 2024 | all weather | black | cargo mat | Chevrolet | custom fit | floor mat | FMR-TRAV18-1P-HB | hex style | rubber mat | Traverse | trunk mat | weather protection
2014-2018-bmw-x5-hex-style-all-weather-rubber-trunk-mat-black,2014-2018 BMW X5 Hex Style Rubber Trunk Mat (Black) - Custom Fit,floor mats - rubber,Custom Fit,1,19,2014 | 2015 | 2016 | 2017 | 2018 | all weather | black | BMW | BMW X5 accessories | cargo liner | cargo mat | custom fit | FM-002-T | FMR-X514-1P-HB | hex style | rubber mat | trunk liner | trunk mat | X5
2014-2018-bmw-x5-hex-style-all-weather-rubber-floor-mats-3pc,2014-2018 BMW X5 All Weather Rubber Floor Mats 3PC - Hex Style,floor mats - rubber,Hex Style,1,22,2014 | 2014 BMW X5 | 2015 | 2015 BMW X5 | 2016 | 2016 BMW X5 | 2017 | 2017 BMW X5 | 2018 | 2018 BMW X5 | 3 piece floor mats | all weather | all weather floor mats | black floor mats | BMW accessories | BMW X5 floor mats | custom fit floor mats | floor mats | FMR-X514-3P-HB | front and rear floor mats | hex style | rubber floor mats
03-07-honda-accord-led-crystal-headlights-black-w-amber,03-07 Honda Accord LED Crystal Headlights Black w/ Amber,headlights - led crystal style,JDMA,1,26,2003 Honda Accord | 2004 Honda Accord | 2005 Honda Accord | 2006 Honda Accord | 2007 Honda Accord | Accord headlights | aftermarket headlights | amber reflector | black headlights | category:Headlights | crystal headlights | HDAC03B.06 | headlights | HLNB-ACC03LBW-JDMA | Honda Accord | JDMA | LED DRL | LED headlights | light bar headlights | make:Honda | model:Accord | year:2003 | year:2004 | year:2005 | year:2006 | year:2007
88-98-chevy-c10-ck-crystal-headlights-w-led-bar-8pc-chrome-set,1994-2000 Chevrolet C/K Pickup Crystal Headlights LED 8pc Set - Chrome,headlights - led crystal style,Stehlen Auto,1,28,1994 | 1994 1995 1996 1997 1998 1999 2000 Chevrolet truck headlights | 1995 | 1996 | 1997 | 1998 | 1999 | 2000 | 8 piece set | bumper lights | Chevrolet C1500 | Chevrolet C2500 | Chevrolet C3500 | Chevrolet K1500 | Chevrolet K2500 | Chevrolet K3500 | Chevrolet Suburban | Chevrolet Tahoe | chrome headlights | CK pickup | composite headlights | corner lights | crystal headlights | GMT400 | headlights | HLNB-C1088LBW8P-CHA | LED headlights | LED light bar
88-98-chevy-c10-ck-crystal-headlights-led-bar-bumper-corners-8pc-black,1994-2000 Chevrolet C/K Pickup Crystal Headlights LED 8pc Set - Black,headlights - led crystal style,JDMA,1,31,1994 | 1995 | 1996 | 1997 | 1998 | 1999 | 2000 | 8pc set | black housing | bumper lights | C/K pickup | C1500 | C2500 | C3500 | Chevrolet | composite headlights | corner lights | crystal headlights | front lighting | full size truck | headlights | HLNB-C1088LBW8P-JDMA | K1500 | K2500 | K3500 | LED headlights | LED light bar | replacement headlights | Suburban | Tahoe | truck headlights
88-98-chevy-gmc-c10-ck-crystal-headlights-w-led-light-bar-chrome,1988-2000 Chevrolet C/K Pickup Crystal Headlights w/ LED Bar - Chrome,headlights - led crystal style,Spyder Auto,1,32,1988 | 1989 | 1990 | 1991 | 1992 | 1993 | 1994 | 1995 | 1996 | 1997 | 1998 | 1999 | 2000 | C10 | Chevrolet C1500 | Chevrolet C2500 | Chevrolet C3500 | Chevrolet K1500 | Chevrolet K2500 | Chevrolet K3500 | chrome | chrome headlights | CK | CK pickup | composite headlights | crystal headlights | full size truck | headlights | HLNB-C1088LBW-CH | LED | LED light bar | truck headlights
88-98-chevy-gmc-c10-ck-crystal-headlights-w-led-light-bar-black,1988-2000 Chevrolet C/K Pickup Crystal Headlights w/LED Bar - Black,headlights - led crystal style,JDM,1,33,1988 | 1989 | 1990 | 1991 | 1992 | 1993 | 1994 | 1995 | 1996 | 1997 | 1998 | 1999 | 2000 | aftermarket headlights | black housing | C10 | Chevrolet C1500 | Chevrolet C2500 | Chevrolet C3500 | Chevrolet K1500 | Chevrolet K2500 | Chevrolet K3500 | CK pickup | composite headlights | crystal headlights | CVC1088A.03 | full size truck | headlights | HLNB-C1088LBW-JDM | JDM | LED headlights | LED light bar | truck headlights
04-05-honda-civic-crystal-headlights-w-led-light-bar-black,04-05 Honda Civic Crystal Headlights w/ LED Light Bar - Black,headlights - led crystal style,JDMA,1,20,2004 Honda Civic | 2005 Honda Civic | aftermarket headlights | amber reflector headlights | black headlights | bolt-on headlights | category:Headlights | crystal headlights | HDCV04B.06 | headlights | HLNB-CIV04LBW-JDMA | Honda Civic headlights | Honda Civic lighting | JDMA | LED headlights | LED light bar headlights | make:Honda | model:Civic | year:2004 | year:2005
01-03-honda-civic-crystal-headlights-sequential-led-bar-black,01-03 Honda Civic Crystal Headlights Sequential LED Bar - Black,headlights - led crystal style,JDMA,1,22,2001 Honda Civic | 2002 Honda Civic | 2003 Honda Civic | aftermarket headlights | amber reflector | black headlights | category:Headlights | Civic headlights | crystal headlights | headlights | HLNB-CIV01LSQ-JDMA | Honda Civic | JDM headlights | LED headlights | make:Honda | model:Civic | sequential LED | sequential turn signal | turn signal light bar | year:2001 | year:2002 | year:2003
04-05-honda-civic-crystal-headlights-sequential-led-bar-black,04-05 Honda Civic Crystal Headlights Sequential LED Bar - Black,headlights - led crystal style,JDMA,1,22,2004 Honda Civic | 2005 Honda Civic | aftermarket headlights | amber reflector | black headlights | category:Headlights | crystal headlights | crystal style | HDCV04BS.06 | headlights | HLNB-CIV04LSQ-JDMA | Honda Civic | Honda Civic headlights | JDMA | LED headlights | LED light bar | make:Honda | model:Civic | sequential LED | turn signal | year:2004 | year:2005
06-11-honda-civic-4dr-crystal-headlights-led-light-bar-black-jdma,06-11 Honda Civic 4DR Crystal Headlights LED Light Bar Black - JDMA,headlights - led crystal style,JDMA,1,25,2006-2011 Honda Civic | aftermarket headlights | amber reflectors | black headlights | bolt-on headlights | category:Headlights | crystal headlights | crystal style headlights | HDCV06F.06 | headlights | HLNB-CIV064DLBW-JDMA | Honda Civic 4DR | Honda Civic headlights | Honda Civic sedan headlights | JDMA | LED headlights | LED light bar headlights | make:Honda | model:Civic | year:2006 | year:2007 | year:2008 | year:2009 | year:2010 | year:2011
06-11-honda-civic-4dr-sequential-led-crystal-headlights-black,06-11 Honda Civic 4DR Sequential LED Crystal Headlights - Black,headlights - led crystal style,JDMA,1,31,2006 Civic | 2007 Civic | 2008 Civic | 2009 Civic | 2010 Civic | 2011 Civic | 4-door sedan | aftermarket headlights | black headlights | category:Headlights | Civic 4DR | crystal headlights | HDCV06FS.06 | headlights | HLNB-CIV064DLSQ-JDMA | Honda | Honda Civic | JDMA | LED headlights | light bar | make:Honda | model:Civic | sequential LED | sequential turn signal | turn signal | year:2006 | year:2007 | year:2008 | year:2009 | year:2010 | year:2011
96-98-honda-civic-crystal-headlights-w-led-light-bar-black,96-98 Honda Civic Crystal Headlights w/ LED Light Bar - Black,headlights - led crystal style,JDMA,1,22,1996 Honda Civic | 1997 Honda Civic | 1998 Honda Civic | aftermarket headlights | amber reflector | black headlights | bolt-on headlights | category:Headlights | civic headlights | crystal headlights | HDCV96B.06 | headlights | HLNB-CIV96LBW-JDMA | Honda Civic | JDMA | LED headlights | LED light bar | make:Honda | model:Civic | year:1996 | year:1997 | year:1998
99-00-honda-civic-crystal-headlights-w-led-light-bar-black,99-00 Honda Civic Crystal Headlights w/ LED Light Bar - Black,headlights - led crystal style,JDMA,1,21,1999 Honda Civic | 2000 Honda Civic | aftermarket headlights | amber reflectors | black headlights | bolt-on headlights | category:Headlights | crystal headlights | crystal lens | HDCV99B.06 | headlights | HLNB-CIV99LBW-JDMA | Honda Civic headlights | Honda Civic lighting | JDMA | LED headlights | LED light bar headlights | make:Honda | model:Civic | year:1999 | year:2000
2011-2016-chevrolet-cruze-crystal-headlights-chrome-jdm-style,2011-2016 Chevrolet Cruze Crystal Headlights Chrome - JDM Style,headlights - led crystal style,JDM,1,34,2011 | 2011 Cruze | 2012 | 2012 Cruze | 2013 | 2013 Cruze | 2014 | 2014 Cruze | 2015 | 2015 Cruze | 2016 | 2016 Cruze Limited | category:Headlights | Chevrolet Cruze headlights | chrome headlights | Cruze headlights | Cruze Limited headlights | crystal clear headlights | crystal headlights | CVCR11.03 | euro headlights | headlights | HLNB-CRUZ11-JDM | JDM headlights | make:Chevrolet | model:Cruze | no amber headlights | OEM style headlights | year:2011 | year:2012 | year:2013 | year:2014 | year:2015 | year:2016
04-08-ford-f-150-crystal-led-headlights-w-amber-light-bar-chrome,04-08 Ford F-150 Crystal LED Headlights w/ Amber Light Bar - Chrome,headlights - led crystal style,Spec-D Tuning,1,24,2004-2008 | aftermarket headlights | amber | category:Headlights | chrome headlights | crystal headlights | crystal style | F150 | FDPU04F.00 | Ford F-150 | Ford F150 headlights | headlights | HLNB-F15004LBW-CHA | LED headlights | LED light bar | make:Ford | model:F-150 | replacement headlights | truck headlights | year:2004 | year:2005 | year:2006 | year:2007 | year:2008
04-08-ford-f-150-led-crystal-headlights-black-w-amber-light-bar,04-08 Ford F-150 LED Crystal Headlights Black w/ Amber Light Bar,headlights - led crystal style,JDMA,1,24,2004-2008 | aftermarket headlights | amber | black headlights | category:Headlights | crystal headlights | direct replacement | F150 | FDPU04F.06 | Ford F-150 | Ford F150 headlights | headlights | HLNB-F15004LBW-JDMA | JDMA | LED headlights | LED light bar | Lincoln Mark LT | make:Ford | model:F-150 | year:2004 | year:2005 | year:2006 | year:2007 | year:2008
04-08-ford-f-150-crystal-headlights-sequential-led-signal-chrome,04-08 Ford F-150 Crystal Headlights Sequential LED Signal - Chrome,headlights - led crystal style,Spec-D Tuning,1,23,2004-2008 | aftermarket headlights | amber signal | category:Headlights | chrome headlights | crystal headlights | F150 | FDPU04FS.00 | Ford F-150 | Ford F150 headlights | headlights | HLNB-F15004LSQ-CHA | LED headlights | LED light bar | make:Ford | model:F-150 | replacement headlights | sequential turn signal | year:2004 | year:2005 | year:2006 | year:2007 | year:2008
04-08-ford-f-150-led-crystal-headlights-sequential-signal-black,04-08 Ford F-150 LED Crystal Headlights Sequential Signal - Black,headlights - led crystal style,Spec-D Tuning,1,23,2004-2008 | aftermarket headlights | amber signal | black headlights | category:Headlights | crystal headlights | F150 | FDPU04FS.06 | Ford F-150 | Ford headlights | headlights | HLNB-F15004LSQ-JDMA | LED headlights | LED light bar | make:Ford | model:F-150 | replacement headlights | sequential turn signal | year:2004 | year:2005 | year:2006 | year:2007 | year:2008
09-14-ford-f-150-led-crystal-headlights-chrome-w-amber-light-bar,09-14 Ford F-150 LED Crystal Headlights Chrome w/ Amber Light Bar,headlights - led crystal style,Spec-D Tuning,1,23,2009-2014 | aftermarket headlights | amber | category:Headlights | chrome headlights | crystal headlights | F150 | FDPU09E.00 | Ford F-150 | Ford F150 headlights | headlights | HLNB-F15009LBW-CHA | LED headlights | LED light bar | make:Ford | model:F-150 | plug and play headlights | year:2009 | year:2010 | year:2011 | year:2012 | year:2013 | year:2014
09-14-ford-f-150-led-crystal-headlights-black-w-amber-light-bar,09-14 Ford F-150 LED Crystal Headlights Black w/ Amber Light Bar,headlights - led crystal style,JDMA,1,25,2009-2014 | aftermarket headlights | amber | black headlights | bolt-on headlights | category:Headlights | crystal headlights | F150 | FDPU09E.06 | Ford F-150 | Ford F-150 headlights | headlights | HLNB-F15009LBW-JDMA | JDMA | LED headlights | LED light bar | make:Ford | model:F-150 | truck headlights | year:2009 | year:2010 | year:2011 | year:2012 | year:2013 | year:2014
09-14-ford-f-150-crystal-led-headlights-sequential-signal-chrome,09-14 Ford F-150 Crystal LED Headlights Sequential Signal - Chrome,headlights - led crystal style,Spec-D Tuning,1,24,2009-2014 | aftermarket headlights | amber turn signal | category:Headlights | chrome headlights | crystal headlights | F150 | FDPU09ES.00 | Ford F-150 | Ford F150 headlights | headlights | HLNB-F15009LSQ-CHA | LED headlights | LED light bar | make:Ford | model:F-150 | replacement headlights | sequential turn signal | year:2009 | year:2010 | year:2011 | year:2012 | year:2013 | year:2014
09-14-ford-f-150-led-crystal-headlights-sequential-signal-black,09-14 Ford F-150 LED Crystal Headlights Sequential Signal - Black,headlights - led crystal style,JDMA,1,25,2009-2014 | aftermarket headlights | amber LED | black housing | bolt-on headlights | category:Headlights | crystal headlights | F-150 headlights | F150 | FDPU09ES.06 | Ford F-150 | headlights | HLNB-F15009LSQ-JDMA | JDMA | LED headlights | LED turn signal | make:Ford | model:F-150 | sequential turn signal | year:2009 | year:2010 | year:2011 | year:2012 | year:2013 | year:2014
08-10-ford-f250-f350-super-duty-led-crystal-headlights-black,08-10 Ford F250 F350 Super Duty LED Crystal Headlights Black,headlights - led crystal style,HLNB,1,23,2008 | 2009 | 2010 | aftermarket headlights | amber turn signal | black headlights | category:Headlights | crystal headlights | FD25008A.06 | Ford F250 | Ford F350 | Ford F450 | Ford Super Duty | headlights | HLNB-F25008LSQ-JDMA | LED headlights | LED light bar | make:Ford | model:Super Duty | sequential turn signal | year:2008 | year:2009 | year:2010
06-15-chevy-impala-monte-carlo-led-crystal-headlights-chrome,2006-2016 Chevrolet Impala Monte Carlo LED Crystal Headlights - Chrome,headlights - led crystal style,Anzo,1,26,2006 | 2006 Impala headlights | 2007 | 2007 Monte Carlo headlights | 2008 | 2009 | 2010 | 2011 | 2012 | 2013 | 2014 | 2015 | 2016 | aftermarket headlights | Chevrolet Impala | chrome headlights | chrome housing | crystal headlights | direct fit headlights | exterior lighting | headlights | HLNB-IMPA06LBW-CHA | Impala Limited | LED headlights | LED light bar | Monte Carlo
06-13-chevy-impala-led-crystal-headlights-black-cvip06a-06,2006-2016 Chevrolet Impala/Monte Carlo LED Crystal Headlights - Black,headlights - led crystal style,Spec-D Tuning,1,38,2006 | 2006 Impala | 2006 Monte Carlo | 2007 | 2007 Impala | 2007 Monte Carlo | 2008 | 2008 Impala | 2009 | 2009 Impala | 2010 | 2010 Impala | 2011 | 2011 Impala | 2012 | 2012 Impala | 2013 | 2013 Impala | 2014 | 2014 Impala Limited | 2015 | 2015 Impala Limited | 2016 | 2016 Impala Limited | aftermarket headlights | amber corner lights | black headlights | black housing | Chevrolet Impala | crystal headlights | CVIP06A.06 | direct fit headlights | headlights | HLNB-IMPA06LBW-JDMA | Impala Limited | LED headlights | LED light bar | Monte Carlo
06-13-chevy-impala-sequential-led-crystal-headlights-chrome,2006-2016 Chevrolet Impala Monte Carlo LED Headlights - CVIP06AS,headlights - led crystal style,Spec-D Tuning,1,38,2006 | 2006 Impala | 2006 Monte Carlo | 2007 | 2007 Impala | 2007 Monte Carlo | 2008 | 2008 Impala | 2009 | 2009 Impala | 2010 | 2010 Impala | 2011 | 2011 Impala | 2012 | 2012 Impala | 2013 | 2013 Impala | 2014 | 2014 Impala Limited | 2015 | 2015 Impala Limited | 2016 | 2016 Impala Limited | amber turn signal | Chevrolet Impala | chrome headlights | chrome housing | crystal headlights | CVIP06AS.00 | headlights | HLNB-IMPA06LSQ-CHA | Impala Limited | LED headlights | Monte Carlo | replacement headlights | sequential LED | turn signal
06-13-chevy-impala-sequential-led-crystal-headlights-black,2006-2016 Chevrolet Impala Monte Carlo LED Headlights - JDMA,headlights - led crystal style,JDMA,1,38,2006 | 2006 Impala | 2006 Monte Carlo | 2007 | 2007 Impala | 2007 Monte Carlo | 2008 | 2008 Impala | 2009 | 2009 Impala | 2010 | 2010 Impala | 2011 | 2011 Impala | 2012 | 2012 Impala | 2013 | 2013 Impala | 2014 | 2014 Impala Limited | 2015 | 2015 Impala Limited | 2016 | 2016 Impala Limited | aftermarket headlights | amber turn signal | black headlights | black housing | Chevrolet Impala | crystal headlights | CVIP06AS.06 | headlights | HLNB-IMPA06LSQ-JDMA | Impala Limited | LED headlights | LED turn signal | Monte Carlo | sequential turn signal
2005-2009-ford-mustang-crystal-headlights-w-led-halo-chrome,2005-2009 Ford Mustang Crystal Headlights w/ LED Halo - Chrome,headlights - led crystal style,Spec-D,1,31,2005 | 2005 Mustang | 2006 | 2006 Mustang | 2007 | 2007 Mustang | 2008 | 2008 Mustang | 2009 | 2009 Mustang | aftermarket headlights | angel eyes | category:Headlights | chrome headlights | crystal headlights | FDMT05A.04 | Ford Mustang | halo ring headlights | headlights | HLNB-MUS05HLED-CH | LED halo | make:Ford | model:Mustang | Mustang headlights | OEM style headlights | S197 Mustang | year:2005 | year:2006 | year:2007 | year:2008 | year:2009
05-09-ford-mustang-led-halo-crystal-headlights-black-fdmt05a1,05-09 Ford Mustang LED Halo Crystal Headlights Black - FDMT05A1,headlights - led crystal style,Spec-D Tuning,1,22,2005-2009 Mustang | aftermarket headlights | black headlights | category:Headlights | crystal headlights | custom headlights | FDMT05A1.00 | Ford Mustang | halo rings | headlights | HLNB-MUS05LBW-CH | LED halo headlights | LED headlights | make:Ford | model:Mustang | Mustang accessories | Mustang headlights | year:2005 | year:2006 | year:2007 | year:2008 | year:2009
05-09-ford-mustang-chrome-led-halo-crystal-headlights-fdmt05a1-03,05-09 Ford Mustang Chrome LED Halo Crystal Headlights - FDMT05A1.03,headlights - led crystal style,JDM,1,23,2005-2009 Mustang | aftermarket headlights | category:Headlights | chrome headlights | crystal headlights | FDMT05A1.03 | Ford | Ford Mustang headlights | halo ring headlights | headlights | HLNB-MUS05LBW-JDM | JDM | LED | LED halo headlights | make:Ford | model:Mustang | Mustang | Mustang lighting | year:2005 | year:2006 | year:2007 | year:2008 | year:2009
99-04-ford-mustang-chrome-crystal-headlights-w-led-light-bar,99-04 Ford Mustang Chrome Crystal Headlights w/ LED Light Bar,headlights - led crystal style,HLNB,1,25,1999-2004 Mustang | 99-04 Mustang | amber reflector headlights | category:Headlights | chrome headlights | crystal headlights | FDMT99C.00 | Ford | Ford Mustang headlights | headlights | HLNB | HLNB-MUS99LBW-CHA | LED headlights | LED light bar headlights | make:Ford | model:Mustang | Mustang | Mustang headlights | replacement headlights | year:1999 | year:2000 | year:2001 | year:2002 | year:2003 | year:2004
99-04-ford-mustang-black-crystal-led-headlights-w-amber,99-04 Ford Mustang Black Crystal LED Headlights w/ Amber,headlights - led crystal style,JDMA,1,26,1999-2004 Mustang | amber reflector | black headlights | category:Headlights | crystal headlights | FDMT99C.06 | Ford Mustang | headlights | HLNB-MUS99LBW-JDMA | JDMA | LED headlights | LED light bar | make:Ford | model:Mustang | Mustang Cobra | Mustang GT | Mustang headlights | Mustang SVT | New Edge Mustang | SN95 | year:1999 | year:2000 | year:2001 | year:2002 | year:2003 | year:2004
99-04-ford-mustang-crystal-headlights-sequential-led-signal-chrome,99-04 Ford Mustang Crystal Headlights Sequential LED Signal - Chrome,headlights - led crystal style,HLNB,1,25,1999-2004 | aftermarket headlights | amber reflector | category:Headlights | chrome headlights | crystal headlights | FDMT99CS.00 | Ford Mustang | headlights | HLNB | HLNB-MUS99LSQ-CHA | LED headlights | make:Ford | model:Mustang | Mustang headlights | New Edge Mustang | sequential LED | SN95 | turn signal | year:1999 | year:2000 | year:2001 | year:2002 | year:2003 | year:2004
99-04-ford-mustang-crystal-headlights-sequential-led-turn-signal,99-04 Ford Mustang Crystal Headlights Sequential LED Turn Signal,headlights - led crystal style,HLNB,0,30,1999 Mustang | 2000 Mustang | 2001 Mustang | 2002 Mustang | 2003 Mustang | 2004 Mustang | 99-04 Mustang | aftermarket headlights | black headlights | category:Headlights | crystal headlights | FDMT99CS.06 | Ford Mustang | headlights | HLNB-MUS99LSQ-JDMA | LED headlights | LED turn signal | light bar | make:Ford | model:Mustang | Mustang headlights | New Edge Mustang | sequential turn signal | SN95 | year:1999 | year:2000 | year:2001 | year:2002 | year:2003 | year:2004
02-05-dodge-ram-crystal-headlights-w-led-light-bar-chrome,02-05 Dodge Ram Crystal Headlights w/ LED Light Bar - Chrome,headlights - led crystal style,HLNB,1,28,2002 Dodge Ram | 2003 Dodge Ram | 2004 Dodge Ram | 2005 Dodge Ram | aftermarket headlights | amber reflector | category:Headlights | chrome headlights | crystal headlights | crystal style | DGPU02D.00 | Dodge Ram 1500 | Dodge Ram 2500 | Dodge Ram 3500 | Dodge Ram headlights | headlights | HLNB | HLNB-RAM02LBW-CHA | LED headlights | LED light bar headlights | make:Dodge | make:Ram | model:Ram | replacement headlights | year:2002 | year:2003 | year:2004 | year:2005
02-05-dodge-ram-crystal-headlights-w-led-light-bar-black,02-05 Dodge Ram Crystal Headlights w/ LED Light Bar - Black,headlights - led crystal style,JDMA,1,24,2002-2005 Dodge Ram | aftermarket headlights | amber reflector headlights | black headlights | bolt-on headlights | category:Headlights | crystal headlights | DGPU02D.06 | Dodge Ram 1500 | Dodge Ram 2500 | Dodge Ram 3500 | Dodge Ram headlights | headlights | HLNB-RAM02LBW-JDMA | JDMA | LED headlights | LED light bar headlights | make:Dodge | make:Ram | model:Ram | year:2002 | year:2003 | year:2004 | year:2005
02-05-dodge-ram-crystal-headlights-sequential-led-chrome,02-05 Dodge Ram Crystal Headlights Sequential LED Chrome,headlights - led crystal style,HLNB,1,28,2002 Dodge Ram | 2003 Dodge Ram | 2004 Dodge Ram | 2005 Dodge Ram | amber turn signal | category:Headlights | chrome headlights | crystal headlights | DGPU02DS.00 | Dodge Ram | headlights | HLNB-RAM02LSQ-CHA | LED headlights | LED light bar | make:Dodge | make:Ram | model:Ram | Ram 1500 | Ram 2500 | Ram 3500 | replacement headlights | sequential LED | sequential turn signal | turn signal | year:2002 | year:2003 | year:2004 | year:2005
06-09-dodge-ram-black-crystal-headlights-sequential-led-turn-signal,06-09 Dodge Ram Black Crystal Headlights Sequential LED Turn Signal,headlights - led crystal style,JDMA,1,28,2006 | 2007 | 2008 | 2009 | aftermarket headlights | amber turn signal | black headlights | category:Headlights | crystal headlights | DGPU06ES.06 | Dodge Ram | headlights | HLNB-RAM06LSQ-JDMA | JDMA | LED headlights | LED light bar | make:Dodge | make:Ram | model:Ram | plug and play | Ram 1500 | Ram 2500 | Ram 3500 | sequential turn signal | year:2006 | year:2007 | year:2008 | year:2009
09-18-dodge-ram-chrome-crystal-headlights-w-led-light-bar,2009-2024 Dodge Ram Crystal Headlights w/ LED Bar Chrome,headlights - led crystal style,Spec-D Tuning,1,39,1500 Classic headlights | 2009 | 2009 Ram headlights | 2010 | 2010 Ram headlights | 2011 | 2011 Ram headlights | 2012 | 2012 Ram headlights | 2013 | 2013 Ram headlights | 2014 | 2014 Ram headlights | 2015 | 2015 Ram headlights | 2016 | 2016 Ram headlights | 2017 | 2017 Ram headlights | 2018 | 2018 Ram headlights | 2019 | 2020 | 2021 | 2022 | 2023 | 2024 | aftermarket headlights | chrome headlights | crystal headlights | custom headlights | DGPU09C.00 | Dodge Ram headlights | headlights | HLNB-RAM09LBW-CHA | LED light bar headlights | Ram 1500 headlights | Ram 2500 headlights | Ram 3500 headlights
09-18-dodge-ram-crystal-headlights-w-led-light-bar-black,2009-2024 Dodge Ram Crystal Headlights LED Light Bar Black,headlights - led crystal style,JDMA,1,34,1500 Classic | 2009 | 2009-2018 | 2010 | 2011 | 2012 | 2013 | 2014 | 2015 | 2016 | 2017 | 2018 | 2019 | 2020 | 2021 | 2022 | 2023 | 2024 | amber headlights | black housing | crystal headlights | custom headlights | DGPU09C.06 | Dodge Ram | dodge ram headlights | halogen replacement | headlights | HLNB-RAM09LBW-JDMA | LED headlights | LED light bar | Ram 1500 | Ram 2500 | Ram 3500 | truck headlights
09-18-dodge-ram-chrome-crystal-headlights-sequential-led-turn-signal,2009-2024 Dodge Ram Crystal Headlights Sequential LED Chrome,headlights - led crystal style,Spec-D Tuning,1,38,1500 classic headlights | 2009 | 2009 ram headlights | 2010 | 2010 ram headlights | 2011 | 2011 ram headlights | 2012 | 2013 | 2014 | 2015 | 2016 | 2017 | 2018 | 2018 ram headlights | 2019 | 2020 | 2021 | 2022 | 2023 | 2024 | amber turn signal | chrome headlights | chrome housing | crystal headlights | DGPU09CS.00 | dodge ram 1500 | dodge ram 2500 | dodge ram 3500 | dodge ram headlights | headlights | HLNB-RAM09LSQ-CHA | LED headlights | ram 1500 headlights | ram 2500 headlights | ram 3500 headlights | sequential LED | sequential turn signal
09-18-dodge-ram-crystal-headlights-sequential-led-turn-signal-black,2009-2024 Dodge Ram 1500/2500/3500 Crystal Headlights Sequential LED - JDMA,headlights - led crystal style,JDMA,1,40,2009 | 2009 Ram headlights | 2010 | 2010 Ram headlights | 2011 | 2011 Ram headlights | 2012 | 2012 Ram headlights | 2013 | 2013 Ram headlights | 2014 | 2014 Ram headlights | 2015 | 2015 Ram headlights | 2016 | 2016 Ram headlights | 2017 | 2017 Ram headlights | 2018 | 2018 Ram headlights | 2019 | 2020 | 2021 | 2022 | 2023 | 2024 | amber turn signal | black housing headlights | crystal headlights | DGPU09CS.06 | Dodge Ram headlights | headlights | HLNB-RAM09LSQ-JDMA | LED headlights | LED turn signal | Ram 1500 Classic headlights | Ram 1500 headlights | Ram 2500 headlights | Ram 3500 headlights | sequential turn signal
2009-2022-dodge-ram-crystal-headlights-chrome-quad-style,2009-2022 Dodge Ram 1500 2500 3500 Crystal Headlights - Chrome,headlights - led crystal style,Aftermarket,1,36,1500 classic headlights | 2009 | 2009 ram headlights | 2010 | 2010 ram headlights | 2011 | 2011 ram headlights | 2012 | 2012 ram headlights | 2013 | 2013 ram headlights | 2014 | 2014 ram headlights | 2015 | 2015 ram headlights | 2016 | 2016 ram headlights | 2017 | 2017 ram headlights | 2018 | 2018 ram headlights | 2019 | 2020 | 2021 | 2022 | chrome headlights | crystal headlights | DGPU09V2.04 | dodge ram headlights | headlights | HLNB-RAM09Q-CH | oem style headlights | quad headlights | ram 1500 headlights | ram 2500 headlights | ram 3500 headlights
2009-2022-dodge-ram-crystal-black-headlights-quad-style,2009-2022 Dodge Ram 1500 2500 3500 Crystal Headlights Black - JDM,headlights - led crystal style,JDM,1,28,1500 classic | 2009 | 2010 | 2011 | 2012 | 2013 | 2014 | 2015 | 2016 | 2017 | 2018 | 2019 | 2020 | 2021 | 2022 | black housing | crystal headlights | DGPU09V2.03 | dodge ram | headlights | HLNB-RAM09Q-JDM | new body style | no bulbs | oem replacement | quad style | ram 1500 | ram 2500 | ram 3500
01-11-ford-ranger-crystal-headlights-4pc-led-light-bar-black-jdma,01-11 Ford Ranger Crystal Headlights 4PC LED Light Bar Black - JDMA,headlights - led crystal style,JDMA,1,30,2001-2011 | 4-piece headlight set | aftermarket headlights | amber LED | black headlights | category:Headlights | corner lights | crystal headlights | FDRG01A.03+FDRG01.46 | Ford Ranger | Ford Ranger headlights | headlights | HLNB-RANG014PLBW-JDMA | JDMA | LED headlights | LED light bar | make:Ford | model:Ranger | Ranger headlights | year:2001 | year:2002 | year:2003 | year:2004 | year:2005 | year:2006 | year:2007 | year:2008 | year:2009 | year:2010 | year:2011
01-11-ford-ranger-crystal-headlights-w-sequential-led-chrome-4pc,01-11 Ford Ranger Crystal Headlights w/ Sequential LED - Chrome 4PC,headlights - led crystal style,Spec-D Tuning,1,29,2001-2011 Ford Ranger | 4 piece headlight set | amber reflector | category:Headlights | chrome headlights | corner lights | crystal headlights | FDRG01AS.03+FDRG01.46 | Ford Ranger | headlights | HLNB-RANG014PLSQ-CHA | LED headlights | make:Ford | model:Ranger | plug and play headlights | Ranger headlights | sequential LED | turn signal light bar | year:2001 | year:2002 | year:2003 | year:2004 | year:2005 | year:2006 | year:2007 | year:2008 | year:2009 | year:2010 | year:2011
01-11-ford-ranger-crystal-headlights-4pc-sequential-led-black,01-11 Ford Ranger Crystal Headlights 4PC Sequential LED - Black,headlights - led crystal style,JDMA,1,31,2001-2011 Ford Ranger | 4-piece headlight set | amber | black headlights | bolt-on headlights | category:Headlights | corner lights | crystal headlights | FDRG01AS.03+FDRG01.46 | Ford Ranger | Ford Ranger headlights | headlights | HLNB-RANG014PLSQ-JDMA | JDMA | LED headlights | light bar | make:Ford | model:Ranger | sequential LED | turn signal | year:2001 | year:2002 | year:2003 | year:2004 | year:2005 | year:2006 | year:2007 | year:2008 | year:2009 | year:2010 | year:2011
2007-2014-gmc-sierra-oem-crystal-headlights-black-gmsr07-03,2007-2014 GMC Sierra OEM Crystal Headlights Black - GMSR07.03,headlights - led crystal style,HLNB,1,33,2007 | 2007-2014 | 2008 | 2009 | 2010 | 2011 | 2012 | 2013 | 2014 | black headlights | category:Headlights | crystal style headlights | GMC Sierra 1500 | GMC Sierra 2500 HD | GMC Sierra 3500 HD | GMC Sierra headlights | GMSR07.03 | headlights | HLNB | HLNB-SIE07-BK | make:GMC | model:Sierra | OEM crystal headlights | replacement headlights | truck headlights | year:2007 | year:2008 | year:2009 | year:2010 | year:2011 | year:2012 | year:2013 | year:2014
2007-2014-gmc-sierra-oem-crystal-headlights-chrome-gmsr07-04,2007-2014 GMC Sierra OEM Crystal Headlights Chrome - GMSR07.04,headlights - led crystal style,HLNB,1,33,2007 | 2007-2014 | 2008 | 2009 | 2010 | 2011 | 2012 | 2013 | 2014 | amber-free headlights | category:Headlights | chrome headlights | chrome housing | crystal headlights | GMC Sierra 1500 | GMC Sierra 2500 HD | GMC Sierra 3500 HD | GMC Sierra headlights | GMSR07.04 | headlights | HLNB-SIE07-CH | make:GMC | model:Sierra | OEM crystal headlights | replacement headlights | year:2007 | year:2008 | year:2009 | year:2010 | year:2011 | year:2012 | year:2013 | year:2014
07-13-gmc-sierra-1500-2500-3500-led-crystal-headlights-black,07-13 GMC Sierra 1500/2500/3500 LED Crystal Headlights - Black,headlights - led crystal style,JDMA,1,26,2007-2013 GMC Sierra | amber reflectors | black headlights | category:Headlights | crystal headlights | GMC Sierra headlights | GMSR07B.06 | headlights | HLNB-SIE07LBW-JDMA | JDMA | LED headlights | LED light bar | make:GMC | model:Sierra | OE replacement headlights | plug and play headlights | Sierra 1500 | Sierra 2500 | Sierra 3500 | year:2007 | year:2008 | year:2009 | year:2010 | year:2011 | year:2012 | year:2013
07-13-gmc-sierra-1500-2500-3500-chrome-crystal-led-headlights,07-13 GMC Sierra 1500/2500/3500 Chrome Crystal LED Headlights,headlights - led crystal style,HLNB,1,27,2007-2013 | amber turn signal | category:Headlights | chrome headlights | crystal headlights | GMC | GMC Sierra | GMSR07BS.00 | headlights | HLNB-SIE07LSQ-CHA | LED headlights | light bar | make:GMC | model:Sierra | replacement headlights | sequential LED | Sierra 1500 | Sierra 2500 | Sierra 3500 | turn signal | year:2007 | year:2008 | year:2009 | year:2010 | year:2011 | year:2012 | year:2013
07-13-gmc-sierra-1500-2500-3500-black-crystal-led-headlights,07-13 GMC Sierra 1500/2500/3500 Black Crystal LED Headlights,headlights - led crystal style,HLNB,1,27,2007-2013 | aftermarket headlights | amber reflector | black headlights | category:Headlights | crystal headlights | GMC lighting | GMC Sierra | GMSR07BS.06 | headlights | HLNB-SIE07LSQ-JDMA | LED headlights | make:GMC | model:Sierra | plug and play | sequential LED | Sierra 1500 | Sierra 2500 | Sierra 3500 | turn signal light bar | year:2007 | year:2008 | year:2009 | year:2010 | year:2011 | year:2012 | year:2013
99-06-gmc-sierra-yukon-xl-crystal-headlights-led-bar-chrome-4pc,99-06 GMC Sierra Yukon XL Crystal Headlights LED Bar Chrome 4PC,headlights - led crystal style,Spec-D,1,27,1999-2006 | 4-piece headlight set | aftermarket headlights | amber bumper lights | category:Headlights | chrome headlights | crystal headlights | GMC lighting | GMC Sierra headlights | GMC Yukon headlights | GMC Yukon XL headlights | GMSR99A.00+GMSR99V.10 | headlights | HLNB-SIE994PLBW-CHA | LED headlights | LED light bar | make:GMC | model:Sierra | model:Yukon | year:1999 | year:2000 | year:2001 | year:2002 | year:2003 | year:2004 | year:2005 | year:2006
99-06-gmc-sierra-yukon-xl-crystal-headlights-led-bar-black-4pc,99-06 GMC Sierra Yukon XL Crystal Headlights LED Bar Black 4PC,headlights - led crystal style,JDMA,1,28,1999-2006 | 4-piece headlight set | aftermarket headlights | amber bumper lights | black headlights | bolt-on headlights | category:Headlights | crystal headlights | GMC Sierra headlights | GMC Yukon headlights | GMC Yukon XL headlights | GMSR99A | headlights | HLNB-SIE994PLBW-JDMA | JDMA | LED headlights | LED light bar | make:GMC | model:Sierra | model:Yukon | year:1999 | year:2000 | year:2001 | year:2002 | year:2003 | year:2004 | year:2005 | year:2006
99-06-gmc-sierra-yukon-xl-crystal-headlights-sequential-led-chrome-4pc,99-06 GMC Sierra Yukon XL Crystal Headlights Sequential LED Chrome 4PC,headlights - led crystal style,Spec-D Tuning,1,31,1999-2006 | 4pc headlight set | aftermarket headlights | amber bumper lights | bumper lights | category:Headlights | chrome headlights | crystal headlights | GMC lighting | GMC Sierra | GMC Yukon | GMC Yukon XL | GMSR99AS.00 | GMSR99V.10 | headlights | HLNB-SIE994PLSQ-CHA | LED headlights | LED light bar | make:GMC | model:Sierra | model:Yukon | sequential LED | turn signal | year:1999 | year:2000 | year:2001 | year:2002 | year:2003 | year:2004 | year:2005 | year:2006
99-06-gmc-sierra-yukon-xl-crystal-headlights-sequential-led-black-4pc,99-06 GMC Sierra Yukon XL Crystal Headlights Sequential LED Black 4PC,headlights - led crystal style,HLNB,1,30,1999-2006 | 4-piece headlight set | aftermarket headlights | amber bumper lights | black headlights | bumper lights | category:Headlights | crystal headlights | GMC headlights | GMC Sierra | GMC Yukon | GMSR99AS | headlights | HLNB-SIE994PLSQ-JDMA | LED headlights | LED turn signal bar | make:GMC | model:Sierra | model:Yukon | sequential LED | turn signal | year:1999 | year:2000 | year:2001 | year:2002 | year:2003 | year:2004 | year:2005 | year:2006 | Yukon XL
1999-2006-gmc-sierra-yukon-xl-led-crystal-headlights-chrome,1999-2006 GMC Sierra Yukon XL LED Crystal Headlights Chrome,headlights - led crystal style,Spec-D,1,37,1999 | 1999-2006 GMC headlights | 2000 | 2001 | 2002 | 2003 | 2004 | 2005 | 2006 | aftermarket headlights | amber reflector | category:Headlights | chrome headlights | chrome housing | crystal headlights | GMC Sierra | GMC Sierra headlights | GMC Yukon | GMC Yukon headlights | GMC Yukon XL | GMC Yukon XL headlights | GMSR99A.00 | headlights | HLNB-SIE99LBW-CHA | LED headlights | LED light bar headlights | make:GMC | model:Sierra | model:Yukon | year:1999 | year:2000 | year:2001 | year:2002 | year:2003 | year:2004 | year:2005 | year:2006
1999-2006-gmc-sierra-yukon-xl-led-crystal-headlights-black,1999-2006 GMC Sierra Yukon XL LED Crystal Headlights Black,headlights - led crystal style,JDMA,1,39,1999 | 1999-2006 | 2000 | 2001 | 2002 | 2003 | 2004 | 2005 | 2006 | aftermarket headlights | amber reflector | black headlights | category:Headlights | crystal headlights | GMC | GMC Sierra headlights | GMC Yukon headlights | GMSR99A.06 | headlights | HLNB-SIE99LBW-JDMA | JDMA | LED headlights | LED light bar headlights | make:GMC | model:Sierra | model:Yukon | plug and play headlights | Sierra | year:1999 | year:2000 | year:2001 | year:2002 | year:2003 | year:2004 | year:2005 | year:2006 | Yukon | Yukon XL | Yukon XL headlights
1999-2006-gmc-sierra-yukon-crystal-headlights-sequential-led-chrome,1999-2006 GMC Sierra Yukon Crystal Headlights Sequential LED Chrome,headlights - led crystal style,Spec-D Tuning,1,39,1999 | 1999-2006 | 2000 | 2001 | 2002 | 2003 | 2004 | 2005 | 2006 | aftermarket headlights | amber LED | category:Headlights | chrome headlights | crystal headlights | GMC | GMC Sierra headlights | GMC Yukon headlights | GMC Yukon XL headlights | GMSR99AS.00 | headlights | HLNB-SIE99LSQ-CHA | LED headlights | make:GMC | model:Sierra | model:Yukon | replacement headlights | sequential LED | Sierra | turn signal light bar | year:1999 | year:2000 | year:2001 | year:2002 | year:2003 | year:2004 | year:2005 | year:2006 | Yukon | Yukon XL
99-06-gmc-sierra-yukon-xl-sequential-led-crystal-headlights-black,99-06 GMC Sierra Yukon XL Sequential LED Crystal Headlights Black,headlights - led crystal style,HLNB,1,29,1999-2006 | amber | black headlights | bolt-on headlights | category:Headlights | crystal headlights | GMC Sierra | GMC Yukon | GMC Yukon XL | GMSR99AS.06 | headlights | HLNB | HLNB-SIE99LSQ-JDMA | LED headlights | LED turn signal | make:GMC | model:Sierra | model:Yukon | OEM replacement headlights | sequential LED | turn signal | year:1999 | year:2000 | year:2001 | year:2002 | year:2003 | year:2004 | year:2005 | year:2006
02-07-chevy-silverado-avalanche-crystal-headlights-4pc-black,2002-2007 Chevrolet Silverado Crystal Headlight 4PC Set - Black,headlights - led crystal style,JDM,1,25,2002 | 2003 | 2003 Silverado | 2004 | 2004 Silverado | 2005 | 2005 Silverado | 2006 | 2006 Silverado | 2007 | 2007 Silverado Classic | 4pc headlight set | Avalanche headlights | black housing headlights | Chevrolet Silverado headlights | crystal headlights | CVSV03.03+13 | headlight set | headlights | HLNB-SIL034P-JDM | OEM style headlights | Silverado 1500 | Silverado 2500 | Silverado 3500 | truck headlights
03-06-chevy-silverado-avalanche-led-crystal-headlights-chrome-4pc,2002-2007 Chevrolet Silverado/Avalanche Crystal Headlights Set - Chrome,headlights - led crystal style,ANZO,1,26,2002 | 2003 | 2004 | 2005 | 2006 | 2007 | 4-piece headlight set | amber corners | Avalanche | Avalanche 1500 | Avalanche 2500 | Chevrolet | chrome headlights | crystal headlights | direct fit headlights | headlights | HLNB-SIL034PLBW-CHA | LED headlights | LED light bar | parking lights | signal lights | Silverado | Silverado 1500 | Silverado 2500 | Silverado 3500 | truck headlights
03-06-chevy-silverado-avalanche-led-crystal-headlights-black-4pc,2002-2007 Chevrolet Silverado Avalanche Crystal Headlights Set - Black,headlights - led crystal style,JDMA,1,25,2002 | 2003 | 2004 | 2005 | 2006 | 2007 | 4-piece set | amber | Avalanche | Avalanche 1500 | Avalanche 2500 | black housing | Chevrolet | crystal headlights | front lighting | headlights | HLNB-SIL034PLBW-JDMA | LED light bar | parking lights | replacement headlights | signal lights | Silverado | Silverado 1500 | Silverado 2500 | Silverado 3500
03-06-chevy-silverado-avalanche-chrome-led-sequential-headlights-4pc,2002-2007 Chevrolet Silverado Avalanche Crystal Headlights Set - Chrome,headlights - led crystal style,HLNB,1,27,2002 | 2002 2003 2004 2005 2006 2007 | 2003 | 2004 | 2005 | 2006 | 2007 | 4-piece headlight set | amber turn signal | Avalanche | Chevrolet Silverado | Chevy Silverado | chrome headlights | chrome housing | crystal headlights | front lighting upgrade | headlights | HLNB-SIL034PLSQ-CHA | LED headlights | LED turn signal bar | parking lights | sequential turn signal | signal lights | Silverado 1500 | Silverado 2500 | Silverado 3500 | truck headlights
03-06-chevy-silverado-avalanche-black-led-sequential-headlights-4pc,2002-2007 Chevrolet Silverado/Avalanche Crystal Headlights Set - Black,headlights - led crystal style,JDMA,1,25,2002 | 2003 | 2004 | 2005 | 2006 | 2007 | 4-piece headlight set | aftermarket headlights | Avalanche | Avalanche 1500 | Avalanche 2500 | black housing | Chevrolet | crystal headlights | headlights | HLNB-SIL034PLSQ-JDMA | LED turn signal | parking lights | sequential LED | signal lights | Silverado | Silverado 1500 | Silverado 2500 | Silverado 3500 | truck headlights
03-06-chevy-silverado-avalanche-chrome-led-headlights-4pc-set,2002-2007 Chevrolet Silverado/Avalanche Crystal Headlights & Signal Lights Set - Chrome,headlights - led crystal style,aftermarket,1,32,2002 | 2003 | 2003 Silverado | 2004 | 2004 Silverado | 2005 | 2005 Silverado | 2006 | 2006 Silverado | 2007 | 2007 Silverado Classic | 4-piece headlight set | amber sequential turn signal | Avalanche | Avalanche 1500 | Avalanche 2500 | Chevrolet Silverado | Chevy Silverado | chrome headlights | chrome housing | crystal headlights | headlight upgrade | headlights | HLNB-SIL03V24PLSQ-CHA | LED turn signal | parking lights | sequential LED | signal lights | Silverado 1500 | Silverado 2500 | Silverado 3500 | truck headlights
03-06-chevy-silverado-avalanche-led-crystal-headlights-4pc-set-black,2003-2007 Chevrolet Silverado/Avalanche Crystal Headlights Set - Black,headlights - led crystal style,JDMA,1,31,2003 | 2003 Silverado | 2004 | 2004 Silverado | 2005 | 2005 Silverado | 2006 | 2006 Silverado | 2007 | 2007 Silverado Classic | 4-piece headlight set | Amber Version 2 | Avalanche 1500 | Avalanche 2500 | black housing | Chevrolet Avalanche | Chevrolet Silverado | crystal headlights | crystal style | headlights | HLNB-SIL03V24PLSQ-JDMA | LED headlights | LED turn signal | parking lights | sequential turn signal | signal lights | Silverado 1500 | Silverado 2500 | Silverado 3500 | truck headlights | without body cladding
07-14-chevy-silverado-crystal-black-headlights-no-amber,2007-2014 Chevrolet Silverado Crystal Headlights No Amber - Black,headlights - led crystal style,JDM,1,29,2007 | 2007 Silverado | 2008 | 2008 Silverado | 2009 | 2009 Silverado | 2010 | 2010 Silverado | 2011 | 2011 Silverado | 2012 | 2012 Silverado | 2013 | 2013 Silverado | 2014 | 2014 Silverado | black housing headlights | Chevrolet Silverado headlights | crystal headlights | CVSV07.03-1 | headlights | HLNB-SIL07-JDM | no amber headlights | OEM style headlights | replacement headlights | Silverado 1500 | Silverado 2500 HD | Silverado 3500 HD | truck headlights
07-13-chevy-silverado-1500-08-14-2500-3500-led-crystal-headlights-chrome,2007-2014 Chevrolet Silverado LED Crystal Headlights w/Light Bar - Chrome,headlights - led crystal style,HLNB,1,30,2007 | 2007 Silverado | 2008 | 2008 Silverado | 2009 | 2009 Silverado | 2010 | 2010 Silverado | 2011 | 2011 Silverado | 2012 | 2012 Silverado | 2013 | 2013 Silverado | 2014 | 2014 Silverado | amber headlights | Chevrolet Silverado | chrome headlights | chrome housing | crystal headlights | CVSV07C.00 | headlights | HLNB-SIL07LBW-CHA | LED headlights | LED light bar | Silverado 1500 | Silverado 2500 HD | Silverado 3500 HD | truck headlights
07-13-chevy-silverado-1500-led-crystal-headlights-black-jdma,2007-2014 Chevrolet Silverado LED Crystal Headlights w/ Light Bar - Black,headlights - led crystal style,Spec-D Tuning,1,30,2007 | 2007 Silverado | 2008 | 2008 Silverado | 2009 | 2009 Silverado | 2010 | 2010 Silverado | 2011 | 2011 Silverado | 2012 | 2012 Silverado | 2013 | 2013 Silverado | 2014 | 2014 Silverado | amber corner lights | black housing | Chevrolet Silverado | crystal headlights | CVSV07C.06 | headlights | HLNB-SIL07LBW-JDMA | LED headlights | LED light bar | replacement headlights | Silverado 1500 | Silverado 2500 HD | Silverado 3500 HD | truck headlights
99-02-silverado-00-06-suburban-tahoe-led-headlights-bumper-lights-black,1999-2006 Chevrolet Silverado Suburban Tahoe Crystal Headlights & Bumper Lights Set - Black,headlights - led crystal style,JDMA,1,24,1999 | 2000 | 2001 | 2002 | 2003 | 2004 | 2005 | 2006 | 4-piece set | black housing | bumper lights | Chevrolet | crystal headlights | front lighting | headlights | HLNB-SIL994PLBW-JDMA | LED light bar | parking lights | signal lights | Silverado | Suburban | SUV headlights | Tahoe | truck headlights
07-13-chevy-silverado-1500-led-crystal-headlights-sequential-signal,2007-2014 Chevrolet Silverado Crystal Headlights Sequential LED - JDMA,headlights - led crystal style,JDMA,1,24,2007 | 2007 2008 2009 2010 2011 2012 2013 2014 | 2008 | 2009 | 2010 | 2011 | 2012 | 2013 | 2014 | black housing | Chevrolet Silverado | Chevy Silverado headlights | crystal headlights | CVSV07CS.06 | headlights | HLNB-SIL07LSQ-JDMA | JDMA | LED headlights | LED turn signal light bar | sequential turn signal | Silverado 1500 | Silverado 2500 HD | Silverado 3500 HD | truck headlights
01-04-toyota-tacoma-crystal-headlights-w-led-light-bar-4pc-black,01-04 Toyota Tacoma Crystal Headlights w/ LED Light Bar 4PC Black,headlights - led crystal style,JDMA,1,26,01-04 Tacoma | 2001 Toyota Tacoma | 2002 Toyota Tacoma | 2003 Toyota Tacoma | 2004 Toyota Tacoma | amber reflectors | black headlights | category:Headlights | corner lights | crystal headlights | headlights | HLNB-TACO014PLBW-JDMA | JDMA | LED headlights | LED light bar | make:Toyota | model:Tacoma | replacement headlights | Tacoma headlight assembly | Toyota Tacoma | TYTC01.36 | TYTC01B.03 | year:2001 | year:2002 | year:2003 | year:2004
01-04-toyota-tacoma-crystal-headlights-w-sequential-led-black,01-04 Toyota Tacoma Crystal Headlights w/ Sequential LED - Black,headlights - led crystal style,JDMA,1,25,2001-2004 Tacoma | 4-piece headlight set | aftermarket headlights | amber reflector | black headlights | category:Headlights | corner lights | crystal headlights | headlights | HLNB-TACO014PLSQ-JDMA | JDMA | LED headlights | light bar | make:Toyota | model:Tacoma | sequential LED | Tacoma headlights | Tacoma lighting | Toyota Tacoma | turn signal | TYTC01BS.03+TYTC01.36 | year:2001 | year:2002 | year:2003 | year:2004
2001-2004-toyota-tacoma-crystal-headlights-black-6pc-set-jdma,2001-2004 Toyota Tacoma Crystal Headlights Black 6PC Set - JDMA,headlights - led crystal style,JDMA,1,29,2001 | 2001 Tacoma | 2002 | 2002 Tacoma | 2003 | 2003 Tacoma | 2004 | 2004 Tacoma | 6PC set | aftermarket headlights | amber corner signal | black headlights | bumper lights | category:Headlights | crystal headlights | headlights | HLNB-TACO016P-JDMA | JDMA | make:Toyota | model:Tacoma | OEM crystal style | Tacoma headlight set | Toyota Tacoma headlights | Toyota Tacoma lighting | TYTC01.00+13+36 | year:2001 | year:2002 | year:2003 | year:2004
01-04-toyota-tacoma-crystal-headlights-6pc-led-light-bar-black,01-04 Toyota Tacoma Crystal Headlights 6PC LED Light Bar Black,headlights - led crystal style,JDMA,1,28,2001-2004 Tacoma | 6 piece headlight set | aftermarket headlights | amber reflectors | black headlights | bumper lights | category:Headlights | corner lights | crystal headlights | crystal style | headlights | HLNB-TACO016PLBW-JDMA | JDMA | LED headlights | LED light bar | make:Toyota | model:Tacoma | Tacoma headlights | Tacoma lighting | Toyota Tacoma | truck headlights | TYTC01.13 | TYTC01.36 | TYTC01B.03 | year:2001 | year:2002 | year:2003 | year:2004
2005-2011-toyota-tacoma-crystal-headlights-chrome-w-amber,2005-2011 Toyota Tacoma Crystal Headlights Chrome w/Amber,headlights - led crystal style,HLNB,0,36,2005 | 2005 Tacoma | 2006 | 2006 Tacoma | 2007 | 2007 Tacoma | 2008 | 2008 Tacoma | 2009 | 2009 Tacoma | 2010 | 2010 Tacoma | 2011 | 2011 Tacoma | amber reflector | category:Headlights | chrome headlights | chrome housing | crystal headlights | crystal style | headlights | HLNB-TACO05-CHA | make:Toyota | model:Tacoma | OEM style headlights | replacement headlights | Tacoma headlights | Toyota Tacoma | TYTC05.00 | year:2005 | year:2006 | year:2007 | year:2008 | year:2009 | year:2010 | year:2011
01-04-toyota-tacoma-crystal-headlights-w-sequential-led-black-6pc,01-04 Toyota Tacoma Crystal Headlights w/ Sequential LED - Black 6PC,headlights - led crystal style,JDMA,1,30,2001-2004 Tacoma | 6 piece headlight set | aftermarket headlights | amber turn signal | black headlights | bumper lights | category:Headlights | corner lights | crystal headlights | crystal style | headlights | HLNB-TACO016PLSQ-JDMA | JDMA | LED headlights | led light bar | make:Toyota | model:Tacoma | sequential LED | sequential turn signal | Tacoma headlights | Tacoma lighting | Toyota Tacoma | turn signal | TYTC01.13 | TYTC01.36 | TYTC01BS.03 | year:2001 | year:2002 | year:2003 | year:2004
05-11-toyota-tacoma-chrome-crystal-headlights-w-led-light-bar,05-11 Toyota Tacoma Chrome Crystal Headlights w/ LED Light Bar,headlights - led crystal style,HLNB,1,27,2005-2011 | aftermarket headlights | amber reflector | category:Headlights | chrome headlights | crystal headlights | crystal style | headlights | HLNB | HLNB-TACO05LBW-CHA | LED headlights | LED light bar | make:Toyota | model:Tacoma | replacement headlights | Tacoma headlights | Tacoma lighting | Toyota Tacoma | truck headlights | TYTC05C.00 | year:2005 | year:2006 | year:2007 | year:2008 | year:2009 | year:2010 | year:2011
05-11-toyota-tacoma-led-crystal-headlights-black-w-light-bar,05-11 Toyota Tacoma LED Crystal Headlights Black w/ Light Bar,headlights - led crystal style,JDMA,1,26,2005-2011 | aftermarket headlights | amber reflector | black headlights | bolt-on headlights | category:Headlights | crystal headlights | headlights | HLNB-TACO05LBW-JDMA | JDMA | LED headlights | LED light bar | make:Toyota | model:Tacoma | Tacoma headlights | Tacoma lighting | Toyota Tacoma | truck headlights | TYTC05C.06 | year:2005 | year:2006 | year:2007 | year:2008 | year:2009 | year:2010 | year:2011
2012-2015-toyota-tacoma-led-crystal-headlights-black-jdma,2012-2015 Toyota Tacoma LED Crystal Headlights Black - JDMA,headlights - led crystal style,JDMA,1,29,2012 | 2012 Tacoma | 2013 | 2013 Tacoma | 2014 | 2014 Tacoma | 2015 | 2015 Tacoma | aftermarket headlights | amber reflectors | black headlights | category:Headlights | crystal headlights | crystal style headlights | headlights | HLNB-TACO12LBW-JDMA | JDMA | LED headlights | LED light bar headlights | make:Toyota | model:Tacoma | Tacoma headlights | Tacoma lighting | Toyota Tacoma | TYTC12B.06 | year:2012 | year:2013 | year:2014 | year:2015
05-11-toyota-tacoma-crystal-headlights-sequential-led-bar-black,05-11 Toyota Tacoma Crystal Headlights Sequential LED Bar - Black,headlights - led crystal style,JDMA,0,26,2005-2011 Tacoma | aftermarket headlights | amber turn signal | black headlights | bolt-on headlights | category:Headlights | crystal headlights | headlights | HLNB-TACO05LSQ-JDMA | JDMA | LED headlights | LED light bar | make:Toyota | model:Tacoma | sequential turn signal | Tacoma headlights | Tacoma lighting | Toyota Tacoma | TYTC05CS.06 | year:2005 | year:2006 | year:2007 | year:2008 | year:2009 | year:2010 | year:2011
2012-2015-toyota-tacoma-sequential-led-crystal-headlights-black,2012-2015 Toyota Tacoma Sequential LED Crystal Headlights - Black,headlights - led crystal style,Topline Autopart,1,27,2012 | 2012 Tacoma | 2013 | 2013 Tacoma | 2014 | 2014 Tacoma | 2015 | 2015 Tacoma | aftermarket headlights | black headlights | category:Headlights | crystal headlights | headlights | HLNB-TACO12LSQ-JDMA | LED headlights | LED light bar | make:Toyota | model:Tacoma | sequential LED | sequential turn signal | Tacoma headlights | Tacoma lighting | Toyota Tacoma | year:2012 | year:2013 | year:2014 | year:2015
04-15-nissan-titan-crystal-headlights-w-led-light-bar-chrome,04-15 Nissan Titan Crystal Headlights w/ LED Light Bar - Chrome,headlights - led crystal style,HLNB,1,31,2004-2015 | aftermarket headlights | amber reflector | category:Headlights | chrome headlights | crystal headlights | crystal style | direct replacement | headlights | HLNB | HLNB-TIT04LBW-CHA | LED headlights | LED light bar | make:Nissan | model:Titan | Nissan Titan | Nissan Titan headlights | NSTT04A.00 | Titan headlights | year:2004 | year:2005 | year:2006 | year:2007 | year:2008 | year:2009 | year:2010 | year:2011 | year:2012 | year:2013 | year:2014 | year:2015
04-15-nissan-titan-led-crystal-headlights-black-jdma,04-15 Nissan Titan LED Crystal Headlights Black - JDMA,headlights - led crystal style,JDMA,1,31,2004-2015 Nissan Titan | aftermarket headlights | amber reflectors | black headlights | category:Headlights | crystal headlights | crystal style | headlights | HLNB-TIT04LBW | HLNB-TIT04LBW-JDMA | JDMA | LED headlights | LED light bar headlights | make:Nissan | model:Titan | Nissan Titan | Nissan Titan headlights | NSTT04A.06 | Titan headlights | year:2004 | year:2005 | year:2006 | year:2007 | year:2008 | year:2009 | year:2010 | year:2011 | year:2012 | year:2013 | year:2014 | year:2015
04-15-nissan-titan-chrome-crystal-headlights-sequential-led-signal,04-15 Nissan Titan Chrome Crystal Headlights Sequential LED Signal,headlights - led crystal style,Spyder Auto,1,29,2004-2015 | aftermarket headlights | amber turn signal | category:Headlights | chrome headlights | crystal headlights | headlights | HLNB-TIT04LSQ-CHA | LED headlights | LED light bar | make:Nissan | model:Titan | Nissan Titan | NSTT04AS.00 | replacement headlights | sequential turn signal | Titan headlights | year:2004 | year:2005 | year:2006 | year:2007 | year:2008 | year:2009 | year:2010 | year:2011 | year:2012 | year:2013 | year:2014 | year:2015
04-15-nissan-titan-sequential-led-crystal-headlights-black,04-15 Nissan Titan Sequential LED Crystal Headlights - Black,headlights - led crystal style,JDMA,1,32,2004-2015 | amber | black headlights | bolt-on headlights | category:Headlights | crystal headlights | headlights | HLNB-TIT04LSQ-JDMA | JDMA | LED crystal style | LED headlights | light bar | make:Nissan | model:Titan | Nissan | Nissan Titan | NSTT04AS.06 | sequential LED | Titan headlights | turn signal | year:2004 | year:2005 | year:2006 | year:2007 | year:2008 | year:2009 | year:2010 | year:2011 | year:2012 | year:2013 | year:2014 | year:2015
2005-2007-toyota-tundra-sequoia-crystal-headlights-black,2005-2007 Toyota Tundra Sequoia Crystal Headlights Black,headlights - led crystal style,JDM,1,27,2005 | 2005 Sequoia | 2005 Tundra | 2006 | 2006 Sequoia | 2006 Tundra | 2007 | 2007 Sequoia | amber-free headlights | black headlights | black housing | category:Headlights | crystal headlights | crystal lens | headlights | HLNB-TUN054P-JDM | JDM | make:Toyota | model:Sequoia | model:Tundra | OEM style headlights | Toyota Sequoia headlights | Toyota Tundra headlights | TYTD05.03+13 | year:2005 | year:2006 | year:2007
05-06-toyota-tundra-chrome-crystal-headlights-w-led-light-bar-4pc,05-06 Toyota Tundra Chrome Crystal Headlights w/ LED Light Bar 4PC,headlights - led crystal style,Feberg,1,22,2005 Toyota Tundra | 2006 Toyota Tundra | 4-piece headlight set | aftermarket headlights | amber reflectors | category:Headlights | chrome headlights | corner lights | crystal headlights | direct replacement headlights | Feberg | headlights | HLNB-TUN054PLBW-CHA | LED headlights | LED light bar headlights | make:Toyota | model:Tundra | Toyota Tundra headlights | Tundra headlights | TYTD05A.00+TYTD05.10 | year:2005 | year:2006
05-06-toyota-tundra-black-crystal-headlights-w-led-light-bar-4pc,05-06 Toyota Tundra Black Crystal Headlights w/ LED Light Bar 4PC,headlights - led crystal style,JDMA,1,20,2005 Tundra | 2006 Tundra | 4-piece headlights | aftermarket headlights | amber corner lights | black headlights | category:Headlights | crystal headlights | headlights | HLNB-TUN054PLBW-JDMA | JDMA | LED headlights | LED light bar | make:Toyota | model:Tundra | Toyota Tundra | Tundra headlights | TYTD05A.03+TYTD05.16 | year:2005 | year:2006
05-06-toyota-tundra-chrome-crystal-headlights-w-sequential-led,05-06 Toyota Tundra Chrome Crystal Headlights w/ Sequential LED,headlights - led crystal style,HLNB,1,23,2005 Tundra | 2006 Tundra | 4-piece headlight set | aftermarket headlights | amber turn signal | category:Headlights | chrome headlights | corner lights | crystal headlights | headlights | HLNB-TUN054PLSQ-CHA | LED crystal style | LED headlights | light bar | make:Toyota | model:Tundra | sequential LED | Toyota Tundra | Tundra headlights | turn signal | TYTD05AS.00+TYTD05.10-1 | year:2005 | year:2006
05-06-toyota-tundra-crystal-headlights-w-sequential-led-black-4pc,05-06 Toyota Tundra Crystal Headlights w/ Sequential LED - Black 4PC,headlights - led crystal style,JDMA,1,23,2005 Tundra | 2006 Tundra | 4pc headlight set | aftermarket headlights | amber reflector | black headlights | category:Headlights | corner lights | crystal headlights | headlights | HLNB-TUN054PLSQ-JDMA | JDMA | LED headlights | light bar | make:Toyota | model:Tundra | sequential LED | Toyota Tundra | Tundra headlights | turn signal | TYTD05AS.03+TYTD05.16-6 | year:2005 | year:2006
07-13-toyota-tundra-08-15-sequoia-chrome-led-crystal-headlights,2007-2017 Toyota Tundra & Sequoia LED Crystal Headlights - Chrome,headlights - led crystal style,HLNB,1,40,2007 | 2007 Tundra | 2008 | 2008 Sequoia | 2008 Tundra | 2009 | 2009 Sequoia | 2009 Tundra | 2010 | 2010 Sequoia | 2010 Tundra | 2011 | 2011 Sequoia | 2011 Tundra | 2012 | 2012 Sequoia | 2012 Tundra | 2013 | 2013 Sequoia | 2013 Tundra | 2014 | 2014 Sequoia | 2015 | 2015 Sequoia | 2016 | 2016 Sequoia | 2017 | 2017 Sequoia | aftermarket headlights | amber headlights | chrome headlights | chrome housing | crystal headlights | headlights | HLNB-TUN07LBW-CHA | LED headlights | LED light bar | Toyota Sequoia | Toyota Tundra | TYTD07C.00
07-13-toyota-tundra-08-15-sequoia-led-crystal-headlights-black,2007-2017 Toyota Tundra Sequoia LED Crystal Headlights - Black,headlights - led crystal style,JDMA,1,40,2007 | 2007 Tundra | 2008 | 2008 Sequoia | 2008 Tundra | 2009 | 2009 Sequoia | 2009 Tundra | 2010 | 2010 Sequoia | 2010 Tundra | 2011 | 2011 Sequoia | 2011 Tundra | 2012 | 2012 Sequoia | 2012 Tundra | 2013 | 2013 Sequoia | 2013 Tundra | 2014 | 2014 Sequoia | 2015 | 2015 Sequoia | 2016 | 2016 Sequoia | 2017 | 2017 Sequoia | amber | black headlights | black housing | crystal headlights | custom headlights | headlights | HLNB-TUN07LBW-JDMA | LED headlights | LED light bar | Toyota Sequoia | Toyota Tundra | TYTD07C.06
07-13-toyota-tundra-08-15-sequoia-chrome-led-headlights-sequential,2007-2017 Toyota Tundra Sequoia Crystal LED Headlights - Chrome,headlights - led crystal style,Spec-D Tuning,1,25,2007 | 2007 Tundra headlights | 2008 | 2008 Sequoia headlights | 2009 | 2010 | 2011 | 2012 | 2013 | 2014 | 2015 | 2016 | 2017 | aftermarket headlights | chrome headlights | chrome housing | crystal headlights | headlights | HLNB-TUN07LSQ-CHA | LED headlights | LED turn signal | sequential turn signal | Toyota Sequoia | Toyota Tundra | TYTD07CS.00
07-13-toyota-tundra-08-15-sequoia-led-crystal-headlights-black-1,2007-2017 Toyota Tundra/Sequoia Crystal Headlights LED Turn Signal - Black,headlights - led crystal style,Spec-D Tuning,1,42,2007 | 2007 Tundra | 2008 | 2008 Sequoia | 2008 Tundra | 2009 | 2009 Sequoia | 2009 Tundra | 2010 | 2010 Sequoia | 2010 Tundra | 2011 | 2011 Sequoia | 2011 Tundra | 2012 | 2012 Sequoia | 2012 Tundra | 2013 | 2013 Sequoia | 2013 Tundra | 2014 | 2014 Sequoia | 2015 | 2015 Sequoia | 2016 | 2016 Sequoia | 2017 | 2017 Sequoia | aftermarket headlights | black housing | crystal headlights | custom headlights | headlights | HLNB-TUN07LSQ-JDMA | LED headlights | LED turn signal | sequential turn signal | SUV headlights | Toyota Sequoia | Toyota Tundra | truck headlights | TYTD07CS.06
2014-2021-toyota-tundra-chrome-led-crystal-headlights-tytd14d,2014-2021 Toyota Tundra Chrome LED Crystal Headlights - TYTD14D,headlights - led crystal style,Spec-D Tuning,1,34,2014 | 2014-2021 Tundra | 2015 | 2016 | 2017 | 2018 | 2019 | 2020 | 2021 | aftermarket headlights | amber reflector | category:Headlights | chrome headlights | crystal headlights | headlights | HLNB-TUN14LBW-CHA | LED headlights | LED light bar | make:Toyota | model:Tundra | replacement headlights | Toyota Tundra | Toyota Tundra accessories | Tundra headlights | Tundra lighting | TYTD14D.00 | year:2014 | year:2015 | year:2016 | year:2017 | year:2018 | year:2019 | year:2020 | year:2021
2014-2021-toyota-tundra-led-crystal-headlights-black-jdma,2014-2021 Toyota Tundra LED Crystal Headlights Black - JDMA,headlights - led crystal style,JDMA,1,33,2014 | 2014-2021 Tundra | 2015 | 2016 | 2017 | 2018 | 2019 | 2020 | 2021 | aftermarket headlights | amber reflector headlights | black headlights | category:Headlights | crystal headlights | headlights | HLNB-TUN14LBW-JDMA | JDMA | LED headlights | LED light bar headlights | make:Toyota | model:Tundra | Toyota Tundra | Tundra headlights | Tundra lighting | TYTD14D.06 | year:2014 | year:2015 | year:2016 | year:2017 | year:2018 | year:2019 | year:2020 | year:2021
14-21-toyota-tundra-crystal-headlights-sequential-led-signal-black,14-21 Toyota Tundra Crystal Headlights Sequential LED Signal - Black,headlights - led crystal style,JDMA,1,28,2014-2021 | aftermarket headlights | amber turn signal | black headlights | bolt-on | category:Headlights | crystal headlights | crystal style | headlights | HLNB-TUN14LSQ-JDMA | JDMA | LED headlights | LED light bar | make:Toyota | model:Tundra | plug and play | sequential turn signal | Toyota Tundra | Tundra headlights | TYTD14DS.06 | year:2014 | year:2015 | year:2016 | year:2017 | year:2018 | year:2019 | year:2020 | year:2021
14-21-toyota-tundra-chrome-crystal-headlights-sequential-led-tytd14ds,14-21 Toyota Tundra Chrome Crystal Headlights Sequential LED - TYTD14DS,headlights - led crystal style,Spec-D Tuning,1,34,2014 Tundra | 2015 Tundra | 2016 Tundra | 2017 Tundra | 2018 Tundra | 2019 Tundra | 2020 Tundra | 2021 Tundra | amber turn signal | category:Headlights | chrome headlights | crystal headlights | crystal style | headlights | HLNB-TUN14LSQ-CHA | LED headlights | LED light bar | make:Toyota | model:Tundra | sequential LED | sequential turn signal | Toyota Tundra | Tundra headlights | turn signal | TYTD14DS | TYTD14DS.00 | year:2014 | year:2015 | year:2016 | year:2017 | year:2018 | year:2019 | year:2020 | year:2021
92-99-chevy-gmc-suburban-tahoe-yukon-halo-led-projector-headlights,1992-1999 Chevy/GMC Full Size SUV Halo Projector Headlights Chrome,headlights - projector,Spec-D Tuning,1,34,1992 | 1992 Chevrolet Suburban | 1993 | 1993 Chevrolet Suburban | 1994 | 1994 Chevrolet Suburban | 1995 | 1995 Chevrolet Suburban | 1996 | 1996 Chevrolet Suburban | 1997 | 1997 Chevrolet Suburban | 1998 | 1998 Chevrolet Suburban | 1999 | 1999 Chevrolet Suburban | C10 headlights | C1500 Suburban | C2500 Suburban | Chevrolet Blazer | Chevrolet Tahoe | chrome headlights | composite headlights | full size truck headlights | GMC Suburban | GMC Yukon | halo headlights | headlights | HLPK2-C1088HLED-CB | K1500 Suburban | K2500 Suburban | LED halo | LHP-C1088-RS | projector headlights
2018-2020-ford-f-150-full-led-projector-headlights-black-fr646,2018-2020 Ford F-150 Full LED Projector Headlights Black - FR646,headlights - led crystal style,HLPLKS,1,28,2018 | 2018 F-150 | 2019 | 2019 F-150 | 2020 | 2020 F-150 | aftermarket headlights | amber | black headlights | black shroud | category:Headlights | F-150 headlights | F150 | Ford F-150 | Ford headlights | FR646-B1EPA-BR | full LED | headlights | HLPLKS | HLPLKS-F15018FLED-BB | LED headlights | LED projector | make:Ford | model:F-150 | projector headlights | year:2018 | year:2019 | year:2020
04-08-ford-f-150-full-led-projector-headlights-black-hlplnb,04-08 Ford F-150 Full LED Projector Headlights Black - HLPLNB,headlights - led crystal style,HLPLNB,1,24,2004-2008 Ford F-150 | aftermarket headlights | amber headlights | black headlights | category:Headlights | F-150 headlights | F150 | FDPU04D.06 | Ford F-150 | Ford F150 headlights | full LED projector | headlights | HLPLNB | HLPLNB-F15004FLBW-AB | LED headlights | LED light bar headlights | make:Ford | model:F-150 | projector headlights | year:2004 | year:2005 | year:2006 | year:2007 | year:2008
04-08-ford-f-150-full-led-projector-headlights-chrome-fdpu04d,04-08 Ford F-150 Full LED Projector Headlights Chrome - FDPU04D,headlights - led crystal style,HLPLNB,1,22,2004-2008 Ford F-150 | aftermarket headlights | amber reflector headlights | category:Headlights | chrome headlights | F150 headlights | FDPU04D.00 | Ford F-150 headlights | Ford F150 lighting | full LED headlights | headlights | HLPLNB-F15004FLBW-AC | LED light bar headlights | LED projector headlights | make:Ford | model:F-150 | projector headlights | year:2004 | year:2005 | year:2006 | year:2007 | year:2008
04-08-ford-f-150-full-led-projector-headlights-sequential-signal-black,04-08 Ford F-150 Full LED Projector Headlights Sequential Signal - Black,headlights - led crystal style,Spyder Auto,1,23,2004-2008 | aftermarket headlights | amber turn signal | black headlights | category:Headlights | F150 | FDPU04DS.06 | Ford F-150 | Ford F150 headlights | full LED | headlights | HLPLNB-F15004FLSQ-AB | LED headlights | LED projector | make:Ford | model:F-150 | projector headlights | sequential turn signal | year:2004 | year:2005 | year:2006 | year:2007 | year:2008
04-08-ford-f-150-full-led-projector-headlights-sequential-chrome,04-08 Ford F-150 Full LED Projector Headlights Sequential Chrome,headlights - led crystal style,Alpha Owls,1,25,2004-2008 | aftermarket headlights | amber turn signal | category:Headlights | chrome headlights | F150 headlights | FDPU04DS.00 | Ford F-150 | Ford F150 | Ford headlights | full LED | headlights | HLPLNB-F15004FLSQ-AC | LED headlights | LED turn signal | light bar | make:Ford | model:F-150 | projector headlights | sequential turn signal | year:2004 | year:2005 | year:2006 | year:2007 | year:2008
09-14-ford-f-150-full-led-projector-headlights-w-light-bar-black,09-14 Ford F-150 Full LED Projector Headlights w/ Light Bar - Black,headlights - led crystal style,HLPLNB,1,25,2009-2014 | aftermarket headlights | amber | black housing | category:Headlights | F150 | FDPU09C.06 | Ford F-150 | Ford F150 headlights | full LED | headlights | HLPLNB-F15009FLBW-AB | LED headlights | LED light bar | LED projector | make:Ford | model:F-150 | projector headlights | truck headlights | year:2009 | year:2010 | year:2011 | year:2012 | year:2013 | year:2014
09-14-ford-f-150-full-led-projector-headlights-black-fdpu09c-00,09-14 Ford F-150 Full LED Projector Headlights Black - FDPU09C.00,headlights - led crystal style,HLPLNB,1,26,2009-2014 | aftermarket headlights | amber | black housing | category:Headlights | F-150 headlights | F150 | FDPU09C.00 | Ford F-150 | Ford headlights | full LED | headlights | HLPLNB-F15009FLBW-AC | LED headlights | LED light bar | LED projector | make:Ford | model:F-150 | projector headlights | truck headlights | year:2009 | year:2010 | year:2011 | year:2012 | year:2013 | year:2014
2009-2014-ford-f-150-full-led-projector-headlights-black-amber,2009-2014 Ford F-150 Full LED Projector Headlights Black Amber,headlights - led crystal style,HLPLNB,1,31,2009 | 2009-2014 | 2010 | 2011 | 2012 | 2013 | 2014 | aftermarket headlights | amber reflector | black headlights | category:Headlights | F-150 headlights | F150 | FDPU09B.06 | Ford F-150 | Ford headlights | full LED | headlights | HLPLNB-F15009FLED-AB | LED headlights | LED projector | make:Ford | model:F-150 | projector headlights | truck headlights | year:2009 | year:2010 | year:2011 | year:2012 | year:2013 | year:2014
09-14-ford-f-150-full-led-projector-headlights-sequential-signal-black,09-14 Ford F-150 Full LED Projector Headlights Sequential Signal - Black,headlights - led crystal style,Spec-D Tuning,1,25,2009-2014 | aftermarket headlights | amber turn signal | black headlights | category:Headlights | F150 | FDPU09CS.06 | Ford F-150 | Ford F150 headlights | full LED | headlights | HLPLNB-F15009FLSQ-AB | LED headlights | LED light bar | make:Ford | model:F-150 | plug and play headlights | projector headlights | sequential turn signal | year:2009 | year:2010 | year:2011 | year:2012 | year:2013 | year:2014
09-14-ford-f-150-full-led-projector-headlights-sequential-chrome,09-14 Ford F-150 Full LED Projector Headlights Sequential Chrome,headlights - led crystal style,HLPLNB,1,25,2009-2014 | amber turn signal | category:Headlights | chrome headlights | F-150 lighting | F150 headlights | FDPU09CS.00 | Ford F-150 | Ford F-150 headlights | full LED | headlights | HLPLNB-F15009FLSQ-AC | LED headlights | LED projector | make:Ford | model:F-150 | projector headlights | sequential turn signal | truck headlights | year:2009 | year:2010 | year:2011 | year:2012 | year:2013 | year:2014
2015-2017-ford-f-150-full-led-projector-headlights-black-amber,2015-2017 Ford F-150 Full LED Projector Headlights Black Amber,headlights - led crystal style,Spec-D Tuning,1,26,2015 | 2015 F-150 | 2016 | 2016 F-150 | 2017 | 2017 F-150 | aftermarket headlights | amber headlights | black headlights | category:Headlights | F-150 headlights | F-150 lighting | FDPU15A.06 | Ford F-150 | Ford F150 LED | full LED projector | headlights | HLPLNB-F15015FLED-AB | LED headlights | make:Ford | model:F-150 | projector headlights | truck headlights | year:2015 | year:2016 | year:2017
02-05-dodge-ram-full-led-projector-headlights-w-light-bar-black,02-05 Dodge Ram Full LED Projector Headlights w/ Light Bar - Black,headlights - led crystal style,HLPLNB,1,25,2002 Dodge Ram | 2003 Dodge Ram | 2004 Dodge Ram | 2005 Dodge Ram | aftermarket headlights | amber reflectors | black headlights | category:Headlights | DGPU02B.06 | Dodge Ram headlights | Dodge Ram lighting | full LED projector | headlights | HLPLNB-RAM02FLBW-AB | LED headlights | LED light bar headlights | make:Dodge | make:Ram | model:Ram | projector headlights | truck headlights | year:2002 | year:2003 | year:2004 | year:2005
02-05-dodge-ram-full-led-projector-headlights-chrome-led-bar,02-05 Dodge Ram Full LED Projector Headlights Chrome - LED Bar,headlights - led crystal style,HLPLNB,1,27,2002 Dodge Ram | 2003 Dodge Ram | 2004 Dodge Ram | 2005 Dodge Ram | amber reflector | category:Headlights | chrome headlights | DGPU02B.00 | Dodge Ram 1500 | Dodge Ram 2500 | Dodge Ram 3500 | Dodge Ram headlights | full LED | headlights | HLPLNB-RAM02FLBW-AC | LED headlights | LED light bar headlights | make:Dodge | make:Ram | model:Ram | OEM replacement headlights | projector | projector headlights | year:2002 | year:2003 | year:2004 | year:2005
02-05-dodge-ram-full-led-projector-headlights-sequential-signal-black,02-05 Dodge Ram Full LED Projector Headlights Sequential Signal - Black,headlights - led crystal style,HLPLNB,1,28,2002 Dodge Ram | 2003 Dodge Ram | 2004 Dodge Ram | 2005 Dodge Ram | aftermarket headlights | amber turn signal | black headlights | category:Headlights | DGPU02BS.06 | Dodge Ram | Dodge Ram 1500 | full LED | headlights | HLPLNB-RAM02FLSQ-AB | LED headlights | LED projector | make:Dodge | make:Ram | model:Ram | projector headlights | Ram headlights | sequential signal | sequential turn signal | truck headlights | year:2002 | year:2003 | year:2004 | year:2005
02-05-dodge-ram-full-led-projector-headlights-sequential-signal-chrome,02-05 Dodge Ram Full LED Projector Headlights Sequential Signal Chrome,headlights - led crystal style,HLPLNB,1,26,2002-2005 | aftermarket headlights | amber turn signal | category:Headlights | chrome headlights | DGPU02BS.00 | Dodge Ram | dodge ram headlights | full LED | headlights | HLPLNB-RAM02FLSQ-AC | LED headlights | LED projector | light bar | make:Dodge | make:Ram | model:Ram | projector headlights | Ram 1500 | Ram 2500 | Ram 3500 | sequential turn signal | year:2002 | year:2003 | year:2004 | year:2005
06-08-dodge-ram-full-led-projector-headlights-black-dgpu06c-06,06-08 Dodge Ram Full LED Projector Headlights Black - DGPU06C.06,headlights - led crystal style,HLPLNB,1,26,2006 Dodge Ram | 2007 Dodge Ram | 2008 Dodge Ram | aftermarket headlights | amber reflector | black headlights | category:Headlights | DGPU06C.06 | Dodge Ram | Dodge Ram headlights | full LED | headlights | HLPLNB-RAM06FLBW-AB | LED headlights | LED light bar headlights | make:Dodge | make:Ram | model:Ram | projector headlights | projector lights | Ram 1500 | Ram 2500 | Ram 3500 | year:2006 | year:2007 | year:2008
06-08-dodge-ram-full-led-projector-headlights-chrome-dgpu06c,06-08 Dodge Ram Full LED Projector Headlights Chrome - DGPU06C,headlights - led crystal style,HLPLNB,1,23,2006 Dodge Ram | 2007 Dodge Ram | 2008 Dodge Ram | aftermarket headlights | amber reflector headlights | category:Headlights | chrome headlights | DGPU06C.00 | Dodge Ram | Dodge Ram headlights | full LED projector | headlights | HLPLNB | HLPLNB-RAM06FLBW-AC | LED headlights | LED light bar headlights | make:Dodge | make:Ram | model:Ram | projector headlights | year:2006 | year:2007 | year:2008
2006-2009-dodge-ram-full-led-projector-headlights-black,2006-2009 Dodge Ram Full LED Projector Headlights Black,headlights - led crystal style,HLPLNB,1,29,2006 | 2006 2007 2008 2009 | 2007 | 2008 | 2009 | aftermarket headlights | amber reflector | black headlights | category:Headlights | DGPU06B.06 | Dodge Ram | Dodge Ram headlights | full LED projector | headlights | HLPLNB-RAM06FLED-AB | LED headlights | LED projector | make:Dodge | make:Ram | model:Ram | projector headlights | Ram 1500 headlights | Ram 2500 headlights | Ram 3500 headlights | truck headlights | year:2006 | year:2007 | year:2008 | year:2009
06-08-dodge-ram-full-led-projector-headlights-sequential-signal-black,06-08 Dodge Ram Full LED Projector Headlights Sequential Signal - Black,headlights - led crystal style,Spyder Auto,1,27,2006 Dodge Ram | 2007 Dodge Ram | 2008 Dodge Ram | aftermarket headlights | amber turn signal | black headlights | category:Headlights | DGPU06CS.06 | Dodge Ram | Dodge Ram headlights | full LED | headlights | HLPLNB-RAM06FLSQ-AB | LED headlights | LED projector | light bar | make:Dodge | make:Ram | model:Ram | projector headlights | Ram 1500 | Ram 2500 | Ram 3500 | sequential turn signal | year:2006 | year:2007 | year:2008
2009-2022-dodge-ram-full-led-projector-headlights-black-amber,2009-2022 Dodge Ram 1500/2500/3500 Full LED Projector Headlights - Black,headlights - projector,Stehlen Auto,1,29,1500 Classic | 2009 | 2010 | 2011 | 2012 | 2013 | 2014 | 2015 | 2016 | 2017 | 2018 | 2019 | 2020 | 2021 | 2022 | amber | black housing | DGPU09B.06 | Dodge Ram | full LED projector | headlight upgrade | headlights | HLPLNB-RAM09FLED-AB | LED headlights | projector headlights | Ram 1500 | Ram 2500 | Ram 3500 | truck headlights
07-14-chevy-silverado-full-led-projector-headlights-black-amber,2007-2014 Chevrolet Silverado Full LED Projector Headlights w/Amber - Black,headlights - projector,Stehlen Auto,1,29,2007 | 2007 silverado | 2008 | 2008 silverado | 2009 | 2009 silverado | 2010 | 2010 silverado | 2011 | 2011 silverado | 2012 | 2012 silverado | 2013 | 2013 silverado | 2014 | 2014 silverado | amber headlights | black housing | chevrolet silverado | CVSV07A.06 | full led | headlights | HLPLNB-SIL07FLED-AB | led headlights | projector headlights | silverado 1500 | silverado 2500 hd | silverado 3500 hd | truck headlights
2016-toyota-tacoma-full-led-projector-headlights-black-amber,2016-2023 Toyota Tacoma Full LED Projector Headlights Amber - Black,headlights - projector,Headlights Depot,1,27,2016 | 2016 tacoma | 2017 | 2017 tacoma | 2018 | 2018 tacoma | 2019 | 2019 tacoma | 2020 | 2020 tacoma | 2021 | 2021 tacoma | 2022 | 2022 tacoma | 2023 | 2023 tacoma | aftermarket headlights | amber headlights | black housing | full led projector | headlights | HLPLNB-TACO16FLED-AB | led headlights | projector headlights | tacoma headlights | toyota tacoma | truck headlights
07-13-toyota-tundra-08-17-sequoia-full-led-projector-headlights-black,07-13 Toyota Tundra 08-17 Sequoia Full LED Projector Headlights Black,headlights - led crystal style,HLPLNB,1,28,2007-2013 Tundra | 2008-2017 Sequoia | aftermarket headlights | amber reflector | black headlights | category:Headlights | full LED | headlights | HLPLNB | HLPLNB-TUN07FLED-AB | LED headlights | LED projector | make:Toyota | model:Sequoia | model:Tundra | plug and play headlights | projector headlights | Toyota headlights | Toyota Sequoia headlights | Toyota Tundra headlights | TYTD07B.06 | year:2007 | year:2008 | year:2009 | year:2010 | year:2011 | year:2012 | year:2013
2014-2021-toyota-tundra-full-led-projector-headlights-black-amber,2014-2021 Toyota Tundra Full LED Projector Headlights Black Amber,headlights - led crystal style,Alpha Owls,1,41,2014 | 2014 Tundra | 2015 | 2015 Tundra | 2016 | 2016 Tundra | 2017 | 2017 Tundra | 2018 | 2018 Tundra | 2019 | 2019 Tundra | 2020 | 2020 Tundra | 2021 | 2021 Tundra | aftermarket headlights | amber headlights | black headlights | category:Headlights | full LED projector | halogen replacement | headlights | HLPLNB-TUN14FLED-AB | LED headlights | LED projector headlights | make:Toyota | model:Tundra | projector headlights | Toyota Tundra | Toyota Tundra headlights | Tundra headlights | TYTD14B.06 | year:2014 | year:2015 | year:2016 | year:2017 | year:2018 | year:2019 | year:2020 | year:2021
88-98-chevy-gmc-c10-projector-headlights-8pc-set-led-bar-black,1994-2000 Chevrolet C/K Series Projector Headlights 8PC Set - Black,headlights - projector,Anzo,1,31,1994 | 1994 1995 1996 1997 1998 1999 2000 | 1995 | 1996 | 1997 | 1998 | 1999 | 2000 | 8pc set | amber lights | black housing | bumper lights | C/K series | Chevrolet C1500 | Chevrolet C2500 | Chevrolet C3500 | Chevrolet K1500 | Chevrolet K2500 | Chevrolet K3500 | Chevrolet Suburban | Chevrolet Tahoe | composite headlights | corner lights | custom headlights | full size truck | headlight kit | HLPNB-C10888PLBW-AB | LED light bar | projector headlights | SUV headlights | truck lighting upgrade
88-98-chevy-gmc-c10-projector-headlights-8pc-set-chrome-led-bar,1994-2000 Chevrolet C/K Series Projector Headlights 8PC Set - Chrome,headlights - projector,Stehlen Auto,1,30,1994 | 1994 1995 1996 1997 1998 1999 2000 | 1995 | 1996 | 1997 | 1998 | 1999 | 2000 | 8 piece headlight kit | amber | bumper lights | c10 | chevrolet c1500 | chevrolet c2500 | chevrolet c3500 | chevrolet k1500 | chevrolet k2500 | chevrolet k3500 | chevrolet suburban | chevrolet tahoe | chrome headlights | ck truck | composite headlights | corner lights | HLPNB-C10888PLBW-AC | led light bar | projector headlights | super white led | SUV headlights | truck headlights
04-08-ford-f-150-led-projector-headlights-black-w-amber-light-bar,04-08 Ford F-150 LED Projector Headlights Black w/ Amber Light Bar,headlights - led crystal style,Spyder Auto,1,27,2004 | 2005 | 2006 | 2007 | 2008 | aftermarket headlights | amber | black headlights | category:Headlights | F150 | FDPU04E.06 | Ford F-150 | Ford F150 headlights | headlights | HLPNB-F15004LBW-AB | LED headlights | LED light bar | make:Ford | model:F-150 | projector | projector headlights | replacement headlights | year:2004 | year:2005 | year:2006 | year:2007 | year:2008
04-08-ford-f-150-led-halo-projector-headlights-black-fdpu04b1-06,04-08 Ford F-150 LED Halo Projector Headlights Black - FDPU04B1.06,headlights - led crystal style,Spyder Auto,1,23,2004-2008 | aftermarket headlights | amber | black headlights | category:Headlights | F150 | FDPU04B1.06 | Ford F-150 | Ford F150 headlights | Ford lighting | halo projector | headlights | HLPNB-F15004LED-AB | LED halo headlights | LED light bar | make:Ford | model:F-150 | projector headlights | year:2004 | year:2005 | year:2006 | year:2007 | year:2008
04-08-ford-f-150-led-halo-projector-headlights-chrome-fdpu04b1,04-08 Ford F-150 LED Halo Projector Headlights Chrome - FDPU04B1,headlights - led crystal style,Spec-D Tuning,1,24,2004-2008 | aftermarket headlights | amber headlights | category:Headlights | chrome headlights | F150 | FDPU04B1 | FDPU04B1.00 | Ford F-150 | Ford F150 headlights | halo projector | headlights | HLPNB-F15004LED-AC | LED halo headlights | LED light bar | make:Ford | model:F-150 | projector headlights | truck headlights | year:2004 | year:2005 | year:2006 | year:2007 | year:2008
04-08-ford-f-150-projector-headlights-sequential-led-black,04-08 Ford F-150 Projector Headlights Sequential LED - Black,headlights - led crystal style,HLPNB,1,26,2004-2008 | aftermarket headlights | amber | black housing | category:Headlights | F-150 headlights | F150 | FDPU04ES.06 | Ford F-150 | Ford headlights | headlights | HLPNB-F15004LSQ-AB | LED headlights | light bar | make:Ford | model:F-150 | projector beam | projector headlights | sequential LED | truck headlights | turn signal | year:2004 | year:2005 | year:2006 | year:2007 | year:2008
04-08-ford-f-150-projector-headlights-sequential-led-chrome,04-08 Ford F-150 Projector Headlights Sequential LED Chrome,headlights - led crystal style,Spyder Auto,1,23,2004-2008 Ford F-150 | aftermarket headlights | amber turn signal | category:Headlights | chrome headlights | F150 headlights | FDPU04ES.00 | Ford F-150 | ford truck lighting | headlights | HLPNB-F15004LSQ-AC | LED turn signal | light bar headlights | make:Ford | model:F-150 | projector | projector headlights | sequential LED | year:2004 | year:2005 | year:2006 | year:2007 | year:2008
09-14-ford-f-150-led-projector-headlights-black-w-amber-light-bar,09-14 Ford F-150 LED Projector Headlights Black w/ Amber Light Bar,headlights - led crystal style,Spec-D Tuning,1,24,2009-2014 | aftermarket headlights | amber | black headlights | bolt-on headlights | category:Headlights | F150 | FDPU09D.06 | Ford F-150 | Ford F150 headlights | headlights | HLPNB-F15009LBW-AB | LED headlights | LED light bar | make:Ford | model:F-150 | projector beam | projector headlights | year:2009 | year:2010 | year:2011 | year:2012 | year:2013 | year:2014
09-14-ford-f-150-black-projector-headlights-sequential-led-fdpu09ds-06,09-14 Ford F-150 Black Projector Headlights Sequential LED - FDPU09DS.06,headlights - led crystal style,Spec-D Tuning,1,26,2009-2014 | aftermarket headlights | amber | black housing | category:Headlights | F150 | FDPU09DS.06 | Ford F-150 | Ford F150 headlights | Ford headlights | headlights | HLPNB-F15009LSQ-AB | LED headlights | light bar | make:Ford | model:F-150 | projector headlights | sequential LED | truck headlights | turn signal | year:2009 | year:2010 | year:2011 | year:2012 | year:2013 | year:2014
09-14-ford-f-150-chrome-led-projector-headlights-w-amber-light-bar,09-14 Ford F-150 Chrome LED Projector Headlights w/ Amber Light Bar,headlights - led crystal style,Spec-D Tuning,1,24,2009-2014 | aftermarket headlights | amber | category:Headlights | chrome headlights | F150 | FDPU09D.00 | Ford F-150 | Ford F150 headlights | headlights | HLPNB-F15009LBW-AC | LED headlights | LED light bar | make:Ford | model:F-150 | projector | projector headlights | replacement headlights | year:2009 | year:2010 | year:2011 | year:2012 | year:2013 | year:2014
09-14-ford-f-150-chrome-projector-headlights-sequential-led-signal,09-14 Ford F-150 Chrome Projector Headlights Sequential LED Signal,headlights - led crystal style,Anzo,1,24,2009-2014 | aftermarket headlights | amber turn signal | category:Headlights | chrome headlights | F150 | FDPU09DS.00 | Ford F-150 | Ford truck lighting | headlights | HLPNB-F15009LSQ-AC | LED light bar | make:Ford | model:F-150 | projector headlights | replacement headlights | sequential LED | turn signal | year:2009 | year:2010 | year:2011 | year:2012 | year:2013 | year:2014
02-05-dodge-ram-projector-headlights-w-led-light-bar-black,02-05 Dodge Ram Projector Headlights w/ LED Light Bar - Black,headlights - led crystal style,HLPNB,1,28,2002 | 2003 | 2004 | 2005 | aftermarket headlights | amber reflector | black headlights | category:Headlights | DGPU02C.06 | Dodge Ram | dodge ram headlights | headlights | HLPNB-RAM02LBW-AB | LED headlights | LED light bar | make:Dodge | make:Ram | model:Ram | projector | projector headlights | Ram 1500 | Ram 2500 | Ram 3500 | replacement headlights | year:2002 | year:2003 | year:2004 | year:2005
02-05-dodge-ram-chrome-projector-headlights-w-led-light-bar,02-05 Dodge Ram Chrome Projector Headlights w/ LED Light Bar,headlights - led crystal style,HLPNB,1,25,2002 Dodge Ram | 2003 Dodge Ram | 2004 Dodge Ram | 2005 Dodge Ram | aftermarket headlights | amber reflector headlights | category:Headlights | chrome headlights | chrome projector | DGPU02C.00 | Dodge Ram | Dodge Ram headlights | headlights | HLPNB-RAM02LBW-AC | LED headlights | LED light bar headlights | make:Dodge | make:Ram | model:Ram | projector | projector headlights | year:2002 | year:2003 | year:2004 | year:2005
02-05-dodge-ram-projector-headlights-sequential-led-turn-signal-black,02-05 Dodge Ram Projector Headlights Sequential LED Turn Signal - Black,headlights - led crystal style,HLPNB,1,29,2002 | 2003 | 2004 | 2005 | aftermarket headlights | amber | black housing | category:Headlights | DGPU02CS.06 | Dodge Ram | Dodge Ram headlights | headlights | HLPNB-RAM02LSQ-AB | LED headlights | light bar | make:Dodge | make:Ram | model:Ram | projector beam | projector headlights | Ram 1500 | Ram 2500 | Ram 3500 | sequential LED | turn signal | year:2002 | year:2003 | year:2004 | year:2005
02-05-dodge-ram-projector-headlights-sequential-led-turn-signal-chrome,02-05 Dodge Ram Projector Headlights Sequential LED Turn Signal Chrome,headlights - led crystal style,HLPNB,1,28,2002 Dodge Ram | 2003 Dodge Ram | 2004 Dodge Ram | 2005 Dodge Ram | aftermarket headlights | amber turn signal | category:Headlights | chrome headlights | DGPU02CS.00 | Dodge Ram 1500 | Dodge Ram 2500 | Dodge Ram 3500 | Dodge Ram headlights | headlights | HLPNB-RAM02LSQ-AC | LED headlights | light bar | make:Dodge | make:Ram | model:Ram | projector | projector headlights | sequential LED | turn signal | year:2002 | year:2003 | year:2004 | year:2005
06-08-dodge-ram-black-projector-headlights-w-led-light-bar-amber,06-08 Dodge Ram Black Projector Headlights w/ LED Light Bar - Amber,headlights - led crystal style,HLPNB,1,26,2006 | 2007 | 2008 | aftermarket headlights | amber reflector | black headlights | category:Headlights | DGPU06D.06 | Dodge Ram | dodge ram headlights | headlights | HLPNB | HLPNB-RAM06LBW-AB | LED headlights | LED light bar | make:Dodge | make:Ram | model:Ram | projector | projector headlights | Ram 1500 | Ram 2500 | Ram 3500 | year:2006 | year:2007 | year:2008
06-08-dodge-ram-chrome-projector-headlights-w-led-light-bar,06-08 Dodge Ram Chrome Projector Headlights w/ LED Light Bar,headlights - led crystal style,HLPNB,1,25,2006 Dodge Ram | 2007 Dodge Ram | 2008 Dodge Ram | aftermarket headlights | amber reflector | category:Headlights | chrome headlights | DGPU06D.00 | Dodge Ram headlights | Dodge Ram lighting | headlights | HLPNB-RAM06LBW-AC | LED | LED light bar headlights | make:Dodge | make:Ram | model:Ram | projector | projector headlights | Ram 1500 headlights | Ram 2500 headlights | Ram 3500 headlights | year:2006 | year:2007 | year:2008
06-08-dodge-ram-sequential-led-projector-headlights-black,06-08 Dodge Ram Sequential LED Projector Headlights - Black,headlights - led crystal style,HLPNB,1,28,2006 Dodge Ram | 2007 Dodge Ram | 2008 Dodge Ram | aftermarket headlights | amber | black headlights | category:Headlights | DGPU06DS.06 | Dodge Ram | Dodge Ram headlights | headlights | HLPNB | HLPNB-RAM06LSQ-AB | LED headlights | light bar | make:Dodge | make:Ram | model:Ram | projector | projector headlights | Ram 1500 | Ram 2500 | Ram 3500 | sequential LED | turn signal | year:2006 | year:2007 | year:2008
06-08-dodge-ram-sequential-led-projector-headlights-chrome-dgpu06ds,06-08 Dodge Ram Sequential LED Projector Headlights Chrome - DGPU06DS,headlights - led crystal style,HLPNB,1,29,06-08 Ram | 2006 Dodge Ram | 2007 Dodge Ram | 2008 Dodge Ram | aftermarket headlights | amber turn signal | category:Headlights | chrome headlights | DGPU06DS.00 | Dodge Ram | Dodge Ram headlights | headlights | HLPNB | HLPNB-RAM06LSQ-AC | LED headlights | light bar | make:Dodge | make:Ram | model:Ram | projector | projector headlights | Ram 1500 | Ram 2500 | Ram 3500 | sequential LED | turn signal | year:2006 | year:2007 | year:2008
09-18-dodge-ram-projector-headlights-led-light-bar-black-dgpu09d,2009-2024 Dodge Ram 1500 2500 3500 Projector Headlights LED - Black,headlights - projector,Spec-D Tuning,1,40,1500 classic headlights | 2009 | 2009 ram headlights | 2010 | 2010 ram headlights | 2011 | 2011 ram headlights | 2012 | 2012 ram headlights | 2013 | 2013 ram headlights | 2014 | 2014 ram headlights | 2015 | 2015 ram headlights | 2016 | 2016 ram headlights | 2017 | 2017 ram headlights | 2018 | 2018 ram headlights | 2019 | 2020 | 2021 | 2022 | 2023 | 2024 | amber headlights | black headlights | DGPU09D.06 | dodge ram headlights | dodge ram projector | HLPNB-RAM09LBW-AB | led headlight assembly | led light bar headlights | projector headlights | ram 1500 headlights | ram 2500 headlights | ram 3500 headlights | truck headlights
09-18-dodge-ram-projector-headlights-sequential-led-turn-signal-black,2009-2024 Dodge Ram 1500 2500 3500 Projector Headlights - Black,headlights - projector,Spec-D Tuning,1,29,2009 | 2009 2010 2011 2012 2013 2014 2015 2016 2017 2018 dodge ram | 2010 | 2011 | 2012 | 2013 | 2014 | 2015 | 2016 | 2017 | 2018 | 2019 | 2020 | 2021 | 2022 | 2023 | 2024 | aftermarket headlights | amber turn signal | black headlights | DGPU09DS.06 | dodge ram headlights | HLPNB-RAM09LSQ-AB | projector headlights | ram 1500 classic headlights | ram 1500 headlights | ram 2500 headlights | ram 3500 headlights | sequential LED turn signal
09-18-dodge-ram-sequential-led-projector-headlights-chrome,2009-2024 Dodge Ram 1500 2500 3500 Projector Headlights Sequential LED - Chrome,headlights - projector,Spec-D Tuning,1,33,1500 Classic | 2009 | 2009 2010 2011 2012 2013 2014 2015 2016 2017 2018 2019 2020 2021 2022 2023 2024 | 2010 | 2011 | 2012 | 2013 | 2014 | 2015 | 2016 | 2017 | 2018 | 2019 | 2020 | 2021 | 2022 | 2023 | 2024 | aftermarket headlights | amber LED | chrome headlights | chrome housing | DGPU09DS.00 | Dodge Ram headlights | HLPNB-RAM09LSQ-AC | LED turn signal bar | projector headlights | Ram 1500 | Ram 2500 | Ram 3500 | sequential LED | truck headlights | turn signal
03-06-chevy-silverado-avalanche-projector-headlights-led-bar-black-4pc,2002-2007 Chevrolet Silverado Avalanche Projector Headlights LED Black,headlights - projector,Spec-D Tuning,1,26,2002 | 2003 | 2003 Silverado headlights | 2004 | 2004 Silverado headlights | 2005 | 2005 Silverado headlights | 2006 | 2006 Silverado headlights | 2007 | 2007 Silverado Classic headlights | 4 piece headlight set | amber corner lights | Avalanche headlights | black housing | Chevrolet Avalanche | Chevrolet Silverado | CVSV03C.06 | headlight upgrade | HLPNB-SIL034PLBW-AB | LED light bar | projector headlights | Silverado 1500 | Silverado 2500 | Silverado 3500 | truck headlights
03-06-chevy-silverado-avalanche-projector-headlights-chrome-4pc-led,2002-2007 Chevrolet Silverado/Avalanche Projector Headlights & Parking Lights Chrome,headlights - projector,aftermarket,1,29,2002 | 2002 Avalanche headlights | 2003 | 2003 Silverado headlights | 2004 | 2004 Silverado headlights | 2005 | 2005 Silverado headlights | 2006 | 2006 Silverado headlights | 2007 | 2007 Silverado Classic headlights | 4 piece headlight set | Avalanche 1500 | Avalanche 2500 | Chevrolet Avalanche | Chevrolet Silverado | chrome headlights | chrome projector headlights | headlight assembly | HLPNB-SIL034PLBW-AC | LED light bar | parking lights | projector headlights | signal lights | Silverado 1500 | Silverado 2500 | Silverado 3500 | without body cladding
05-11-toyota-tacoma-black-projector-headlights-w-led-light-bar,05-11 Toyota Tacoma Black Projector Headlights w/ LED Light Bar,headlights - led crystal style,Spec-D Tuning,0,30,2005 | 2006 | 2007 | 2008 | 2009 | 2010 | 2011 | aftermarket headlights | amber reflectors | black headlights | category:Headlights | headlights | HLPNB-TACO05LBW-AB | LED light bar | make:Toyota | model:Tacoma | projector | projector headlights | Tacoma headlights | Tacoma lighting | Toyota Tacoma | Toyota Tacoma headlights | TYTD05D.06 | year:2005 | year:2006 | year:2007 | year:2008 | year:2009 | year:2010 | year:2011
03-06-chevy-silverado-avalanche-projector-headlights-chrome-4pc-set,2002-2007 Chevrolet Silverado Avalanche Projector Headlights Chrome,headlights - projector,Spec-D Tuning,1,27,2002 | 2003 | 2003 Silverado | 2004 | 2004 Silverado | 2005 | 2005 Silverado | 2006 | 2006 Silverado | 2007 | 2007 Silverado Classic | 4-piece headlight set | Avalanche 1500 | Avalanche 2500 | Avalanche headlights | Chevrolet Silverado headlights | chrome headlights | chrome housing | headlight replacement | HLPNB-SIL034PLSQ-AC | LED signal bar | projector headlights | sequential LED turn signal | Silverado 1500 | Silverado 2500 | Silverado 3500 | truck headlights
05-11-toyota-tacoma-projector-headlights-sequential-led-black,05-11 Toyota Tacoma Projector Headlights Sequential LED - Black,headlights - led crystal style,Spyder Auto,0,26,2005-2011 Tacoma | aftermarket headlights | amber | black housing | category:Headlights | headlights | HLPNB-TACO05LSQ-AB | LED headlights | light bar | make:Toyota | model:Tacoma | projector headlights | sequential LED | Tacoma accessories | Tacoma headlights | Toyota | Toyota Tacoma | turn signal | TYTD05DS.06 | year:2005 | year:2006 | year:2007 | year:2008 | year:2009 | year:2010 | year:2011
05-11-toyota-tacoma-projector-headlights-sequential-led-chrome,05-11 Toyota Tacoma Projector Headlights Sequential LED Chrome,headlights - led crystal style,HLPNB,1,27,2005-2011 Tacoma | aftermarket headlights | amber turn signal | category:Headlights | chrome headlights | headlights | HLPNB-TACO05LSQ-AC | LED light bar | make:Toyota | model:Tacoma | projector | projector headlights | sequential LED | sequential turn signal | Tacoma accessories | Tacoma headlights | Toyota | Toyota Tacoma | turn signal | TYTD05DS.00 | year:2005 | year:2006 | year:2007 | year:2008 | year:2009 | year:2010 | year:2011
07-13-toyota-tundra-08-15-sequoia-projector-headlights-black-led-halo,2007-2017 Toyota Tundra Sequoia Projector Headlights LED Halo - Black,headlights - projector,Spec-D Tuning,1,41,2007 | 2007 Tundra | 2008 | 2008 Sequoia | 2008 Tundra | 2009 | 2009 Sequoia | 2009 Tundra | 2010 | 2010 Sequoia | 2010 Tundra | 2011 | 2011 Sequoia | 2011 Tundra | 2012 | 2012 Sequoia | 2012 Tundra | 2013 | 2013 Sequoia | 2013 Tundra | 2014 | 2014 Sequoia | 2015 | 2015 Sequoia | 2016 | 2016 Sequoia | 2017 | 2017 Sequoia | aftermarket headlights | amber | black housing | custom headlights | HLPNB-TUN07LBW-AB | LED halo | LED halo ring | light bar | projector headlights | super white LED | Toyota Sequoia | Toyota Tundra | TYTD07D.06
2012-2015-toyota-tacoma-projector-headlights-sequential-led-black,2012-2015 Toyota Tacoma Projector Headlights Sequential LED - Black,headlights - led crystal style,Spec-D Tuning,1,30,2012 | 2012 Tacoma | 2013 | 2013 Tacoma | 2014 | 2014 Tacoma | 2015 | 2015 Tacoma | aftermarket headlights | amber | black headlights | category:Headlights | headlights | HLPNB-TACO12LSQ-AB | LED headlights | light bar | make:Toyota | model:Tacoma | projector headlights | sequential LED | Tacoma headlights | Toyota | Toyota Tacoma | truck headlights | turn signal | TYTC12CS.06 | year:2012 | year:2013 | year:2014 | year:2015
07-13-toyota-tundra-08-15-sequoia-projector-headlights-chrome-led,2007-2017 Toyota Tundra Sequoia Projector Headlights LED - TYTD07DS,headlights - projector,HLPNB,1,39,2007 | 2007 Tundra | 2008 | 2008 Sequoia | 2008 Tundra | 2009 | 2009 Sequoia | 2009 Tundra | 2010 | 2010 Sequoia | 2010 Tundra | 2011 | 2011 Sequoia | 2011 Tundra | 2012 | 2012 Sequoia | 2012 Tundra | 2013 | 2013 Sequoia | 2013 Tundra | 2014 | 2014 Sequoia | 2015 | 2015 Sequoia | 2016 | 2016 Sequoia | 2017 | 2017 Sequoia | aftermarket headlights | amber accent | chrome headlights | headlight assembly | HLPNB-TUN07LSQ-AC | LED turn signal | projector headlights | sequential LED | Toyota Sequoia | Toyota Tundra | TYTD07DS.00
14-21-toyota-tundra-projector-headlights-led-halo-light-bar-black,14-21 Toyota Tundra Projector Headlights LED Halo & Light Bar - Black,headlights - led crystal style,Spec-D Tuning,1,28,2014-2021 | aftermarket headlights | amber | black housing | category:Headlights | halo headlights | headlights | HLPNB-TUN14LBW-AB | LED halo | LED headlights | light bar | make:Toyota | model:Tundra | projector beam | projector headlights | Toyota | Toyota Tundra | Tundra | Tundra headlights | TYTD14E1.06 | year:2014 | year:2015 | year:2016 | year:2017 | year:2018 | year:2019 | year:2020 | year:2021
2014-2021-toyota-tundra-led-halo-projector-headlights-chrome,2014-2021 Toyota Tundra LED Halo Projector Headlights Chrome,headlights - led crystal style,Spec-D Tuning,1,34,2014 | 2014-2021 Tundra | 2015 | 2016 | 2017 | 2018 | 2019 | 2020 | 2021 | aftermarket headlights | amber signal headlights | category:Headlights | chrome headlights | halo headlights | headlights | HLPNB-TUN14LBW-AC | LED halo headlights | LED light bar headlights | make:Toyota | model:Tundra | projector headlights | Toyota | Toyota Tundra headlights | Tundra | Tundra projector | TYTD14E1.00 | year:2014 | year:2015 | year:2016 | year:2017 | year:2018 | year:2019 | year:2020 | year:2021
2014-2021-toyota-tundra-chrome-projector-headlights-sequential-led,2014-2021 Toyota Tundra Chrome Projector Headlights Sequential LED,headlights - led crystal style,Spec-D Tuning,1,36,2014 | 2014-2021 | 2015 | 2016 | 2017 | 2018 | 2019 | 2020 | 2021 | aftermarket headlights | amber | category:Headlights | chrome headlights | headlights | HLPNB-TUN14LSQ-AC | LED light bar | make:Toyota | model:Tundra | plug and play | projector beam | projector headlights | sequential LED | Toyota | Toyota Tundra | Tundra | Tundra headlights | turn signal | TYTD14E1S.00 | year:2014 | year:2015 | year:2016 | year:2017 | year:2018 | year:2019 | year:2020 | year:2021
2014-2021-toyota-tundra-projector-headlights-sequential-led-black,2014-2021 Toyota Tundra Projector Headlights Sequential LED - Black,headlights - led crystal style,Spec-D Tuning,1,34,2014 | 2014-2021 Tundra | 2015 | 2016 | 2017 | 2018 | 2019 | 2020 | 2021 | aftermarket headlights | amber turn signal | black headlights | category:Headlights | headlights | HLPNB-TUN14LSQ-LAM-AB | LED light bar headlights | LED turn signal | make:Toyota | model:Tundra | projector beam | projector headlights | sequential LED | Toyota Tundra | Toyota Tundra accessories | Tundra headlights | TYTD14E2S.06 | year:2014 | year:2015 | year:2016 | year:2017 | year:2018 | year:2019 | year:2020 | year:2021
2014-2021-toyota-tundra-projector-headlights-sequential-led-chrome,2014-2021 Toyota Tundra Projector Headlights Sequential LED Chrome,headlights - led crystal style,Spec-D Tuning,1,40,2014 | 2014 Tundra | 2015 | 2015 Tundra | 2016 | 2016 Tundra | 2017 | 2017 Tundra | 2018 | 2018 Tundra | 2019 | 2019 Tundra | 2020 | 2020 Tundra | 2021 | 2021 Tundra | amber turn signal | category:Headlights | chrome headlights | headlights | HLPNB-TUN14LSQ-LAM-AC | LED headlights | make:Toyota | model:Tundra | projector beam | projector headlights | replacement headlights | sequential LED | Toyota headlights | Toyota Tundra | turn signal | TYTD14E2S.00 | year:2014 | year:2015 | year:2016 | year:2017 | year:2018 | year:2019 | year:2020 | year:2021
2015-2025-chevy-colorado-82-modular-steel-running-boards-black,2015-2022 Chevrolet Colorado & GMC Canyon Crew Cab Running Boards - Modular Steel,running boards,Modular Running Boards,1,39,2015 | 2015 Canyon | 2015 Colorado | 2016 | 2016 Canyon | 2016 Colorado | 2017 | 2017 Canyon | 2017 Colorado | 2018 | 2018 Canyon | 2018 Colorado | 2019 | 2019 Canyon | 2019 Colorado | 2020 | 2020 Canyon | 2020 Colorado | 2021 | 2021 Canyon | 2021 Colorado | 2022 | 2022 Canyon | 2022 Colorado | 4-door | 82 inch running boards | Chevrolet Colorado | combo kit | crew cab | GMC Canyon | modular running boards | nerf bars | RBJZ-BR-COLO15-6P+RBJZ-82-MRB-TB | running board brackets | running boards | side steps | steel running boards | texture black | truck steps
2015-2023-ford-f-150-super-duty-86-aluminum-running-boards-matte-black,2015-2023 Ford F-150/Super Duty Crew Cab 86 inch Aluminum Running Boards - Matte Black,running boards,RBJZ,1,27,2015 | 2015-2023 | 2016 | 2017 | 2018 | 2019 | 2020 | 2021 | 2022 | 2023 | aluminum | crew cab | flat mount | Ford F-150 | Ford F-250 | Ford F-350 | Ford F-450 | Ford F-550 | matte black | RBJZ | RBJZ-BR-F15015-6P+RBJZ-86-5-TI-MB | running boards | side steps | Super Duty | supercrew | TI style | truck accessories
2015-2023-ford-f-150-super-duty-86-oe-style-running-boards-matte-black,2015-2023 Ford F-150/Super Duty Crew Cab 86 inch OE Style Running Boards - Matte Black,running boards,RBJZ,1,27,2015 | 2015-2023 | 2016 | 2017 | 2018 | 2019 | 2020 | 2021 | 2022 | 2023 | aluminum | crew cab | exterior accessories | flat mount | Ford F-150 | Ford F-250 | Ford F-350 | Ford F-450 | Ford F-550 | matte black | OE style | RBJZ-BR-F15015-6P+RBJZ-86-6-OE-MB | running boards | side steps | Super Duty | supercrew | truck accessories
2015-2023-ford-f-150-super-duty-86-oe-style-running-boards-silver,2015-2023 Ford F-150/Super Duty Crew Cab OE Running Boards - Silver,running boards,RBJZ,1,27,2015 | 2015-2023 | 2016 | 2017 | 2018 | 2019 | 2020 | 2021 | 2022 | 2023 | aluminum | crew cab | exterior accessories | flat mount | Ford F-150 | Ford F-250 | Ford F-350 | Ford F-450 | Ford F-550 | OE style | RBJZ-BR-F15015-6P+RBJZ-86-6-OE-SL | running boards | side steps | silver | Super Duty | supercrew | truck accessories
2009-2022-ram-1500-5-aluminum-running-boards-matte-black-rbjz,2009-2022 Dodge Ram 1500 Quad/Extended Cab Running Boards Matte Black,running boards,RBJZ,1,29,2009 | 2009 2010 2011 2012 2013 2014 2015 2016 2017 2018 2019 2020 2021 2022 | 2010 | 2011 | 2012 | 2013 | 2014 | 2015 | 2016 | 2017 | 2018 | 2019 | 2020 | 2021 | 2022 | aluminum running boards | Dodge Ram | Dodge Ram 1500 | extended cab | flat mount running boards | matte black | nerf bars | quad cab | Ram 1500 Classic | RBJZ-BR-RAM09-6P+RBJZ-76-5-TI-MB | running boards | side steps | TI style | truck steps
2009-2022-ram-1500-76-oe-style-running-boards-matte-black,2009-2022 Dodge Ram 1500 Quad/Extended Cab OE Running Boards Matte Black,running boards,Stehlen Auto,1,43,2009 | 2009 Ram 1500 | 2010 | 2010 Ram 1500 | 2011 | 2011 Ram 1500 | 2012 | 2012 Ram 1500 | 2013 | 2013 Ram 1500 | 2014 | 2014 Ram 1500 | 2015 | 2015 Ram 1500 | 2016 | 2016 Ram 1500 | 2017 | 2017 Ram 1500 | 2018 | 2018 Ram 1500 | 2019 | 2019 Ram 1500 Classic | 2020 | 2020 Ram 1500 Classic | 2021 | 2021 Ram 1500 Classic | 2022 | 2022 Ram 1500 Classic | 76 inch running boards | aluminum running boards | Dodge Ram 1500 | extended cab running boards | flat mount running boards | matte black running boards | nerf bars | OE style running boards | quad cab running boards | Ram 1500 Classic | RBJZ-BR-RAM09-6P+RBJZ-76-6-OE-MB | running boards | side steps | truck accessories | truck steps
2009-2022-ram-1500-6-oe-style-aluminum-running-boards-polish,2009-2022 Dodge Ram 1500 Quad/Extended Cab Running Boards - Polished Aluminum OE Style,running boards,RBJZ,1,31,2009 | 2009 2010 2011 2012 2013 2014 2015 2016 2017 2018 2019 2020 2021 2022 | 2010 | 2011 | 2012 | 2013 | 2014 | 2015 | 2016 | 2017 | 2018 | 2019 | 2020 | 2021 | 2022 | 6 inch running boards | 76 inch running boards | combo kit | Dodge Ram running boards | Extended Cab running boards | flat mount running boards | nerf bars | OE style running boards | polished aluminum running boards | Quad Cab running boards | Ram 1500 Classic running boards | Ram 1500 running boards | RBJZ brackets | RBJZ-BR-RAM09-6P+RBJZ-76-6-OE-SL | running boards | side steps
09-22-dodge-ram-1500-5500-crew-cab-86-aluminum-running-boards,2009-2022 Dodge Ram 1500-5500 Crew Cab Running Boards - TI Style Matte Black,running boards,RBJZ,1,36,2009 | 2009 2010 2011 2012 2013 2014 2015 2016 2017 2018 2019 2020 2021 2022 | 2010 | 2011 | 2012 | 2013 | 2014 | 2015 | 2016 | 2017 | 2018 | 2019 | 2020 | 2021 | 2022 | 86 inch | aluminum running boards | cab entry | combo kit | crew cab | dodge ram | dodge ram running boards | flat mount | matte black | nerf bars | ram 1500 | ram 2500 | ram 3500 | ram 4500 | ram 5500 | RBJZ brackets | RBJZ-BR-RAM09-6P+RBJZ-86-5-TI-MB | running boards | side steps | TI style | truck steps
09-22-dodge-ram-1500-5500-crew-cab-oe-style-running-boards,2009-2022 Dodge Ram 1500-5500 Crew Cab OE Running Boards - Matte Black,running boards,RBJZ,1,35,1500 Classic | 2009 | 2009 2010 2011 2012 2013 2014 2015 2016 2017 2018 2019 2020 2021 2022 | 2010 | 2011 | 2012 | 2013 | 2014 | 2015 | 2016 | 2017 | 2018 | 2019 | 2020 | 2021 | 2022 | 86 inch | aluminum | combo kit | crew cab | Dodge Ram | flat mount | matte black | mount brackets | nerf bars | OE style | Ram 1500 | Ram 2500 | Ram 3500 | Ram 4500 | Ram 5500 | RBJZ | RBJZ-BR-RAM09-6P+RBJZ-86-6-OE-MB | running boards | side steps
09-22-dodge-ram-1500-5500-crew-cab-oe-style-running-boards-silver,2009-2022 Dodge Ram 1500-5500 Crew Cab OE Running Boards Silver,running boards,RBJZ,1,35,2009 | 2009 2010 2011 2012 2013 2014 2015 2016 2017 2018 2019 2020 2021 2022 | 2010 | 2011 | 2012 | 2013 | 2014 | 2015 | 2016 | 2017 | 2018 | 2019 | 2020 | 2021 | 2022 | 4-door | 86 inch running board | aluminum running boards | bracket kit | combo kit | crew cab | Dodge Ram 1500 | Dodge Ram 1500 Classic | Dodge Ram 2500 | Dodge Ram 3500 | Dodge Ram 4500 | Dodge Ram 5500 | Dodge Ram running boards | flat mount | nerf bars | OE style running boards | RBJZ-BR-RAM09-6P+RBJZ-86-6-OE-SL | running boards | side steps | silver running boards
2019-2024-ram-1500-76-oe-style-aluminum-running-boards-matte-black,2019-2024 Dodge Ram 1500 Extended Cab OE Running Boards - Matte Black,running boards,Stehlen Auto,1,26,2019 | 2019 Ram 1500 | 2020 | 2020 Ram 1500 | 2021 | 2021 Ram 1500 | 2022 | 2022 Ram 1500 | 2023 | 2023 Ram 1500 | 2024 | 2024 Ram 1500 | aluminum running boards | combo kit | Dodge Ram 1500 | extended cab | flat mount | matte black | nerf bars | OE style | quad cab | Ram 1500 | RBJZ-BR-RAM191500-6P+RBJZ-76-6-OE-MB | running boards | side steps | truck running boards
2019-2024-ram-1500-quad-cab-76-modular-steel-running-boards,2019-2024 Dodge Ram 1500 Extended Cab Running Boards Steel Modular,running boards,Stehlen Auto,1,20,2019 | 2020 | 2021 | 2022 | 2023 | 2024 | 76 inch running boards | combo kit | dodge ram 1500 | extended cab | modular running boards | nerf bars | quad cab | ram 1500 | RBJZ-BR-RAM191500-6P+RBJZ-76-MRB-TB | running boards | side steps | steel running boards | texture black | truck running boards
2019-2024-ram-1500-86-oe-style-aluminum-running-boards-matte-black,2019-2024 Dodge Ram 1500 Crew Cab OE Running Boards - Matte Black,running boards,Stehlen Auto,1,27,2019 | 2019 ram 1500 | 2020 | 2020 ram 1500 | 2021 | 2021 ram 1500 | 2022 | 2022 ram 1500 | 2023 | 2023 ram 1500 | 2024 | 2024 ram 1500 | 86 inch running board | aluminum running boards | crew cab | dodge ram 1500 | dodge ram accessories | flat mount | matte black | nerf bars | new body style | OE style | ram 1500 | RBJZ-BR-RAM191500-6P+RBJZ-86-6-OE-MB | running boards | side steps | truck running boards
2019-2024-ram-1500-modular-steel-running-boards-texture-black,"2019-2024 Dodge Ram 1500 Crew Cab Running Boards 86"" Modular Steel",running boards,Stehlen Auto,1,27,2019 | 2019 ram 1500 | 2020 | 2020 ram 1500 | 2021 | 2021 ram 1500 | 2022 | 2022 ram 1500 | 2023 | 2023 ram 1500 | 2024 | 2024 ram 1500 | 86 inch running board | crew cab | dodge ram | modular running boards | nerf bars | new body style | ram 1500 | ram 1500 accessories | RBJZ-BR-RAM191500-6P+RBJZ-86-MRB-TB | running board brackets | running boards | side steps | steel running boards | texture black | truck running boards
2019-2024-ford-ranger-crew-cab-82-modular-steel-running-boards,2019-2023 Ford Ranger Crew Cab Running Boards - Modular Steel,running boards,RBJZ,1,21,2019 | 2019 Ranger | 2020 | 2020 Ranger | 2021 | 2021 Ranger | 2022 | 2022 Ranger | 2023 | 2023 Ranger | crew cab | Ford accessories | Ford Ranger | modular running boards | RBJZ-BR-RANG19-6P+RBJZ-82-MRB-TB | running boards | side steps | steel running boards | supercrew | texture black | truck accessories
2019-2024-chevy-silverado-gmc-sierra-76-oe-running-boards-matte-black,2019-2024 Silverado/Sierra Double Cab OE Running Boards - Matte Black,running boards,RBJZ,1,26,2019 | 2019-2024 | 2020 | 2021 | 2022 | 2023 | 2024 | 76 inch | aluminum | Chevrolet Silverado 1500 | Chevrolet Silverado 2500 HD | Chevrolet Silverado 3500 HD | DEF tank compatible | double cab | extended cab | flat mount | GMC Sierra 1500 | GMC Sierra 2500 HD | GMC Sierra 3500 HD | matte black | OE style | RBJZ-BR-SIL19-6P+RBJZ-76-6-OE-MB | rocker panel mount | running boards | side steps | truck accessories
2019-2024-chevy-silverado-gmc-sierra-76-modular-steel-running-boards,2019-2024 Silverado/Sierra Extended Cab Running Boards - Steel,running boards,RBJZ,1,24,2019 | 2019-2024 | 2020 | 2021 | 2022 | 2023 | 2024 | Chevrolet Silverado 1500 | Chevrolet Silverado 2500 HD | Chevrolet Silverado 3500 HD | DEF tank compatible | double cab | extended cab | GMC Sierra 1500 | GMC Sierra 2500 HD | GMC Sierra 3500 HD | modular style | RBJZ-BR-SIL19-6P+RBJZ-76-MRB-TB | rocker panel mount | running boards | side steps | steel running boards | texture black | truck accessories
2019-2024-silverado-sierra-86-oe-style-running-boards-matte-black,2019-2024 Chevrolet/GMC Silverado Sierra Crew Cab OE Running Boards,running boards,Stehlen Auto,1,26,2019 | 2020 | 2021 | 2022 | 2023 | 2024 | 86 inch running board | aluminum running boards | Chevrolet Silverado running boards | crew cab | DEF tank | diesel compatible | flat mount | GMC Sierra running boards | matte black running boards | OE style running boards | RBJZ-BR-SIL19-6P+RBJZ-86-6-OE-MB | rocker panel mount | running boards | side steps | Sierra 1500 | Sierra 2500 HD | Sierra 3500 HD | Silverado 1500 | Silverado 2500 HD | Silverado 3500 HD
2019-2024-chevy-silverado-gmc-sierra-86-modular-running-boards,2019-2024 Chevrolet/GMC Silverado Sierra Crew Cab Running Boards,running boards,Stehlen Auto,1,37,2019 | 2019 Chevrolet Silverado | 2019 GMC Sierra | 2020 | 2020 Chevrolet Silverado | 2020 GMC Sierra | 2021 | 2021 Chevrolet Silverado | 2021 GMC Sierra | 2022 | 2022 Chevrolet Silverado | 2022 GMC Sierra | 2023 | 2023 Chevrolet Silverado | 2023 GMC Sierra | 2024 | 2024 Chevrolet Silverado | 2024 GMC Sierra | 86 inch running board | crew cab | diesel DEF tank | modular running boards | nerf bar | RBJZ-BR-SIL19-6P+RBJZ-86-MRB-TB | rocker panel mount | running boards | side steps | Sierra 1500 | Sierra 2500 HD | Sierra 3500 HD | Silverado 1500 | Silverado 2500 HD | Silverado 3500 HD | steel running boards | texture black | truck accessories | truck step
2005-2022-toyota-tacoma-5-aluminum-running-boards-matte-black,"2005-2022 Toyota Tacoma Access Cab 5"" Running Boards - RBJZ",running boards,RBJZ,1,35,2005 | 2005-2022 | 2006 | 2007 | 2008 | 2009 | 2010 | 2011 | 2012 | 2013 | 2014 | 2015 | 2016 | 2017 | 2018 | 2019 | 2020 | 2021 | 2022 | 5 inch | Access Cab | aluminum | bolt-on | Extended Cab | flat mount | matte black | nerf bars | RBJZ | RBJZ-BR-TACO05-6P+RBJZ-76-5-TI-MB | running boards | side steps | step bars | TI style | Toyota Tacoma | truck accessories
2005-2022-toyota-tacoma-access-cab-oe-style-running-boards-matte-black,2005-2022 Toyota Tacoma Access Cab OE Style Running Boards - RBJZ,running boards,RBJZ,1,32,2005 | 2005-2022 | 2006 | 2007 | 2008 | 2009 | 2010 | 2011 | 2012 | 2013 | 2014 | 2015 | 2016 | 2017 | 2018 | 2019 | 2020 | 2021 | 2022 | access cab | aluminum | extended cab | flat mount | matte black | OE style | RBJZ | RBJZ-BR-TACO05-6P+RBJZ-76-6-OE-MB | running boards | side steps | Tacoma running boards | Toyota Tacoma | truck accessories
2005-2022-toyota-tacoma-6-oe-style-running-boards-polished,"2005-2022 Toyota Tacoma Access Cab 6"" Running Boards - Polish",running boards,RBJZ,1,33,2005 | 2005-2022 | 2006 | 2007 | 2008 | 2009 | 2010 | 2011 | 2012 | 2013 | 2014 | 2015 | 2016 | 2017 | 2018 | 2019 | 2020 | 2021 | 2022 | 6 inch | 76 inch | Access Cab | aluminum running boards | Extended Cab | flat mount | OE style | polished aluminum | RBJZ-BR-TACO05-6P+RBJZ-76-6-OE-SL | running boards | side steps | Tacoma running boards | Toyota Tacoma | truck accessories
2005-2022-toyota-tacoma-86-aluminum-running-boards-matte-black,2005-2022 Toyota Tacoma Crew Cab Running Boards - RBJZ,running boards,RBJZ,1,32,2005 | 2005-2022 | 2006 | 2007 | 2008 | 2009 | 2010 | 2011 | 2012 | 2013 | 2014 | 2015 | 2016 | 2017 | 2018 | 2019 | 2020 | 2021 | 2022 | aluminum | bolt-on | crew cab | double cab | flat mount | matte black | RBJZ | RBJZ-BR-TACO05-6P+RBJZ-86-5-TI-MB | running boards | side steps | TI style | Toyota Tacoma | truck accessories
2005-2022-toyota-tacoma-oe-style-running-boards-matte-black,2005-2022 Toyota Tacoma Crew Cab OE Style Running Boards - RBJZ,running boards,RBJZ,1,32,2005 | 2005-2022 | 2006 | 2007 | 2008 | 2009 | 2010 | 2011 | 2012 | 2013 | 2014 | 2015 | 2016 | 2017 | 2018 | 2019 | 2020 | 2021 | 2022 | aluminum | bolt-on | crew cab | double cab | exterior accessories | flat mount | matte black | OE style | RBJZ-BR-TACO05-6P+RBJZ-86-6-OE-MB | running boards | side steps | Toyota Tacoma | truck accessories
2005-2022-toyota-tacoma-oe-style-aluminum-running-boards-silver,2005-2022 Toyota Tacoma Crew Cab OE Style Running Boards - Silver,running boards,RBJZ,1,33,2005 | 2005-2022 | 2006 | 2007 | 2008 | 2009 | 2010 | 2011 | 2012 | 2013 | 2014 | 2015 | 2016 | 2017 | 2018 | 2019 | 2020 | 2021 | 2022 | aluminum | crew cab | double cab | exterior accessories | flat mount | OE style | RBJZ | RBJZ-BR-TACO05-6P+RBJZ-86-6-OE-SL | running boards | side steps | silver | step bars | Toyota Tacoma | truck accessories
2005-2021-nissan-frontier-crew-cab-viewpoint-running-boards-chrome,2005-2021 Nissan Frontier Crew Cab Running Boards - Viewpoint Chrome,running boards,Viewpoint,1,31,2005 | 2005-2021 | 2006 | 2007 | 2008 | 2009 | 2010 | 2011 | 2012 | 2013 | 2014 | 2015 | 2016 | 2017 | 2018 | 2019 | 2020 | 2021 | aluminum | chrome | crew cab | exterior accessories | Nissan Frontier | PW00937501 | RBWB-FRON05CC-VP-CH | running boards | side steps | stainless steel | Suzuki Equator | truck accessories | viewpoint
2015-2022-chevy-colorado-crew-cab-low-profile-roof-basket-steel,2015-2022 Chevrolet Colorado/GMC Canyon Crew Cab Roof Basket,roof basket,Stehlen Auto,1,38,2015 | 2015 Chevrolet Colorado | 2015 GMC Canyon | 2016 | 2016 Chevrolet Colorado | 2016 GMC Canyon | 2017 | 2017 Chevrolet Colorado | 2017 GMC Canyon | 2018 | 2018 Chevrolet Colorado | 2018 GMC Canyon | 2019 | 2019 Chevrolet Colorado | 2019 GMC Canyon | 2020 | 2020 Chevrolet Colorado | 2020 GMC Canyon | 2021 | 2021 Chevrolet Colorado | 2021 GMC Canyon | 2022 | 2022 Chevrolet Colorado | 2022 GMC Canyon | 4-door | Canyon roof rack | cargo basket | cargo carrier | Colorado roof rack | crew cab | drill free | low profile | overland | roof basket | roof rack | RR-LP-COLO15CC | steel roof rack | truck roof basket
2022-2025-ford-f-150-lightning-ev-low-profile-roof-basket-system,2022-2025 Ford F-150 Lightning EV Low Profile Roof Basket System,roof rack,TLAPS,0,28,2022 | 2022 F-150 Lightning | 2023 | 2023 F-150 Lightning | 2024 | 2024 F-150 Lightning | 2025 | 2025 F-150 Lightning | cargo basket | category:Roof Racks | drill free roof rack | electric truck accessories | EV accessories | F150 Lightning | Ford F-150 Lightning | Ford Lightning accessories | low profile roof rack | make:Ford | model:F-150 | roof basket | roof rack | RR-LP-F150EV22CC | steel roof basket | Super Crew Cab | year:2022 | year:2023 | year:2024 | year:2025
2024-ford-ranger-supercrew-cab-low-profile-roof-basket-system,2024+ Ford Ranger SuperCrew Cab Low Profile Roof Basket System,roof rack,Generic,0,24,2024 | 2024 Ford Ranger | 2025 | 2025 Ford Ranger | 2026 | 2027 | cargo basket | category:Roof Racks | drill free roof rack | Ford Ranger | Ford Ranger accessories | low profile roof rack | make:Ford | model:Ranger | roof basket | roof rack | roof rack system | RR-LP-RANG24CC | steel roof basket | SuperCrew Cab | year:2024 | year:2025 | year:2026 | year:2027
2015-2019-silverado-sierra-2500-3500-hd-crew-cab-roof-basket,2015-2019 Silverado/Sierra 2500/3500 HD Crew Cab Roof Basket,roof basket,RR,0,31,2015 | 2015-2019 | 2016 | 2017 | 2018 | 2019 | cargo rack | category:Roof Racks | Chevrolet | Crew Cab | drill free | GMC | low profile | make:Chevrolet | make:GMC | model:Sierra 2500 | model:Silverado 2500 | roof basket | roof cargo basket | roof rack | RR-LP-SIL152500CC | Sierra Denali 2500 | Sierra Denali 3500 | Silverado 2500 | Silverado 3500 | steel construction | year:2015 | year:2016 | year:2017 | year:2018 | year:2019
2016-2023-toyota-tacoma-crew-cab-low-profile-roof-basket-steel,2016-2023 Toyota Tacoma Crew Cab Low Profile Roof Basket - Steel,roof rack,TLAPS,1,40,2016 | 2016 Tacoma | 2017 | 2017 Tacoma | 2018 | 2018 Tacoma | 2019 | 2019 Tacoma | 2020 | 2020 Tacoma | 2021 | 2021 Tacoma | 2022 | 2022 Tacoma | 2023 | 2023 Tacoma | cargo basket | category:Roof Racks | crew cab | double cab | drill free | low profile | make:Toyota | model:Tacoma | roof basket | roof rack | roof rack system | RR-LP-TACO16CC | steel roof rack | Tacoma accessories | Tacoma roof rack | Toyota Tacoma | year:2016 | year:2017 | year:2018 | year:2019 | year:2020 | year:2021 | year:2022 | year:2023
2014-2021-toyota-tundra-crew-cab-low-profile-roof-basket-system,2014-2021 Toyota Tundra Crew Cab Low Profile Roof Basket System,roof rack,RR,1,32,2014 | 2014-2021 | 2015 | 2016 | 2017 | 2018 | 2019 | 2020 | 2021 | cargo basket | category:Roof Racks | drill free | low profile | make:Toyota | model:Tundra | overland | roof basket | roof mount | roof rack | RR-LP-TUN14CC | steel roof rack | Toyota Tundra | Tundra accessories | Tundra Crew Cab | year:2014 | year:2015 | year:2016 | year:2017 | year:2018 | year:2019 | year:2020 | year:2021
2007-2015-ford-edge-lincoln-mkx-4-side-step-bars-black,"2007-2015 Ford Edge / Lincoln MKX 4"" Side Step Bars - Black",running boards,Steelcraft,1,20,2007 | 2007-2015 | 2008 | 2009 | 2010 | 2011 | 2012 | 2013 | 2014 | 2015 | 4 inch side steps | black side steps | Ford Edge | Lincoln MKX | nerf bars | P4SB049401A | running boards | SBHD-EDGE07-4-BK | side step bars | SUV accessories
2004-2008-ford-f-150-super-cab-4-oval-side-step-bars-matte-black,"2004-2008 Ford F-150 Super Cab 4"" Oval Side Step Bars - Matte Black",running boards,?,1,18,2004 | 2004-2008 | 2005 | 2006 | 2007 | 2008 | 4 inch oval | cab steps | Extended Cab | F-150 | Ford | matte black | nerf bars | running boards | SBHD-F15004SC-4-MB | side step bars | Super Cab | truck accessories
04-08-ford-f-150-super-cab-5-oval-side-step-bars-black,"2004-2008 Ford F-150 Super Cab 5"" Oval Side Step Bars - Black",running boards,S&B,1,18,2004 | 2004-2008 | 2005 | 2006 | 2007 | 2008 | 5 inch oval | black | Extended Cab | Ford F-150 | Ford F150 side steps | nerf bars | running boards | SBHD-F15004SC-5-BK | side step bars | step bars | Super Cab | truck accessories
2009-2014-ford-f-150-supercrew-4-step-bars-black-sbfd5003-4s,"2009-2014 Ford F-150 Crew Cab 4"" Side Step Bars - Black",running boards,HD,1,21,2009 | 2009-2014 | 2010 | 2011 | 2012 | 2013 | 2014 | 4 inch | black | Crew Cab | F150 | Ford F-150 | nerf bars | running boards | SBFD5003-4S | SBHD-F15009CC-4-BK | side step bars | side steps | step bars | SuperCrew | truck accessories
2009-2014-ford-f-150-supercrew-4-step-bars-matte-black,"2009-2014 Ford F-150 SuperCrew 4"" Step Bars - Matte Black",running boards,Generic,1,30,2009 | 2009-2014 | 2010 | 2011 | 2012 | 2013 | 2014 | 4 inch step bars | category:Running Boards | crew cab | exterior accessories | F150 | Ford F-150 | Ford F-150 step bars | make:Ford | matte black | model:F-150 | nerf bars | running boards | SBHD-F15009CC-4-MB | side step bars | step bars | SuperCrew | truck accessories | year:2009 | year:2010 | year:2011 | year:2012 | year:2013 | year:2014
2017-2022-ford-super-duty-crew-cab-4-side-step-bars-matte-black,"2017-2022 Ford Super Duty Crew Cab 4"" Side Step Bars - Matte Black",running boards,SBHD,1,23,2017 | 2018 | 2019 | 2020 | 2021 | 2022 | 4 inch | crew cab | F-250 | F-350 | F-450 | F-550 | Ford | matte black | nerf bars | rocker panel mount | running boards | SBHD-F15015CC-4-20-CH | side step bars | side steps | stainless steel | Super Duty | truck accessories
2017-2022-ford-super-duty-crew-cab-5-steel-side-step-bars-black,"2017-2022 Ford Super Duty Crew Cab 5"" Side Step Bars - Black",running boards,SBHD,1,21,2017 | 2017-2022 | 2018 | 2019 | 2020 | 2021 | 2022 | 5 inch side steps | black side steps | crew cab | Ford F-250 Super Duty | Ford F-350 Super Duty | Ford F-450 Super Duty | Ford F-550 Super Duty | Ford Super Duty accessories | rocker panel mount | running boards | SBHD-F15015CC-5-BK | side step bars | steel side steps | truck accessories
2004-2024-nissan-titan-crew-cab-4-oval-side-step-bars-matte-black,"2004-2024 Nissan Titan Crew Cab 4"" Oval Side Step Bars - Matte Black",running boards,Side Step Bars,1,34,2004 | 2004-2024 | 2005 | 2006 | 2007 | 2008 | 2009 | 2010 | 2011 | 2012 | 2013 | 2014 | 2015 | 2016 | 2017 | 2018 | 2019 | 2020 | 2021 | 2022 | 2023 | 2024 | 4 inch oval | Crew Cab | matte black | nerf bars | Nissan | running boards | SBHD-TIT04CC-4-MB | side step bars | side steps | Titan | Titan XD | truck accessories
2015-2018-chevy-colorado-gmc-canyon-crew-cab-modular-step-bars,2015-2022 Chevrolet Colorado/GMC Canyon Crew Cab Step Bars - Matte Black,running boards,Modular Step,1,24,2015 | 2015-2022 | 2016 | 2017 | 2018 | 2019 | 2020 | 2021 | 2022 | 4-door | Canyon step bars | Chevrolet Colorado | Colorado step bars | crew cab | drop step | GMC Canyon | matte black | modular step bars | nerf bars | running boards | SBMS-COLO15CC-MB | side step bars | side steps | truck steps
2015-2018-ford-f-150-f-250-super-crew-modular-step-bars-matte-black,2015-2023 Ford F-150/Super Duty Crew Cab Modular Side Steps,running boards,Modular Step,1,26,2015 | 2015-2023 | 2016 | 2017 | 2018 | 2019 | 2020 | 2021 | 2022 | 2023 | crew cab | drop step | exterior accessories | Ford F-150 | Ford F-250 | Ford F-350 | Ford F-450 | Ford F-550 | matte black | modular step | running boards | SBMS-F15015CC-MB | side step bars | Super Duty | supercrew | truck accessories
09-18-dodge-ram-1500-2500-3500-crew-cab-modular-step-bars-matte-black,2009-2023 Dodge Ram 1500-3500 Crew Cab Modular Side Step Bars - Matte Black,running boards,Stehlen Auto,1,34,2009 | 2009 2010 2011 2012 2013 2014 2015 2016 2017 2018 2019 2020 2021 2022 2023 | 2010 | 2011 | 2012 | 2013 | 2014 | 2015 | 2016 | 2017 | 2018 | 2019 | 2020 | 2021 | 2022 | 2023 | crew cab | Dodge Ram | Dodge Ram 1500 | Dodge Ram 1500 Classic | Dodge Ram 2500 | Dodge Ram 3500 | Dodge Ram 4500 | Dodge Ram 5500 | drop step | EB931-RAM09CC-BK | matte black | modular step bars | nerf bars | running boards | SBMS-RAM09CC-MB | side step bars | truck accessories | truck steps
09-18-dodge-ram-1500-2500-3500-quad-cab-modular-side-step-bars,2009-2023 Dodge Ram 1500/2500/3500 Quad Cab Side Step Bars - Matte Black,running boards,Modular Step,1,32,2009 | 2009 2010 2011 2012 2013 2014 2015 2016 2017 2018 2019 2020 2021 2022 2023 | 2010 | 2011 | 2012 | 2013 | 2014 | 2015 | 2016 | 2017 | 2018 | 2019 | 2020 | 2021 | 2022 | 2023 | cab entry | dodge ram 1500 | dodge ram 2500 | dodge ram 3500 | drop step | EB931-RAM09QC-BK | extended cab | matte black | modular step | nerf bar | quad cab | ram 1500 classic | running boards | SBMS-RAM09QC-MB | side step bars | truck steps
dodge-ram-quad-cab-modular-drop-step-bars-w-led-lights-matte-black,2009-2023 Dodge Ram 1500 Quad Cab Modular Step Bars w/ LED - Matte Black,running boards,Stehlen Auto,1,32,2009 | 2009 2010 2011 2012 2013 2014 2015 2016 2017 2018 2019 2020 2021 2022 2023 | 2010 | 2011 | 2012 | 2013 | 2014 | 2015 | 2016 | 2017 | 2018 | 2019 | 2020 | 2021 | 2022 | 2023 | Dodge Ram | drop step | EB988-RAM09QC | extended cab | LED step bars | matte black | modular step bars | nerf bars | quad cab | Ram 1500 | Ram 1500 Classic | running boards | SBMS-RAM09QC-MB-LED | side step bars | side steps with LED | truck steps
2010-2018-ram-2500-3500-mega-cab-modular-drop-step-bars-matte-black,2010-2018 Dodge Ram 2500/3500 Mega Cab Modular Side Step Bars - Matte Black,running boards,Stehlen Auto,1,24,2010 | 2011 | 2012 | 2013 | 2014 | 2015 | 2016 | 2017 | 2018 | cab entry | dodge ram | drop step | EB931-RAM15MC-BK | extended crew cab | matte black | mega cab | modular step bars | nerf bars | ram 2500 | ram 3500 | running boards | SBMS-RAM102500MC-MB | side step bars | truck steps
07-18-chevy-silverado-gmc-sierra-crew-cab-modular-step-bars-matte-black,07-18 Silverado/Sierra Crew Cab Modular Side Steps - Matte Black,running boards,SBMS,1,20,2007-2018 | Chevrolet Silverado | crew cab | drop step | GMC Sierra | matte black | modular step | nerf bars | running boards | SBMS-SIL07CC-MB | side step bars | side steps | Sierra 1500 | Sierra 2500 HD | Sierra 3500 HD | Silverado 1500 | Silverado 2500 | Silverado 2500 HD | Silverado 3500 HD | truck accessories
07-18-chevy-silverado-gmc-sierra-ext-cab-modular-step-bars-matte-black,07-19 Silverado/Sierra Extended Cab Modular Side Steps - Matte Black,running boards,DERA,1,19,2007-2019 | Chevrolet Silverado | double cab | drop step | extended cab | GMC Sierra | matte black | modular step | running boards | SBMS-SIL07XC-MB | side step bars | side steps | Sierra 1500 | Sierra 2500 | Sierra 3500 | Silverado 1500 | Silverado 2500 | Silverado 3500 | truck accessories
2019-2025-chevy-silverado-gmc-sierra-1500-dc-led-step-bars,2019-2023 Chevy Silverado/GMC Sierra 1500 Extended Cab LED Step Bars - Matte Black,running boards,Stehlen Auto,1,29,2019 | 2019 Sierra | 2019 Silverado | 2020 | 2020 Sierra | 2020 Silverado | 2021 | 2021 Sierra | 2021 Silverado | 2022 | 2022 Sierra | 2022 Silverado | 2023 | 2023 Sierra | 2023 Silverado | Chevrolet Silverado 1500 | double cab | drop step | extended cab | GMC Sierra 1500 | LED step bars | matte black | modular step bars | nerf bars | running boards | SBMS-SIL191500DC-MB-LED | side step bars | side steps with LED | truck steps
2005-2018-toyota-tacoma-double-cab-modular-step-bars-matte-black,2005-2023 Toyota Tacoma Double Cab Modular Side Steps - Matte Black,running boards,Modular Step,1,34,2005 | 2005-2023 | 2006 | 2007 | 2008 | 2009 | 2010 | 2011 | 2012 | 2013 | 2014 | 2015 | 2016 | 2017 | 2018 | 2019 | 2020 | 2021 | 2022 | 2023 | crew cab | double cab | drop step | matte black | modular step | nerf bars | running boards | SBMS-TACO05DC-MB | side step bars | side steps | Tacoma side steps | Toyota accessories | Toyota Tacoma | truck accessories
2007-2018-toyota-tundra-crewmax-modular-step-bars-matte-black,2007-2021 Toyota Tundra CrewMax Modular Side Step Bars - Matte Black,running boards,Modular Step,1,29,2007 | 2007-2021 | 2008 | 2009 | 2010 | 2011 | 2012 | 2013 | 2014 | 2015 | 2016 | 2017 | 2018 | 2019 | 2020 | 2021 | crew cab | CrewMax | drop step | matte black | modular step | nerf bars | running boards | SBMS-TUN07CC-MB | side bars | side step bars | Toyota Tundra | Toyota Tundra accessories | truck accessories
2007-2018-toyota-tundra-double-cab-modular-side-step-bars-matte-black,2007-2021 Toyota Tundra Double Cab Modular Side Steps - Matte Black,running boards,Modular Step,1,29,2007 | 2007-2021 | 2008 | 2009 | 2010 | 2011 | 2012 | 2013 | 2014 | 2015 | 2016 | 2017 | 2018 | 2019 | 2020 | 2021 | cab entry | drop step | matte black | modular step | nerf bar | running boards | SBMS-TUN07DC-MB | side steps | step bars | Toyota Tundra | truck accessories | Tundra Double Cab | Tundra Extended Cab
2007-2018-jeep-wrangler-jk-4-door-modular-side-step-bars-matte-black,2007-2018 Jeep Wrangler JK 4-Door Modular Side Step Bars - Matte Black,running boards - modular steel,Modular Step,1,29,2007 | 2007-2018 | 2008 | 2009 | 2010 | 2011 | 2012 | 2013 | 2014 | 2015 | 2016 | 2017 | 2018 | 4 door | drop step bars | jeep accessories | jeep wrangler | jeep wrangler jk | jk wrangler | matte black | modular step | nerf bars | off-road | running boards | SBMS-WRAN074D-MB | side step bars | side steps | unlimited | wrangler accessories
2019-ram-1500-crew-cab-rock-sliders-side-step-bars-texture-black,2019-2023 Dodge Ram 1500 Crew Cab Rock Slider Side Steps - Texture Black,running boards,Aftermarket,1,24,2019 | 2019 ram 1500 | 2020 | 2020 ram 1500 | 2021 | 2021 ram 1500 | 2022 | 2022 ram 1500 | 2023 | 2023 ram 1500 | crew cab | dodge ram | nerf bars | off-road | PW03613301 | ram 1500 | rock slider | rocker panel protection | running boards | SBRS-RAM191500CC-RS2-TB | side step bars | side steps | texture black | truck accessories
2019-chevy-silverado-gmc-sierra-crew-cab-rock-sliders-texture-black,2019-2022 Silverado/Sierra 1500 Crew Cab Rock Slider Side Steps,running boards,PW,0,20,2019 | 2019 2020 2021 2022 | 2020 | 2021 | 2022 | bolt-on | Chevrolet Silverado 1500 | crew cab | GMC Sierra 1500 | off-road | rock sliders | rocker panel protection | running boards | SBRS-SIL19CC-RS2-TB | side step bars | side steps | Sierra 1500 Limited | Silverado 1500 LTD | texture black | truck accessories
2022-toyota-tundra-double-cab-rock-sliders-side-steps-texture-black,2022-2023 Toyota Tundra Double Cab Rock Sliders Side Steps - Texture Black,running boards,Ajp Distributors,1,17,2022 | 2022 Tundra | 2023 | 2023 Tundra | bolt-on | Double Cab | Extended Cab | off-road | PW04472101 | rock sliders | rocker panel protection | SBRS-TUN22DC-RS2-TB | side step bars | side steps | texture black | Toyota Tundra | truck accessories
97-00-chevy-gmc-c-k-truck-6-5ft-bed-rubber-mat-lightweight-v2,1997-2000 Chevy/GMC C/K Truck 6.5 ft Fleetside Bed Mat - AA041-V2,truck bed mat - rubber,Stehlen Auto,1,29,1997 | 1998 | 1999 | 2000 | 6.5 ft bed | AA041-V2 | bed liner | bed mat | cargo protection | Chevrolet C1500 | Chevrolet C2500 | Chevrolet C3500 | Chevrolet K1500 | Chevrolet K2500 | Chevrolet K3500 | CK truck | fleetside | GMC C1500 | GMC C2500 | GMC C3500 | GMC K1500 | GMC K2500 | GMC K3500 | lightweight | rubber | rubber bed mat | short bed | TBM-C1088-6.5-RB-V2 | truck bed mat
2004-2012-chevy-colorado-gmc-canyon-5-bed-rubber-truck-bed-mat-grey,2004-2012 Chevrolet Colorado/GMC Canyon 5 ft Bed Rubber Bed Mat - Grey,truck bed mat - rubber,Stehlen Auto,1,22,2004 | 2005 | 2006 | 2007 | 2008 | 2009 | 2010 | 2011 | 2012 | 5 ft bed | bed floor mat | bed liner | bed protection | cargo mat | Chevrolet Colorado | GMC Canyon | grey | rubber bed mat | rubber mat | short bed | TBM-COLO04-5-RB-GY | truck bed mat
2004-2012-chevy-colorado-gmc-canyon-5ft-bed-rubber-mat-v2,2004-2012 Chevrolet Colorado/GMC Canyon 5 ft Bed Rubber Bed Mat - V2,truck bed mat - rubber,Stehlen Auto,1,39,2004 | 2004 Chevrolet Colorado | 2004 GMC Canyon | 2005 | 2005 Chevrolet Colorado | 2005 GMC Canyon | 2006 | 2006 Chevrolet Colorado | 2006 GMC Canyon | 2007 | 2007 Chevrolet Colorado | 2007 GMC Canyon | 2008 | 2008 Chevrolet Colorado | 2008 GMC Canyon | 2009 | 2009 Chevrolet Colorado | 2009 GMC Canyon | 2010 | 2010 Chevrolet Colorado | 2010 GMC Canyon | 2011 | 2011 Chevrolet Colorado | 2011 GMC Canyon | 2012 | 2012 Chevrolet Colorado | 2012 GMC Canyon | 5 ft bed | 60 inch bed | AA021-V2 | bed liner | bed protection | cargo mat | lightweight | rubber bed mat | short bed | TBM-COLO04-5-RB-V2 | truck bed mat | V2
2004-2012-chevy-colorado-gmc-canyon-6-bed-rubber-mat-grey,2004-2012 Chevy Colorado/GMC Canyon 6 ft Bed Rubber Bed Mat - Grey,truck bed mat - rubber,TBM,1,21,2004 | 2004-2012 | 2005 | 2006 | 2007 | 2008 | 2009 | 2010 | 2011 | 2012 | 6 ft bed | bed liner | bed protection | cargo mat | Chevrolet Colorado | GMC Canyon | grey | rubber bed mat | TBM-COLO04-6-RB-GY | truck accessories | truck bed mat
04-12-chevy-colorado-gmc-canyon-6ft-bed-rubber-mat-aa016-v2,2004-2012 Chevy Colorado/GMC Canyon 6 ft Bed Rubber Bed Mat - V2,truck bed mat - rubber,Stehlen Auto,1,41,2004 | 2004 Canyon | 2004 Colorado | 2005 | 2005 Canyon | 2005 Colorado | 2006 | 2006 Canyon | 2006 Colorado | 2007 | 2007 Canyon | 2007 Colorado | 2008 | 2008 Canyon | 2008 Colorado | 2009 | 2009 Canyon | 2009 Colorado | 2010 | 2010 Canyon | 2010 Colorado | 2011 | 2011 Canyon | 2011 Colorado | 2012 | 2012 Canyon | 2012 Colorado | 6 ft bed | 72 inch bed | AA016-V2 | bed liner | bed mat | cargo protection | Chevrolet Colorado | GMC Canyon | lightweight | rubber bed mat | TBM-COLO04-6-RB-V2 | truck accessories | truck bed mat | V2
2015-2022-chevy-colorado-gmc-canyon-5-bed-rubber-mat-grey,2015-2022 Chevy Colorado/GMC Canyon 5 ft Bed Rubber Truck Bed Mat - Grey,truck bed mat - rubber,Stehlen Auto,1,35,2015 | 2015 Canyon | 2015 Colorado | 2016 | 2016 Canyon | 2016 Colorado | 2017 | 2017 Canyon | 2017 Colorado | 2018 | 2018 Canyon | 2018 Colorado | 2019 | 2019 Canyon | 2019 Colorado | 2020 | 2020 Canyon | 2020 Colorado | 2021 | 2021 Canyon | 2021 Colorado | 2022 | 2022 Canyon | 2022 Colorado | 5 ft bed | bed liner | cargo protection | Chevrolet Colorado | GMC Canyon | grey bed mat | rubber bed mat | short bed | TBM-COLO15-5-RB-GY | truck accessories | truck bed mat
2015-2022-chevy-colorado-gmc-canyon-5ft-bed-rubber-mat-v2,2015-2022 Chevy Colorado/GMC Canyon 5 ft Bed Rubber Bed Mat - V2,truck bed mat - rubber,Stehlen Auto,1,24,2015 | 2015-2022 | 2016 | 2017 | 2018 | 2019 | 2020 | 2021 | 2022 | 5 ft bed | bed liner | bed protection | Canyon bed mat | cargo mat | Chevrolet Colorado | Colorado bed mat | GMC Canyon | lightweight | rubber bed mat | short bed | TBM-COLO15-5-RB-V2 | truck accessories | truck bed mat | V2
2015-2022-chevy-colorado-gmc-canyon-6-bed-pvc-truck-bed-mat,2015-2022 Chevrolet Colorado/GMC Canyon 6 ft Bed Mat - PVC,truck bed mat - rubber,TBM,1,38,2015 | 2015 Canyon | 2015 Colorado | 2016 | 2016 Canyon | 2016 Colorado | 2017 | 2017 Canyon | 2017 Colorado | 2018 | 2018 Canyon | 2018 Colorado | 2019 | 2019 Canyon | 2019 Colorado | 2020 | 2020 Canyon | 2020 Colorado | 2021 | 2021 Canyon | 2021 Colorado | 2022 | 2022 Canyon | 2022 Colorado | 6 ft bed | bed mat | bed protection | Canyon bed mat | cargo mat | Chevrolet Colorado | Colorado bed mat | fleetside | GMC Canyon | PVC bed mat | rubber bed mat | TBM-COLO15-6-RB-GY | truck accessories | truck bed mat
2015-2022-chevy-colorado-gmc-canyon-6ft-bed-rubber-mat-aa037-v2,2015-2022 Chevy Colorado/GMC Canyon 6 ft Bed Rubber Bed Mat - V2,truck bed mat - rubber,Stehlen Auto,1,22,2015 | 2016 | 2017 | 2018 | 2019 | 2020 | 2021 | 2022 | 6 ft bed | 72 inch bed | AA037-V2 | bed liner | bed protection | cargo protection | Chevrolet Colorado | GMC Canyon | lightweight | long bed | rubber bed mat | TBM-COLO15-6-RB-V2 | truck bed mat | V2
2000-2011-dodge-ram-dakota-5-5-rubber-truck-bed-mat-grey,2000-2011 Dodge Dakota 5.5 ft Bed Rubber Truck Bed Mat - Grey,truck bed mat - rubber,Stehlen Auto,1,36,2000 | 2000 Dakota | 2001 | 2001 Dakota | 2002 | 2002 Dakota | 2003 | 2003 Dakota | 2004 | 2004 Dakota | 2005 | 2005 Dakota | 2006 | 2006 Dakota | 2007 | 2007 Dakota | 2008 | 2008 Dakota | 2009 | 2009 Dakota | 2010 | 2010 Dakota | 2011 | 2011 Dakota | 5.5 ft bed | bed floor mat | bed liner | bed protection | cargo mat | Dodge Dakota | grey bed mat | rubber bed mat | short bed | TBM-DAK00-5.5-RB-GY | truck accessories | truck bed mat
2000-2011-dodge-ram-dakota-5-5-ft-rubber-bed-mat-aa006-v2,2000-2011 Dodge Dakota 5.5 ft Bed Rubber Bed Mat - AA006-V2,truck bed mat - rubber,Truck Bed Mat,1,28,2000 | 2000-2011 Dakota | 2001 | 2002 | 2003 | 2004 | 2005 | 2006 | 2007 | 2008 | 2009 | 2010 | 2011 | 5.5 ft bed | AA006-V2 | bed liner | bed mat | bed protection | Dakota accessories | Dodge Dakota | Dodge Dakota bed mat | lightweight | rubber bed mat | rubber mat | short bed | TBM-DAK00-5.5-RB-V2 | truck bed mat | V2
rubber-truck-bed-mat-for-dakota-raider-6-5-bed-grey,1987-2011 Dodge Dakota 6.5 ft Bed Rubber Bed Mat - Grey,truck bed mat - rubber,Stehlen Auto,1,41,1987 | 1987 dakota | 1988 | 1989 | 1990 | 1991 | 1992 | 1993 | 1994 | 1995 | 1996 | 1997 | 1998 | 1999 | 2000 | 2001 | 2002 | 2003 | 2004 | 2004 dakota | 2005 | 2006 | 2007 | 2008 | 2009 | 2010 | 2011 | 2011 dakota | 6.5 ft bed | 78 inch bed | bed liner | bed mat | bed protection | cargo protection | dodge dakota | grey bed mat | mitsubishi raider | rubber bed mat | TBM-DAK00-6.5-RB-GY | truck accessories | truck bed mat
1987-2011-dodge-dakota-rubber-truck-bed-mat-6-5-ft-aa023-v2,1987-2011 Dodge Dakota 6.5 ft Bed Rubber Bed Mat - AA023-V2,truck bed mat - rubber,AA,1,39,1987 | 1987-2011 | 1988 | 1989 | 1990 | 1991 | 1992 | 1993 | 1994 | 1995 | 1996 | 1997 | 1998 | 1999 | 2000 | 2001 | 2002 | 2003 | 2004 | 2005 | 2006 | 2007 | 2008 | 2009 | 2010 | 2011 | 6.5 ft bed | 78 inch bed | AA023-V2 | bed liner | bed mat | bed protection | cargo mat | Dodge Dakota | lightweight | Mitsubishi Raider | rubber bed mat | TBM-DAK00-6.5-RB-V2 | truck bed mat
2001-2003-ford-f-150-styleside-5-5-bed-pvc-truck-bed-mat-black,2001-2003 Ford F-150 5.5 ft Bed Truck Bed Mat - PVC,truck bed mat - rubber,TBM,1,19,2001 | 2001-2003 | 2002 | 2003 | 5.5 ft bed | bed liner | bed mat | bed protection | black | cargo protection | F-150 | Ford F-150 | non-slip | PVC bed mat | short bed | Styleside | tbm-f15001-5-rb-gy | truck accessories | truck bed mat
2001-2003-ford-f-150-5-5ft-bed-rubber-mat-lightweight-v2-aa039,2001-2003 Ford F-150 5.5 ft Bed Rubber Truck Bed Mat - V2,truck bed mat - rubber,TBM,1,20,2001 | 2001 F-150 | 2002 | 2002 F-150 | 2003 | 2003 F-150 | 5.5 ft bed | AA039-V2 | bed protection | cargo mat | F-150 bed mat | Ford F-150 | lightweight | rubber bed mat | rubber mat | short bed | Styleside | TBM-F15001-5-RB-V2 | truck bed mat | V2
2006-2008-lincoln-mark-lt-5-5-bed-rubber-truck-bed-mat-grey,2006-2008 Lincoln Mark LT 5.5 ft Bed Rubber Bed Mat - Grey,truck bed mat - rubber,TBM,1,18,2006 | 2006-2008 | 2007 | 2008 | 5.5 ft bed | bed mat | bed protection | cargo protection | fleetside | grey | Lincoln accessories | Lincoln Mark LT | rubber bed mat | rubber mat | short bed | styleside | TBM-F15004-5.5-RB-GY | truck bed mat
2004-2014-ford-f-150-lincoln-mark-lt-5-5ft-bed-rubber-mat,2004-2014 Ford F-150 5.5 ft Bed Rubber Bed Mat - AA008-V2,truck bed mat - rubber,AA Products,1,28,2004 | 2004-2014 | 2005 | 2006 | 2007 | 2008 | 2009 | 2010 | 2011 | 2012 | 2013 | 2014 | 5.5 ft bed | AA008-V2 | bed mat | bed protection | cargo mat | F-150 | Fleetside | Ford F-150 | lightweight | Lincoln Mark LT | rubber bed mat | short bed | Styleside | TBM-F15004-5.5-RB-V2 | truck bed mat | V2
2006-2008-lincoln-mark-lt-6-5-bed-rubber-truck-bed-mat-grey,2006-2008 Lincoln Mark LT 6.5 ft Bed Rubber Bed Mat - Grey,truck bed mat - rubber,TBM,1,17,2006 | 2006-2008 | 2007 | 2008 | 6.5 ft bed | bed liner | bed protection | cargo protection | Fleetside | grey | Lincoln accessories | Lincoln Mark LT | rubber bed mat | Styleside | TBM-F15004-6.5-RB-GY | truck accessories | truck bed mat
2004-2014-ford-f-150-lincoln-mark-lt-6-5ft-rubber-bed-mat,2004-2014 Ford F-150 6.5 ft Bed Rubber Bed Mat - AA005-V2,truck bed mat - rubber,AA Products,1,26,2004 | 2004-2014 | 2005 | 2006 | 2007 | 2008 | 2009 | 2010 | 2011 | 2012 | 2013 | 2014 | 6.5 ft bed | AA005-V2 | bed mat | bed protection | cargo mat | F-150 bed mat | Fleetside | Ford F-150 | lightweight | Lincoln Mark LT | rubber bed mat | Styleside | TBM-F15004-6.5-RB-V2 | truck bed mat
2004-2014-ford-f-150-long-bed-8-pvc-bed-mat-black,2004-2014 Ford F-150 8 ft Bed PVC Bed Mat - Black,truck bed mat - rubber,TBM,1,27,2004 | 2004-2014 | 2005 | 2006 | 2007 | 2008 | 2009 | 2010 | 2011 | 2012 | 2013 | 2014 | 8 ft bed | bed liner | bed mat | bed protection | cargo protection | drop-in bed mat | F-150 bed mat | Ford F-150 | long bed | PVC bed mat | rubber bed mat | Styleside | TBM-F15004-8-RB-GY | truck accessories | truck bed mat
2004-2014-ford-f-150-8ft-bed-rubber-mat-lightweight-v2-aa033,2004-2014 Ford F-150 8 ft Bed Rubber Truck Bed Mat - Lightweight V2,truck bed mat - rubber,Truck Bed Mat,1,26,2004 | 2004-2014 F-150 | 2005 | 2006 | 2007 | 2008 | 2009 | 2010 | 2011 | 2012 | 2013 | 2014 | 8 ft bed | AA033-V2 | bed protection | cargo mat | F-150 bed mat | Fleetside | Ford F-150 | lightweight | long bed | rubber bed mat | Styleside | TBM-F15004-8-RB-V2 | truck bed mat | V2
2015-2024-ford-f-150-5-5-bed-rubber-truck-bed-mat-grey,2015-2024 Ford F-150 5.5 ft Bed Rubber Truck Bed Mat - Grey,truck bed mat - rubber,TBM,1,25,2015 | 2015-2024 F-150 | 2016 | 2017 | 2018 | 2019 | 2020 | 2021 | 2022 | 2023 | 2024 | 5.5 ft bed | bed liner | bed protection | cargo mat | F-150 bed mat | Ford F-150 | Ford truck accessories | grey bed mat | rubber bed mat | rubber mat | short bed | TBM-F15015-5.5-RB-GY | truck accessories | truck bed mat
2015-2024-ford-f-150-5-5ft-bed-rubber-mat-lightweight-v2,2015-2024 Ford F-150 5.5 ft Bed Rubber Truck Bed Mat - Lightweight V2,truck bed mat - rubber,TBM,1,25,2015 | 2015-2024 | 2016 | 2017 | 2018 | 2019 | 2020 | 2021 | 2022 | 2023 | 2024 | 5.5 ft bed | bed liner alternative | bed protection | cargo mat | F-150 bed mat | Ford accessories | Ford F-150 | lightweight | rubber bed mat | short bed | TBM-F15015-5.5-RB-V2 | truck accessories | truck bed mat | V2
2015-2024-ford-f-150-6-5-bed-rubber-truck-bed-mat-grey,2015-2024 Ford F-150 6.5 ft Bed Rubber Truck Bed Mat - Grey,truck bed mat - rubber,TBM,1,23,2015 | 2015-2024 Ford F-150 | 2016 | 2017 | 2018 | 2019 | 2020 | 2021 | 2022 | 2023 | 2024 | 6.5 ft bed | bed liner | bed protection | cargo protection | F-150 bed mat | Ford F-150 | grey bed mat | non-slip bed mat | rubber bed mat | TBM-F15015-6.5-RB-GY | truck accessories | truck bed mat
2015-2024-ford-f-150-6-5-ft-bed-rubber-mat-lightweight-v2,2015-2024 Ford F-150 6.5 ft Bed Rubber Truck Bed Mat - V2,truck bed mat - rubber,TBM,1,24,2015 | 2015-2024 | 2016 | 2017 | 2018 | 2019 | 2020 | 2021 | 2022 | 2023 | 2024 | 6.5 ft bed | AA024-V2 | bed liner | bed protection | cargo protection | drop-in bed mat | F150 | Ford F-150 | lightweight | rubber bed mat | TBM-F15015-6.5-RB-V2 | truck bed mat | V2
2015-ford-f-150-8ft-bed-rubber-truck-bed-mat-diamond-plate,2015-2026 Ford F-150 8 ft Bed Rubber Truck Bed Mat - Diamond Plate,truck bed mat - rubber,TBM,1,26,2015 | 2015-2026 | 2016 | 2017 | 2018 | 2019 | 2020 | 2021 | 2022 | 2023 | 2024 | 2025 | 2026 | 8 ft bed | bed liner | bed protection | cargo mat | diamond plate | F-150 bed mat | Ford accessories | Ford F-150 | long bed | rubber bed mat | rubber mat | TBM-F15015-8-RB-GY | truck bed mat
2015-2026-ford-f-150-8ft-bed-rubber-truck-bed-mat-tlaps-v2,2015-2026 Ford F-150 8 ft Bed Rubber Truck Bed Mat - Lightweight V2,truck bed mat - rubber,TBM,1,25,2015 | 2015-2026 | 2016 | 2017 | 2018 | 2019 | 2020 | 2021 | 2022 | 2023 | 2024 | 2025 | 2026 | 8 ft bed | bed liner | bed protection | cargo protection | F150 | Ford F-150 | lightweight | long bed | non-slip mat | rubber bed mat | TBM-F15015-8-RB-V2 | truck bed mat
1997-2004-ford-f-150-f-250-6-5-bed-pvc-truck-bed-mat-black,1997-2004 Ford F-150 6.5 ft Styleside Bed Mat - PVC Truck Bed Mat,truck bed mat - rubber,TBM,1,23,1997 | 1997-2004 | 1998 | 1999 | 2000 | 2001 | 2002 | 2003 | 2004 | 6.5 ft bed | bed mat | bed protection | black bed mat | cargo protection | drop-in bed mat | Ford F-150 | Ford F-150 Heritage | Ford F-250 | PVC bed mat | Styleside | tbm-f15097-6.5-rb-gy | truck accessories | truck bed mat
1997-2004-ford-f-150-f-250-6-5-ft-bed-rubber-truck-bed-mat-v2,1997-2004 Ford F-150 6.5 ft Styleside Bed Rubber Bed Mat - V2,truck bed mat - rubber,TBM,1,22,1997 | 1997-2004 | 1998 | 1999 | 2000 | 2001 | 2002 | 2003 | 2004 | 6.5 ft bed | AA040-V2 | bed liner alternative | bed protection | cargo protection | Ford F-150 | Ford F-150 Heritage | Ford F-250 | lightweight | rubber bed mat | Styleside | TBM-F15097-6.5-RB-V2 | truck bed mat
1997-2004-ford-f-150-flareside-6-5-pvc-truck-bed-mat-black,1997-2004 Ford F-150 6.5 ft Flareside Bed Mat - PVC Truck Bed Mat,truck bed mat - rubber,TBM,1,24,1997 | 1997-2004 | 1998 | 1999 | 2000 | 2001 | 2002 | 2003 | 2004 | 6.5 ft bed | bed liner | bed mat | bed protection | black bed mat | cargo protection | drop-in bed mat | Flareside | Ford F-150 | Ford F-150 Heritage | Ford F-250 | PVC bed mat | rubber bed mat | tbm-f15097fs-6.5-rb-gy | truck bed mat
1997-2004-ford-f-150-flareside-6-5-ft-rubber-bed-mat-aa038-v2,1997-2004 Ford F-150 6.5 ft Flareside Bed Mat - Rubber,truck bed mat - rubber,AA Products,1,23,1997 | 1997-2004 | 1998 | 1999 | 2000 | 2001 | 2002 | 2003 | 2004 | 6.5 ft bed | bed mat | bed protection | cargo protection | Flareside | Ford F-150 | Ford F-150 Heritage | Ford F-250 | lightweight | rubber bed mat | rubber mat | TBM-F15097FS-6.5-RB-V2 | truck accessories | truck bed mat
2022-ford-f-150-lightning-ev-rubber-bed-mat-2pc-w-frunk-mat,2022-2026 Ford F-150 Lightning 5.5 ft Bed Mat 2PC w/ Frunk Mat,truck bed mat - rubber,TBM,1,20,2022 | 2023 | 2024 | 2025 | 2026 | 5.5 ft bed | bed liner | bed mat | bed protection | cargo protection | diamond plate | EV truck accessories | F-150 Lightning | F-150 Lightning accessories | Ford | front trunk mat | frunk mat | rubber bed mat | TBM-F150EV22-2P-RB-GY | truck bed mat
2022-2026-ford-f-150-lightning-ev-2pc-rubber-bed-mat-w-frunk-mat,2022-2026 Ford F-150 Lightning 5.5 ft Bed Rubber Bed Mat 2PC - V2,truck bed mat - rubber,TBM,1,22,2022 | 2022 F-150 Lightning | 2023 | 2023 F-150 Lightning | 2024 | 2024 F-150 Lightning | 2025 | 2025 F-150 Lightning | 2026 | 2026 F-150 Lightning | 5.5 ft bed | bed liner | cargo protection | EV truck accessories | F-150 Lightning bed mat | Ford F-150 Lightning | front trunk mat | frunk mat | lightweight V2 | rubber bed mat | TBM-F150EV22-2P-RB-V2 | truck bed mat
2017-ford-f250-f350-f450-6-8ft-bed-rubber-truck-bed-mat,2017-2026 Ford Super Duty 6.75 ft Bed Rubber Bed Mat - Diamond Plate,truck bed mat - rubber,TBM,1,24,2017 | 2017-2026 | 2018 | 2019 | 2020 | 2021 | 2022 | 2023 | 2024 | 2025 | 2026 | 6.75 ft bed | bed liner | bed protection | cargo mat | diamond plate | Ford F-250 Super Duty | Ford F-350 Super Duty | Ford F-450 Super Duty | Ford truck accessories | rubber bed mat | Super Duty accessories | TBM-F25017-6.8-RB-GY | truck bed mat
2017-ford-f250-f350-f450-6-8-bed-rubber-truck-bed-mat-v2,2017-2026 Ford Super Duty 6.75 ft Bed Rubber Bed Mat - V2,truck bed mat - rubber,TBM,1,25,2017 | 2017-2026 | 2018 | 2019 | 2020 | 2021 | 2022 | 2023 | 2024 | 2025 | 2026 | 6.75 ft bed | bed protection | cargo mat | Ford accessories | Ford F-250 | Ford F-350 | Ford F-450 | lightweight | rubber bed mat | Super Duty | TBM-F25017-6.8-RB-V2 | truck accessories | truck bed mat | V2
2017-2026-ford-f250-f350-f450-8ft-bed-rubber-mat-lightweight-v2,2017-2026 Ford Super Duty 8 ft Bed Rubber Bed Mat - Lightweight V2,truck bed mat - rubber,TBM,1,26,2017 | 2017-2026 | 2018 | 2019 | 2020 | 2021 | 2022 | 2023 | 2024 | 2025 | 2026 | 8 ft bed | bed protection | cargo protection | Ford F-250 bed mat | Ford F-350 bed mat | Ford F-450 bed mat | Ford Super Duty accessories | lightweight | long bed | no-drill bed mat | rubber bed mat | Super Duty bed mat | TBM-F25017-8-RB-V2 | truck bed mat | V2
1999-2016-ford-super-duty-f-250-f-350-f-450-6-5-pvc-bed-mat,1999-2016 Ford Super Duty 6.5 ft Bed PVC Bed Mat - Black,truck bed mat - rubber,TBM,1,34,1999 | 1999-2016 | 2000 | 2001 | 2002 | 2003 | 2004 | 2005 | 2006 | 2007 | 2008 | 2009 | 2010 | 2011 | 2012 | 2013 | 2014 | 2015 | 2016 | 6.5 ft bed | bed mat | bed protection | black bed mat | cargo protection | F-250 | F-350 | F-450 | Ford Super Duty | Ford truck accessories | PVC bed mat | standard bed | TBM-F25099-6.5-RB-GY | truck accessories | truck bed mat
1999-2016-ford-super-duty-6-5-ft-rubber-bed-mat-lightweight-v2,1999-2016 Ford Super Duty 6.5 ft Bed Rubber Bed Mat - AA028-V2,truck bed mat - rubber,AA Products,1,32,1999 | 1999-2016 | 2000 | 2001 | 2002 | 2003 | 2004 | 2005 | 2006 | 2007 | 2008 | 2009 | 2010 | 2011 | 2012 | 2013 | 2014 | 2015 | 2016 | 6.5 ft bed | AA028-V2 | bed protection | cargo mat | drop-in bed mat | F-250 | F-350 | F-450 | Ford Super Duty | lightweight bed mat | rubber bed mat | TBM-F25099-6.5-RB-V2 | truck bed mat
1999-2016-ford-super-duty-8-ft-rubber-truck-bed-mat-aa032-v2,1999-2016 Ford Super Duty 8 ft Bed Rubber Truck Bed Mat - AA032-V2,truck bed mat - rubber,AA Products,1,32,1999 | 1999-2016 | 2000 | 2001 | 2002 | 2003 | 2004 | 2005 | 2006 | 2007 | 2008 | 2009 | 2010 | 2011 | 2012 | 2013 | 2014 | 2015 | 2016 | 8 ft bed | AA032-V2 | bed protection | cargo mat | F-250 | F-350 | F-450 | Ford Super Duty | lightweight | long bed | rubber bed mat | TBM-F25099-8-RB-V2 | truck bed mat
2005-2021-nissan-frontier-rubber-truck-bed-mat-grey-5ft-bed,2005-2021 Nissan Frontier 5 ft Bed Rubber Bed Mat - Grey,truck bed mat - rubber,TBM,1,33,2005 | 2005-2021 | 2006 | 2007 | 2008 | 2009 | 2010 | 2011 | 2012 | 2013 | 2014 | 2015 | 2016 | 2017 | 2018 | 2019 | 2020 | 2021 | 5 ft bed | bed liner | bed mat | bed protection | cargo protection | drop-in | grey | Nissan Frontier | non-slip | rubber | rubber bed mat | short bed | Suzuki Equator | TBM-FRON05-4.6-RB-GY | truck bed mat
2005-2021-nissan-frontier-5ft-bed-rubber-mat-lightweight-v2,2005-2021 Nissan Frontier 5 ft Bed Rubber Bed Mat - AA012-V2,truck bed mat - rubber,AA Products,1,32,2005 | 2005-2021 | 2006 | 2007 | 2008 | 2009 | 2010 | 2011 | 2012 | 2013 | 2014 | 2015 | 2016 | 2017 | 2018 | 2019 | 2020 | 2021 | 5 ft bed | AA012-V2 | bed mat | bed protection | cargo protection | lightweight | Nissan Frontier | non-slip | rubber bed mat | short bed | Suzuki Equator | TBM-FRON05-4.6-RB-V2 | truck bed mat | V2
2005-2021-nissan-frontier-6-bed-rubber-truck-bed-mat-grey,2005-2021 Nissan Frontier 6 ft Bed Rubber Truck Bed Mat - Grey,truck bed mat - rubber,TBM,1,31,2005 | 2005-2021 | 2006 | 2007 | 2008 | 2009 | 2010 | 2011 | 2012 | 2013 | 2014 | 2015 | 2016 | 2017 | 2018 | 2019 | 2020 | 2021 | 6 ft bed | bed liner | bed protection | cargo protection | drop-in | grey | Nissan Frontier | non-slip | rubber bed mat | Suzuki Equator | TBM-FRON05-6-RB-GY | truck accessories | truck bed mat
2005-2021-nissan-frontier-6ft-bed-rubber-mat-lightweight-v2,2005-2021 Nissan Frontier 6 ft Bed Rubber Bed Mat - AA017-V2,truck bed mat - rubber,AA Products,1,31,2005 | 2005-2021 | 2006 | 2007 | 2008 | 2009 | 2010 | 2011 | 2012 | 2013 | 2014 | 2015 | 2016 | 2017 | 2018 | 2019 | 2020 | 2021 | 6 ft bed | AA017-V2 | bed liner | bed mat | cargo protection | lightweight | Nissan Frontier | no-drill | rubber bed mat | Suzuki Equator | TBM-FRON05-6-RB-V2 | truck bed mat | truck bed protection
2022-2026-nissan-frontier-5ft-bed-rubber-mat-diamond-plate,2022-2026 Nissan Frontier 5 ft Bed Rubber Truck Bed Mat - Diamond Plate,truck bed mat - rubber,TBM,1,22,2022 | 2022 Frontier | 2023 | 2023 Frontier | 2024 | 2024 Frontier | 2025 | 2025 Frontier | 2026 | 2026 Frontier | 5 ft bed | bed mat | bed protection | cargo protection | diamond plate | drop-in bed mat | Nissan Frontier | rubber bed mat | short bed | TBM-FRON22-5-RB-GY | truck accessories | truck bed mat
2022-nissan-frontier-5ft-short-bed-rubber-mat-lightweight-v2,2022-2026 Nissan Frontier 5 ft Bed Rubber Bed Mat - Lightweight V2,truck bed mat - rubber,AA Products,1,23,2022 | 2022 Frontier | 2023 | 2023 Frontier | 2024 | 2024 Frontier | 2025 | 2025 Frontier | 2026 | 2026 Frontier | 5 ft bed | AA047-V2 | bed protection | cargo mat | lightweight | Nissan Frontier | no drill | non-slip | rubber bed mat | short bed | TBM-FRON22-5-RB-V2 | truck bed mat | V2
2022-gmc-hummer-ev-rubber-truck-bed-mat-2pc-w-front-trunk-mat,2022-2026 GMC Hummer EV Pickup 5 ft Bed Rubber Bed Mat 2PC - TBM,truck bed mat - rubber,TBM,1,24,2 piece | 2022 | 2022 Hummer EV | 2023 | 2023 Hummer EV | 2024 | 2024 Hummer EV | 2025 | 2025 Hummer EV | 2026 | 2026 Hummer EV | 5 ft bed | bed liner | bed protection | cargo mat | diamond plate | front trunk mat | frunk mat | GMC Hummer EV | Hummer EV Pickup | rubber bed mat | rubber mat | TBM-HUMEV22-2P-RB-GY | truck bed mat
2022-gmc-hummer-ev-pickup-rubber-truck-bed-mat-lightweight-v2,2022-2026 GMC Hummer EV Pickup 5 ft Bed Rubber Bed Mat - V2,truck bed mat - rubber,TBM,1,21,2022 | 2022 Hummer EV | 2023 | 2023 Hummer EV | 2024 | 2024 Hummer EV | 2025 | 2025 Hummer EV | 2026 | 2026 Hummer EV | 5 ft bed | bed protection | cargo protection | GMC Hummer EV | Hummer EV Pickup | lightweight bed mat | rubber bed mat | rubber mat | TBM-HUMEV22-2P-RB-V2 | truck bed mat | V2
2019-jeep-gladiator-5-bed-rubber-truck-bed-mat-diamond-plate,2020-2026 Jeep Gladiator 5 ft Bed Rubber Truck Bed Mat - Diamond Plate,truck bed mat - rubber,TBM,1,19,2020 | 2021 | 2022 | 2023 | 2024 | 2025 | 2026 | 5 ft bed | bed mat | bed protection | cargo protection | diamond plate | Gladiator | Jeep | Jeep Gladiator accessories | non-slip bed mat | rubber bed mat | TBM-JEEP19-RB-GY | truck bed mat
2019-jeep-gladiator-5ft-bed-rubber-truck-bed-mat-lightweight-v2,2020-2026 Jeep Gladiator 5 ft Bed Rubber Truck Bed Mat - V2,truck bed mat - rubber,TBM,1,18,2020 | 2021 | 2022 | 2023 | 2024 | 2025 | 2026 | 5 ft bed | bed protection | cargo protection | Gladiator | Jeep | lightweight | no-drill install | rubber bed mat | TBM-JEEP19-RB-V2 | truck bed mat | V2
2022-ford-maverick-4-6ft-bed-rubber-truck-bed-mat-diamond-plate,2022-2026 Ford Maverick 4.5 ft Bed Rubber Bed Mat - Diamond Plate,truck bed mat - rubber,TBM,1,21,2022 | 2022 Ford Maverick | 2023 | 2023 Ford Maverick | 2024 | 2024 Ford Maverick | 2025 | 2025 Ford Maverick | 2026 | 2026 Ford Maverick | 4.5 ft bed | bed liner | bed protection | cargo mat | diamond plate | Ford Maverick | Maverick accessories | rubber bed mat | TBM-MAV22-4.6-RB-GY | truck accessories | truck bed mat
2022-2026-ford-maverick-4-5-rubber-truck-bed-mat-lightweight-v2,2022-2026 Ford Maverick 4.5 ft Bed Rubber Truck Bed Mat - V2,truck bed mat - rubber,TBM,1,21,2022 | 2022 Ford Maverick | 2023 | 2023 Ford Maverick | 2024 | 2024 Ford Maverick | 2025 | 2025 Ford Maverick | 2026 | 2026 Ford Maverick | 4.5 ft bed | bed protection | cargo mat | drop-in bed mat | Ford Maverick | lightweight bed mat | non-slip bed mat | rubber bed mat | TBM-MAV22-4.6-RB-V2 | truck bed mat | V2
2022-rivian-r1t-ev-rubber-truck-bed-mat-2pc-w-front-trunk-mat,2022-2026 Rivian R1T 4.5 ft Bed Rubber Bed Mat 2PC w/ Frunk Mat,truck bed mat - rubber,Rivian R1T Accessories,1,21,2-piece | 2022 | 2023 | 2024 | 2025 | 2026 | 4.5 ft bed | bed liner | bed mat | bed protection | cargo mat | diamond plate | EV truck accessories | front trunk mat | frunk mat | R1T | Rivian | rubber bed mat | rubber mat | TBM-R1TEV22-2P-RB-GY | truck bed mat
2022-2026-rivian-r1t-ev-rubber-bed-mat-2pc-w-front-trunk-mat-v2,2022-2026 Rivian R1T 4.5 ft Bed Rubber Truck Bed Mat 2PC - V2,truck bed mat - rubber,Rivian R1T Accessories,1,20,2022 | 2023 | 2024 | 2025 | 2026 | 4.5 ft bed | bed liner | bed mat | bed protection | cargo protection | electric truck | EV truck accessories | front trunk mat | frunk mat | lightweight V2 | R1T | Rivian | rubber bed mat | TBM-R1TEV22-2P-RB-V2 | truck bed mat
2022-2024-rivian-r1t-rubber-truck-bed-mat-diamond-plate-style,2022-2026 Rivian R1T 4.5 ft Bed Rubber Truck Bed Mat - Diamond Plate,truck bed mat - rubber,TBM,1,21,2022 | 2022 R1T | 2023 | 2023 R1T | 2024 | 2024 R1T | 2025 | 2025 R1T | 2026 | 2026 R1T | 4.5 ft bed | bed protection | cargo protection | diamond plate | EV truck accessories | R1T | Rivian | Rivian accessories | rubber bed mat | TBM-R1T-RB-GY | truck bed mat
02-22-dodge-ram-1500-2500-3500-6-5-bed-pvc-truck-bed-mat,2002-2022 Dodge Ram 1500/2500/3500 6.5 ft Bed Mat PVC - TBM,truck bed mat - rubber,TBM,1,39,2002 | 2002-2022 | 2003 | 2004 | 2005 | 2006 | 2007 | 2008 | 2009 | 2010 | 2011 | 2012 | 2013 | 2014 | 2015 | 2016 | 2017 | 2018 | 2019 | 2020 | 2021 | 2022 | 6.5 ft bed | bed liner | bed mat | bed protection | cargo protection | Dodge Ram 1500 | Dodge Ram 2500 | Dodge Ram 3500 | Dodge Ram bed mat | PVC bed mat | Ram 1500 bed mat | Ram 2500 bed mat | Ram 3500 bed mat | rubber bed mat | TBM-RAM02-6.5-RB-GY | truck accessories | truck bed mat
02-22-dodge-ram-1500-2500-3500-6-5-ft-rubber-bed-mat-v2,2002-2022 Dodge Ram 1500/2500/3500 6.5 ft Bed Mat - AA035-V2,truck bed mat - rubber,Stehlen Auto,1,36,2002 | 2002-2022 | 2003 | 2004 | 2005 | 2006 | 2007 | 2008 | 2009 | 2010 | 2011 | 2012 | 2013 | 2014 | 2015 | 2016 | 2017 | 2018 | 2019 | 2020 | 2021 | 2022 | 6.4 ft bed | 6.5 ft bed | AA035-V2 | bed liner | bed protection | Dodge Ram | lightweight | Ram 1500 | Ram 2500 | Ram 3500 | rubber bed mat | TBM-RAM02-6.5-RB-V2 | truck bed mat | without RamBox
2002-2022-dodge-ram-1500-2500-3500-8-long-bed-pvc-mat-black,2002-2022 Dodge Ram 1500/2500/3500 8 ft Bed PVC Bed Mat - Black,truck bed mat - rubber,TBM,1,37,2002 | 2003 | 2004 | 2005 | 2006 | 2007 | 2008 | 2009 | 2010 | 2011 | 2012 | 2013 | 2014 | 2015 | 2016 | 2017 | 2018 | 2019 | 2020 | 2021 | 2022 | 8 ft bed | bed liner | bed mat | bed protection | cargo mat | Dodge Ram | long bed | no-drill | PVC bed mat | Ram 1500 | Ram 2500 | Ram 3500 | Ram Classic | TBM-RAM02-8-RB-GY | truck accessories | truck bed mat
02-22-dodge-ram-1500-2500-3500-8ft-bed-rubber-mat-aa031-v2,2002-2022 Dodge Ram 1500/2500/3500 8 ft Bed Mat Rubber - AA031-V2,truck bed mat - rubber,Stehlen Auto,1,36,2002 | 2002-2022 | 2003 | 2004 | 2005 | 2006 | 2007 | 2008 | 2009 | 2010 | 2011 | 2012 | 2013 | 2014 | 2015 | 2016 | 2017 | 2018 | 2019 | 2020 | 2021 | 2022 | 8 ft bed | AA031-V2 | bed protection | Dodge Ram bed mat | lightweight | long bed | no RamBox | Ram 1500 bed mat | Ram 2500 bed mat | Ram 3500 bed mat | rubber bed mat | TBM-RAM02-8-RB-V2 | truck bed mat | V2
02-22-dodge-ram-rubber-bed-mat-57-rambox-grey,2002-2022 Dodge Ram 5.7 ft Bed Mat RamBox Only - Grey Rubber,truck bed mat - rubber,Stehlen Auto,1,36,2002 | 2003 | 2004 | 2005 | 2006 | 2007 | 2008 | 2009 | 2010 | 2011 | 2012 | 2013 | 2014 | 2015 | 2016 | 2017 | 2018 | 2019 | 2020 | 2021 | 2022 | 5.7 ft bed mat | bed liner | bed protection | dodge ram accessories | dodge ram bed mat | grey rubber mat | ram 1500 bed mat | ram 2500 bed mat | ram 3500 bed mat | ram truck accessories | rambox bed mat | rubber bed mat | short bed mat | TBM-RAM09-5.5-RB-GY | truck bed mat
02-22-dodge-ram-1500-2500-3500-5-7-bed-mat-w-rambox-v2,2002-2022 Dodge Ram 1500/2500/3500 5.7 ft Bed RamBox Rubber Bed Mat V2,truck bed mat - rubber,Stehlen Auto,1,36,2002 | 2003 | 2004 | 2005 | 2006 | 2007 | 2008 | 2009 | 2010 | 2011 | 2012 | 2013 | 2014 | 2015 | 2016 | 2017 | 2018 | 2019 | 2020 | 2021 | 2022 | 5.7 ft bed mat | AA020-V2 | bed liner | dodge ram accessories | dodge ram bed mat | lightweight bed mat | ram 1500 bed mat | ram 2500 bed mat | ram 3500 bed mat | rambox bed mat | rubber bed mat | TBM-RAM09-5.5-RB-V2 | truck bed mat | truck bed protection | V2 bed mat
02-22-dodge-ram-5-7-short-bed-rubber-truck-bed-mat-grey,2002-2022 Dodge Ram 5.7 ft Bed Rubber Truck Bed Mat - Grey,truck bed mat - rubber,Stehlen Auto,1,38,2002 | 2003 | 2004 | 2005 | 2006 | 2007 | 2008 | 2009 | 2010 | 2011 | 2012 | 2013 | 2014 | 2015 | 2016 | 2017 | 2018 | 2019 | 2020 | 2021 | 2022 | 5.7 ft bed | bed liner alternative | bed mat | bed protection | cargo mat | dodge ram | dodge ram bed mat | grey bed mat | no rambox | ram 1500 bed mat | ram 1500 classic | ram 2500 bed mat | ram 3500 bed mat | rubber bed mat | short bed | TBM-RAM09-5.7-RB-GY | truck bed mat
02-22-dodge-ram-1500-2500-3500-5-7-ft-rubber-bed-mat-v2,2002-2022 Dodge Ram 1500/2500/3500 5.7 ft Bed Mat - AA010-V2,truck bed mat - rubber,Stehlen Auto,1,35,2002 | 2003 | 2004 | 2005 | 2006 | 2007 | 2008 | 2009 | 2010 | 2011 | 2012 | 2013 | 2014 | 2015 | 2016 | 2017 | 2018 | 2019 | 2020 | 2021 | 2022 | 5.7 ft bed | AA010-V2 | bed protection | cargo mat | Dodge Ram bed mat | lightweight | Ram 1500 bed mat | Ram 2500 bed mat | Ram 3500 bed mat | rubber bed mat | short bed | TBM-RAM09-5.7-RB-V2 | truck bed mat | without RamBox
02-22-dodge-ram-6-4-bed-rubber-mat-rambox-grey,2002-2022 Dodge Ram 6.4 ft Bed Mat RamBox Grey Rubber,truck bed mat - rubber,Stehlen Auto,1,37,2002 | 2003 | 2004 | 2005 | 2006 | 2007 | 2008 | 2009 | 2010 | 2011 | 2012 | 2013 | 2014 | 2015 | 2016 | 2017 | 2018 | 2019 | 2020 | 2021 | 2022 | 6.4 ft bed | 6.5 ft bed | bed liner | bed protection | cargo mat | dodge ram accessories | dodge ram bed mat | grey bed mat | ram 1500 bed mat | ram 2500 bed mat | ram 3500 bed mat | rambox bed mat | rubber bed mat | rubber mat | TBM-RAM09-6.5-RB-GY | truck bed mat
02-22-dodge-ram-1500-2500-3500-6-5-ft-bed-mat-w-rambox,2002-2022 Dodge Ram 1500/2500/3500 6.5 ft Bed RamBox Rubber Bed Mat V2,truck bed mat - rubber,Stehlen Auto,1,36,2002 | 2003 | 2004 | 2005 | 2006 | 2007 | 2008 | 2009 | 2010 | 2011 | 2012 | 2013 | 2014 | 2015 | 2016 | 2017 | 2018 | 2019 | 2020 | 2021 | 2022 | 6.5 ft bed mat | AA019-V2 | bed liner | bed protection | cargo protection | dodge ram accessories | dodge ram bed mat | lightweight rubber mat | ram 1500 bed mat | ram 2500 bed mat | ram 3500 bed mat | rambox bed mat | rubber bed mat | TBM-RAM09-6.5-RB-V2 | truck bed mat
2019-ram-1500-6-4ft-bed-rubber-truck-bed-mat-diamond-plate,2019-2024 Dodge Ram 1500 6.4 ft Bed Rubber Bed Mat Diamond Plate,truck bed mat - rubber,Stehlen Auto,1,22,2019 | 2019 Ram 1500 | 2020 | 2020 Ram 1500 | 2021 | 2021 Ram 1500 | 2022 | 2022 Ram 1500 | 2023 | 2023 Ram 1500 | 2024 | 2024 Ram 1500 | 6.4 ft bed | bed mat | bed protection | diamond plate bed mat | Dodge Ram 1500 | rubber bed mat | rubber mat | TBM-RAM191500-6.4-RB-GY | truck accessories | truck bed mat
2019-2024-ram-1500-6-4ft-bed-rubber-truck-bed-mat-lightweight-v2,2019-2024 Dodge Ram 1500 6.4 ft Bed Rubber Bed Mat V2 - TBM,truck bed mat - rubber,TBM,1,23,2019 | 2019 ram 1500 | 2020 | 2020 ram 1500 | 2021 | 2021 ram 1500 | 2022 | 2022 ram 1500 | 2023 | 2023 ram 1500 | 2024 | 2024 ram 1500 | 6.4 ft bed | bed liner | bed protection | dodge ram 1500 | lightweight | no-slip | ram 1500 | rubber bed mat | TBM-RAM191500-6.4-RB-V2 | truck bed mat | V2
2019-dodge-ram-2500-3500-6-4ft-bed-rubber-mat-diamond-plate,2019-2024 Dodge Ram 2500/3500 6.4 ft Bed Mat Diamond Plate - Rubber,truck bed mat - rubber,Rubber Truck Bed Mat,1,30,2019 | 2019 ram 2500 | 2019 ram 3500 | 2020 | 2020 ram 2500 | 2020 ram 3500 | 2021 | 2021 ram 2500 | 2021 ram 3500 | 2022 | 2022 ram 2500 | 2022 ram 3500 | 2023 | 2023 ram 2500 | 2023 ram 3500 | 2024 | 2024 ram 2500 | 2024 ram 3500 | 6.4 ft bed | bed mat | bed protection | diamond plate | dodge ram 2500 | dodge ram 3500 | heavy duty bed mat | non-slip mat | rubber bed mat | TBM-RAM192500-6.4-RB-GY | truck accessories | truck bed mat
2019-2024-ram-2500-3500-6-4-bed-rubber-truck-bed-mat-tlaps,2019-2024 Dodge Ram 2500/3500 6.4 ft Bed Rubber Bed Mat V2,truck bed mat - rubber,Stehlen Auto,1,33,2019 | 2019 Ram 2500 | 2019 Ram 3500 | 2020 | 2020 Ram 2500 | 2020 Ram 3500 | 2021 | 2021 Ram 2500 | 2021 Ram 3500 | 2022 | 2022 Ram 2500 | 2022 Ram 3500 | 2023 | 2023 Ram 2500 | 2023 Ram 3500 | 2024 | 2024 Ram 2500 | 2024 Ram 3500 | 6.4 ft bed | 76.3 inch bed | bed liner | bed protection | cargo mat | Dodge Ram | lightweight | no RamBox | Ram 2500 | Ram 3500 | rubber | rubber bed mat | TBM-RAM192500-6.4-RB-V2 | truck bed mat | V2
2019-2024-ram-2500-3500-8ft-bed-rubber-mat-diamond-plate,2019-2024 Dodge Ram 2500/3500 8 ft Bed Rubber Bed Mat - Diamond Plate,truck bed mat - rubber,Stehlen Auto,1,30,2019 | 2019 Ram 2500 | 2019 Ram 3500 | 2020 | 2020 Ram 2500 | 2020 Ram 3500 | 2021 | 2021 Ram 2500 | 2021 Ram 3500 | 2022 | 2022 Ram 2500 | 2022 Ram 3500 | 2023 | 2023 Ram 2500 | 2023 Ram 3500 | 2024 | 2024 Ram 2500 | 2024 Ram 3500 | 8 ft bed | bed liner | bed protection | cargo mat | diamond plate | Dodge Ram 2500 | Dodge Ram 3500 | long bed | no rambox | rubber bed mat | TBM-RAM192500-8-RB-GY | truck bed mat
2019-2024-ram-2500-3500-8ft-bed-rubber-truck-bed-mat-tlaps-v2,2019-2024 Dodge Ram 2500/3500 8 ft Bed Rubber Bed Mat - V2,truck bed mat - rubber,Stehlen Auto,1,32,2019 | 2019 Ram 2500 | 2019 Ram 3500 | 2020 | 2020 Ram 2500 | 2020 Ram 3500 | 2021 | 2021 Ram 2500 | 2021 Ram 3500 | 2022 | 2022 Ram 2500 | 2022 Ram 3500 | 2023 | 2023 Ram 2500 | 2023 Ram 3500 | 2024 | 2024 Ram 2500 | 2024 Ram 3500 | 8 ft bed | bed liner | bed protection | cargo mat | Dodge Ram 2500 | Dodge Ram 3500 | lightweight | long bed | no-drill | rubber bed mat | rubber mat | TBM-RAM192500-8-RB-V2 | truck bed mat | V2
2019-dodge-ram-5-7-bed-rubber-truck-bed-mat-lightweight-v2,2019-2022 Dodge Ram 1500 5.7 ft Bed Rubber Bed Mat V2 - AA46,truck bed mat - rubber,AA46,1,16,2019 | 2020 | 2021 | 2022 | 5.7 ft bed | AA46-V2 | bed liner | bed protection | Dodge Ram | lightweight | Ram 1500 | rubber bed mat | short bed | TBM-RAM19-5.7-RB-V2 | truck bed mat | V2
2019-dodge-ram-5-bed-rubber-truck-bed-mat-diamond-plate,2019-2022 Dodge Ram 1500 5.7 ft Bed Rubber Bed Mat - Diamond Plate,truck bed mat - rubber,Diamond Plate Rubber,1,20,2019 | 2019 Ram 1500 | 2020 | 2020 Ram 1500 | 2021 | 2021 Ram 1500 | 2022 | 2022 Ram 1500 | 5.7 ft bed | bed floor mat | bed liner | bed protection | cargo mat | diamond plate bed mat | Dodge Ram 1500 | Ram 1500 accessories | rubber bed mat | short bed | TBM-RAM19-5-RB-GY | truck bed mat
2019-ford-ranger-5-bed-rubber-truck-bed-mat-diamond-plate,2019-2023 Ford Ranger 5 ft Bed Rubber Bed Mat - AA043,truck bed mat - rubber,AA Products,1,22,2019 | 2019 ford ranger | 2020 | 2020 ford ranger | 2021 | 2021 ford ranger | 2022 | 2022 ford ranger | 2023 | 2023 ford ranger | 5 ft bed | AA043 | bed mat | bed protection | cargo protection | diamond plate | ford ranger | ford ranger accessories | rubber bed mat | short bed | TBM-RANG19-5-RB-GY | truck bed mat
2019-ford-ranger-supercrew-5ft-bed-rubber-mat-lightweight-v2,2019-2023 Ford Ranger 5 ft Bed Rubber Truck Bed Mat - AA043,truck bed mat - rubber,AA043,1,22,2019 | 2019 Ford Ranger | 2020 | 2020 Ford Ranger | 2021 | 2021 Ford Ranger | 2022 | 2022 Ford Ranger | 2023 | 2023 Ford Ranger | 5 ft bed | AA043 | bed liner | bed protection | cargo protection | drop-in bed mat | Ford Ranger | lightweight bed mat | rubber bed mat | short bed | TBM-RANG19-5-RB-V2 | truck bed mat
2019-ford-ranger-6-bed-rubber-truck-bed-mat-diamond-plate,2019-2023 Ford Ranger 6 ft Bed Rubber Truck Bed Mat - Diamond Plate,truck bed mat - rubber,Truck Bed Mat,1,21,2019 | 2019 Ford Ranger | 2020 | 2020 Ford Ranger | 2021 | 2021 Ford Ranger | 2022 | 2022 Ford Ranger | 2023 | 2023 Ford Ranger | 6 ft bed | bed mat | bed protection | cargo protection | diamond plate | Ford Ranger | Ford Ranger accessories | rubber bed mat | TBM-RANG19-6-RB-GY | truck accessories | truck bed mat
2019-ford-ranger-super-cab-6ft-bed-rubber-mat-lightweight-v2,2019-2023 Ford Ranger 6 ft Bed Rubber Truck Bed Mat - AA042,truck bed mat - rubber,AA Products,1,22,2019 | 2019 Ford Ranger | 2020 | 2020 Ford Ranger | 2021 | 2021 Ford Ranger | 2022 | 2022 Ford Ranger | 2023 | 2023 Ford Ranger | 6 ft bed | AA042 | bed liner | bed mat | bed protection | cargo protection | drop-in bed mat | Ford Ranger | lightweight bed mat | rubber bed mat | TBM-RANG19-6-RB-V2 | truck bed mat
1983-2012-ford-ranger-7-long-bed-pvc-bed-mat-black,1983-2012 Ford Ranger 7 ft Bed PVC Bed Mat - Black,truck bed mat - rubber,TBM,1,44,1983 | 1983-2012 | 1984 | 1985 | 1986 | 1987 | 1988 | 1989 | 1990 | 1991 | 1992 | 1993 | 1994 | 1995 | 1996 | 1997 | 1998 | 1999 | 2000 | 2001 | 2002 | 2003 | 2004 | 2005 | 2006 | 2007 | 2008 | 2009 | 2010 | 2011 | 2012 | 7 ft bed | bed liner | bed mat | bed protection | cargo protection | Ford Ranger | Ford Ranger accessories | long bed | PVC bed mat | rubber bed mat | TBM-RANG82-7-RB-GY | truck accessories | truck bed mat
2017-honda-ridgeline-rubber-truck-bed-mat-diamond-plate-style,2017-2026 Honda Ridgeline 5.3 ft Bed Rubber Truck Bed Mat - AA044,truck bed mat - rubber,TBM,1,22,2017 | 2017-2026 | 2018 | 2019 | 2020 | 2021 | 2022 | 2023 | 2024 | 2025 | 2026 | 5.3 ft bed | AA044 | bed liner | bed protection | cargo mat | diamond plate | Honda accessories | Honda Ridgeline | rubber bed mat | TBM-RIDGE17-RB-GY | truck bed mat
1983-2012-ford-ranger-7-ft-bed-rubber-mat-lightweight-v2,1983-2012 Ford Ranger 7 ft Bed Rubber Truck Bed Mat - AA027-V2,truck bed mat - rubber,AA Products,1,42,1983 | 1983-2012 | 1984 | 1985 | 1986 | 1987 | 1988 | 1989 | 1990 | 1991 | 1992 | 1993 | 1994 | 1995 | 1996 | 1997 | 1998 | 1999 | 2000 | 2001 | 2002 | 2003 | 2004 | 2005 | 2006 | 2007 | 2008 | 2009 | 2010 | 2011 | 2012 | 7 ft bed | bed mat | bed protection | cargo mat | Ford Ranger | Ford Ranger accessories | lightweight | long bed | rubber bed mat | TBM-RANG82-7-RB-V2 | truck bed mat
2017-honda-ridgeline-rubber-truck-bed-mat-lightweight-v2,2017-2026 Honda Ridgeline 5.3 ft Bed Rubber Truck Bed Mat - V2,truck bed mat - rubber,TBM,1,24,2017 | 2017-2026 | 2018 | 2019 | 2020 | 2021 | 2022 | 2023 | 2024 | 2025 | 2026 | 5.3 ft bed | AA044 | bed liner | bed protection | cargo mat | Honda | lightweight | non-slip mat | Ridgeline | rubber bed mat | TBM-RIDGE17-RB-V2 | truck bed mat | V2
2022-hyundai-santa-cruz-4ft-bed-rubber-mat-diamond-plate,2022-2026 Hyundai Santa Cruz 4 ft Bed Rubber Bed Mat - Diamond Plate,truck bed mat - rubber,TBM,1,22,2022 | 2022 Santa Cruz | 2023 | 2023 Santa Cruz | 2024 | 2024 Santa Cruz | 2025 | 2025 Santa Cruz | 2026 | 2026 Santa Cruz | 4 ft bed | bed mat | bed protection | cargo protection | diamond plate | drop-in bed mat | Hyundai Santa Cruz | rubber bed mat | rubber mat | Santa Cruz bed mat | TBM-SANTCU22-4-RB-GY | truck bed mat
2022-2026-hyundai-santa-cruz-4ft-bed-rubber-truck-bed-mat-v2,2022-2026 Hyundai Santa Cruz 4 ft Bed Rubber Truck Bed Mat V2,truck bed mat - rubber,TBM,1,17,2022 | 2023 | 2024 | 2025 | 2026 | 4 ft bed | bed liner | bed mat | bed protection | cargo protection | Hyundai | lightweight | rubber bed mat | Santa Cruz | TBM-SANTCU22-4-RB-V2 | truck bed mat | V2
04-07-chevy-silverado-gmc-sierra-5-8-bed-rubber-mat-grey,2004-2007 Chevy/GMC Silverado/Sierra 5.8 ft Fleetside Bed Mat - Grey,truck bed mat - rubber,Stehlen Auto,1,23,2004 | 2005 | 2006 | 2007 | 5.8 ft bed | bed liner | bed protection | cargo protection | Chevrolet Silverado | Classic | Fleetside | GMC Sierra | grey | rubber bed mat | short bed | Sierra 1500 | Sierra 2500 | Sierra 3500 | Silverado 1500 | Silverado 2500 | Silverado 3500 | TBM-SIL04-5.8-RB-GY | truck bed mat
04-07-silverado-sierra-5-8ft-rubber-truck-bed-mat-aa004-v2,04-07 Silverado Sierra 5.8 ft Fleetside Rubber Bed Mat V2,truck bed mat - rubber,AA Products,1,24,2004 | 2005 | 2006 | 2007 | 5.8 ft bed | bed liner | bed protection | cargo protection | Chevrolet Silverado | classic | fleetside | GMC Sierra | lightweight | rubber bed mat | short bed | Sierra 1500 | Sierra 2500 | Sierra 3500 | Silverado 1500 | Silverado 2500 | Silverado 3500 | TBM-SIL04-5.8-RB-V2 | truck bed mat | V2
07-18-chevy-silverado-gmc-sierra-5-8-bed-rubber-mat-grey,07-18 Silverado/Sierra 5.8 ft Bed Rubber Truck Bed Mat - Grey,truck bed mat - rubber,Truck Bed Mat,1,22,2007-2018 | 5.8 ft bed | bed liner | bed mat | bed protection | cargo protection | Chevrolet Silverado | GMC Sierra | grey | rubber | rubber bed mat | short bed | Sierra 1500 | Sierra 2500 HD | Sierra 3500 HD | Silverado 1500 | Silverado 2500 | Silverado 2500 HD | Silverado 3500 | Silverado 3500 HD | TBM-SIL07-5.8-RB-GY | truck bed mat
07-18-silverado-sierra-5-8ft-rubber-truck-bed-mat-v2,07-18 Silverado/Sierra 5.8 ft Bed Rubber Bed Mat - AA001-V2,truck bed mat - rubber,AA Products,1,21,2007-2018 | 5.8 ft bed | bed liner | bed protection | cargo protection | Chevrolet Silverado | GMC Sierra | lightweight | rubber bed mat | rubber mat | short bed | Sierra 1500 | Sierra 2500 HD | Sierra 3500 HD | Silverado 1500 | Silverado 2500 | Silverado 2500 HD | Silverado 3500 | Silverado 3500 HD | TBM-SIL07-5.8-RB-V2 | truck bed mat
07-19-chevy-silverado-gmc-sierra-6-5-bed-rubber-mat-grey,07-19 Silverado/Sierra 6.5 ft Bed Rubber Truck Bed Mat - Grey,truck bed mat - rubber,TBM,1,18,6.5 ft bed | bed liner | bed protection | cargo protection | Chevrolet Silverado | GMC Sierra | grey bed mat | rubber bed mat | rubber mat | Sierra 1500 | Sierra 2500 | Sierra 3500 | Silverado 1500 | Silverado 2500 | Silverado 3500 | TBM-SIL07-6.5-RB-GY | truck accessories | truck bed mat
07-19-silverado-sierra-6-5ft-rubber-truck-bed-mat-v2-aa003,07-19 Silverado/Sierra 6.5 ft Bed Rubber Bed Mat - AA003-V2,truck bed mat - rubber,AA Products,1,18,2007-2019 | 6.5 ft bed | bed liner | bed mat | bed protection | cargo protection | Chevrolet Silverado | GMC Sierra | lightweight | rubber bed mat | Sierra 1500 | Sierra 2500 | Sierra 3500 | Silverado 1500 | Silverado 2500 | Silverado 3500 | TBM-SIL07-6.5-RB-V2 | truck bed mat
07-18-silverado-sierra-8-long-bed-pvc-bed-mat-black,2007-2018 Chevy Silverado/GMC Sierra 8 ft Bed PVC Bed Mat,truck bed mat - rubber,Stehlen Auto,1,29,2007 | 2008 | 2009 | 2010 | 2011 | 2012 | 2013 | 2014 | 2015 | 2016 | 2017 | 2018 | 8 ft bed | bed liner | bed mat | cargo protection | Chevrolet Silverado | GMC Sierra | long bed | PVC bed mat | Sierra 1500 | Sierra 2500 HD | Sierra 3500 HD | Silverado 1500 | Silverado 2500 HD | Silverado 3500 HD | TBM-SIL07-8-RB-GY | truck accessories | truck bed mat
07-18-silverado-sierra-8ft-bed-rubber-mat-lightweight-v2,07-18 Silverado/Sierra 8 ft Bed Rubber Bed Mat - AA034-V2,truck bed mat - rubber,AA Products,1,16,1500 | 2007-2018 | 2500 HD | 3500 HD | 8 ft bed | AA034-V2 | bed liner | bed protection | Chevrolet Silverado | drop-in bed mat | GMC Sierra | lightweight | long bed | rubber bed mat | TBM-SIL07-8-RB-V2 | truck bed mat
2019-2022-chevy-silverado-gmc-sierra-5-8-rubber-truck-bed-mat,2019-2022 Chevy Silverado/GMC Sierra 5.8 ft Bed Mat - Rubber,truck bed mat - rubber,Stehlen Auto,1,18,2019 | 2020 | 2021 | 2022 | 5.8 ft bed | bed liner | bed protection | cargo protection | Chevrolet Silverado | diamond pattern | GMC Sierra | lightweight bed mat | rubber bed mat | short bed | Sierra 1500 | Silverado 1500 | TBM-SIL19-5.8-RB-GY | truck bed mat
2019-2022-chevy-silverado-gmc-sierra-1500-5-8-ft-rubber-bed-mat-v2,2019-2022 Chevy Silverado/GMC Sierra 1500 5.8 ft Bed Mat - AA058-V2,truck bed mat - rubber,Aftermarket,1,20,2019 | 2020 | 2021 | 2022 | 5.8 ft bed | AA058-V2 | bed liner | bed mat | cargo protection | Chevrolet Silverado 1500 | GMC Sierra 1500 | lightweight | rubber bed mat | short bed | Sierra 1500 Limited | Silverado 1500 LTD | TBM-SIL19-5.8-RB-V2 | truck accessories | truck bed mat | V2
2019-2022-chevy-silverado-gmc-sierra-6-5-rubber-bed-mat-mpn-66,2019-2022 Chevrolet/GMC 1500 6.5 ft Bed Rubber Bed Mat - TBM,truck bed mat - rubber,TBM,1,20,1500 | 2019 | 2020 | 2021 | 2022 | 2500 | 3500 | 6.5 ft bed | bed liner | bed mat | bed protection | Chevrolet Silverado | diamond pattern | GMC Sierra | lightweight | rubber bed mat | Sierra 1500 | Silverado 1500 | TBM-SIL19-6.5-RB-GY | truck bed mat
2019-2022-chevy-silverado-gmc-sierra-1500-6-5-ft-rubber-bed-mat,2019-2022 Chevy Silverado/GMC Sierra 1500 6.5 ft Bed Mat - AA066-V2,truck bed mat - rubber,AA066-V2,1,21,2019 | 2020 | 2021 | 2022 | 6.5 ft bed | 78 inch bed | AA066-V2 | bed liner | bed mat | bed protection | cargo protection | Chevrolet Silverado 1500 | GMC Sierra 1500 | lightweight | non-slip | rubber bed mat | Sierra 1500 Limited | Silverado 1500 LTD | TBM-SIL19-6.5-RB-V2 | truck bed mat | V2
2019-chevy-silverado-gmc-sierra-1500-8ft-bed-rubber-mat-diamond,2019-2022 Chevrolet/GMC 1500 8 ft Bed Rubber Bed Mat - Diamond Plate,truck bed mat - rubber,Truck Bed Mat,1,19,2019 | 2020 | 2021 | 2022 | 8 ft bed | bed liner | bed mat | bed protection | cargo protection | Chevrolet Silverado 1500 | diamond plate | GMC Sierra 1500 | long bed | non-slip | rubber bed mat | Sierra 1500 Limited | Silverado 1500 LTD | TBM-SIL19-8-RB-GY | truck bed mat
2019-chevy-silverado-gmc-sierra-1500-8ft-bed-rubber-mat-v2,2019-2022 Chevrolet/GMC 1500 8 ft Bed Rubber Bed Mat V2 - TBM,truck bed mat - rubber,TBM,1,21,2019 | 2020 | 2021 | 2022 | 8 ft bed | bed liner | bed mat | bed protection | cargo protection | Chevrolet Silverado 1500 | drop-in | GMC Sierra 1500 | lightweight | long bed | no drill | rubber bed mat | Sierra 1500 Limited | Silverado 1500 LTD | TBM-SIL19-8-RB-V2 | truck bed mat | V2
2020-chevy-silverado-gmc-sierra-2500-3500-hd-6-9-rubber-bed-mat,2020-2024 Silverado/Sierra 2500/3500 HD 6.9 ft Bed Mat - Rubber,truck bed mat - rubber,TBM,1,18,2020 | 2021 | 2022 | 2023 | 2024 | 6.9 ft bed | bed liner | bed protection | cargo protection | Chevrolet Silverado 2500 HD | Chevrolet Silverado 3500 HD | diamond plate | GMC Sierra 2500 HD | GMC Sierra 3500 HD | heavy duty | rubber bed mat | TBM-SIL250020-6.9-RB-GY | truck bed mat
access-truck-bed-mat-2020-chevy-silverado-gmc-sierra-2500-3500-hd-6-9,2020-2024 Silverado/Sierra 2500/3500 HD 6.9 ft Bed Mat - Rubber,truck bed mat - rubber,Truck Bed Mat,1,20,2020 | 2021 | 2022 | 2023 | 2024 | 6.9 ft bed | bed liner | bed mat | bed protection | cargo protection | Chevrolet Silverado 2500 HD | Chevrolet Silverado 3500 HD | GMC Sierra 2500 HD | GMC Sierra 3500 HD | HD | heavy duty | lightweight | rubber bed mat | TBM-SIL250020-6.9-RB-v2 | truck bed mat
2020-chevy-silverado-gmc-sierra-2500-3500-hd-8ft-rubber-bed-mat,2020-2024 Silverado/Sierra 2500/3500 HD 8 ft Bed Mat - Rubber,truck bed mat - rubber,TBM,1,19,2020 | 2021 | 2022 | 2023 | 2024 | 8 ft bed | bed liner | bed protection | cargo protection | Chevrolet Silverado 2500 HD | Chevrolet Silverado 3500 HD | diamond plate | GMC Sierra 2500 HD | GMC Sierra 3500 HD | heavy duty | long bed | rubber bed mat | TBM-SIL250020-8-RB-GY | truck bed mat
2020-2025-chevy-silverado-gmc-sierra-2500-3500-hd-8-bed-mat-rubber,2020-2024 Silverado/Sierra 2500/3500 HD 8 ft Bed Mat - Rubber V2,truck bed mat - rubber,Truck Bed Mat,1,21,2020 | 2021 | 2022 | 2023 | 2024 | 8 ft bed | bed liner | bed protection | cargo protection | Chevrolet Silverado 2500 HD | Chevrolet Silverado 3500 HD | GMC Sierra 2500 HD | GMC Sierra 3500 HD | HD | heavy duty | lightweight | long bed | rubber bed mat | TBM-SIL250020-8-RB-V2 | truck bed mat | V2
1999-2007-chevy-silverado-gmc-sierra-6-5-rubber-bed-mat-grey,1999-2007 Chevy/GMC Silverado/Sierra 6.5 ft Bed Rubber Bed Mat - Grey,truck bed mat - rubber,Stehlen Auto,1,29,1999 | 1999-2007 | 2000 | 2001 | 2002 | 2003 | 2004 | 2005 | 2006 | 2007 | 6.5 ft bed | bed liner | bed mat grey | bed protection | Chevrolet Silverado | Classic | fleetside | GMC Sierra | grey | rubber bed mat | short bed | Sierra 1500 | Sierra 2500 | Sierra 3500 | Silverado 1500 | Silverado 2500 | Silverado 3500 | TBM-SIL99-6.5-RB-GY | truck bed mat
1999-2007-silverado-sierra-8-long-bed-pvc-bed-mat-black,1999-2007 Chevy/GMC Silverado Sierra 8 ft Fleetside PVC Bed Mat,truck bed mat - rubber,Stehlen Auto,1,28,1999 | 2000 | 2001 | 2002 | 2003 | 2004 | 2005 | 2006 | 2007 | 8 ft bed | bed liner | bed mat | cargo mat | Chevrolet Silverado | fleetside | GMC Sierra | long bed | PVC bed mat | Sierra 1500 | Sierra 2500 | Sierra 3500 | Silverado 1500 | Silverado 2500 | Silverado 3500 | TBM-SIL99-8-RB-GY | truck accessory | truck bed mat | truck bed protection
1999-2007-silverado-sierra-6-5ft-rubber-truck-bed-mat-aa025-v2,1999-2007 Silverado/Sierra 6.5 ft Bed Rubber Bed Mat - V2,truck bed mat - rubber,AA Products,1,31,1999 | 1999-2007 | 2000 | 2001 | 2002 | 2003 | 2004 | 2005 | 2006 | 2007 | 6.5 ft bed | bed liner | bed mat | bed protection | cargo protection | Chevrolet Silverado | Fleetside | GMC Sierra | lightweight | non-slip | rubber bed mat | short bed | Sierra 1500 | Sierra 2500 | Sierra 3500 | Silverado 1500 | Silverado 2500 | Silverado 3500 | TBM-SIL99-6.5-RB-V2 | truck bed mat | V2
1999-2007-silverado-sierra-8ft-bed-rubber-mat-lightweight-v2,1999-2007 Silverado/Sierra 8 ft Bed Rubber Bed Mat - Lightweight V2,truck bed mat - rubber,AA Products,1,26,1999 | 1999-2007 | 2000 | 2001 | 2002 | 2003 | 2004 | 2005 | 2006 | 2007 | 8 ft bed | AA029-V2 | bed mat | bed protection | cargo protection | Chevrolet Silverado | Fleetside | GMC Sierra | lightweight | long bed | rubber bed mat | Sierra bed mat | Silverado bed mat | TBM-SIL99-8-RB-V2 | truck bed mat | V2
99-07-chevy-silverado-gmc-sierra-stepside-6-5-pvc-bed-mat,1999-2007 Chevy/GMC Stepside 6.5 ft Bed PVC Truck Bed Mat - Black,truck bed mat - rubber,Stehlen Auto,1,29,1999 | 2000 | 2001 | 2002 | 2003 | 2004 | 2005 | 2006 | 2007 | 6.5 ft bed | bed liner | bed mat | cargo protection | Chevrolet Silverado | GMC Sierra | PVC bed mat | rubber bed mat | short bed | Sierra 1500 | Sierra 2500 | Sierra 3500 | Silverado 1500 | Silverado 2500 | Silverado 3500 | stepside | stepside bed mat | tbm-sil99fs-6.5-rb-gy | truck accessories | truck bed mat
1999-2007-silverado-sierra-stepside-6-5-ft-rubber-bed-mat-v2,1999-2007 Chevy/GMC Stepside 6.5 ft Bed Rubber Bed Mat - AA036-V2,truck bed mat - rubber,Stehlen Auto,1,22,1999 | 2000 | 2001 | 2002 | 2003 | 2004 | 2005 | 2006 | 2007 | 6.5 ft bed | AA036-V2 | bed liner | bed protection | Chevrolet Silverado | GMC Sierra | lightweight | rubber bed mat | short bed | Stepside | TBM-SIL99FS-6.5-RB-V2 | truck bed mat | V2
2005-2022-toyota-tacoma-5-bed-rubber-truck-bed-mat-grey,2005-2022 Toyota Tacoma 5 ft Bed Rubber Truck Bed Mat - Grey,truck bed mat - rubber,TBM,1,32,2005 | 2005-2022 | 2006 | 2007 | 2008 | 2009 | 2010 | 2011 | 2012 | 2013 | 2014 | 2015 | 2016 | 2017 | 2018 | 2019 | 2020 | 2021 | 2022 | 5 ft bed | bed liner | bed mat | cargo protection | grey | rubber bed mat | rubber mat | short bed | Tacoma bed mat | TBM-TACO05-5-RB-GY | Toyota Tacoma | truck accessories | truck bed mat
2005-2022-toyota-tacoma-5ft-bed-rubber-mat-lightweight-v2,2005-2022 Toyota Tacoma 5 ft Bed Rubber Bed Mat - Lightweight V2,truck bed mat - rubber,TBM,1,33,2005 | 2005-2022 | 2006 | 2007 | 2008 | 2009 | 2010 | 2011 | 2012 | 2013 | 2014 | 2015 | 2016 | 2017 | 2018 | 2019 | 2020 | 2021 | 2022 | 5 ft bed | bed liner | bed mat | bed protection | cargo protection | lightweight | rubber bed mat | short bed | Tacoma accessories | TBM-TACO05-5-RB-V2 | Toyota Tacoma | Toyota truck accessories | truck bed mat | V2
2005-2022-toyota-tacoma-6-bed-rubber-truck-bed-mat-grey,2005-2022 Toyota Tacoma 6 ft Bed Rubber Bed Mat - Grey,truck bed mat - rubber,TBM,1,30,2005 | 2005-2022 | 2006 | 2007 | 2008 | 2009 | 2010 | 2011 | 2012 | 2013 | 2014 | 2015 | 2016 | 2017 | 2018 | 2019 | 2020 | 2021 | 2022 | 6 ft bed | bed liner | bed protection | cargo protection | drop-in bed mat | grey bed mat | rubber bed mat | Tacoma accessories | TBM-TACO05-6-RB-GY | Toyota Tacoma | truck bed mat
2005-2022-toyota-tacoma-6ft-bed-rubber-mat-lightweight-v2,2005-2022 Toyota Tacoma 6 ft Bed Rubber Bed Mat - AA013-V2,truck bed mat - rubber,AA Products,1,29,2005 | 2005-2022 | 2006 | 2007 | 2008 | 2009 | 2010 | 2011 | 2012 | 2013 | 2014 | 2015 | 2016 | 2017 | 2018 | 2019 | 2020 | 2021 | 2022 | 6 ft bed | AA013-V2 | bed protection | cargo mat | lightweight bed mat | rubber bed mat | Tacoma accessories | TBM-TACO05-6-RB-V2 | Toyota Tacoma | truck bed mat
2004-2024-nissan-titan-5-7-bed-rubber-truck-bed-mat-grey,2004-2024 Nissan Titan 5.7 ft Bed Rubber Bed Mat - Grey,truck bed mat - rubber,TBM,1,34,2004 | 2004-2024 | 2005 | 2006 | 2007 | 2008 | 2009 | 2010 | 2011 | 2012 | 2013 | 2014 | 2015 | 2016 | 2017 | 2018 | 2019 | 2020 | 2021 | 2022 | 2023 | 2024 | 5.7 ft bed | bed mat | bed protection | cargo protection | grey | Nissan Titan | non-slip | rubber bed mat | short bed | TBM-TIT04-5.7-RB-GY | truck bed mat | Utili-Track compatible
2004-2024-nissan-titan-5-7-ft-rubber-truck-bed-mat-aa009-v2,2004-2024 Nissan Titan 5.7 ft Bed Rubber Bed Mat - Lightweight V2,truck bed mat - rubber,TBM,1,36,2004 | 2004-2024 | 2005 | 2006 | 2007 | 2008 | 2009 | 2010 | 2011 | 2012 | 2013 | 2014 | 2015 | 2016 | 2017 | 2018 | 2019 | 2020 | 2021 | 2022 | 2023 | 2024 | 5.7 ft bed | bed mat | bed protection | cargo protection | drop-in bed mat | lightweight | Nissan Titan | rubber bed mat | short bed | TBM-TIT04-5.7-RB-V2 | Titan bed mat | truck bed mat | Utili-Track compatible | V2
2004-2024-nissan-titan-6-5-bed-rubber-truck-bed-mat-grey,2004-2024 Nissan Titan 6.5 ft Bed Rubber Bed Mat - Grey,truck bed mat - rubber,Nissan Titan Accessories,1,33,2004 | 2005 | 2006 | 2007 | 2008 | 2009 | 2010 | 2011 | 2012 | 2013 | 2014 | 2015 | 2016 | 2017 | 2018 | 2019 | 2020 | 2021 | 2022 | 2023 | 2024 | 25030169 | 6.5 ft bed | bed mat | bed protection | cargo protection | grey bed mat | Nissan Titan | Nissan Titan XD | non-slip bed mat | rubber bed mat | TBM-TIT04-6.5-RB-GY | truck bed mat
2004-2024-nissan-titan-6-5-ft-rubber-bed-mat-lightweight-v2,2004-2024 Nissan Titan 6.5 ft Bed Rubber Bed Mat - V2,truck bed mat - rubber,TBM,1,36,2004 | 2004-2024 | 2005 | 2006 | 2007 | 2008 | 2009 | 2010 | 2011 | 2012 | 2013 | 2014 | 2015 | 2016 | 2017 | 2018 | 2019 | 2020 | 2021 | 2022 | 2023 | 2024 | 6.5 ft bed | AA026-V2 | bed liner alternative | bed protection | cargo mat | lightweight | Nissan Titan | Nissan Titan XD | non-slip | rubber bed mat | TBM-TIT04-6.5-RB-V2 | truck bed mat | Utili-Track compatible | V2
2008-2015-nissan-titan-7-2ft-bed-rubber-mat-diamond-plate,2008-2015 Nissan Titan 7.2 ft Bed Rubber Bed Mat - Diamond Plate,truck bed mat - rubber,Generic,1,21,2008 | 2008-2015 | 2009 | 2010 | 2011 | 2012 | 2013 | 2014 | 2015 | 7.2 ft bed | bed liner | bed mat | bed protection | cargo mat | diamond plate | Nissan accessories | Nissan Titan | rubber bed mat | TBM-TIT08-7.2-RB-GY | truck accessories | truck bed mat
2008-2015-nissan-titan-7-2-bed-rubber-truck-bed-mat-lightweight-v2,2008-2015 Nissan Titan 7.2 ft Bed Rubber Truck Bed Mat - V2,truck bed mat - rubber,TBM,1,21,2008 | 2008-2015 Nissan Titan | 2009 | 2010 | 2011 | 2012 | 2013 | 2014 | 2015 | 7.2 ft bed | bed liner alternative | bed protection | cargo mat | lightweight bed mat | Nissan Titan | rubber bed mat | rubber mat | TBM-TIT08-7.2-RB-V2 | Titan bed mat | truck bed mat | V2
2016-nissan-titan-5-7ft-bed-rubber-truck-bed-mat-diamond-plate,2017-2024 Nissan Titan 5.5 ft Bed Rubber Truck Bed Mat - Diamond Plate,truck bed mat - rubber,TBM,1,29,2017 | 2017 Titan | 2018 | 2018 Titan | 2019 | 2019 Titan | 2020 | 2020 Titan | 2021 | 2021 Titan | 2022 | 2022 Titan | 2023 | 2023 Titan | 2024 | 2024 Titan | 5.5 ft bed | bed liner | bed mat | cargo protection | diamond plate | Nissan Titan | rubber bed mat | short bed | TBM-TIT16B-5.7-RB-GY | Titan bed mat | Titan Boxes | truck bed mat | Utili-Track
2016-2024-nissan-titan-5-7ft-bed-rubber-truck-bed-mat-lightweight-v2,2017-2024 Nissan Titan 5.5 ft Bed Rubber Bed Mat - Lightweight V2,truck bed mat - rubber,TBM,1,28,2017 | 2017 titan | 2018 | 2018 titan | 2019 | 2019 titan | 2020 | 2020 titan | 2021 | 2021 titan | 2022 | 2022 titan | 2023 | 2023 titan | 2024 | 2024 titan | 5.5 ft bed | bed liner | bed protection | cargo mat | lightweight | nissan titan | rubber bed mat | short bed | TBM-TIT16B-5.7-RB-V2 | titan boxes | truck bed mat | utili-track
2016-nissan-titan-6-5-bed-rubber-truck-bed-mat-diamond-plate,2016-2024 Nissan Titan 6.5 ft Bed Rubber Bed Mat - Diamond Plate,truck bed mat - rubber,TBM,1,22,2016 | 2016-2024 | 2017 | 2018 | 2019 | 2020 | 2021 | 2022 | 2023 | 2024 | 6.5 ft bed | bed liner | bed protection | cargo mat | diamond plate | Nissan Titan | Nissan Titan XD | rubber bed mat | TBM-TIT16B-6.5-RB-GY | Titan Box compatible | truck accessories | truck bed mat
2016-2024-nissan-titan-6-5ft-bed-rubber-mat-lightweight-v2,2016-2024 Nissan Titan 6.5 ft Bed Rubber Bed Mat - Lightweight V2,truck bed mat - rubber,TBM,1,23,2016 | 2016-2024 | 2017 | 2018 | 2019 | 2020 | 2021 | 2022 | 2023 | 2024 | 6.5 ft bed | bed liner | bed protection | cargo mat | lightweight | Nissan Titan | Nissan Titan XD | rubber bed mat | rubber mat | TBM-TIT16B-6.5-RB-V2 | Titan Box compatible | truck bed mat | V2
2017-nissan-titan-8ft-bed-rubber-truck-bed-mat-diamond-plate,2016-2019 Nissan Titan / Titan XD 8 ft Bed Rubber Bed Mat - Diamond Plate,truck bed mat - rubber,TBM,1,16,2016 | 2017 | 2018 | 2019 | 8 ft bed | bed mat | bed protection | cargo protection | diamond plate | drop-in bed mat | long bed | Nissan Titan | Nissan Titan XD | rubber bed mat | TBM-TIT17-8-RB-GY | truck bed mat
2017-nissan-titan-8ft-bed-rubber-truck-bed-mat-lightweight-v2,2016-2019 Nissan Titan / Titan XD 8 ft Bed Rubber Bed Mat - Lightweight,truck bed mat - rubber,TBM,1,16,2016 | 2017 | 2018 | 2019 | 8 ft bed | bed mat | bed protection | cargo protection | drop-in bed mat | lightweight | long bed | Nissan Titan | Nissan Titan XD | rubber bed mat | TBM-TIT17-8-RB-V2 | truck bed mat
2007-2021-toyota-tundra-5-5-bed-rubber-truck-bed-mat-grey,2007-2021 Toyota Tundra 5.6 ft Bed Rubber Bed Mat - Grey,truck bed mat - rubber,TBM,1,30,2007 | 2007-2021 | 2008 | 2009 | 2010 | 2011 | 2012 | 2013 | 2014 | 2015 | 2016 | 2017 | 2018 | 2019 | 2020 | 2021 | 5.6 ft bed | bed mat | bed protection | cargo protection | drop-in | grey | non-slip | rubber bed mat | short bed | TBM-TUN07-5.5-RB-GY | Toyota accessories | Toyota Tundra | truck bed mat | Tundra accessories
2007-2021-toyota-tundra-5-5ft-bed-rubber-mat-lightweight-v2-aa002,2007-2021 Toyota Tundra 5.6 ft Bed Rubber Bed Mat - AA002-V2,truck bed mat - rubber,AA Products,1,28,2007 | 2007-2021 | 2008 | 2009 | 2010 | 2011 | 2012 | 2013 | 2014 | 2015 | 2016 | 2017 | 2018 | 2019 | 2020 | 2021 | 5.6 ft bed | bed liner | bed protection | cargo mat | lightweight | rubber bed mat | short bed | TBM-TUN07-5.5-RB-V2 | Toyota Tundra | Toyota Tundra accessories | truck bed mat | V2
2007-2021-toyota-tundra-6-5-bed-rubber-truck-bed-mat-grey,2007-2021 Toyota Tundra 6.5 ft Bed Rubber Truck Bed Mat - Grey,truck bed mat - rubber,TBM,1,28,2007 | 2007-2021 Toyota Tundra | 2008 | 2009 | 2010 | 2011 | 2012 | 2013 | 2014 | 2015 | 2016 | 2017 | 2018 | 2019 | 2020 | 2021 | 6.5 ft bed | bed liner alternative | bed protection | cargo mat | grey bed mat | non-slip mat | rubber bed mat | TBM-TUN07-6.5-RB-GY | Toyota Tundra | truck accessories | truck bed mat | Tundra accessories
2007-2021-toyota-tundra-6-5ft-bed-rubber-mat-lightweight-v2,2007-2021 Toyota Tundra 6.5 ft Bed Rubber Bed Mat - V2,truck bed mat - rubber,AA Products,1,28,2007 | 2007-2021 | 2008 | 2009 | 2010 | 2011 | 2012 | 2013 | 2014 | 2015 | 2016 | 2017 | 2018 | 2019 | 2020 | 2021 | 6.5 ft bed | AA015-V2 | bed liner | bed protection | cargo mat | drop-in bed mat | lightweight | rubber bed mat | TBM-TUN07-6.5-RB-V2 | Toyota Tundra | truck bed mat | V2
2007-2021-toyota-tundra-8-long-bed-pvc-bed-mat-black,2007-2021 Toyota Tundra 8 ft Bed PVC Bed Mat - Black,truck bed mat - rubber,TBM,1,30,2007 | 2007-2021 | 2008 | 2009 | 2010 | 2011 | 2012 | 2013 | 2014 | 2015 | 2016 | 2017 | 2018 | 2019 | 2020 | 2021 | 8 ft bed | bed liner | bed mat | bed protection | black bed mat | cargo protection | long bed | PVC bed mat | TBM-TUN07-8-RB-GY | Toyota | Toyota Tundra | truck accessories | truck bed mat | Tundra
2007-2021-toyota-tundra-8ft-bed-rubber-mat-lightweight-v2-aa030,2007-2021 Toyota Tundra 8 ft Bed Rubber Bed Mat - AA030-V2,truck bed mat - rubber,AA Products,1,29,2007 | 2007-2021 | 2008 | 2009 | 2010 | 2011 | 2012 | 2013 | 2014 | 2015 | 2016 | 2017 | 2018 | 2019 | 2020 | 2021 | 8 ft bed | AA030-V2 | bed protection | cargo mat | drop-in bed mat | lightweight | long bed | rubber bed mat | TBM-TUN07-8-RB-V2 | Toyota Tundra | truck bed mat | Tundra accessories | V2
2022-toyota-tundra-5-5ft-bed-rubber-mat-diamond-plate-style,2022-2026 Toyota Tundra 5.5 ft Bed Rubber Truck Bed Mat - Diamond Plate,truck bed mat - rubber,Diamond Plate,1,22,2022 | 2022 Tundra | 2023 | 2023 Tundra | 2024 | 2024 Tundra | 2025 | 2025 Tundra | 2026 | 2026 Tundra | 5.5 ft bed | bed mat | bed protection | cargo mat | diamond plate | rubber bed mat | short bed | TBM-TUN22-5.5-RB-GY | Toyota accessories | Toyota Tundra | truck accessories | truck bed mat
2022-2026-toyota-tundra-5-5ft-bed-rubber-mat-lightweight-v2,2022-2026 Toyota Tundra 5.5 ft Bed Rubber Bed Mat - Lightweight V2,truck bed mat - rubber,TBM,1,22,2022 | 2022 Tundra | 2023 | 2023 Tundra | 2024 | 2024 Tundra | 2025 | 2025 Tundra | 2026 | 2026 Tundra | 5.5 ft bed | bed protection | cargo protection | drop-in bed mat | lightweight | non-slip bed mat | rubber bed mat | short bed | TBM-TUN22-5.5-RB-V2 | Toyota Tundra | truck bed mat | V2
88-00-gmc-c-k-1500-2500-3500-6-5-hidden-snap-tonneau-cover,1988-2000 GMC C/K 6.5 ft Bed Hidden Snap Tonneau Cover,tonneau cover - hidden snap,GMC Tonneau Cover,1,32,1988 | 1988-2000 | 1989 | 1990 | 1991 | 1992 | 1993 | 1994 | 1995 | 1996 | 1997 | 1998 | 1999 | 2000 | 6.5 ft bed | bed cover | C1500 | C2500 | C3500 | fleetside | GMC | hidden snap | K1500 | K2500 | K3500 | roll-up tonneau | short bed | soft tonneau cover | TC-C1088-6.5-HSS | tonneau cover | truck bed cover | vinyl tonneau
88-00-gmc-c-k-1500-3500-6-5-tonneau-cover-led-light-combo,88-00 GMC C/K 1500-3500 6.5 ft Bed Tonneau Cover + LED Kit,tonneau cover - hidden snap,Spec-D,1,19,1988-2000 | 6.5 ft bed | bed cover | bed protection | Fleetside | GMC C1500 | GMC C2500 | GMC C3500 | GMC K1500 | GMC K2500 | GMC K3500 | hidden snap | LED bed lighting | soft roll-up | TC-C1088-6.5-HSS+TBL-16W8P-01 | tonneau cover | truck accessories | truck bed LED lights | vinyl tonneau
1988-2000-gmc-c-k-1500-3500-6-5-roll-up-tonneau-cover-503301,1988-2000 GMC C/K 6.5 ft Bed Roll-Up Tonneau Cover,tonneau cover - lock & roll up,GMC Tonneau,1,30,1988 | 1988-2000 | 1989 | 1990 | 1991 | 1992 | 1993 | 1994 | 1995 | 1996 | 1997 | 1998 | 1999 | 2000 | 6.5 ft bed | fleetside | GMC C1500 | GMC C2500 | GMC C3500 | GMC K1500 | GMC K2500 | GMC K3500 | roll up tonneau cover | roll-up bed cover | short bed | TC-C1088-6.5-LRU | tonneau cover | truck accessories | truck bed cover | vinyl tonneau cover
88-00-gmc-c-k-1500-3500-6-5-roll-up-tonneau-cover-w-led-lights,88-00 GMC C/K 6.5 ft Bed Roll-Up Tonneau Cover w/ LED Lights,tonneau cover - lock & roll up,GMC Truck Accessories,1,19,1988-2000 | 6.5 ft bed | bed lights | combo | fleetside | GMC C1500 | GMC C2500 | GMC C3500 | GMC K1500 | GMC K2500 | GMC K3500 | LED bed lights | lock and roll | roll up tonneau | TC-C1088-6.5-LRU+TBL-16W8P-01 | tonneau cover | truck bed cover | truck bed LED | vinyl tonneau cover
04-12-chevy-colorado-gmc-canyon-6-bed-roll-up-tonneau-cover,2004-2012 Chevy Colorado/GMC Canyon 6 ft Bed Roll-Up Tonneau Cover,tonneau cover - lock & roll up,Stehlen Auto,0,24,2004 | 2004-2012 | 2005 | 2006 | 2007 | 2008 | 2009 | 2010 | 2011 | 2012 | 503320 | 6 ft bed | bed cover | Canyon tonneau | Chevrolet Colorado | Colorado tonneau | GMC Canyon | roll up bed cover | roll-up tonneau cover | short bed | TC-COLO04-6-LRU | tonneau cover | truck bed cover | vinyl tonneau cover
04-12-chevy-colorado-gmc-canyon-6-roll-up-tonneau-cover-w-led-kit,04-12 Colorado/Canyon 6 ft Bed Roll-Up Tonneau Cover w/ LED Lights,tonneau cover - lock & roll up,Stehlen Auto,0,17,2004-2012 | 6 ft bed | bed cover | bed lighting | cargo protection | Chevrolet Colorado | combo kit | GMC Canyon | LED bed lights | roll up cover | roll-up tonneau | short bed | TC-COLO04-6-LRU+TBL-16W8P-01 | tonneau cover | truck bed cover | truck bed lights | vinyl tonneau cover
04-14-chevy-colorado-gmc-canyon-6ft-tri-fold-tonneau-cover-w-led,04-12 Colorado/Canyon 6 ft Bed Tri-Fold Tonneau Cover + LED Kit,tonneau cover - tri-fold,Stehlen Auto,1,16,2004-2012 | 6 ft bed | bed LED lights | bed lighting | cargo protection | Chevrolet Colorado | combo kit | GMC Canyon | hard tonneau | low profile | solid hard tri-fold | TC-COLO04-6-LTH+TBL-16W8P-01 | tonneau cover | tri-fold | truck bed cover | truck bed lights
2015-chevy-gmc-colorado-canyon-5-bed-flush-roll-up-tonneau-cover,2015-2022 Chevrolet Colorado/GMC Canyon 5 ft Bed Tonneau Cover - Flush Roll Up,tonneau cover - lock & roll up,Stehlen Auto,1,39,133305 | 2015 | 2015 Canyon | 2015 Colorado | 2016 | 2016 Canyon | 2016 Colorado | 2017 | 2017 Canyon | 2017 Colorado | 2018 | 2018 Canyon | 2018 Colorado | 2019 | 2019 Canyon | 2019 Colorado | 2020 | 2020 Canyon | 2020 Colorado | 2021 | 2021 Canyon | 2021 Colorado | 2022 | 2022 Canyon | 2022 Colorado | 5 ft bed | bed protection | Canyon bed cover | Chevrolet Colorado tonneau cover | Colorado bed cover | flush roll up | GMC Canyon tonneau cover | roll up tonneau cover | short bed | TC-COLO15-5-FRU2 | tonneau cover | truck accessories | truck bed cover | vinyl tonneau cover
2015-2022-chevy-colorado-gmc-canyon-5-bed-roll-up-cover-led-kit,2015-2022 Chevrolet Colorado/GMC Canyon 5 ft Bed Flush Roll-Up Tonneau Cover with LED Lights Combo,tonneau cover - lock & roll up,Stehlen Auto,1,38,2015 | 2015 Canyon | 2015 Colorado | 2016 | 2016 Canyon | 2016 Colorado | 2017 | 2017 Canyon | 2017 Colorado | 2018 | 2018 Canyon | 2018 Colorado | 2019 | 2019 Canyon | 2019 Colorado | 2020 | 2020 Canyon | 2020 Colorado | 2021 | 2021 Canyon | 2021 Colorado | 2022 | 2022 Canyon | 2022 Colorado | 5 ft bed | bed LED lights | Chevrolet Colorado | combo kit | flush roll-up | GMC Canyon | LED lighting kit | roll-up tonneau cover | short bed | TC-COLO15-5-FRU2+TBL-16W8P-01 | tonneau cover | truck bed accessories | truck bed cover | vinyl tonneau cover
2015-2022-chevy-colorado-gmc-canyon-5-bed-soft-roll-up-cover,2015-2022 Chevy Colorado/GMC Canyon 5 ft Bed Tonneau Cover - Roll-Up,tonneau cover - lock & roll up,Aftermarket,1,35,2015 | 2015 Chevrolet Colorado | 2015 GMC Canyon | 2016 | 2016 Chevrolet Colorado | 2016 GMC Canyon | 2017 | 2017 Chevrolet Colorado | 2017 GMC Canyon | 2018 | 2018 Chevrolet Colorado | 2018 GMC Canyon | 2019 | 2019 Chevrolet Colorado | 2019 GMC Canyon | 2020 | 2020 Chevrolet Colorado | 2020 GMC Canyon | 2021 | 2021 Chevrolet Colorado | 2021 GMC Canyon | 2022 | 2022 Chevrolet Colorado | 2022 GMC Canyon | 5 ft bed | Canyon tonneau | Colorado tonneau | hidden snap | roll-up tonneau cover | short bed | soft tonneau cover | TC-COLO15-5-HSS | tonneau cover | truck bed cover | vinyl tonneau cover
2015-2022-colorado-canyon-5-bed-tonneau-cover-led-light-kit,2015-2022 Chevy Colorado GMC Canyon 5 ft Bed Tonneau Cover & LED Kit,tonneau cover - hidden snap,Stehlen Auto,1,38,2015 | 2015 Canyon | 2015 Colorado | 2016 | 2016 Canyon | 2016 Colorado | 2017 | 2017 Canyon | 2017 Colorado | 2018 | 2018 Canyon | 2018 Colorado | 2019 | 2019 Canyon | 2019 Colorado | 2020 | 2020 Canyon | 2020 Colorado | 2021 | 2021 Canyon | 2021 Colorado | 2022 | 2022 Canyon | 2022 Colorado | 5 ft bed | bed lighting | Chevrolet Colorado | combo kit | GMC Canyon | hidden snap | LED bed lights | short bed | soft roll-up | TC-COLO15-5-HSS+TBL-16W8P-01 | tonneau cover | truck accessories | truck bed cover | vinyl tonneau
2015-2022-chevy-colorado-gmc-canyon-5-bed-roll-up-tonneau-cover,2015-2022 Chevrolet Colorado/GMC Canyon 5 ft Bed Roll-Up Tonneau Cover,tonneau cover - lock & roll up,Aftermarket,1,35,2015 | 2015 Chevrolet Colorado | 2015 GMC Canyon | 2016 | 2016 Chevrolet Colorado | 2016 GMC Canyon | 2017 | 2017 Chevrolet Colorado | 2017 GMC Canyon | 2018 | 2018 Chevrolet Colorado | 2018 GMC Canyon | 2019 | 2019 Chevrolet Colorado | 2019 GMC Canyon | 2020 | 2020 Chevrolet Colorado | 2020 GMC Canyon | 2021 | 2021 Chevrolet Colorado | 2021 GMC Canyon | 2022 | 2022 Chevrolet Colorado | 2022 GMC Canyon | 5 ft bed | 503305 | Canyon tonneau | Colorado tonneau | roll up bed cover | roll-up tonneau cover | short bed | TC-COLO15-5-LRU | tonneau cover | truck bed cover | vinyl tonneau cover
2015-2022-colorado-canyon-5-roll-up-tonneau-cover-w-led-lights,2015-2022 Chevy Colorado/GMC Canyon 5 ft Bed Roll-Up Tonneau Cover w/ LED Lights,tonneau cover - lock & roll up,Stehlen Auto,1,37,2015 | 2015 Chevrolet Colorado | 2015 GMC Canyon | 2016 | 2016 Chevrolet Colorado | 2016 GMC Canyon | 2017 | 2017 Chevrolet Colorado | 2017 GMC Canyon | 2018 | 2018 Chevrolet Colorado | 2018 GMC Canyon | 2019 | 2019 Chevrolet Colorado | 2019 GMC Canyon | 2020 | 2020 Chevrolet Colorado | 2020 GMC Canyon | 2021 | 2021 Chevrolet Colorado | 2021 GMC Canyon | 2022 | 2022 Chevrolet Colorado | 2022 GMC Canyon | 5 ft bed | bed lighting | Canyon tonneau cover | Colorado tonneau cover | combo kit | LED bed lights | roll-up tonneau cover | short bed | TC-COLO15-5-LRU+TBL-16W8P-01 | tonneau cover | truck bed cover | truck bed LED lighting | vinyl tonneau cover
2015-chevy-colorado-gmc-canyon-5ft-hard-tri-fold-tonneau-cover,2015-2022 Chevrolet Colorado/GMC Canyon 5 ft Bed Tonneau Cover,tonneau cover - tri-fold,Stehlen Auto,1,32,2015 | 2015 Canyon tonneau | 2015 Colorado tonneau | 2016 | 2016 Colorado tonneau | 2017 | 2017 Colorado tonneau | 2018 | 2018 Colorado tonneau | 2019 | 2019 Colorado tonneau | 2020 | 2020 Colorado tonneau | 2021 | 2021 Colorado tonneau | 2022 | 2022 Colorado tonneau | 5 ft bed | 60 inch bed | bed cover | Canyon accessories | Chevrolet Colorado | Colorado accessories | GMC Canyon | hard tonneau cover | hard tri-fold | low profile tonneau cover | short bed | TC-COLO15-5-LTH | tonneau cover | tri-fold tonneau cover | truck bed cover
2015-chevy-colorado-gmc-canyon-5ft-tri-fold-tonneau-cover-w-led,2015-2022 Chevy Colorado/GMC Canyon 5 ft Bed Tonneau Cover & LED Kit,tonneau cover - tri-fold,Stehlen Auto,1,38,2015 | 2015 Canyon | 2015 Colorado | 2016 | 2016 Canyon | 2016 Colorado | 2017 | 2017 Canyon | 2017 Colorado | 2018 | 2018 Canyon | 2018 Colorado | 2019 | 2019 Canyon | 2019 Colorado | 2020 | 2020 Canyon | 2020 Colorado | 2021 | 2021 Canyon | 2021 Colorado | 2022 | 2022 Canyon | 2022 Colorado | 5 ft bed | bed lighting | Chevrolet Colorado | combo bundle | GMC Canyon | hard cover | hard tonneau cover | LED truck bed lights | low profile | short bed | TC-COLO15-5-LTH+TBL-16W8P-01 | tonneau cover | tri-fold tonneau cover | truck bed cover
2015-2022-chevy-colorado-gmc-canyon-5-tri-fold-tonneau-cover,2015-2022 Chevrolet Colorado/GMC Canyon 5 ft Bed Tri-Fold Tonneau Cover,tonneau cover - tri-fold,TFS,1,36,2015 | 2015 Canyon | 2015 Colorado | 2016 | 2016 Canyon | 2016 Colorado | 2017 | 2017 Canyon | 2017 Colorado | 2018 | 2018 Canyon | 2018 Colorado | 2019 | 2019 Canyon | 2019 Colorado | 2020 | 2020 Canyon | 2020 Colorado | 2021 | 2021 Canyon | 2021 Colorado | 2022 | 2022 Canyon | 2022 Colorado | 5 ft bed | bed cover | cargo protection | Chevrolet Colorado | folding tonneau | GMC Canyon | short bed | TC-COLO15-5-TFS | tonneau cover | tri-fold | truck bed cover | vinyl tonneau cover
2015-2022-chevy-colorado-gmc-canyon-5-tri-fold-cover-led-kit,2015-2022 Chevrolet Colorado/GMC Canyon 5 ft Bed Tri-Fold Tonneau Cover with LED Lights - White,tonneau cover - tri-fold,Stehlen Auto,1,25,2015 | 2015 2016 2017 2018 2019 2020 2021 2022 | 2016 | 2017 | 2018 | 2019 | 2020 | 2021 | 2022 | 5 ft bed | bed cover | bed lighting | Chevrolet Colorado | combo kit | folding bed cover | GMC Canyon | LED bed lights | short bed | TC-COLO15-5-TFS+TBL-16W8P-01 | tonneau cover | tri-fold tonneau cover | truck bed cover | truck bed lights | vinyl tonneau cover | white LED
2015-2022-chevy-colorado-gmc-canyon-6-bed-soft-roll-up-tonneau-cover,2015-2022 Chevrolet Colorado/GMC Canyon 6 ft Bed Tonneau Cover - Soft Roll-Up,tonneau cover - lock & roll up,Aftermarket,1,40,2015 | 2015 Canyon | 2015 Colorado | 2016 | 2016 Canyon | 2016 Colorado | 2017 | 2017 Canyon | 2017 Colorado | 2018 | 2018 Canyon | 2018 Colorado | 2019 | 2019 Canyon | 2019 Colorado | 2020 | 2020 Canyon | 2020 Colorado | 2021 | 2021 Canyon | 2021 Colorado | 2022 | 2022 Canyon | 2022 Colorado | 6 ft bed | 72 inch bed | bed cover | Chevrolet Colorado | extended cab | GMC Canyon | hidden snap | pickup bed cover | roll-up tonneau cover | soft roll-up | soft tonneau cover | standard cab | TC-COLO15-6-HSS | tonneau cover | truck bed cover | vinyl tonneau cover
2015-2022-colorado-canyon-6-bed-tonneau-cover-w-led-lights-kit,2015-2022 Chevy Colorado/GMC Canyon 6 ft Bed Tonneau Cover & LED Kit,tonneau cover - hidden snap,Stehlen Auto,1,41,2015 | 2015 Canyon | 2015 Colorado | 2016 | 2016 Canyon | 2016 Colorado | 2017 | 2017 Canyon | 2017 Colorado | 2018 | 2018 Canyon | 2018 Colorado | 2019 | 2019 Canyon | 2019 Colorado | 2020 | 2020 Canyon | 2020 Colorado | 2021 | 2021 Canyon | 2021 Colorado | 2022 | 2022 Canyon | 2022 Colorado | 6 ft bed | 72 inch bed | bed LED lights | cargo protection | Chevrolet Colorado | combo kit | GMC Canyon | hidden snap | LED pod lights | long bed | roll-up tonneau cover | soft tonneau cover | TC-COLO15-6-HSS+TBL-16W8P-01 | tonneau cover | truck bed cover | truck bed lighting | vinyl tonneau
2015-2022-chevy-colorado-gmc-canyon-6-bed-roll-up-tonneau-cover,2015-2022 Chevy Colorado/GMC Canyon 6 ft Bed Roll-Up Tonneau Cover,tonneau cover - lock & roll up,Stehlen Auto,1,22,2015 | 2016 | 2017 | 2018 | 2019 | 2020 | 2021 | 2022 | 503329 | 6 ft bed | bed cover | Canyon accessories | Chevrolet Colorado | Colorado accessories | GMC Canyon | roll up cover | roll-up tonneau cover | short bed | TC-COLO15-6-LRU | tonneau cover | truck bed cover | vinyl tonneau cover
2015-2022-colorado-canyon-6-roll-up-tonneau-cover-w-led-lights,2015-2022 Chevrolet Colorado/GMC Canyon 6 ft Bed Roll-Up Tonneau Cover with LED Lights,tonneau cover - lock & roll up,Stehlen Auto,1,38,2015 | 2015 Canyon | 2015 Colorado | 2016 | 2016 Canyon | 2016 Colorado | 2017 | 2017 Canyon | 2017 Colorado | 2018 | 2018 Canyon | 2018 Colorado | 2019 | 2019 Canyon | 2019 Colorado | 2020 | 2020 Canyon | 2020 Colorado | 2021 | 2021 Canyon | 2021 Colorado | 2022 | 2022 Canyon | 2022 Colorado | 6 ft bed | bed lighting | Chevrolet Colorado | combo kit | GMC Canyon | LED bed lights | midsize truck | roll-up tonneau cover | TC-COLO15-6-LRU+TBL-16W8P-01 | tonneau cover | truck accessories | truck bed cover | truck bed LED | vinyl tonneau cover
2015-chevy-colorado-gmc-canyon-6ft-bed-hard-tri-fold-tonneau-cover,2015-2022 Chevy Colorado/GMC Canyon 6 ft Bed Tonneau Cover,tonneau cover - tri-fold,Stehlen Auto,1,21,2015 | 2016 | 2017 | 2018 | 2019 | 2020 | 2021 | 2022 | 6 ft bed | 72 inch bed | bed cover | Chevrolet Colorado | GMC Canyon | hard tri-fold | long bed | low profile | solid hard cover | TC-COLO15-6-LTH | tonneau cover | tri-fold tonneau | truck bed cover
2015-chevy-colorado-gmc-canyon-6ft-tri-fold-tonneau-cover-w-led-kit,2015-2022 Chevy Colorado/GMC Canyon 6 ft Bed Tonneau Cover & LED Kit,tonneau cover - tri-fold,Stehlen Auto,1,39,2015 | 2015 Canyon | 2015 Colorado | 2016 | 2016 Canyon | 2016 Colorado | 2017 | 2017 Canyon | 2017 Colorado | 2018 | 2018 Canyon | 2018 Colorado | 2019 | 2019 Canyon | 2019 Colorado | 2020 | 2020 Canyon | 2020 Colorado | 2021 | 2021 Canyon | 2021 Colorado | 2022 | 2022 Canyon | 2022 Colorado | 6 ft bed | bed cover | bed lighting | Chevrolet Colorado | combo kit | GMC Canyon | hard tri-fold | LED bed lights | long bed | low profile | solid hard cover | TC-COLO15-6-LTH+TBL-16W8P-01 | tonneau cover | truck accessories | truck bed cover
2023-chevy-colorado-gmc-canyon-5-bed-low-profile-roll-up-tonneau-cover,2023-2026 Chevrolet Colorado/GMC Canyon 5 ft Bed Roll-Up Tonneau Cover,tonneau cover - lock & roll up,Stehlen Auto,1,23,2023 | 2023 Canyon | 2023 Colorado | 2024 | 2024 Canyon | 2024 Colorado | 2025 | 2025 Canyon | 2025 Colorado | 2026 | 2026 Canyon | 2026 Colorado | 5 ft bed | bed cover | Chevrolet Colorado | GMC Canyon | lock and roll up | low profile tonneau cover | roll-up tonneau cover | short bed | TC-COLO23-5-LRU | tonneau cover | truck bed cover
2023-chevy-colorado-gmc-canyon-5-bed-roll-up-cover-led-light-kit,2023-2026 Chevy Colorado/GMC Canyon 5 ft Bed Roll-Up Tonneau Cover Combo,tonneau cover - lock & roll up,Stehlen Auto,1,26,2023 | 2023 Canyon | 2023 Colorado | 2024 | 2024 Canyon | 2024 Colorado | 2025 | 2025 Canyon | 2025 Colorado | 2026 | 2026 Canyon | 2026 Colorado | 5 ft bed | bed LED lights | Chevrolet Colorado | combo kit | GMC Canyon | LED pod lights | low profile tonneau cover | roll-up tonneau cover | short bed | TC-COLO23-5-LRU+TBL-16W8P-01 | tonneau cover | truck accessories | truck bed cover | truck bed lights
2023-chevy-colorado-gmc-canyon-5-bed-low-profile-hard-tri-fold-cover,2023-2026 Chevy Colorado/GMC Canyon 5 ft Bed Tonneau Cover - LTH,tonneau cover - tri-fold,LTH,1,23,2023 | 2023 canyon | 2023 colorado | 2024 | 2024 canyon | 2024 colorado | 2025 | 2025 canyon | 2025 colorado | 2026 | 2026 canyon | 2026 colorado | 5 ft bed | chevrolet colorado | gmc canyon | hard folding cover | hard tri-fold | low profile | LTH | short bed | TC-COLO23-5-LTH | tonneau cover | truck bed cover
2000-2004-dodge-dakota-5-5-flush-roll-up-tonneau-cover-led-kit,2000-2004 Dodge Dakota 5.5 ft Bed Roll Up Tonneau Cover w/ LED Lights,tonneau cover - lock & roll up,Generic,1,23,2000 | 2000-2004 Dakota | 2001 | 2002 | 2003 | 2004 | 5.5 ft bed | bed cover | bed lighting kit | cargo cover | Dakota accessories | Dodge Dakota | Fleetside | flush roll up | LED pod lights | locking tonneau cover | roll up tonneau cover | short bed | TC-DAK00-5.5-FRU2+TBL-16W8P-01 | tonneau cover | truck bed cover | truck bed LED lights | vinyl tonneau cover
2000-2004-dodge-dakota-5-5-bed-hidden-snap-tonneau-cover-403312,2000-2004 Dodge Dakota 5.5 ft Bed Tonneau Cover - Hidden Snap,tonneau cover - hidden snap,Hidden Snap,1,23,2000 | 2000 Dakota | 2001 | 2001 Dakota | 2002 | 2002 Dakota | 2003 | 2003 Dakota | 2004 | 2004 Dakota | 5.5 ft bed | bed cover | cargo protection | Dodge Dakota | Fleetside | hidden snap | roll-up cover | short bed | soft roll-up | TC-DAK00-5.5-HSS | tonneau cover | truck bed cover | vinyl tonneau
00-04-dodge-dakota-5-5-tonneau-cover-led-bed-light-kit-combo,2000-2004 Dodge Dakota 5.5 ft Bed Tonneau Cover & LED Light Kit,tonneau cover - hidden snap,Generic,1,22,2000 | 2000-2004 | 2001 | 2002 | 2003 | 2004 | 5.5 ft bed | bed cover | bed lighting | cargo protection | combo kit | Dodge Dakota | Fleetside | hidden snap | LED light kit | short bed | soft roll-up | TC-DAK00-5.5-HSS+TBL-16W8P-01 | tonneau cover | truck accessories | truck bed LED lights | vinyl tonneau
2000-2004-dodge-dakota-roll-up-vinyl-tonneau-cover-5-5-bed,2000-2004 Dodge Dakota 5.5 ft Bed Roll-Up Tonneau Cover,tonneau cover - lock & roll up,Tonneau Cover,1,20,2000 | 2000-2004 Dodge Dakota | 2001 | 2002 | 2003 | 2004 | 5.5 ft bed | 503312 | bed cover | cargo protection | Dodge Dakota | Fleetside | lock and roll | Quad Cab | roll-up tonneau cover | short bed | TC-DAK00-5.5-LRU | tonneau cover | truck bed cover | vinyl tonneau cover
00-04-dodge-dakota-roll-up-tonneau-cover-led-bed-light-kit-5-5,2000-2004 Dodge Dakota 5.5 ft Bed Roll-Up Tonneau Cover Combo w/ LED,tonneau cover - lock & roll up,Combo,1,24,2000 | 2000 Dakota | 2001 | 2001 Dakota | 2002 | 2002 Dakota | 2003 | 2003 Dakota | 2004 | 2004 Dakota | 5.5 ft bed | bed cover | bed lighting | combo kit | Dodge Dakota | Fleetside | LED bed lights | roll-up tonneau cover | short bed | TC-DAK00-5.5-LRU+TBL-16W8P-01 | tonneau cover | truck bed cover | truck bed LED | vinyl tonneau
2000-2004-dodge-dakota-5-5-hard-tri-fold-tonneau-cover-243312,2000-2004 Dodge Dakota 5.5 ft Bed Tonneau Cover - Hard Tri-Fold,tonneau cover - tri-fold,Tonneau Cover,1,19,2000 | 2000-2004 | 2001 | 2002 | 2003 | 2004 | 243312 | 5.5 ft bed | cargo security | Dodge Dakota | Fleetside | hard tonneau | hard tri-fold | low profile | short bed | TC-DAK00-5.5-LTH | tonneau cover | tri-fold bed cover | truck bed cover
05-11-dakota-raider-6-5-bed-hidden-snap-tonneau-cover-403327,2005-2011 Dodge Dakota 6.5 ft Bed Tonneau Cover - Hidden Snap,tonneau cover - hidden snap,Hidden Snap,1,29,2005 | 2005 Dakota | 2006 | 2006 Dakota | 2007 | 2007 Dakota | 2008 | 2008 Dakota | 2009 | 2009 Dakota | 2010 | 2010 Dakota | 2011 | 2011 Dakota | 403327 | 6.5 ft bed | bed cover | Dodge Dakota tonneau cover | fleetside bed | hidden snap | Mitsubishi Raider | Mitsubishi Raider tonneau cover | roll-up tonneau cover | soft roll-up | soft tonneau cover | TC-DAK05-6.5-HSS | tonneau cover | truck bed cover | vinyl tonneau cover
2000-2004-dodge-dakota-5-5-bed-tri-fold-tonneau-cover-w-led-lights,2000-2004 Dodge Dakota 5.5 ft Bed Tonneau Cover with LED Lights,tonneau cover - tri-fold,Stehlen Auto,1,22,2000 | 2000-2004 | 2001 | 2002 | 2003 | 2004 | 5.5 ft bed | bed lighting | combo kit | Dodge Dakota | Fleetside | hard tonneau cover | hard tri-fold | LED lights | low profile | short bed | solid tonneau | TC-DAK00-5.5-LTH+TBL-16W8P-01 | tonneau cover | tri-fold | truck bed cover | truck bed lights
05-11-dakota-raider-6-5-tonneau-cover-led-bed-light-kit,2005-2011 Dodge Dakota 6.5 ft Bed Tonneau Cover w/ LED Lights,tonneau cover - hidden snap,Stehlen Auto,1,24,2005 | 2006 | 2007 | 2008 | 2009 | 2010 | 2011 | 6.5 ft bed | bed LED lights | combo kit | Dodge Dakota | fleetside | hidden snap | LED pod lights | Mitsubishi Raider | roll-up tonneau cover | short bed | soft tonneau cover | TC-DAK05-6.5-HSS+TBL-16W8P-01 | tonneau cover | truck accessories | truck bed cover | truck bed lighting | vinyl tonneau cover
05-11-dodge-dakota-ram-raider-6-5-roll-up-tonneau-cover,2005-2011 Dodge Dakota 6.5 ft Bed Roll-Up Tonneau Cover - Vinyl,tonneau cover - lock & roll up,Stehlen Auto,1,30,2005 | 2005 dodge dakota | 2006 | 2006 dodge dakota | 2006 mitsubishi raider | 2007 | 2007 dodge dakota | 2007 mitsubishi raider | 2008 | 2008 dodge dakota | 2008 mitsubishi raider | 2009 | 2009 dodge dakota | 2009 mitsubishi raider | 2010 | 2010 dodge dakota | 2011 | 2011 dodge dakota | 503327 | 6.5 ft bed | dodge dakota tonneau cover | fleetside bed | lock and roll up | mitsubishi raider tonneau cover | roll up bed cover | roll-up tonneau cover | TC-DAK05-6.5-LRU | tonneau cover | truck bed cover | vinyl tonneau cover
2005-2011-dodge-dakota-6-5-ft-hard-tri-fold-tonneau-cover,2005-2011 Dodge Dakota 6.5 ft Bed Tonneau Cover - Low Profile Hard Tri-Fold,tonneau cover - tri-fold,Aftermarket,1,26,2005 | 2005 dakota | 2006 | 2006 dakota | 2007 | 2007 dakota | 2008 | 2008 dakota | 2009 | 2009 dakota | 2010 | 2010 dakota | 2011 | 2011 dakota | 243327 | 6.5 ft bed | bed cover | dodge dakota | fleetside | hard cover | hard tri-fold | low profile | mitsubishi raider | TC-DAK05-6.5-LTH | tonneau cover | truck bed cover
05-11-dakota-raider-6-5-roll-up-tonneau-cover-led-bed-lights,2005-2011 Dodge Dakota 6.5 ft Bed Roll-Up Tonneau Cover - Vinyl with LED Bed Lights,tonneau cover - lock & roll up,Stehlen Auto,1,32,2005 | 2005 Dodge Dakota | 2006 | 2006 Dodge Dakota | 2006 Mitsubishi Raider | 2007 | 2007 Dodge Dakota | 2007 Mitsubishi Raider | 2008 | 2008 Dodge Dakota | 2008 Mitsubishi Raider | 2009 | 2009 Dodge Dakota | 2009 Mitsubishi Raider | 2010 | 2010 Dodge Dakota | 2011 | 2011 Dodge Ram Dakota | 6.5 ft bed | bed lighting | combo kit | Dodge Dakota tonneau cover | Fleetside | LED bed lights | Mitsubishi Raider tonneau cover | roll-up tonneau cover | short bed | TC-DAK05-6.5-LRU+TBL-16W8P-01 | tonneau cover | truck bed cover | truck bed LED lights | vinyl tonneau cover
2005-2011-dodge-dakota-6-5ft-tri-fold-tonneau-cover-w-led-lights,2005-2011 Dodge Dakota 6.5 ft Bed Tonneau Cover - Low Profile Hard Tri-Fold with LED Lights,tonneau cover - tri-fold,Aftermarket,1,27,2005 | 2005 Dakota | 2006 | 2006 Dakota | 2007 | 2007 Dakota | 2008 | 2008 Dakota | 2009 | 2009 Dakota | 2010 | 2010 Dakota | 2011 | 2011 Dakota | 6.5 ft bed | bed cover | Dodge Dakota | fleetside | hard folding cover | hard tri-fold | low profile | Mitsubishi Raider | Raider bed cover | TC-DAK05-6.5-LTH+TBL-16W8P-01 | tonneau cover | tri-fold tonneau | truck bed cover
1997-2004-dodge-dakota-6-5-hidden-snap-roll-up-tonneau-cover,1997-2004 Dodge Dakota 6.5 ft Bed Tonneau Cover - Hidden Snap,tonneau cover - hidden snap,Hidden Snap,0,22,1997 | 1997-2004 | 1998 | 1999 | 2000 | 2001 | 2002 | 2003 | 2004 | 403316 | 6.5 ft bed | bed cover | cargo protection | Dodge Dakota | Fleetside | hidden snap | roll-up cover | soft roll-up | TC-DAK97-6.5-HSS | tonneau cover | truck bed cover | vinyl tonneau cover
97-04-dodge-dakota-6-5-tonneau-cover-led-bed-light-kit,1997-2004 Dodge Dakota 6.5 ft Bed Tonneau Cover & LED Light Kit,tonneau cover - hidden snap,Generic,0,24,1997 | 1997-2004 | 1998 | 1999 | 2000 | 2001 | 2002 | 2003 | 2004 | 6.5 ft bed | bed cover | bed protection | cargo cover | combo kit | Dodge Dakota | Fleetside | hidden snap | LED light kit | soft roll-up | TC-DAK97-6.5-HSS+TBL-16W8P-01 | tonneau cover | truck accessories | truck bed LED lights | vinyl tonneau
1997-2004-dodge-dakota-6-5-bed-roll-up-vinyl-tonneau-cover,1997-2004 Dodge Dakota 6.5 ft Bed Roll-Up Tonneau Cover,tonneau cover - lock & roll up,Tonneau Cover,1,21,1997 | 1997-2004 | 1998 | 1999 | 2000 | 2001 | 2002 | 2003 | 2004 | 6.5 ft bed | bed cover | cargo protection | Dodge Dakota | Fleetside | lock and roll up | roll-up tonneau cover | short bed | TC-DAK97-6.5-LRU | tonneau cover | truck bed cover | vinyl tonneau cover
1997-2004-dodge-dakota-6-5-hard-tri-fold-tonneau-cover,1997-2004 Dodge Dakota 6.5 ft Bed Tonneau Cover - Hard Tri-Fold,tonneau cover - tri-fold,Generic,1,21,1997 | 1997-2004 | 1998 | 1999 | 2000 | 2001 | 2002 | 2003 | 2004 | 6.5 ft bed | bed cover | cargo protection | Dodge Dakota | Fleetside | hard tonneau | hard tri-fold | low profile | TC-DAK97-6.5-LTH | tonneau cover | tri-fold cover | truck bed cover
1997-2004-dodge-dakota-6-5-roll-up-tonneau-cover-w-led-bed-lights,1997-2004 Dodge Dakota 6.5 ft Bed Roll-Up Tonneau Cover Combo w/ LED,tonneau cover - lock & roll up,Tonneau Cover,1,22,1997 | 1997-2004 Dakota | 1998 | 1999 | 2000 | 2001 | 2002 | 2003 | 2004 | 6.5 ft bed | bed LED lights | combo kit | Dakota accessories | Dodge Dakota | Fleetside | roll-up tonneau cover | short bed | TC-DAK97-6.5-LRU+TBL-16W8P-01 | tonneau cover | truck bed cover | truck bed lighting | vinyl tonneau cover
2001-2003-ford-f-150-5-5-bed-hidden-snap-roll-up-tonneau-cover,2001-2003 Ford F-150 5.5 ft Bed Tonneau Cover - Hidden Snap,tonneau cover - hidden snap,Hidden Snap,1,20,2001 | 2001 F-150 | 2002 | 2002 F-150 | 2003 | 2003 F-150 | 5.5 ft bed | bed cover | cargo protection | F-150 | Ford F-150 | hidden snap | roll-up cover | short bed | soft roll-up | styleside | TC-F15001-5.5-HSS | tonneau cover | truck bed cover | vinyl tonneau
1997-2004-dodge-dakota-6-5-tri-fold-tonneau-cover-w-led-lights,1997-2004 Dodge Dakota 6.5 ft Bed Tri-Fold Tonneau Cover Combo,tonneau cover - tri-fold,Stehlen Auto,1,23,1997 | 1997-2004 | 1998 | 1999 | 2000 | 2001 | 2002 | 2003 | 2004 | 6.5 ft bed | bed lights | cargo security | combo kit | Dodge Dakota | Fleetside | hard tonneau cover | LED bed lights | low profile | TC-DAK97-6.5-LTH+TBL-16W8P-01 | tonneau cover | tri-fold | truck accessories | truck bed cover
2001-2003-ford-f-150-5-5-tonneau-cover-led-bed-light-combo-kit,2001-2003 Ford F-150 5.5 ft Bed Tonneau Cover & LED Light Kit,tonneau cover - hidden snap,Stehlen Auto,1,22,2001 | 2001 F-150 | 2002 | 2002 F-150 | 2003 | 2003 F-150 | 5.5 ft bed | bed cover | cargo cover | combo kit | F-150 tonneau cover | Ford F-150 | hidden snap | LED bed lights | short bed | soft roll-up | Styleside | TC-F15001-5.5-HSS+TBL-16W8P-01 | tonneau cover | truck accessories | truck bed lights | vinyl tonneau
2001-2003-ford-f-150-5-5-bed-roll-up-tonneau-cover-mpn-503311,2001-2003 Ford F-150 5.5 ft Bed Roll-Up Tonneau Cover - Vinyl,tonneau cover - lock & roll up,Lock & Roll Up,0,19,2001 | 2001 F-150 | 2002 | 2002 F-150 | 2003 | 2003 F-150 | 5.5 ft bed | bed cover | cargo cover | F-150 | Ford F-150 | roll up tonneau cover | roll-up cover | short bed | styleside | TC-F15001-5.5-LRU | tonneau cover | truck bed cover | vinyl tonneau
2001-2003-ford-f-150-5-5-roll-up-tonneau-cover-w-led-bed-lights,2001-2003 Ford F-150 5.5 ft Bed Roll-Up Tonneau Cover w/ LED Lights,tonneau cover - lock & roll up,Stehlen Auto,0,24,2001 | 2001 F-150 | 2002 | 2002 F-150 | 2003 | 2003 F-150 | 5.5 ft bed | bed cover | bed lighting | cargo cover | combo kit | F-150 tonneau cover | Ford F-150 | LED pod lights | roll up tonneau cover | short bed | Styleside | SuperCrew | TC-F15001-5.5-LRU+TBL-16W8P-01 | tonneau cover | truck accessories | truck bed cover | truck bed LED lights | vinyl tonneau cover
2004-2014-ford-f-150-5-5-bed-flush-roll-up-tonneau-cover,2004-2014 Ford F-150 5.5 ft Bed Flush Roll Up Tonneau Cover,tonneau cover - lock & roll up,Tonneau Cover,1,25,2004 | 2004-2014 | 2005 | 2006 | 2007 | 2008 | 2009 | 2010 | 2011 | 2012 | 2013 | 2014 | 5.5 ft bed | bed cover | cargo protection | flush roll up | Ford F-150 | Lincoln Mark LT | locking tonneau cover | roll up bed cover | short bed | TC-F15004-5.5-FRU2 | tonneau cover | truck bed cover | vinyl tonneau
2004-2014-ford-f-150-5-5-flush-roll-up-tonneau-cover-w-led-lights,2004-2014 Ford F-150 5.5 ft Bed Roll-Up Tonneau Cover Combo w/ LED,tonneau cover - lock & roll up,Stehlen Auto,1,29,2004 | 2004-2014 F-150 | 2005 | 2006 | 2007 | 2008 | 2009 | 2010 | 2011 | 2012 | 2013 | 2014 | 5.5 ft bed | bed cover | bed lighting kit | cargo cover | combo kit | flush roll-up | Ford F-150 | Lincoln Mark LT | roll-up tonneau | short bed | styleside | TC-F15004-5.5-FRU2+TBL-16W8P-01 | tonneau cover | truck accessories | truck bed cover | truck bed LED lights | vinyl tonneau
04-14-ford-f-150-lincoln-mark-lt-5-5-roll-up-tonneau-cover,2004-2014 Ford F-150 5.5 ft Bed Roll-Up Tonneau Cover - 503321,tonneau cover - lock & roll up,503321,1,26,2004 | 2004-2014 | 2005 | 2006 | 2007 | 2008 | 2009 | 2010 | 2011 | 2012 | 2013 | 2014 | 5.5 ft bed | 503321 | bed cover | cargo protection | Ford F-150 | Lincoln Mark LT | lock and roll up | roll-up tonneau cover | short bed | Styleside | TC-F15004-5.5-LRU | tonneau cover | truck bed cover | vinyl tonneau cover
2004-2014-ford-f-150-5-5ft-bed-hard-tri-fold-tonneau-cover,2004-2014 Ford F-150 5.5 ft Bed Hard Tri-Fold Tonneau Cover,tonneau cover - tri-fold,Spec-D,1,26,2004 | 2004-2014 F-150 | 2005 | 2006 | 2007 | 2008 | 2009 | 2010 | 2011 | 2012 | 2013 | 2014 | 243321 | 5.5 ft bed | bed cover | F-150 tonneau cover | Ford F-150 | hard cover | hard tri-fold | Lincoln Mark LT | low profile | short bed | TC-F15004-5.5-LTH | tonneau cover | tri-fold tonneau | truck bed cover
04-14-ford-f-150-5-5-roll-up-tonneau-cover-w-led-bed-lights,04-14 Ford F-150/Lincoln Mark LT 5.5 ft Bed Tonneau Cover + LED Kit,tonneau cover - lock & roll up,Stehlen Auto,1,19,2004-2014 | 5.5 ft bed | bed cover | bed lighting | cargo cover | combo kit | fleetside | Ford F-150 | LED bed lights | Lincoln Mark LT | roll up bed cover | roll up tonneau | short bed | styleside | TC-F15004-5.5-LRU+TBL-16W8P-01 | tonneau cover | truck bed cover | truck bed lights | vinyl tonneau
04-14-ford-f-150-lincoln-mark-lt-5-5-tri-fold-tonneau-cover,2004-2014 Ford F-150 5.5 ft Bed Tri-Fold Tonneau Cover,tonneau cover - tri-fold,TCS,1,26,2004 | 2004-2014 | 2005 | 2006 | 2007 | 2008 | 2009 | 2010 | 2011 | 2012 | 2013 | 2014 | 5.5 ft bed | bed cover | clamp-on | fleetside | Ford F-150 | Lincoln Mark LT | no drill | short bed | styleside | TC-F15004-5.5-TFS | tonneau cover | tri-fold | truck bed cover | vinyl tonneau
2004-2014-ford-f-150-5-5ft-tri-fold-tonneau-cover-w-led-bed-lights,2004-2014 Ford F-150 5.5 ft Bed Hard Tri-Fold Tonneau Cover Combo,tonneau cover - tri-fold,Generic,1,28,2004 | 2004-2014 | 2005 | 2006 | 2007 | 2008 | 2009 | 2010 | 2011 | 2012 | 2013 | 2014 | 5.5 ft bed | bed lights | cargo cover | Ford F-150 | hard tri-fold | LED bed lights | Lincoln Mark LT | low profile | short bed | Styleside | TC-F15004-5.5-LTH+TBL-16W8P-01 | tonneau cover | tri-fold tonneau | truck accessories | truck bed cover | truck bed LED
06-08-lincoln-mark-lt-5-5-tri-fold-tonneau-cover-w-led-bed-lights,2006-2008 Lincoln Mark LT 5.5 ft Bed Tri-Fold Tonneau Cover Combo,tonneau cover - tri-fold,Specialty Automotive,1,20,2006 | 2006-2008 | 2007 | 2008 | 5.5 ft bed | bed cover | bed lighting | combo kit | fleetside | LED bed lights | Lincoln Mark LT | short bed | styleside | TC-F15004-5.5-TFS+TBL-16W8P-01 | tonneau cover | tri-fold | tri-fold tonneau cover | truck bed cover | truck bed lights | vinyl tonneau
2004-2014-ford-f-150-6-5-roll-up-tonneau-cover-mpn-503309,2004-2014 Ford F-150 6.5 ft Bed Roll-Up Tonneau Cover,tonneau cover - lock & roll up,Stehlen Auto,1,23,2004 | 2004-2014 Ford F-150 | 2005 | 2006 | 2007 | 2008 | 2009 | 2010 | 2011 | 2012 | 2013 | 2014 | 6.5 ft bed | F-150 bed cover | Ford F-150 | lock and roll up | roll-up tonneau cover | Styleside | TC-F15004-6.5-LRU | tonneau cover | truck accessories | truck bed cover | vinyl tonneau cover
2004-2014-ford-f-150-6-5ft-bed-hard-tri-fold-tonneau-cover,2004-2014 Ford F-150 6.5 ft Bed Hard Tri-Fold Tonneau Cover,tonneau cover - tri-fold,Generic,1,25,2004 | 2004-2014 | 2005 | 2006 | 2007 | 2008 | 2009 | 2010 | 2011 | 2012 | 2013 | 2014 | 6.5 ft bed | bed cover | F-150 tonneau | Ford F-150 | hard tri-fold | Lincoln Mark LT | low profile | solid hard cover | TC-F15004-6.5-LTH | tonneau cover | tri-fold tonneau | truck accessories | truck bed cover
04-14-ford-f-150-6-5-roll-up-tonneau-cover-w-led-bed-lights,2004-2014 Ford F-150 6.5 ft Bed Roll-Up Tonneau Cover w/ LED Lights,tonneau cover - lock & roll up,Generic,1,28,2004 | 2004-2014 | 2005 | 2006 | 2007 | 2008 | 2009 | 2010 | 2011 | 2012 | 2013 | 2014 | 6.5 ft bed | bed cover | bed lighting | cargo protection | combo package | fleetside | Ford F-150 | Lincoln Mark LT | roll up tonneau | short bed | styleside | TC-F15004-6.5-LRU+TBL-16W8P-01 | tonneau cover | truck bed cover | truck bed LED lights | vinyl tonneau cover
2004-2014-ford-f-150-6-5ft-tri-fold-tonneau-cover-w-led-bed-lights,2004-2014 Ford F-150 6.5 ft Bed Tri-Fold Tonneau Cover w/ LED Lights,tonneau cover - tri-fold,Stehlen Auto,1,27,2004 | 2004-2014 | 2005 | 2006 | 2007 | 2008 | 2009 | 2010 | 2011 | 2012 | 2013 | 2014 | 6.5 ft bed | bed cover combo | bed lights | Ford F-150 | hard tonneau cover | LED truck bed lights | Lincoln Mark LT | low profile | solid hard tri-fold | Styleside | TC-F15004-6.5-LTH+TBL-16W8P-01 | tonneau cover | tri-fold | truck accessories | truck bed cover
2006-2008-lincoln-mark-lt-6-5-tri-fold-tonneau-cover-led-light-kit,2006-2008 Lincoln Mark LT 6.5 ft Bed Tri-Fold Tonneau Cover Combo,tonneau cover - tri-fold,Generic,0,17,2006 | 2007 | 2008 | 6.5 ft bed | bed illumination | bed lights | cargo cover | combo kit | LED lights | Lincoln Mark LT | short bed | TC-F15004-6.5-TFS+TBL-16W8P-01 | tonneau cover | tri-fold | truck bed cover | truck bed LED | vinyl tonneau
2015-2024-ford-f-150-5-5-bed-soft-roll-up-tonneau-cover-503362,2015-2024 Ford F-150 5.5 ft Bed Soft Roll-Up Tonneau Cover,tonneau cover - lock & roll up,Tonneau Cover,1,25,2015 | 2015-2024 | 2016 | 2017 | 2018 | 2019 | 2020 | 2021 | 2022 | 2023 | 2024 | 5.5 ft bed | bed cover | cargo cover | F150 | Ford F-150 | lockable | roll up | short bed | soft roll-up | TC-F15015-5.5-LRU | tonneau cover | truck accessories | truck bed cover | vinyl
2015-2024-ford-f-150-5-5-tonneau-cover-with-led-bed-lights,2015-2024 Ford F-150 5.5 ft Bed Roll Up Tonneau Cover w/ LED Lights,tonneau cover - lock & roll up,Spec-D,1,27,2015 | 2015 2016 2017 2018 2019 2020 2021 2022 2023 2024 | 2016 | 2017 | 2018 | 2019 | 2020 | 2021 | 2022 | 2023 | 2024 | 5.5 ft bed | bed cover | bed lighting | combo tonneau cover | F150 | Ford F-150 | LED bed lights | roll up tonneau cover | short bed | soft tonneau cover | TC-F15015-5.5-LRU+TBL-16W8P-01 | tonneau cover | tonneau cover with lights | truck bed cover | truck bed lights | vinyl tonneau cover
2015-ford-f-150-5-5ft-bed-hard-tri-fold-tonneau-cover-low-profile,2015-2026 Ford F-150 5.5 ft Bed Tonneau Cover - Hard Tri-Fold,tonneau cover - tri-fold,Spec-D,1,26,2015 | 2015-2026 | 2016 | 2017 | 2018 | 2019 | 2020 | 2021 | 2022 | 2023 | 2024 | 2025 | 2026 | 5.5 ft bed | bed cover | cargo protection | F150 | Ford F-150 | hard tonneau cover | hard tri-fold | low profile | short bed | TC-F15015-5.5-LTH | tonneau cover | tri-fold tonneau | truck bed cover
2015-2026-ford-f-150-5-5ft-bed-hard-tri-fold-tonneau-cover-w-led,2015-2026 Ford F-150 5.5 ft Bed Tonneau Cover Combo w/ LED Lights,tonneau cover - tri-fold,Combo,1,29,2015 | 2015-2026 | 2016 | 2017 | 2018 | 2019 | 2020 | 2021 | 2022 | 2023 | 2024 | 2025 | 2026 | 5.5 ft bed | bed cover | bed light kit | combo kit | F150 | Ford F-150 | hard tonneau cover | hard tri-fold | LED bed lights | low profile tonneau cover | short bed | TC-F15015-5.5-LTH+TBL-16W8P-01 | tonneau cover | tri-fold | truck accessories | truck bed cover
2015-2024-ford-f-150-6-5-bed-soft-roll-up-tonneau-cover-503363,2015-2024 Ford F-150 6.5 ft Bed Soft Roll-Up Tonneau Cover,tonneau cover - lock & roll up,Generic,1,23,2015 | 2015-2024 | 2016 | 2017 | 2018 | 2019 | 2020 | 2021 | 2022 | 2023 | 2024 | 6.5 ft bed | cargo protection | F-150 bed cover | Ford F-150 | lock and roll | roll up tonneau cover | soft roll-up | TC-F15015-6.5-LRU | tonneau cover | truck accessories | truck bed cover | vinyl tonneau cover
2015-2024-ford-f-150-6-5-tonneau-cover-with-led-bed-lights,2015-2024 Ford F-150 6.5 ft Bed Tonneau Cover w/ LED Lights,tonneau cover - lock & roll up,Stehlen Auto,1,27,2015 | 2015-2024 | 2016 | 2017 | 2018 | 2019 | 2020 | 2021 | 2022 | 2023 | 2024 | 6.5 ft bed | bed cover | bed lights | cargo cover | combo tonneau | F150 | Ford F-150 | LED bed lights | roll-up | soft cover | TC-F15015-6.5-LRU+TBL-16W8P-01 | tonneau cover | tonneau with lights | truck bed cover | truck bed LED | vinyl tonneau
2015-2024-ford-f-150-6-5ft-bed-hard-tri-fold-tonneau-cover-w-led,2015-2026 Ford F-150 6.5 ft Bed Hard Tri-Fold Tonneau Cover Combo,tonneau cover - tri-fold,Specialty Auto,1,30,2015 | 2015-2026 | 2016 | 2017 | 2018 | 2019 | 2020 | 2021 | 2022 | 2023 | 2024 | 2025 | 2026 | 6.5 ft bed | bed cover | bed light kit | combo | F150 | Ford F-150 | Ford F-150 bed cover | Ford F-150 tonneau cover | hard tri-fold | LED bed lights | low profile | solid hard | TC-F15015-6.5-LTH+TBL-16W8P-01 | tonneau cover | tri-fold tonneau | truck bed cover | truck bed lights
2015-2024-ford-f-150-8ft-bed-soft-roll-up-tonneau-cover-503368,2015-2024 Ford F-150 8 ft Bed Soft Roll-Up Tonneau Cover,tonneau cover - lock & roll up,TC,1,26,2015 | 2015-2024 | 2016 | 2017 | 2018 | 2019 | 2020 | 2021 | 2022 | 2023 | 2024 | 503368 | 8 ft bed | bed cover | cargo cover | F150 | Ford F-150 | lockable | long bed | roll up | soft roll-up | TC-F15015-8-LRU | tonneau cover | truck bed cover | vinyl | weather protection
2015-2024-ford-f-150-8-bed-roll-up-tonneau-cover-w-led-lights,2015-2024 Ford F-150 8 ft Bed Soft Roll-Up Tonneau Cover w/ LED Lights,tonneau cover - lock & roll up,Generic,1,28,2015 | 2015-2024 | 2016 | 2017 | 2018 | 2019 | 2020 | 2021 | 2022 | 2023 | 2024 | 8 ft bed | bed cover | bed lighting | cargo cover | combo | F150 | Ford F-150 | LED bed lights | long bed | roll up | soft roll-up | TC-F15015-8-LRU+TBL-16W8P-01 | tonneau cover | truck accessories | truck bed cover | truck bed lights | vinyl tonneau
2022-ford-f-150-lightning-5-7ft-bed-tonneau-cover-lock-roll-up,2022-2026 Ford F-150 Lightning 5.5 ft Bed Tonneau Cover - Lock & Roll-Up,tonneau cover - lock & roll up,Lock & Roll-Up,1,23,2022 | 2022 F-150 Lightning | 2023 | 2023 F-150 Lightning | 2024 | 2024 F-150 Lightning | 2025 | 2025 F-150 Lightning | 2026 | 2026 F-150 Lightning | 5.5 ft bed | bed cover | cargo protection | F-150 Lightning accessories | Ford F-150 Lightning | Ford Lightning | lock and roll-up | roll-up tonneau | soft tonneau cover | TC-F15022EV-5.7-LRU | tonneau cover | truck bed cover | vinyl tonneau cover
2022-ford-f-150-lightning-5-7-bed-tonneau-cover-w-led-lights,2022-2026 Ford F-150 Lightning 5.5 ft Bed Tonneau Cover Combo,tonneau cover - lock & roll up,Generic,1,24,2022 | 2022 F-150 Lightning | 2023 | 2023 F-150 Lightning | 2024 | 2024 F-150 Lightning | 2025 | 2025 F-150 Lightning | 2026 | 2026 F-150 Lightning | 5.5 ft bed | bed light kit | cargo cover | EV truck accessories | F-150 Lightning accessories | Ford F-150 Lightning | LED bed lights | roll-up tonneau | soft tonneau cover | TC-F15022EV-5.7-LRU+TBL-16W8P-01 | tonneau cover | truck accessories | truck bed cover | truck bed lights
2022-ford-f-150-lightning-5-7ft-bed-hard-tri-fold-tonneau-cover,2022-2026 Ford F-150 Lightning 5.5 ft Bed Tonneau Cover - Hard Tri-Fold,tonneau cover - tri-fold,Tyger Auto,1,23,2022 | 2022 F-150 Lightning | 2023 | 2023 F-150 Lightning | 2024 | 2024 F-150 Lightning | 2025 | 2025 F-150 Lightning | 2026 | 2026 F-150 Lightning | 5.5 ft bed | bed cover | EV truck accessories | F-150 Lightning | Ford F-150 Lightning | Ford Lightning accessories | hard tri-fold | low profile | solid hard | TC-F15022EV-5.7-LTH | tonneau cover | tri-fold tonneau | truck bed cover
1997-2004-ford-f-150-f-250-6-5-bed-roll-up-tonneau-cover-503306,1997-2004 Ford F-150 6.5 ft Bed Roll-Up Tonneau Cover - MPN 503306,tonneau cover - lock & roll up,Generic,1,23,1997 | 1997-2004 | 1998 | 1999 | 2000 | 2001 | 2002 | 2003 | 2004 | 503306 | 6.5 ft bed | bed cover | Fleetside | Ford F-150 | Ford F-150 Heritage | Ford F-250 | roll-up tonneau cover | Styleside | TC-F15097-6.5-LRU | tonneau cover | truck accessories | truck bed cover | vinyl tonneau cover
2022-ford-f-150-lightning-5-7-tri-fold-tonneau-cover-w-led-kit,2022-2026 Ford F-150 Lightning 5.5 ft Bed Tonneau Cover Combo w/ LED,tonneau cover - tri-fold,Lighting,1,26,2022 | 2022 F-150 Lightning | 2023 | 2023 F-150 Lightning | 2024 | 2024 F-150 Lightning | 2025 | 2025 F-150 Lightning | 2026 | 2026 F-150 Lightning | 5.5 ft bed | bed cover | combo | electric truck | F-150 Lightning | Ford accessories | Ford F-150 Lightning | hard tonneau | LED bed lights | low profile tonneau | short bed | TC-F15022EV-5.7-LTH+TBL-16W8P-01 | tonneau cover | tri-fold | truck accessories | truck bed lights
1997-2004-ford-f-150-roll-up-tonneau-cover-w-led-bed-lights,1997-2004 Ford F-150 6.5 ft Bed Roll-Up Tonneau Cover w/ LED Lights,tonneau cover - lock & roll up,Stehlen Auto,1,25,1997 | 1997-2004 | 1998 | 1999 | 2000 | 2001 | 2002 | 2003 | 2004 | 6.5 ft bed | bed cover | bed lighting kit | Fleetside | Ford F-150 | Ford F-150 Heritage | Ford F-250 | LED bed lights | lock and roll | roll-up tonneau cover | Styleside | TC-F15097-6.5-LRU+TBL-16W8P-01 | tonneau cover | truck accessories | truck bed cover | vinyl tonneau
1997-2003-ford-f-150-6-5-bed-hard-tri-fold-tonneau-cover,1997-2004 Ford F-150 6.5 ft Bed Tonneau Cover - Hard Tri-Fold,tonneau cover - tri-fold,Generic,1,24,1997 | 1997-2004 | 1998 | 1999 | 2000 | 2001 | 2002 | 2003 | 2004 | 6.5 ft bed | bed cover | cargo protection | fleetside | Ford F-150 | Ford F-150 Heritage | Ford F-250 | hard tonneau cover | hard tri-fold | low profile | styleside | TC-F15097-6.5-LTH | tonneau cover | tri-fold | truck bed cover
1997-2003-ford-f-150-6-5-tri-fold-tonneau-cover-w-led-bed-lights,1997-2004 Ford F-150 6.5 ft Bed Tri-Fold Tonneau Cover w/ LED Lights,tonneau cover - tri-fold,Stehlen Auto,1,22,1997 | 1998 | 1999 | 2000 | 2001 | 2002 | 2003 | 2004 | 6.5 ft bed | bed lighting | combo kit | Ford F-150 | Ford F-150 Heritage | Ford F-250 | hard tonneau cover | LED bed lights | low profile | Styleside | TC-F15097-6.5-LTH+TBL-16W8P-01 | tonneau cover | tri-fold | truck bed cover
1997-2004-ford-f-150-f-250-6-5-hidden-snap-tonneau-cover-403307,1997-2004 Ford F-150 6.5 ft Flareside Bed Tonneau Cover - Hidden Snap,tonneau cover - hidden snap,Hidden Snap,1,24,1997 | 1997-2004 | 1998 | 1999 | 2000 | 2001 | 2002 | 2003 | 2004 | 403307 | 6.5 ft bed | bed cover | cargo protection | Flareside | Ford F-150 | Ford F-150 Heritage | Ford F-250 | hidden snap | roll-up cover | soft roll-up | TC-F15097FS-6.5-HSS | tonneau cover | truck bed cover | vinyl tonneau
2017-2022-ford-super-duty-6-75-bed-soft-tri-fold-tonneau-cover,2017-2022 Ford Super Duty 6.75 ft Bed Soft Tri-Fold Tonneau Cover,tonneau cover - tri-fold,AutoParts,1,21,2017 | 2017-2022 | 2018 | 2019 | 2020 | 2021 | 2022 | 303336 | 6.75 ft bed | bed cover | cargo protection | Ford F-250 | Ford F-350 | Ford F-450 | soft tonneau cover | Super Duty | TC-F25017-6.5-TFS | tonneau cover | tri-fold | truck bed cover | vinyl tonneau cover
97-04-ford-f-150-f-250-6-5-tonneau-cover-led-bed-light-combo,1997-2004 Ford F-150 6.5 ft Bed Tonneau Cover & LED Light Kit,tonneau cover - hidden snap,Unbranded,1,24,1997 | 1997-2004 | 1998 | 1999 | 2000 | 2001 | 2002 | 2003 | 2004 | 6.5 ft bed | bed cover | bed lighting | cargo cover | Flareside | Ford F-150 | Ford F-150 Heritage | Ford F-250 | hidden snap | soft roll-up | TC-F15097FS-6.5-HSS+TBL-16W8P-01 | tonneau cover | truck accessories | truck bed LED lights | vinyl tonneau
2017-2022-ford-super-duty-6-75-tri-fold-tonneau-cover-led-light-kit,2017-2022 Ford Super Duty 6.75 ft Bed Tri-Fold Tonneau Cover Combo,tonneau cover - tri-fold,Spec-D,1,23,2017 | 2017-2022 | 2018 | 2019 | 2020 | 2021 | 2022 | 6.75 ft bed | bed cover | bed lighting | combo kit | Ford F-250 | Ford F-350 | Ford F-450 | LED bed lights | soft tonneau | Super Duty | TC-F25017-6.5-TFS+TBL-16W8P-01 | tonneau cover | tri fold cover | tri-fold | truck bed cover | vinyl tonneau
2017-ford-f250-super-duty-6-8ft-bed-hard-tri-fold-tonneau-cover,2017-2022 Ford Super Duty 6.75 ft Bed Tonneau Cover - Hard Tri-Fold,tonneau cover - tri-fold,Generic,1,20,2017 | 2017-2022 | 2018 | 2019 | 2020 | 2021 | 2022 | 6.75 ft bed | bed cover | Ford F-250 | Ford F-350 | Ford F-450 | hard tri-fold | low profile | solid hard cover | Super Duty | TC-F25017-6.8-LTH | tonneau cover | tri-fold tonneau | truck bed cover
2017-2022-ford-f-250-f-350-6-8ft-bed-tri-fold-tonneau-cover-w-led,2017-2022 Ford Super Duty 6.75 ft Bed Tonneau Cover with LED Lights,tonneau cover - tri-fold,Stehlen Auto,1,21,2017 | 2017-2022 | 2018 | 2019 | 2020 | 2021 | 2022 | 6.75 ft bed | bed LED lights | Ford accessories | Ford F-250 | Ford F-350 | Ford F-450 | hard tonneau cover | low profile | Super Duty | TC-F25017-6.8-LTH+TBL-16W8P-01 | tonneau cover | tri-fold | truck bed cover | truck bed lights
1999-2016-ford-super-duty-6-5-roll-up-tonneau-cover-503308,1999-2016 Ford Super Duty 6.5 ft Bed Roll-Up Tonneau Cover,tonneau cover - lock & roll up,Generic,1,32,1999 | 1999-2016 | 2000 | 2001 | 2002 | 2003 | 2004 | 2005 | 2006 | 2007 | 2008 | 2009 | 2010 | 2011 | 2012 | 2013 | 2014 | 2015 | 2016 | 6.5 ft bed | bed cover | cargo protection | Ford F-250 Super Duty | Ford F-350 Super Duty | Ford F-450 Super Duty | roll-up tonneau cover | short bed | Super Duty accessories | TC-F25099-6.5-LRU | tonneau cover | truck bed cover | vinyl tonneau cover
99-16-ford-super-duty-6-5-roll-up-tonneau-cover-w-led-bed-lights,99-16 Ford Super Duty 6.5 ft Bed Roll Up Tonneau Cover w/ LED Kit,tonneau cover - lock & roll up,Spec-D,1,17,1999-2016 | 6.5 ft bed | bed cover | cargo cover | Ford F-250 | Ford F-350 | Ford F-450 | LED bed lights | roll up tonneau | short bed | Super Duty | TC-F25099-6.5-LRU+TBL-16W8P-01 | tonneau cover | truck accessories | truck bed cover | truck bed LED | vinyl tonneau
1999-2015-ford-f-250-f-350-f-450-6-5-hard-tri-fold-tonneau-cover,1997-2016 Ford Super Duty 6.5 ft Bed Hard Tri-Fold Tonneau Cover,tonneau cover - tri-fold,243308,1,34,1997 | 1998 | 1999 | 2000 | 2001 | 2002 | 2003 | 2004 | 2005 | 2006 | 2007 | 2008 | 2009 | 2010 | 2011 | 2012 | 2013 | 2014 | 2015 | 2016 | 243308 | 6.5 ft bed | Ford F-250 | Ford F-350 | Ford F-450 | Ford tonneau cover | hard bed cover | hard tri-fold | low profile tonneau | Super Duty | TC-F25099-6.5-LTH | tonneau cover | tri-fold tonneau cover | truck bed cover
1999-2016-ford-f-250-f-350-6-5-bed-tri-fold-tonneau-cover-led-kit,1999-2006 Ford F-250/F-350/F-450 6.5 ft Bed Tonneau Cover Combo,tonneau cover - tri-fold,Stehlen Auto,1,24,1999 | 1999-2006 | 2000 | 2001 | 2002 | 2003 | 2004 | 2005 | 2006 | 6.5 ft bed | bed lights | combo | Ford F-250 | Ford F-350 | Ford F-450 | hard tonneau cover | LED bed lights | low profile | Super Duty | TC-F25099-6.5-LTH+TBL-16W8P-01 | tonneau cover | tri-fold | truck accessories | truck bed cover
05-21-nissan-frontier-5-bed-hidden-snap-roll-up-tonneau-cover,2005-2021 Nissan Frontier 5 ft Bed Soft Roll-Up Tonneau Cover,tonneau cover - lock & roll up,Tonneau Cover,1,32,2005 | 2005-2021 | 2006 | 2007 | 2008 | 2009 | 2010 | 2011 | 2012 | 2013 | 2014 | 2015 | 2016 | 2017 | 2018 | 2019 | 2020 | 2021 | 403340 | 5 ft bed | bed cover | hidden snap | Nissan Frontier | roll-up cover | short bed | soft roll-up | Suzuki Equator | TC-FRON05-5-HSS | tonneau cover | truck bed cover | utili-track compatible | vinyl tonneau cover
05-21-nissan-frontier-5-bed-roll-up-tonneau-cover-503340,2005-2021 Nissan Frontier 5 ft Bed Roll-Up Tonneau Cover,tonneau cover - lock & roll up,Tonneau Cover,1,31,2005 | 2005-2021 | 2006 | 2007 | 2008 | 2009 | 2010 | 2011 | 2012 | 2013 | 2014 | 2015 | 2016 | 2017 | 2018 | 2019 | 2020 | 2021 | 5 ft bed | bed cover | cargo protection | lockable tonneau | Nissan Frontier | roll up bed cover | roll-up tonneau | short bed | Suzuki Equator | TC-FRON05-5-LRU | tonneau cover | truck bed cover | vinyl tonneau cover
05-21-nissan-frontier-5-tonneau-cover-led-light-combo-kit,05-21 Nissan Frontier 5 ft Bed Tonneau Cover Combo w/ LED Lights,tonneau cover - hidden snap,Combo,1,17,2005-2021 | 5 ft bed | bed cover | bed lighting | cargo cover | combo kit | hidden snap | LED bed lights | Nissan Frontier | short bed | soft roll-up | Suzuki Equator | TC-FRON05-5-HSS+TBL-16W8P-01 | tonneau cover | tonneau cover combo | truck bed lights | vinyl tonneau
2005-nissan-frontier-5ft-bed-hard-tri-fold-tonneau-cover-243340,2005-2021 Nissan Frontier 5 ft Bed Tonneau Cover - Hard Tri-Fold,tonneau cover - tri-fold,Tonneau Cover,1,32,2005 | 2005-2021 | 2006 | 2007 | 2008 | 2009 | 2010 | 2011 | 2012 | 2013 | 2014 | 2015 | 2016 | 2017 | 2018 | 2019 | 2020 | 2021 | 5 ft bed | bed cover | cargo protection | hard tri-fold | low profile | Nissan Frontier | short bed | solid hard | Suzuki Equator | TC-FRON05-5-LTH | tonneau cover | tri-fold tonneau | truck accessories | truck bed cover
05-21-nissan-frontier-5-roll-up-tonneau-cover-led-bed-lights,05-21 Nissan Frontier 5 ft Bed Roll Up Tonneau Cover + LED Kit,tonneau cover - lock & roll up,Stehlen Auto,1,16,2005-2021 | 5 ft bed | bed lighting kit | bed lights | cargo cover | combo kit | crew cab | LED truck bed lights | Nissan Frontier | roll up tonneau cover | short bed | Suzuki Equator | TC-FRON05-5-LRU+TBL-16W8P-01 | tonneau cover | truck bed cover | vinyl tonneau
2005-2021-nissan-frontier-5ft-bed-tri-fold-tonneau-cover-led-kit,2005-2021 Nissan Frontier 5 ft Bed Tri-Fold Tonneau Cover w/ LED,tonneau cover - tri-fold,Generic,1,32,2005 | 2005-2021 | 2006 | 2007 | 2008 | 2009 | 2010 | 2011 | 2012 | 2013 | 2014 | 2015 | 2016 | 2017 | 2018 | 2019 | 2020 | 2021 | 5 ft bed | bed LED lights | bed lighting | hard tonneau cover | low profile | Nissan Frontier | short bed | solid hard tri-fold | Suzuki Equator | TC-FRON05-5-LTH+TBL-16W8P-01 | tonneau cover | tri-fold | truck accessories | truck bed cover
05-21-nissan-frontier-6-bed-hidden-snap-roll-up-tonneau-cover,2005-2021 Nissan Frontier 6 ft Bed Soft Roll-Up Tonneau Cover,tonneau cover - lock & roll up,Tonneau Cover,1,31,2005 | 2005-2021 | 2006 | 2007 | 2008 | 2009 | 2010 | 2011 | 2012 | 2013 | 2014 | 2015 | 2016 | 2017 | 2018 | 2019 | 2020 | 2021 | 6 ft bed | bed cover | cargo protection | hidden snap | Nissan Frontier | roll up cover | soft roll-up | Suzuki Equator | TC-FRON05-6-HSS | tonneau cover | truck accessories | truck bed cover | vinyl tonneau
05-21-nissan-frontier-6-tonneau-cover-combo-w-led-bed-lights,05-21 Nissan Frontier 6 ft Bed Tonneau Cover & LED Light Kit,tonneau cover - hidden snap,Combo,1,16,2005-2021 | 6 ft bed | bed cover | bed lighting | cargo cover | combo kit | hidden snap | LED light kit | Nissan Frontier | soft roll-up | Suzuki Equator | TC-FRON05-6-HSS+TBL-16W8P-01 | tonneau cover | truck accessories | truck bed LED lights | vinyl tonneau
05-21-nissan-frontier-6-bed-roll-up-vinyl-tonneau-cover-503341,2005-2021 Nissan Frontier 6 ft Bed Roll-Up Tonneau Cover,tonneau cover - lock & roll up,TC,1,31,2005 | 2005-2021 | 2006 | 2007 | 2008 | 2009 | 2010 | 2011 | 2012 | 2013 | 2014 | 2015 | 2016 | 2017 | 2018 | 2019 | 2020 | 2021 | 6 ft bed | bed protection | Nissan Frontier | roll up bed cover | roll-up tonneau cover | short bed | Suzuki Equator | TC-FRON05-6-LRU | tonneau cover | truck accessories | truck bed cover | Utili-Track compatible | vinyl tonneau cover
05-21-nissan-frontier-6-roll-up-tonneau-cover-with-led-bed-lights,05-21 Nissan Frontier 6 ft Bed Roll Up Tonneau Cover w/ LED Kit,tonneau cover - lock & roll up,Spec-D,1,15,2005-2021 | 6 ft bed | bed lighting | bed lights | cargo cover | combo kit | LED bed lights | Nissan Frontier | roll up tonneau | Suzuki Equator | TC-FRON05-6-LRU+TBL-16W8P-01 | tonneau cover | truck accessories | truck bed cover | vinyl tonneau
2005-2021-nissan-frontier-6ft-bed-hard-tri-fold-tonneau-cover,2005-2021 Nissan Frontier 6 ft Bed Hard Tri-Fold Tonneau Cover,tonneau cover - tri-fold,Tonneau Cover,1,33,2005 | 2005-2021 | 2006 | 2007 | 2008 | 2009 | 2010 | 2011 | 2012 | 2013 | 2014 | 2015 | 2016 | 2017 | 2018 | 2019 | 2020 | 2021 | 243341 | 6 ft bed | bed cover | clamp-on | hard tonneau cover | low profile | Nissan Frontier | no drill | solid hard tri-fold | Suzuki Equator | TC-FRON05-6-LTH | tonneau cover | tri-fold | truck bed cover | weather protection
2005-2021-nissan-frontier-6ft-bed-hard-tri-fold-tonneau-cover-w-led,05-21 Nissan Frontier 6 ft Bed Hard Tri-Fold Tonneau Cover + LED,tonneau cover - tri-fold,Combo,1,16,2005-2021 | 6 ft bed | bed accessories | bed cover | cargo light | combo kit | hard tri-fold | LED light kit | low profile | Nissan Frontier | Suzuki Equator | TC-FRON05-6-LTH+TBL-16W8P-01 | tonneau cover | tri-fold cover | truck bed cover | truck bed LED lights
2022-nissan-frontier-5ft-bed-soft-roll-up-tonneau-cover-5033110,2022-2026 Nissan Frontier 5 ft Bed Tonneau Cover - Lock & Roll-Up,tonneau cover - lock & roll up,Spec-D,1,23,2022 | 2022 Frontier | 2023 | 2023 Frontier | 2024 | 2024 Frontier | 2025 | 2025 Frontier | 2026 | 2026 Frontier | 5 ft bed | bed cover | cargo cover | lock and roll-up | Nissan Frontier | roll-up tonneau | short bed | soft tonneau cover | TC-FRON22-5-LRU | tonneau cover | truck accessories | truck bed cover | vinyl tonneau cover
2022-2023-nissan-frontier-5ft-bed-roll-up-tonneau-cover-w-led-lights,2022-2026 Nissan Frontier 5 ft Bed Roll-Up Tonneau Cover Combo w/ LED Lights,tonneau cover - lock & roll up,Spec-D,1,26,2022 | 2022 Frontier | 2023 | 2023 Frontier | 2024 | 2024 Frontier | 2025 | 2025 Frontier | 2026 | 2026 Frontier | 5 ft bed | bed cover | bed LED lights | cargo cover | combo kit | LED light kit | lock and roll | Nissan Frontier | roll-up tonneau | short bed | soft tonneau cover | TC-FRON22-5-LRU+TBL-16W8P-01 | tonneau cover | truck bed cover | truck bed lights | vinyl tonneau
2022-nissan-frontier-5ft-bed-hard-tri-fold-tonneau-cover,2022-2026 Nissan Frontier 5 ft Bed Tonneau Cover - Hard Tri-Fold,tonneau cover - tri-fold,Nissan Frontier Accessories,1,22,2022 | 2022 Frontier | 2023 | 2023 Frontier | 2024 | 2024 Frontier | 2025 | 2025 Frontier | 2026 | 2026 Frontier | 5 ft bed | bed cover | cargo protection | hard cover | hard tri-fold | low profile | Nissan Frontier | short bed | TC-FRON22-5-LTH | tonneau cover | tri-fold tonneau cover | truck bed cover
2020-2021-jeep-gladiator-5ft-bed-hard-tri-fold-tonneau-cover,2020-2026 Jeep Gladiator 5 ft Bed Hard Tri-Fold Tonneau Cover,tonneau cover - tri-fold,Tonneau Cover,1,20,2020 | 2020-2026 | 2021 | 2022 | 2023 | 2024 | 2025 | 2026 | 5 ft bed | bed cover | cargo protection | Gladiator accessories | hard tri-fold | Jeep Gladiator | low profile | solid hard cover | TC-GLAD20-5-LTH | tonneau cover | tri-fold tonneau | truck bed cover
2022-nissan-frontier-5ft-hard-tri-fold-tonneau-cover-w-led-lights,2022-2026 Nissan Frontier 5 ft Bed Hard Tri-Fold Tonneau Cover Combo w/ LED Lights,tonneau cover - tri-fold,Specialty Truck Accessories,1,24,2022 | 2022 Frontier | 2023 | 2023 Frontier | 2024 | 2024 Frontier | 2025 | 2025 Frontier | 2026 | 2026 Frontier | 5 ft bed | bed cover | combo | hard tonneau cover | hard tri-fold | LED bed lights | low profile | Nissan Frontier | short bed | TC-FRON22-5-LTH+TBL-16W8P-01 | tonneau cover | tri-fold | truck bed cover | truck bed lights
2020-2021-jeep-gladiator-5ft-tri-fold-tonneau-cover-led-light-kit,2020-2026 Jeep Gladiator 5 ft Bed Tonneau Cover Combo w/ LED Lights,tonneau cover - tri-fold,Generic,1,23,2020 | 2020-2026 | 2021 | 2022 | 2023 | 2024 | 2025 | 2026 | 5 ft bed | bed cover | combo | Gladiator accessories | hard tonneau cover | Jeep accessories | Jeep Gladiator | LED bed lights | low profile | solid hard tri-fold | TC-GLAD20-5-LTH+TBL-16W8P-01 | tonneau cover | tri-fold | truck bed cover | truck bed lights
2022-ford-maverick-4-6ft-bed-soft-roll-up-tonneau-cover-5033115,2022-2024 Ford Maverick 4.5 ft Bed Tonneau Cover - Lock & Roll-Up,tonneau cover - lock & roll up,Spec-D,1,17,2022 | 2022 Ford Maverick | 2023 | 2023 Ford Maverick | 2024 | 2024 Ford Maverick | 4.5 ft bed | 5033115 | bed protection | cargo cover | Ford Maverick | lock and roll-up | roll-up tonneau cover | soft vinyl tonneau | TC-MAV22-4.6-LRU | tonneau cover | truck bed cover
2022-ford-maverick-4-6ft-tonneau-cover-led-light-combo-kit,2022-2024 Ford Maverick 4.5 ft Bed Tonneau Cover & LED Light Kit,tonneau cover - lock & roll up,Generic,1,19,2022 | 2022 Maverick | 2023 | 2023 Maverick | 2024 | 2024 Maverick | 4.5 ft bed | bed LED lights | bed light kit | cargo cover | combo kit | Ford Maverick | Maverick accessories | roll-up tonneau | soft tonneau cover | TC-MAV22-4.6-LRU+TBL-16W8P-01 | tonneau cover | truck bed cover | truck bed lighting
2022-ford-maverick-4-6-bed-hard-tri-fold-tonneau-cover-low-profile,2022-2024 Ford Maverick 4.5 ft Bed Tonneau Cover - Hard Tri-Fold,tonneau cover - tri-fold,Unbranded,1,17,2022 | 2022 Maverick | 2023 | 2023 Maverick | 2024 | 2024 Maverick | 4.5 ft bed | bed cover | cargo protection | Ford Maverick | hard tri-fold | low profile | solid hard cover | TC-MAV22-4.6-LTH | tonneau cover | tri-fold tonneau | truck bed cover
2022-2024-ford-maverick-4-5-bed-tri-fold-tonneau-cover-w-led-kit,2022-2024 Ford Maverick 4.5 ft Bed Tonneau Cover Combo w/ LED - LTH,tonneau cover - tri-fold,LTH,1,21,2022 | 2022 Maverick | 2023 | 2023 Maverick | 2024 | 2024 Maverick | 4.5 ft bed | bed cover | cargo lighting | combo kit | Ford accessories | Ford Maverick | hard tonneau cover | LED pod lights | low profile | solid hard tri-fold | TC-MAV22-4.6-LTH+TBL-16W8P-01 | tonneau cover | tri-fold | truck bed cover | truck bed LED lights
2022-ford-maverick-4-6ft-bed-soft-tri-fold-tonneau-cover-3033115,2022-2024 Ford Maverick 4.5 ft Bed Tri-Fold Tonneau Cover,tonneau cover - tri-fold,AutoParts,1,17,2022 | 2022 Ford Maverick | 2023 | 2023 Ford Maverick | 2024 | 2024 Ford Maverick | 4.5 ft bed | bed cover | cargo protection | Ford Maverick | soft tonneau cover | soft tri-fold | TC-MAV22-4.6-TFS | tonneau cover | tri-fold | truck bed cover | vinyl tonneau cover
2022-2024-ford-maverick-4-6ft-bed-tri-fold-tonneau-cover-w-led-lights,2022-2024 Ford Maverick 4.5 ft Bed Soft Tri-Fold Tonneau Cover Combo,tonneau cover - tri-fold,Stehlen Auto,1,22,2022 | 2022 Maverick | 2023 | 2023 Maverick | 2024 | 2024 Maverick | 4.5 ft bed | bed cover | bed lighting kit | cargo cover | combo kit | Ford accessories | Ford Maverick | LED bed lights | short bed | soft tri-fold | TC-MAV22-4.6-TFS+TBL-16W8P-01 | tonneau cover | tri fold | truck bed cover | truck bed lights | vinyl tonneau
02-08-dodge-ram-1500-6-5-bed-flush-roll-up-tonneau-cover-133304,2002-2009 Dodge Ram 1500/2500/3500 6.5 ft Bed Tonneau Cover,tonneau cover - lock & roll up,Generic,1,23,2002 | 2002-2009 | 2003 | 2004 | 2005 | 2006 | 2007 | 2008 | 2009 | 6.5 ft bed | bed cover | cargo protection | Dodge Ram 1500 | Dodge Ram 2500 | Dodge Ram 3500 | flush roll up | locking tonneau cover | roll up tonneau cover | short bed | TC-RAM02-6.5-FRU2 | tonneau cover | truck bed cover | vinyl tonneau cover
02-09-dodge-ram-1500-2500-3500-roll-up-tonneau-cover-6-5-bed,2002-2009 Dodge Ram 1500/2500/3500 6.5 ft Bed Tonneau Cover,tonneau cover - lock & roll up,Lock & Roll Up,1,23,2002 | 2002-2009 | 2003 | 2004 | 2005 | 2006 | 2007 | 2008 | 2009 | 6.5 ft bed | bed cover | bed protection | Dodge Ram | Ram 1500 | Ram 2500 | Ram 3500 | roll up tonneau cover | short bed | TC-RAM02-6.5-LRU | tonneau cover | truck accessories | truck bed cover | vinyl tonneau cover
02-09-dodge-ram-1500-2500-3500-6-5-roll-up-tonneau-cover-led-kit,02-09 Dodge Ram 1500/2500/3500 6.5 ft Bed Tonneau Cover Combo,tonneau cover - lock & roll up,Spec-D,1,19,2002-2009 | 6.5 ft bed | bed cover | bed LED lights | cargo cover | combo kit | Dodge Ram | flush roll up | Ram 1500 | Ram 2500 | Ram 3500 | roll up tonneau | short bed | TC-RAM02-6.5-FRU2+TBL-16W8P-01 | tonneau cover | truck accessories | truck bed cover | truck bed lights | vinyl tonneau
02-09-dodge-ram-1500-2500-3500-6-5-roll-up-tonneau-cover-w-led,02-09 Dodge Ram 1500/2500/3500 6.5 ft Bed Tonneau Cover & LED Kit,tonneau cover - lock & roll up,Combo,1,16,2002-2009 | 6.5 ft bed | bed cover | combo kit | Dodge Ram | LED bed lights | Ram 1500 | Ram 2500 | Ram 3500 | roll up | short bed | TC-RAM02-6.5-LRU+TBL-16W8P-01 | tonneau cover | truck bed cover | truck bed lighting | vinyl tonneau
02-09-dodge-ram-1500-2500-3500-tri-fold-tonneau-cover-6-5-bed,2002-2009 Dodge Ram 1500/2500/3500 6.5 ft Bed Tri-Fold Tonneau Cover,tonneau cover - tri-fold,Spec-D,1,22,2002 | 2002-2009 | 2003 | 2004 | 2005 | 2006 | 2007 | 2008 | 2009 | 6.5 ft bed | bed cover | cargo protection | Dodge Ram 1500 | Dodge Ram 2500 | Dodge Ram 3500 | short bed | TC-RAM02-6.5-TFS | tonneau cover | tri-fold bed cover | tri-fold tonneau cover | truck bed cover | vinyl tonneau cover
02-09-dodge-ram-1500-2500-3500-tri-fold-tonneau-cover-w-led-lights,02-09 Dodge Ram 6.5 ft Bed Tri-Fold Tonneau Cover w/ LED Lights,tonneau cover - tri-fold,Aftermarket,1,16,2002-2009 | 6.5 ft bed | bed lights | combo package | Dodge Ram | LED lights | Ram 1500 | Ram 2500 | Ram 3500 | short bed | TC-RAM02-6.5-TFS+TBL-16W8P-01 | tonneau cover | tri-fold | truck bed cover | truck bed lighting | vinyl tonneau
09-18-ram-1500-5-8ft-flush-roll-up-vinyl-tonneau-cover-133353,2009-2023 Dodge Ram 1500/2500/3500 5.7 ft Bed Tonneau Cover,tonneau cover - lock & roll up,Unknown,1,30,133353 | 1500 classic | 2009 | 2010 | 2011 | 2012 | 2013 | 2014 | 2015 | 2016 | 2017 | 2018 | 2019 | 2020 | 2021 | 2022 | 2023 | 5.7 ft bed | Dodge Ram tonneau cover | flush roll-up | Ram 1500 tonneau cover | Ram 2500 tonneau cover | Ram 3500 tonneau cover | roll-up tonneau cover | short bed | TC-RAM09-5.8-FRU2 | tonneau cover | truck bed cover | vinyl tonneau cover | without rambox
09-18-ram-1500-5-8-bed-flush-roll-up-tonneau-cover-w-led-lights,2009-2023 Dodge Ram 1500 5.7 ft Bed Flush Roll-Up Tonneau Cover,tonneau cover - lock & roll up,Stehlen Auto,1,32,2009 | 2009 2010 2011 2012 2013 2014 2015 2016 2017 2018 2019 2020 2021 2022 2023 | 2010 | 2011 | 2012 | 2013 | 2014 | 2015 | 2016 | 2017 | 2018 | 2019 | 2020 | 2021 | 2022 | 2023 | 5.7 ft bed | bed LED lights | combo tonneau | Dodge Ram 1500 | Dodge Ram 1500 Classic | flush roll-up | LED pod lights | locking tonneau cover | roll-up tonneau cover | short bed | TC-RAM09-5.8-FRU2+TBL-16W8P-01 | tonneau cover | truck bed cover | truck bed lighting | vinyl tonneau cover | without RamBox
09-22-ram-1500-5-7-bed-roll-up-vinyl-tonneau-cover-503353,2009-2022 Dodge Ram 1500/2500/3500 5.7 ft Bed Roll-Up Tonneau Cover,tonneau cover - lock & roll up,Stehlen Auto,1,43,2009 | 2009 ram 1500 | 2010 | 2010 ram 1500 | 2011 | 2011 ram 1500 | 2012 | 2012 ram 1500 | 2013 | 2013 ram 1500 | 2014 | 2014 ram 1500 | 2015 | 2015 ram 1500 | 2016 | 2016 ram 1500 | 2017 | 2017 ram 1500 | 2018 | 2018 ram 1500 | 2019 | 2019 ram 1500 classic | 2020 | 2020 ram 1500 classic | 2021 | 2021 ram 1500 classic | 2022 | 2022 ram 1500 classic | 5.7 ft bed | 503353 | bed cover | dodge ram tonneau cover | no rambox | quad cab | ram 1500 tonneau cover | ram 2500 tonneau cover | ram 3500 tonneau cover | roll-up tonneau cover | short bed | TC-RAM09-5.8-LRU | tonneau cover | truck bed cover | vinyl tonneau cover
09-22-ram-1500-roll-up-tonneau-cover-w-led-bed-lights-5-7-bed,2009-2022 Dodge Ram 1500 5.7 ft Bed Roll-Up Tonneau Cover w/ LED Lights,tonneau cover - lock & roll up,Stehlen Auto,1,44,2009 | 2009 Ram 1500 | 2010 | 2010 Ram 1500 | 2011 | 2011 Ram 1500 | 2012 | 2012 Ram 1500 | 2013 | 2013 Ram 1500 | 2014 | 2014 Ram 1500 | 2015 | 2015 Ram 1500 | 2016 | 2016 Ram 1500 | 2017 | 2017 Ram 1500 | 2018 | 2018 Ram 1500 | 2019 | 2019 Ram 1500 Classic | 2020 | 2020 Ram 1500 Classic | 2021 | 2021 Ram 1500 Classic | 2022 | 2022 Ram 1500 Classic | 5.7 ft bed | bed lighting | combo kit | Dodge Ram | Dodge Ram 1500 | LED bed lights | no rambox | quad cab | Ram 1500 Classic | roll-up tonneau cover | short bed | TC-RAM09-5.8-LRU+TBL-16W8P-01 | tonneau cover | truck bed cover | truck bed LED | vinyl tonneau cover
09-18-ram-1500-5-8ft-bed-hard-tri-fold-tonneau-cover-243353,2009-2022 Dodge Ram 1500/2500/3500 5.7 ft Bed Tonneau Cover - Hard Tri-Fold,tonneau cover - tri-fold,Stehlen Auto,1,31,1500 classic | 2009 | 2009 2010 2011 2012 2013 2014 2015 2016 2017 2018 2019 2020 2021 2022 | 2010 | 2011 | 2012 | 2013 | 2014 | 2015 | 2016 | 2017 | 2018 | 2019 | 2020 | 2021 | 2022 | 243353 | 5.7 ft bed | bed cover | dodge ram | hard cover | hard tri-fold | low profile | ram 1500 | ram 2500 | ram 3500 | short bed | TC-RAM09-5.8-LTH | tonneau cover | truck bed cover | without rambox
09-18-ram-1500-5-8ft-tri-fold-tonneau-cover-w-led-bed-lights,2009-2022 Dodge Ram 1500 5.7 ft Bed Tonneau Cover - Hard Tri-Fold,tonneau cover - tri-fold,Stehlen Auto,1,44,2009 | 2009 ram 1500 | 2010 | 2010 ram 1500 | 2011 | 2011 ram 1500 | 2012 | 2012 ram 1500 | 2013 | 2013 ram 1500 | 2014 | 2014 ram 1500 | 2015 | 2015 ram 1500 | 2016 | 2016 ram 1500 | 2017 | 2017 ram 1500 | 2018 | 2018 ram 1500 | 2019 | 2019 ram 1500 classic | 2020 | 2020 ram 1500 classic | 2021 | 2021 ram 1500 classic | 2022 | 2022 ram 1500 classic | 5.7 ft bed | bed cover | combo tonneau | dodge ram | hard cover | hard tri-fold | LED bed lights | low profile | ram 1500 | ram 1500 classic | short bed | TC-RAM09-5.8-LTH+TBL-16W8P-01 | tonneau cover | truck bed cover | truck bed lights | without rambox
09-22-dodge-ram-1500-2500-3500-6-4-roll-up-tonneau-cover,2009-2022 Dodge Ram 1500/2500/3500 6.4 ft Bed Roll-Up Tonneau Cover,tonneau cover - lock & roll up,Stehlen Auto,1,29,1500 Classic | 2009 | 2009 2010 2011 2012 2013 2014 2015 2016 2017 2018 2019 2020 2021 2022 | 2010 | 2011 | 2012 | 2013 | 2014 | 2015 | 2016 | 2017 | 2018 | 2019 | 2020 | 2021 | 2022 | 503354 | 6.4 ft bed | bed cover | Dodge Ram | Ram 1500 | Ram 2500 | Ram 3500 | roll up cover | roll-up tonneau cover | TC-RAM09-6.5-LRU | tonneau cover | truck bed cover | vinyl tonneau cover
09-22-ram-1500-2500-3500-roll-up-tonneau-cover-w-led-bed-lights,2009-2022 Dodge Ram 1500/2500/3500 6.4 ft Bed Roll-Up Tonneau Cover with LED Lights Combo,tonneau cover - lock & roll up,Stehlen Auto,1,34,2009 | 2009 2010 2011 2012 2013 2014 2015 2016 2017 2018 2019 2020 2021 2022 | 2010 | 2011 | 2012 | 2013 | 2014 | 2015 | 2016 | 2017 | 2018 | 2019 | 2020 | 2021 | 2022 | 6.4 ft bed | 6.4ft bed | bed cover combo | bed lighting | combo kit | Dodge Ram | Dodge Ram 1500 | Dodge Ram 2500 | Dodge Ram 3500 | LED bed lights | Ram 1500 Classic | roll up cover | roll-up tonneau cover | TC-RAM09-6.5-LRU+TBL-16W8P-01 | tonneau cover | truck accessories | truck bed cover | truck bed LED | vinyl tonneau cover
09-18-dodge-ram-1500-6-5-bed-hard-tri-fold-tonneau-cover-243354,2009-2022 Dodge Ram 6.4 ft Bed Hard Tri-Fold Tonneau Cover,tonneau cover - tri-fold,Stehlen Auto,1,31,1500 classic | 2009 | 2010 | 2011 | 2012 | 2013 | 2014 | 2015 | 2016 | 2017 | 2018 | 2019 | 2020 | 2021 | 2022 | 6.4 ft bed | bed cover | dodge ram | folding cover | hard cover | hard tri-fold | low profile | MPN:243354 | no rambox | ram 1500 | ram 2500 | ram 3500 | TC-RAM09-6.5-LTH | tonneau cover | truck bed cover | without rambox
09-18-ram-1500-6-5ft-bed-tri-fold-tonneau-cover-w-led-lights,2009-2022 Dodge Ram 6.4 ft Bed Hard Tri-Fold Tonneau Cover - Combo,tonneau cover - tri-fold,Stehlen Auto,1,30,1500 classic | 2009 | 2009 2010 2011 2012 2013 2014 2015 2016 2017 2018 2019 2020 2021 2022 | 2010 | 2011 | 2012 | 2013 | 2014 | 2015 | 2016 | 2017 | 2018 | 2019 | 2020 | 2021 | 2022 | 6.4 ft bed | bed cover | combo pack | dodge ram | hard tri-fold | led bed lights | low profile tonneau | ram 1500 | ram 2500 | ram 3500 | TC-RAM09-6.5-LTH+TBL-16W8P-01 | tonneau cover | truck bed cover | without rambox
2019-dodge-ram-5-8ft-bed-flush-roll-up-vinyl-tonneau-cover,2019-2026 Dodge Ram 1500 5.7 ft Bed Flush Roll-Up Tonneau Cover,tonneau cover - lock & roll up,Stehlen Auto,1,29,2019 | 2019 Ram 1500 | 2020 | 2020 Ram 1500 | 2021 | 2021 Ram 1500 | 2022 | 2022 Ram 1500 | 2023 | 2023 Ram 1500 | 2024 | 2024 Ram 1500 | 2025 | 2025 Ram 1500 | 2026 | 2026 Ram 1500 | 5.7 ft bed | bed cover | Dodge Ram tonneau cover | flush roll-up | no-drill tonneau | Ram 1500 tonneau cover | roll-up tonneau cover | short bed cover | TC-RAM19-5.8-FRU2 | tonneau cover | truck accessories | truck bed cover | vinyl tonneau cover
2019-2026-dodge-ram-1500-5-8ft-bed-roll-up-tonneau-cover-led-kit,2019-2026 Dodge Ram 1500 5.7 ft Bed Tonneau Cover & LED Kit,tonneau cover - lock & roll up,Stehlen Auto,1,31,2019 | 2019 Ram 1500 | 2020 | 2020 Ram 1500 | 2021 | 2021 Ram 1500 | 2022 | 2022 Ram 1500 | 2023 | 2023 Ram 1500 | 2024 | 2024 Ram 1500 | 2025 | 2025 Ram 1500 | 2026 | 2026 Ram 1500 | 5.7 ft bed | bed LED lights | combo kit | Dodge Ram 1500 | flush roll-up tonneau | LED pod lights | new body style | no rambox | Ram 1500 | short bed | TC-RAM19-5.8-FRU2+TBL-16W8P-01 | tonneau cover | truck bed cover | truck bed lighting | vinyl tonneau cover
2019-2024-ram-1500-5-7ft-bed-lock-roll-up-tonneau-cover,2019-2024 Dodge Ram 1500 5.7 ft Bed Roll-Up Tonneau Cover,tonneau cover - lock & roll up,Stehlen Auto,1,26,2019 | 2019 ram 1500 | 2020 | 2020 ram 1500 | 2021 | 2021 ram 1500 | 2022 | 2022 ram 1500 | 2023 | 2023 ram 1500 | 2024 | 2024 ram 1500 | 5.7 ft bed | bed cover | dodge ram tonneau cover | lock and roll up | MPN:5033101 | new body style | ram 1500 tonneau cover | roll-up tonneau cover | short bed | tc-ram19-5.8-lru | tonneau cover | truck bed cover | vinyl tonneau cover | without rambox
2019-2024-ram-1500-tonneau-cover-led-light-combo-5-7ft-bed,2019-2024 Dodge Ram 1500 5.7 ft Bed Tonneau Cover & LED Kit - Roll Up,tonneau cover - lock & roll up,Stehlen Auto,1,32,16 LED | 2019 | 2019 Ram 1500 | 2020 | 2020 Ram 1500 | 2021 | 2021 Ram 1500 | 2022 | 2022 Ram 1500 | 2023 | 2023 Ram 1500 | 2024 | 2024 Ram 1500 | 5.7 ft bed | bed cover | bed lighting | combo kit | Dodge Ram | Dodge Ram 1500 | LED bed lights | lockable tonneau cover | new body style | Ram 1500 | roll up tonneau cover | short bed | TC-RAM19-5.8-LRU+TBL-16W8P-01 | tonneau cover | truck accessories | truck bed cover | truck bed LED lights | vinyl tonneau cover | without rambox
2019-dodge-ram-5-8ft-bed-hard-tri-fold-tonneau-cover-low-profile,2019-2026 Dodge Ram 1500 5.7 ft Bed Hard Tri-Fold Tonneau Cover,tonneau cover - tri-fold,Aftermarket,1,30,2019 | 2019 ram 1500 | 2020 | 2020 ram 1500 | 2021 | 2021 ram 1500 | 2022 | 2022 ram 1500 | 2023 | 2023 ram 1500 | 2024 | 2024 ram 1500 | 2025 | 2025 ram 1500 | 2026 | 2026 ram 1500 | 5.7 ft bed | dodge ram | hard tri-fold | low profile | MPN:2433101 | new body style | no rambox | ram 1500 | short bed | solid hard cover | TC-RAM19-5.8-LTH | tonneau cover | tri fold tonneau | truck bed cover
2019-2026-ram-1500-5-8ft-tri-fold-tonneau-cover-w-led-bed-lights,2019-2026 Dodge Ram 1500 5.7 ft Bed Hard Tri-Fold Tonneau Cover - Combo,tonneau cover - tri-fold,Combo,1,33,2019 | 2019 Ram 1500 | 2020 | 2020 Ram 1500 | 2021 | 2021 Ram 1500 | 2022 | 2022 Ram 1500 | 2023 | 2023 Ram 1500 | 2024 | 2024 Ram 1500 | 2025 | 2025 Ram 1500 | 2026 | 2026 Ram 1500 | 5.7 ft bed | bed cover | combo tonneau | Dodge Ram | hard folding cover | hard tri-fold | LED bed lights | low profile | new body style | no RamBox | Ram 1500 | short bed | TC-RAM19-5.8-LTH+TBL-16W8P-01 | tonneau cover | truck bed cover | truck bed LED | without RamBox
2019-dodge-ram-6-4ft-bed-flush-roll-up-vinyl-tonneau-cover,2019-2026 Dodge Ram 1500 6.4 ft Bed Flush Roll-Up Tonneau Cover,tonneau cover - lock & roll up,Aftermarket,1,29,1333102 | 2019 | 2019 Ram 1500 | 2020 | 2020 Ram 1500 | 2021 | 2021 Ram 1500 | 2022 | 2022 Ram 1500 | 2023 | 2023 Ram 1500 | 2024 | 2024 Ram 1500 | 2025 | 2025 Ram 1500 | 2026 | 2026 Ram 1500 | 6.4 ft bed | Dodge Ram tonneau | flush roll-up | lockable tonneau | new body style | no RamBox | Ram 1500 bed cover | roll-up tonneau cover | TC-RAM19-6.5-FRU2 | tonneau cover | truck bed cover | vinyl tonneau cover
2019-dodge-ram-6-4ft-flush-roll-up-tonneau-cover-w-led-bed-lights,2019-2026 Dodge Ram 1500 6.4 ft Bed Flush Roll-Up Tonneau Cover w/ LED Lights,tonneau cover - lock & roll up,Stehlen Auto,1,33,2019 | 2019 Ram 1500 | 2020 | 2020 Ram 1500 | 2021 | 2021 Ram 1500 | 2022 | 2022 Ram 1500 | 2023 | 2023 Ram 1500 | 2024 | 2024 Ram 1500 | 2025 | 2025 Ram 1500 | 2026 | 2026 Ram 1500 | 6.4 ft bed | bed cover | bed lighting | combo kit | Dodge Ram | Dodge Ram 1500 | flush roll-up | LED bed lights | new body style | no rambox | Ram 1500 | roll-up tonneau | TC-RAM19-6.5-FRU2+TBL-16W8P-01 | tonneau cover | truck bed cover | truck bed LED | vinyl tonneau cover
2019-2024-ram-1500-lock-roll-up-tonneau-cover-6-4-ft-bed,2019-2024 Dodge Ram 1500 6.4 ft Bed Roll-Up Tonneau Cover,tonneau cover - lock & roll up,Stehlen Auto,1,25,2019 | 2019 Ram 1500 | 2020 | 2020 Ram 1500 | 2021 | 2021 Ram 1500 | 2022 | 2022 Ram 1500 | 2023 | 2023 Ram 1500 | 2024 | 2024 Ram 1500 | 5033102 | 6.4 ft bed | bed cover | Dodge Ram | Dodge Ram 1500 | lock and roll up | new body style | roll-up tonneau cover | tc-ram19-6.5-lru | tonneau cover | truck bed cover | vinyl tonneau cover | without rambox
2019-2024-ram-1500-tonneau-cover-led-bed-light-kit-6-4-ft,2019-2024 Dodge Ram 1500 6.4 ft Bed Tonneau Cover w/ LED Lights,tonneau cover - lock & roll up,Stehlen Auto,1,28,2019 | 2019 Ram 1500 | 2020 | 2020 Ram 1500 | 2021 | 2021 Ram 1500 | 2022 | 2022 Ram 1500 | 2023 | 2023 Ram 1500 | 2024 | 2024 Ram 1500 | 6.4 ft bed | combo tonneau LED | Dodge Ram tonneau cover | LED truck bed lights | locking tonneau cover | new body style | Ram 1500 tonneau cover | roll up tonneau cover | TC-RAM19-6.5-LRU+TBL-16W8P-01 | tonneau cover | truck accessories | truck bed cover | truck bed LED kit | truck bed lighting | vinyl tonneau cover | without rambox
2019-2026-dodge-ram-1500-6-5-tri-fold-tonneau-cover-w-led-lights,2019-2026 Dodge Ram 1500 6.4 ft Bed Hard Tri-Fold Tonneau Cover - Combo,tonneau cover - tri-fold,Combo,1,31,2019 | 2019 ram 1500 | 2020 | 2020 ram 1500 | 2021 | 2021 ram 1500 | 2022 | 2022 ram 1500 | 2023 | 2023 ram 1500 | 2024 | 2024 ram 1500 | 2025 | 2025 ram 1500 | 2026 | 2026 ram 1500 | 6.4 ft bed | bed cover | bed security | combo pack | dodge ram 1500 | hard tri-fold | LED bed lights | low profile | new body style | solid hard cover | TC-RAM19-6.5-LTH+TBL-16W8P-01 | tonneau cover | truck bed cover | truck bed LED | without rambox
1994-2002-dodge-ram-1500-2500-3500-roll-up-tonneau-cover-6-5-bed,1994-2002 Dodge Ram 1500/2500/3500 6.5 ft Bed Roll-Up Tonneau Cover,tonneau cover - lock & roll up,Tonneau Cover,0,24,1994 | 1994-2002 | 1995 | 1996 | 1997 | 1998 | 1999 | 2000 | 2001 | 2002 | 6.5 ft bed | bed cover | cargo protection | Dodge Ram | lock and roll up | Ram 1500 | Ram 2500 | Ram 3500 | roll-up tonneau cover | short bed | TC-RAM94-6.5-LRU | tonneau cover | truck bed cover | vinyl tonneau cover
94-02-dodge-ram-1500-2500-3500-6-5-tonneau-cover-led-lights,94-02 Dodge Ram 6.5 ft Bed Roll Up Tonneau Cover + LED Light Kit,tonneau cover - lock & roll up,Combo,0,18,1994-2002 | 6.5 ft bed | bed cover | combo kit | Dodge Ram | LED bed lights | Ram 1500 | Ram 2500 | Ram 3500 | roll up cover | roll up tonneau cover | short bed | TC-RAM94-6.5-LRU+TBL-16W8P-01 | tonneau cover | truck accessories | truck bed cover | truck bed lights | vinyl tonneau
1994-2001-dodge-ram-1500-2500-3500-6-5-bed-hard-tri-fold-cover,1994-2002 Dodge Ram 1500/2500/3500 6.5 ft Bed Tonneau Cover,tonneau cover - tri-fold,Tonneau Cover,1,25,1994 | 1994-2002 | 1995 | 1996 | 1997 | 1998 | 1999 | 2000 | 2001 | 2002 | 243314 | 6.5 ft bed | bed cover | Dodge Ram | hard tonneau cover | low profile | Ram 1500 | Ram 2500 | Ram 3500 | short bed | solid hard tri-fold | TC-RAM94-6.5-LTH | tonneau cover | tri-fold | truck bed cover
1994-2001-dodge-ram-1500-2500-3500-6-5-tri-fold-tonneau-cover-w-led,94-02 Dodge Ram 1500/2500/3500 6.5 ft Bed Tonneau Cover w/ LED,tonneau cover - tri-fold,Stehlen Auto,1,17,1994-2002 | 6.5 ft bed | bed LED lights | combo tonneau | Dodge Ram | hard tonneau cover | low profile | Ram 1500 | Ram 2500 | Ram 3500 | short bed | solid hard tri-fold | TC-RAM94-6.5-LTH+TBL-16W8P-01 | tonneau cover | tri-fold | truck bed cover | truck bed lights
2019-ford-ranger-5-bed-flush-roll-up-vinyl-tonneau-cover,2019-2023 Ford Ranger 5 ft Bed Flush Roll-Up Tonneau Cover,tonneau cover - lock & roll up,Spec-D,1,22,2019 | 2019 Ford Ranger | 2020 | 2020 Ford Ranger | 2021 | 2021 Ford Ranger | 2022 | 2022 Ford Ranger | 2023 | 2023 Ford Ranger | 5 ft bed | bed cover | cargo cover | flush roll-up | Ford Ranger | locking tonneau cover | roll-up tonneau cover | short bed | TC-RANG19-5-FRU2 | tonneau cover | truck bed cover | vinyl tonneau cover
2019-2024-ford-ranger-5-bed-roll-up-tonneau-cover-led-light-kit,2019-2023 Ford Ranger 5 ft Bed Roll-Up Tonneau Cover Combo w/ LED,tonneau cover - lock & roll up,Generic,1,27,2019 | 2019 Ford Ranger | 2020 | 2020 Ford Ranger | 2021 | 2021 Ford Ranger | 2022 | 2022 Ford Ranger | 2023 | 2023 Ford Ranger | 5 ft bed | bed cover | bed lighting | cargo cover | combo kit | flush roll-up | Ford Ranger | Ford Ranger accessories | LED pod lights | roll-up tonneau cover | short bed | TC-RANG19-5-FRU2+TBL-16W8P-01 | tonneau cover | truck accessories | truck bed cover | truck bed LED lights | vinyl tonneau cover
2019-ford-ranger-5ft-bed-hard-tri-fold-tonneau-cover-2433106,2019-2023 Ford Ranger 5 ft Bed Tonneau Cover - Hard Tri-Fold,tonneau cover - tri-fold,Spec-D,1,23,2019 | 2019 Ford Ranger | 2020 | 2020 Ford Ranger | 2021 | 2021 Ford Ranger | 2022 | 2022 Ford Ranger | 2023 | 2023 Ford Ranger | 5 ft bed | bed cover | cargo cover | Ford Ranger | hard tonneau cover | hard tri-fold | low profile | short bed | TC-RANG19-5-LTH | tonneau cover | tri-fold tonneau cover | truck accessories | truck bed cover
2019-2024-ford-ranger-5ft-bed-tri-fold-tonneau-cover-w-led-lights,2019-2023 Ford Ranger 5 ft Bed Tonneau Cover with LED Lights,tonneau cover - tri-fold,Stehlen Auto,1,26,2019 | 2019 Ranger | 2020 | 2020 Ranger | 2021 | 2021 Ranger | 2022 | 2022 Ranger | 2023 | 2023 Ranger | 5 ft bed | bed cover | bed LED lights | cargo cover | Ford accessories | Ford Ranger | hard tonneau | hard tri-fold | low profile | short bed | solid tri-fold | TC-RANG19-5-LTH+TBL-16W8P-01 | tonneau cover | tri-fold | truck bed cover | truck bed lights
2019-ford-ranger-6-bed-flush-roll-up-vinyl-tonneau-cover,2019-2023 Ford Ranger 6 ft Bed Flush Roll-Up Tonneau Cover,tonneau cover - lock & roll up,Spec-D,1,21,2019 | 2019 Ranger | 2020 | 2020 Ranger | 2021 | 2021 Ranger | 2022 | 2022 Ranger | 2023 | 2023 Ranger | 6 ft bed | bed cover | cargo protection | flush roll-up | Ford Ranger | locking tonneau cover | roll-up tonneau | TC-RANG19-6-FRU2 | tonneau cover | truck bed cover | vinyl tonneau
2019-2023-ford-ranger-6-bed-tonneau-cover-led-light-kit,2019-2023 Ford Ranger 6 ft Bed Roll-Up Tonneau Cover Combo w/ LED,tonneau cover - lock & roll up,Generic,1,24,2019 | 2019 Ranger | 2020 | 2020 Ranger | 2021 | 2021 Ranger | 2022 | 2022 Ranger | 2023 | 2023 Ranger | 6 ft bed | bed LED lights | bed lighting | cargo cover | combo kit | flush roll-up | Ford Ranger | LED pod lights | roll-up tonneau cover | TC-RANG19-6-FRU2+TBL-16W8P-01 | tonneau cover | truck bed cover | truck bed lights | vinyl tonneau cover
2019-ford-ranger-6ft-bed-hard-tri-fold-tonneau-cover-low-profile,2019-2023 Ford Ranger 6 ft Bed Tonneau Cover - Hard Tri-Fold,tonneau cover - tri-fold,Tonneau Cover,1,21,2019 | 2019 Ford Ranger | 2020 | 2020 Ford Ranger | 2021 | 2021 Ford Ranger | 2022 | 2022 Ford Ranger | 2023 | 2023 Ford Ranger | 6 ft bed | bed cover | cargo protection | Ford Ranger | hard tonneau cover | hard tri-fold | low profile tonneau | TC-RANG19-6-LTH | tonneau cover | tri-fold tonneau | truck bed cover
2019-2023-ford-ranger-6ft-bed-hard-tri-fold-tonneau-cover-w-led-lights,2019-2023 Ford Ranger 6 ft Bed Tonneau Cover w/ LED Lights Combo,tonneau cover - tri-fold,Generic,1,23,2019 | 2019 Ranger | 2020 | 2020 Ranger | 2021 | 2021 Ranger | 2022 | 2022 Ranger | 2023 | 2023 Ranger | 6 ft bed | bed cover | bed lights | combo | Ford Ranger | hard tonneau cover | LED truck bed lights | low profile | solid hard tri-fold | TC-RANG19-6-LTH+TBL-16W8P-01 | tonneau cover | tri-fold | truck bed cover
1993-2011-ford-ranger-6-bed-hard-tri-fold-tonneau-cover-243315,1983-2011 Ford Ranger 6 ft Bed Hard Tri-Fold Tonneau Cover,tonneau cover - tri-fold,Spec-D,1,46,1983 | 1984 | 1985 | 1986 | 1987 | 1988 | 1989 | 1990 | 1991 | 1992 | 1993 | 1994 | 1995 | 1996 | 1997 | 1998 | 1999 | 2000 | 2001 | 2002 | 2003 | 2004 | 2005 | 2006 | 2007 | 2008 | 2009 | 2010 | 2011 | 243315 | 6 ft bed | bed cover | Ford Ranger | hard cover | hard tri-fold | low profile | Mazda B2300 | Mazda B2500 | Mazda B3000 | Mazda B4000 | short bed | styleside | TC-RANG93-6-LTH | tonneau cover | tri-fold tonneau | truck bed cover
1993-2011-ford-ranger-6-bed-tri-fold-tonneau-cover-w-led-lights,1983-2011 Ford Ranger 6 ft Bed Tri-Fold Tonneau Cover with LED Lights,tonneau cover - tri-fold,Stehlen Auto,1,46,1983 | 1984 | 1985 | 1986 | 1987 | 1988 | 1989 | 1990 | 1991 | 1992 | 1993 | 1994 | 1995 | 1996 | 1997 | 1998 | 1999 | 2000 | 2001 | 2002 | 2003 | 2004 | 2005 | 2006 | 2007 | 2008 | 2009 | 2010 | 2011 | 6 ft bed | bed lights | cargo protection | Ford Ranger | hard tonneau cover | LED lights | low profile | Mazda B2300 | Mazda B2500 | Mazda B3000 | Mazda B4000 | styleside | TC-RANG93-6-LTH+TBL-16W8P-01 | tonneau cover | tri-fold | truck bed cover | truck bed LED
1983-2011-ford-ranger-mazda-b-series-6-roll-up-tonneau-cover,1983-2011 Ford Ranger 6 ft Bed Roll-Up Tonneau Cover,tonneau cover - lock & roll up,Tonneau Cover,1,45,1983 | 1984 | 1985 | 1986 | 1987 | 1988 | 1989 | 1990 | 1991 | 1992 | 1993 | 1994 | 1995 | 1996 | 1997 | 1998 | 1999 | 2000 | 2001 | 2002 | 2003 | 2004 | 2005 | 2006 | 2007 | 2008 | 2009 | 2010 | 2011 | 6 ft bed | bed cover | cargo protection | Ford Ranger | Mazda B2300 | Mazda B2500 | Mazda B3000 | Mazda B4000 | roll up bed cover | roll-up tonneau cover | short bed | TC-RANGER93-6-LRU | tonneau cover | truck accessories | truck bed cover | vinyl tonneau cover
roll-up-tonneau-cover-w-led-bed-lights-6-bed-ranger-b-series,1983-2011 Ford Ranger 6 ft Bed Roll-Up Tonneau Cover Combo w/ LED,tonneau cover - lock & roll up,Stehlen Auto,1,47,1983 | 1984 | 1985 | 1986 | 1987 | 1988 | 1989 | 1990 | 1991 | 1992 | 1993 | 1994 | 1995 | 1996 | 1997 | 1998 | 1999 | 2000 | 2001 | 2002 | 2003 | 2004 | 2005 | 2006 | 2007 | 2008 | 2009 | 2010 | 2011 | 6 ft bed | bed cover | bed lighting kit | combo kit | Ford Ranger | LED bed lights | Mazda B2300 | Mazda B2500 | Mazda B3000 | Mazda B4000 | roll up cover | roll-up tonneau | short bed | TC-RANGER93-6-LRU+TBL-16W8P-01 | tonneau cover | truck accessories | truck bed cover | vinyl tonneau
1982-1993-chevy-s10-gmc-s15-sonoma-6-bed-roll-up-tonneau-cover,1982-1993 Chevy/GMC S10/S15/Sonoma 6 ft Bed Tonneau Cover - Roll-Up,tonneau cover - lock & roll up,Stehlen Auto,1,32,1982 | 1982-1993 | 1983 | 1984 | 1985 | 1986 | 1987 | 1988 | 1989 | 1990 | 1991 | 1992 | 1993 | 503310 | 6 ft bed | Chevrolet S10 | extended cab | fleetside | GMC S15 | GMC Sonoma | roll up bed cover | roll-up tonneau cover | S10 bed cover | S10 tonneau cover | S15 tonneau cover | short bed | Sonoma tonneau cover | standard cab | TC-S1082-6-LRU | tonneau cover | truck bed cover | vinyl tonneau cover
82-93-chevy-s10-gmc-s15-sonoma-6-roll-up-tonneau-cover-led-kit,1982-1993 Chevy/GMC S10 S15 Sonoma 6 ft Bed Roll-Up Tonneau Cover,tonneau cover - lock & roll up,Stehlen Auto,1,39,1982 | 1982 S10 | 1983 | 1983 S10 | 1984 | 1984 S10 | 1985 | 1985 S10 | 1986 | 1986 S10 | 1987 | 1987 S10 | 1988 | 1988 S10 | 1989 | 1989 S10 | 1990 | 1990 S10 | 1991 | 1991 S10 | 1992 | 1992 S10 | 1993 | 1993 S10 | 6 ft bed | Chevrolet S10 | classic truck | compact truck | Fleetside | GMC S15 | GMC Sonoma | roll-up cover | roll-up tonneau cover | short bed | TC-S1082-6-LRU+TBL-16W8P-01 | tonneau cover | truck bed cover | truck bed protection | vinyl tonneau cover
1982-1993-chevy-s-10-gmc-sonoma-6-bed-hard-tri-fold-tonneau-cover,1982-1993 Chevrolet S10/GMC S15 6 ft Bed Hard Tri-Fold Tonneau Cover,tonneau cover - tri-fold,Stehlen Auto,1,27,1982 | 1982-1993 | 1983 | 1984 | 1985 | 1986 | 1987 | 1988 | 1989 | 1990 | 1991 | 1992 | 1993 | 6 ft bed | bed cover | cargo protection | Chevrolet S10 | fleetside | GMC S15 | GMC Sonoma | hard tri-fold | low profile | short bed | solid hard cover | TC-S1082-6-LTH | tonneau cover | truck bed cover
1982-1993-chevy-s10-gmc-s15-sonoma-6-tri-fold-tonneau-cover-w-led,1982-1993 Chevrolet S10 GMC S15 Sonoma 6 ft Bed Tri-Fold Tonneau Cover,tonneau cover - tri-fold,Stehlen Auto,1,31,1982 | 1982 Chevrolet S10 | 1983 | 1984 | 1985 | 1986 | 1987 | 1988 | 1989 | 1990 | 1991 | 1992 | 1993 | 1993 Chevrolet S10 | 6 ft bed | bed cover | compact truck | Fleetside bed | GMC S15 | GMC Sonoma | hard tonneau cover | hard tri-fold | low profile tonneau cover | S10 tonneau | S15 tonneau | short bed | Sonoma tonneau | TC-S1082-6-LTH+TBL-16W8P-01 | tonneau cover | tri-fold tonneau cover | truck bed cover
94-03-chevy-s10-gmc-sonoma-isuzu-hombre-6-tonneau-cover,1994-2003 Chevy S10/GMC Sonoma 6 ft Bed Tonneau Cover - Roll-Up,tonneau cover - lock & roll up,Tonneau Cover,1,25,1994 | 1995 | 1996 | 1997 | 1998 | 1999 | 2000 | 2001 | 2002 | 2003 | 6 ft bed | bed cover | Chevrolet S10 | fleetside | GMC Sonoma | hidden snap | Isuzu Hombre | roll-up tonneau cover | S10 accessories | soft tonneau cover | Sonoma accessories | TC-S1094-6-HSS | tonneau cover | truck bed cover | vinyl tonneau cover
94-03-chevy-s10-gmc-sonoma-6-tonneau-cover-led-bed-light-kit,1994-2003 Chevy S10/GMC Sonoma 6 ft Bed Soft Roll-Up Tonneau Cover,tonneau cover - lock & roll up,Stehlen Auto,1,36,1994 | 1994 S10 | 1995 | 1995 S10 | 1996 | 1996 S10 | 1997 | 1997 S10 | 1998 | 1998 S10 | 1999 | 1999 S10 | 2000 | 2000 S10 | 2001 | 2001 S10 | 2002 | 2002 S10 | 2003 | 2003 S10 | 6 ft bed | bed lighting kit | Chevrolet S10 | combo kit | Fleetside bed | GMC Sonoma | hidden snap tonneau cover | Isuzu Hombre | LED bed lighting | roll-up tonneau cover | soft tonneau cover | TC-S1094-6-HSS+TBL-16W8P-01 | tonneau cover | truck bed cover | truck bed LED lights | vinyl bed cover
1994-2003-gmc-sonoma-isuzu-hombre-6-roll-up-tonneau-cover,1994-2003 GMC Sonoma / Isuzu Hombre 6 ft Bed Roll-Up Tonneau Cover,tonneau cover - lock & roll up,TC,1,23,1994 | 1994-2003 | 1995 | 1996 | 1997 | 1998 | 1999 | 2000 | 2001 | 2002 | 2003 | 6 ft bed | bed protection | cargo cover | Fleetside | GMC Sonoma | Isuzu Hombre | lock and roll | roll-up tonneau cover | TC-S1094-6-LRU | tonneau cover | truck bed cover | vinyl tonneau cover
94-03-chevy-s10-gmc-sonoma-6-roll-up-tonneau-cover-led-lights,1994-2003 Chevy S10/GMC Sonoma 6 ft Bed Roll-Up Tonneau Cover,tonneau cover - lock & roll up,Stehlen Auto,1,27,1994 | 1994 1995 1996 1997 1998 1999 2000 2001 2002 2003 | 1995 | 1996 | 1997 | 1998 | 1999 | 2000 | 2001 | 2002 | 2003 | 6 ft bed | bed cover | Chevrolet S10 | combo kit | Fleetside bed | GMC Sonoma | Isuzu Hombre | LED bed lights | roll-up tonneau cover | S10 tonneau | Sonoma bed cover | TC-S1094-6-LRU+TBL-16W8P-01 | tonneau cover | truck bed cover | truck bed LED lights | vinyl tonneau cover
1994-2004-chevy-s10-gmc-sonoma-6ft-hard-tri-fold-tonneau-cover,1994-2003 Chevy S10 GMC Sonoma 6 ft Bed Tonneau Cover - Hard Tri-Fold,tonneau cover - tri-fold,Stehlen Auto,1,27,1994 | 1994-2003 | 1995 | 1996 | 1997 | 1998 | 1999 | 2000 | 2001 | 2002 | 2003 | 6 ft bed | bed cover | Chevrolet S10 | fleetside | GMC Sonoma | hard cover | hard tri-fold | Hombre tonneau | Isuzu Hombre | low profile | S10 tonneau | Sonoma tonneau | TC-S1094-6-LTH | tonneau cover | tri-fold tonneau | truck bed cover
1994-2004-chevy-s10-gmc-sonoma-6ft-tri-fold-tonneau-cover-w-led,1994-2003 Chevy S10/GMC Sonoma 6 ft Bed Hard Tri-Fold Tonneau Cover,tonneau cover - tri-fold,Stehlen Auto,1,25,1994 | 1994 1995 1996 1997 1998 1999 2000 2001 2002 2003 | 1995 | 1996 | 1997 | 1998 | 1999 | 2000 | 2001 | 2002 | 2003 | 6 ft bed | bed cover | bed LED lights | Chevrolet S10 | combo kit | fleetside | GMC Sonoma | hard tri-fold | Isuzu Hombre | LED bed lighting | low profile | TC-S1094-6-LTH+TBL-16W8P-01 | tonneau cover | truck bed cover
94-03-chevy-s10-gmc-sonoma-isuzu-hombre-6-tri-fold-tonneau-cover,1994-2003 Chevy S10 GMC Sonoma 6 ft Bed Tri-Fold Tonneau Cover,tonneau cover - tri-fold,TFS,1,25,1994 | 1994 1995 1996 1997 1998 1999 2000 2001 2002 2003 | 1995 | 1996 | 1997 | 1998 | 1999 | 2000 | 2001 | 2002 | 2003 | 6 ft bed | bed cover | cargo protection | Chevrolet S10 | fleetside | GMC Sonoma | Isuzu Hombre | short bed | TC-S1094-6-TFS | tonneau cover | tri fold | tri-fold tonneau cover | truck bed cover | vinyl tonneau cover
94-03-chevy-s10-gmc-sonoma-6-tri-fold-tonneau-cover-led-light-kit,1994-2003 Chevy S10/GMC Sonoma 6 ft Bed Tri-Fold Tonneau Cover Combo,tonneau cover - tri-fold,Stehlen Auto,1,26,1994 | 1994 1995 1996 1997 1998 1999 2000 2001 2002 2003 | 1995 | 1996 | 1997 | 1998 | 1999 | 2000 | 2001 | 2002 | 2003 | 6 ft bed | bed LED lights | Chevrolet S10 | combo kit | Fleetside | folding bed cover | GMC Sonoma | Isuzu Hombre | LED bed lighting | TC-S1094-6-TFS+TBL-16W8P-01 | tonneau cover | tri-fold | truck accessories | truck bed cover | vinyl tonneau cover
04-07-chevy-silverado-gmc-sierra-5-8-roll-up-tonneau-cover,2004-2007 Chevy/GMC Silverado/Sierra 5.8 ft Bed Roll-Up Tonneau Cover,tonneau cover - lock & roll up,Lund,1,31,2004 | 2004 Sierra | 2004 Silverado | 2005 | 2005 Sierra | 2005 Silverado | 2006 | 2006 Sierra | 2006 Silverado | 2007 | 2007 Sierra Classic | 2007 Silverado Classic | 5.8 ft bed | 503319 | bed protection | Chevrolet Silverado tonneau cover | fleetside | GMC Sierra tonneau cover | roll-up tonneau cover | short bed | Sierra 1500 | Sierra 2500 | Sierra 3500 | Silverado 1500 | Silverado 2500 | Silverado 3500 | TC-SIL04-5.8-LRU | tonneau cover | truck accessories | truck bed cover | vinyl tonneau cover
04-07-chevy-silverado-gmc-sierra-5-8-roll-up-tonneau-cover-led-kit,04-07 Silverado/Sierra 5.8 ft Bed Roll-Up Tonneau Cover w/ LED Lights,tonneau cover - lock & roll up,Combo,1,24,2004-2007 | 5.8 ft bed | bed cover | bed lighting kit | Chevrolet Silverado | Classic | crew cab | Fleetside | GMC Sierra | LED bed lights | lock and roll | roll-up tonneau | short bed | Sierra 1500 | Sierra 2500 | Sierra 3500 | Silverado 1500 | Silverado 2500 | Silverado 3500 | TC-SIL04-5.8-LRU+TBL-16W8P-01 | tonneau cover | truck bed cover | truck bed lights | vinyl tonneau
04-07-chevy-silverado-sierra-5-8-hard-tri-fold-tonneau-cover,2004-2007 Chevy Silverado GMC Sierra 5.8 ft Bed Tonneau Cover - Hard Tri-Fold,tonneau cover - tri-fold,Stehlen Auto,0,23,2004 | 2005 | 2006 | 2007 | 5.8 ft bed | bed cover | Chevrolet Silverado | fleetside | GMC Sierra | hard cover | hard tri-fold | low profile | short bed | Sierra 1500 | Sierra 2500 | Sierra 3500 | Silverado 1500 | Silverado 2500 | Silverado 3500 | TC-SIL04-5.8-LTH | tonneau cover | tri fold tonneau | truck bed cover
04-07-chevy-silverado-sierra-5-8-tri-fold-tonneau-cover-w-led-lights,04-07 Silverado/Sierra 5.8 ft Bed Tonneau Cover w/ LED Lights,tonneau cover - tri-fold,Stehlen Auto,0,24,1500 | 2004 | 2005 | 2006 | 2007 | 2500 | 3500 | 5.8 ft bed | bed cover | Chevrolet | Classic | Fleetside | GMC | hard tonneau cover | LED bed lights | low profile | short bed | Sierra | Silverado | TC-SIL04-5.8-LTH+TBL-16W8P-01 | tonneau cover | tri-fold | truck accessories | truck bed cover
07-14-silverado-sierra-5-8-bed-hidden-snap-tonneau-cover,2007-2014 Chevy/GMC Silverado/Sierra 5.8 ft Bed Tonneau Cover - Soft Roll-Up,tonneau cover - lock & roll up,Tonneau Cover,1,29,2007 | 2008 | 2009 | 2010 | 2011 | 2012 | 2013 | 2014 | 5.8 ft bed | bed protection | Chevrolet Silverado | GMC Sierra | hidden snap | roll-up tonneau cover | short bed | Sierra 1500 | Sierra 2500 HD | Sierra 3500 HD | Silverado 1500 | Silverado 2500 | Silverado 2500 HD | Silverado 3500 | Silverado 3500 HD | soft tonneau cover | TC-SIL07-5.8-HSS | tonneau cover | truck accessories | truck bed cover | vinyl tonneau cover
07-14-silverado-sierra-5-8-tonneau-cover-w-led-bed-lights,07-14 Silverado/Sierra 5.8 ft Bed Tonneau Cover w/ LED Lights,tonneau cover - hidden snap,Spec-D,1,24,2007-2014 | 5.8 ft bed | bed cover | Chevrolet Silverado | combo | GMC Sierra | hidden snap | LED bed lights | roll-up | short bed | Sierra 1500 | Sierra 2500 HD | Sierra 3500 HD | Silverado 1500 | Silverado 2500 | Silverado 2500 HD | Silverado 3500 | Silverado 3500 HD | soft tonneau | TC-SIL07-5.8-HSS+TBL-16W8P-01 | tonneau cover | truck accessories | truck bed lights | vinyl tonneau
07-14-chevy-silverado-gmc-sierra-5-8-roll-up-tonneau-cover,2007-2014 Chevy/GMC Silverado/Sierra 5.8 ft Bed Roll-Up Tonneau Cover,tonneau cover - lock & roll up,Stehlen Auto,1,30,2007 | 2007 2008 2009 2010 2011 2012 2013 2014 | 2008 | 2009 | 2010 | 2011 | 2012 | 2013 | 2014 | 5.8 ft bed | bed protection | Chevrolet Silverado tonneau cover | GMC Sierra tonneau cover | new body style | roll up bed cover | roll-up tonneau cover | short bed | Sierra 1500 | Sierra 2500 HD | Sierra 3500 HD | Silverado 1500 | Silverado 2500 | Silverado 2500 HD | Silverado 3500 | Silverado 3500 HD | TC-SIL07-5.8-LRU | tonneau cover | truck accessories | truck bed cover | vinyl tonneau cover
07-14-silverado-sierra-5-8-roll-up-tonneau-cover-w-led-lights,07-14 Silverado/Sierra 5.8 ft Bed Roll-Up Tonneau Cover w/ LED Kit,tonneau cover - lock & roll up,Spec-D,1,17,2007-2014 | 5.8 ft bed | bed lighting | Chevrolet | combo kit | GMC | LED bed lights | lock and roll | roll up | short bed | Sierra | Silverado | TC-SIL07-5.8-LRU+TBL-16W8P-01 | tonneau cover | truck accessories | truck bed cover | vinyl tonneau
2007-2013-chevy-silverado-5-8ft-bed-hard-tri-fold-tonneau-cover,07-14 Silverado/Sierra 5.8 ft Bed Hard Tri-Fold Tonneau Cover,tonneau cover - tri-fold,Tonneau Cover,1,22,2007-2014 | 5.8 ft bed | bed protection | Chevrolet Silverado | GMC Sierra | hard cover | hard tri-fold | low profile | short bed | Sierra 1500 | Sierra 2500 HD | Sierra 3500 HD | Silverado 1500 | Silverado 2500 | Silverado 2500 HD | Silverado 3500 | Silverado 3500 HD | TC-SIL07-5.8-LTH | tonneau cover | tri-fold bed cover | truck accessories | truck bed cover
07-13-chevy-silverado-5-8ft-tri-fold-tonneau-cover-w-led-lights,07-14 Silverado/Sierra 5.8 ft Bed Tri-Fold Tonneau Cover w/ LED,tonneau cover - tri-fold,Spec-D,1,24,2007-2014 | 5.8 ft bed | bed cover | bed lighting | Chevrolet Silverado | GMC Sierra | hard tonneau cover | LED bed lights | low profile | short bed | Sierra 1500 | Sierra 2500 HD | Sierra 3500 HD | Silverado 1500 | Silverado 2500 | Silverado 2500 HD | Silverado 3500 | Silverado 3500 HD | solid hard tri-fold | TC-SIL07-5.8-LTH+TBL-16W8P-01 | tonneau cover | tri-fold | truck accessories | truck bed cover
07-14-chevy-silverado-gmc-sierra-6-5-hidden-snap-tonneau-cover,2007-2014 Chevrolet/GMC Silverado/Sierra 6.5 ft Bed Tonneau Cover,tonneau cover - hidden snap,Stehlen Auto,1,33,2007 | 2007 2008 2009 2010 2011 2012 2013 2014 | 2008 | 2009 | 2010 | 2011 | 2012 | 2013 | 2014 | 403328 | 6.5 ft bed | bed cover | Chevrolet Silverado tonneau cover | crew cab | extended cab | GMC Sierra tonneau cover | hidden snap tonneau cover | roll-up tonneau cover | short bed | Sierra 1500 | Sierra 2500 HD | Sierra 3500 HD | Silverado 1500 | Silverado 2500 | Silverado 2500 HD | Silverado 3500 | Silverado 3500 HD | soft tonneau cover | standard cab | TC-SIL07-6.5-HSS | tonneau cover | truck bed cover | vinyl tonneau cover
07-14-silverado-sierra-6-5-tonneau-cover-led-bed-light-kit,07-14 Silverado/Sierra 6.5 ft Bed Tonneau Cover + LED Light Kit,tonneau cover - hidden snap,Spec-D,1,24,2007-2014 | 6.5 ft bed | bed cover | bed lighting | cargo cover | Chevrolet Silverado | combo kit | GMC Sierra | hidden snap | LED bed lights | short bed | Sierra 1500 | Sierra 2500 HD | Sierra 3500 HD | Silverado 1500 | Silverado 2500 | Silverado 2500 HD | Silverado 3500 | Silverado 3500 HD | soft roll-up | TC-SIL07-6.5-HSS+TBL-16W8P-01 | tonneau cover | truck bed lights | vinyl tonneau
07-14-chevy-silverado-gmc-sierra-6-5-roll-up-tonneau-cover,2007-2014 Chevy/GMC Silverado/Sierra 6.5 ft Bed Roll-Up Tonneau Cover,tonneau cover - lock & roll up,Stehlen Auto,1,30,2007 | 2007 2008 2009 2010 2011 2012 2013 2014 | 2008 | 2009 | 2010 | 2011 | 2012 | 2013 | 2014 | 503328 | 6.5 ft bed | 78 inch bed | bed protection | Chevrolet Silverado tonneau cover | GMC Sierra tonneau cover | roll-up tonneau cover | short bed | Sierra 1500 | Sierra 2500 HD | Sierra 3500 HD | Silverado 1500 | Silverado 2500 | Silverado 2500 HD | Silverado 3500 | Silverado 3500 HD | TC-SIL07-6.5-LRU | tonneau cover | truck accessories | truck bed cover | vinyl tonneau cover
07-14-silverado-sierra-6-5-roll-up-tonneau-cover-led-bed-lights,07-14 Silverado/Sierra 6.5 ft Bed Roll-Up Tonneau Cover w/ LED Kit,tonneau cover - lock & roll up,Spec-D,1,24,2007-2014 | 6.5 ft bed | bed cover | bed lighting | Chevrolet Silverado | combo kit | GMC Sierra | LED bed lights | roll up cover | roll up tonneau | short bed | Sierra 1500 | Sierra 2500 HD | Sierra 3500 HD | Silverado 1500 | Silverado 2500 | Silverado 2500 HD | Silverado 3500 | Silverado 3500 HD | TC-SIL07-6.5-LRU+TBL-16W8P-01 | tonneau cover | truck bed cover | truck bed LED | vinyl tonneau
2007-2013-chevy-silverado-6-5ft-low-profile-hard-tri-fold-tonneau-cover,07-14 Silverado Sierra 6.5 ft Bed Hard Tri-Fold Tonneau Cover,tonneau cover - tri-fold,Spec-D,1,22,2007-2014 | 243328 | 6.5 ft bed | bed cover | Chevrolet Silverado | GMC Sierra | hard tri-fold | low profile | short bed | Sierra 1500 | Sierra 2500 HD | Sierra 3500 HD | Silverado 1500 | Silverado 2500 | Silverado 2500 HD | Silverado 3500 | Silverado 3500 HD | solid hard | TC-SIL07-6.5-LTH | tonneau cover | tri-fold tonneau | truck bed cover
07-13-chevy-silverado-6-5ft-tri-fold-tonneau-cover-w-led-lights,07-14 Silverado/Sierra 6.5 ft Bed Tri-Fold Tonneau Cover + LED Kit,tonneau cover - tri-fold,Stehlen Auto,1,23,2007-2014 | 6.5 ft bed | bed cover | Chevrolet Silverado | combo | GMC Sierra | hard tonneau cover | hard tri-fold | LED bed lights | low profile | Sierra 1500 | Sierra 2500 HD | Sierra 3500 HD | Silverado 1500 | Silverado 2500 | Silverado 2500 HD | Silverado 3500 | Silverado 3500 HD | TC-SIL07-6.5-LTH+TBL-16W8P-01 | tonneau cover | tri-fold | truck bed cover | truck bed LED
2014-2018-chevy-silverado-gmc-sierra-5-8-flush-roll-up-tonneau-cover,2014-2018 Chevy Silverado/GMC Sierra 5.8 ft Bed Flush Roll-Up Tonneau Cover,tonneau cover - lock & roll up,Stehlen Auto,1,27,133360 | 2014 | 2014 Sierra tonneau | 2014 Silverado tonneau | 2015 | 2015 Sierra tonneau | 2015 Silverado tonneau | 2016 | 2016 Sierra tonneau | 2016 Silverado tonneau | 2017 | 2017 Sierra tonneau | 2017 Silverado tonneau | 2018 | 2018 Sierra tonneau | 2018 Silverado tonneau | 5.8 ft bed | Chevrolet Silverado 1500 | flush roll-up | GMC Sierra 1500 | roll-up tonneau cover | short bed | TC-SIL14-5.8-FRU2 | tonneau cover | truck bed cover | truck bed cover with lock | vinyl tonneau cover
2014-2018-chevy-silverado-gmc-sierra-5-8-tonneau-cover-led-kit,2014-2018 Silverado/Sierra 1500 5.8 ft Bed Tonneau Cover Combo,tonneau cover - lock & roll up,Generic,1,23,2014 | 2014-2018 | 2015 | 2016 | 2017 | 2018 | 5.8 ft bed | bed cover | bed lighting kit | Chevrolet Silverado 1500 | combo kit | flush roll-up | GMC Sierra | GMC Sierra 1500 | LED bed lights | locking tonneau cover | roll-up tonneau | short bed | TC-SIL14-5.8-FRU2+TBL-16W8P-01 | tonneau cover | truck accessories | truck bed cover | vinyl tonneau
2014-2018-gmc-sierra-5-8-roll-up-vinyl-tonneau-cover-503360,2014-2018 GMC Sierra 5.8 ft Bed Roll-Up Tonneau Cover - 503360,tonneau cover - lock & roll up,503360,1,19,2014 | 2014-2018 | 2015 | 2016 | 2017 | 2018 | 5.8 ft bed | bed cover | cargo protection | GMC Sierra | GMC Sierra 1500 | lock and roll up | roll-up tonneau cover | short bed | TC-SIL14-5.8-LRU | tonneau cover | truck accessories | truck bed cover | vinyl tonneau cover
2014-2018-gmc-sierra-5-8-roll-up-tonneau-cover-w-led-bed-lights,2014-2018 GMC Sierra 5.8 ft Bed Tonneau Cover & LED Light Kit,tonneau cover - lock & roll up,Generic,1,20,2014 | 2014-2018 | 2015 | 2016 | 2017 | 2018 | 5.8 ft bed | bed cover combo | bed LED lights | cargo cover | GMC Sierra | GMC Sierra 1500 | roll-up tonneau cover | short bed | TC-SIL14-5.8-LRU+TBL-16W8P-01 | tonneau cover | truck accessories | truck bed cover | truck bed lighting | vinyl tonneau cover
2014-2018-chevy-silverado-gmc-sierra-5-8ft-hard-tri-fold-tonneau,2014-2018 Chevrolet/GMC 5.8 ft Bed Hard Tri-Fold Tonneau Cover,tonneau cover - tri-fold,Stehlen Auto,1,27,2014 | 2014 Sierra | 2014 Silverado 1500 | 2015 | 2015 Sierra | 2015 Silverado 1500 | 2016 | 2016 Sierra | 2016 Silverado 1500 | 2017 | 2017 Sierra | 2017 Silverado 1500 | 2018 | 2018 Sierra | 2018 Silverado 1500 | 243360 | 5.8 ft bed cover | bed security | Chevrolet Silverado tonneau cover | GMC Sierra tonneau cover | hard folding cover | hard tri-fold | low profile | short bed tonneau | TC-SIL14-5.8-LTH | tonneau cover | truck bed cover
2014-2018-silverado-sierra-5-8ft-hard-tri-fold-tonneau-cover-led,2014-2018 Silverado/Sierra 1500 5.8 ft Bed Tonneau Cover w/ LED,tonneau cover - tri-fold,Generic,1,22,2014 | 2014-2018 | 2015 | 2016 | 2017 | 2018 | 5.8 ft bed | bed cover | bed lighting | cargo cover | Chevrolet Silverado 1500 | GMC Sierra 1500 | hard tonneau cover | hard tri-fold | low profile tonneau | short bed | solid tonneau | TC-SIL14-5.8-LTH+TBL-16W8P-01 | tonneau cover | tri-fold | truck bed cover | truck bed LED lights
2014-2018-chevy-silverado-gmc-sierra-5-8-tri-fold-tonneau-cover,2014-2018 Chevrolet/GMC Truck 5.8 ft Bed Tri-Fold Tonneau Cover,tonneau cover - tri-fold,Stehlen Auto,1,24,2014 | 2014 GMC Sierra tonneau | 2014 Silverado tonneau | 2015 | 2015 Silverado tonneau | 2016 | 2016 Silverado tonneau | 2017 | 2017 Silverado tonneau | 2018 | 2018 Silverado tonneau | 303360 | 5.8 ft bed | bed cover | Chevrolet Silverado 1500 | folding bed cover | GMC Sierra | GMC Sierra 1500 | short bed | TC-SIL14-5.8-TFS | tonneau cover | tri-fold tonneau cover | truck bed cover | vinyl tonneau cover
2014-2018-silverado-sierra-5-8-tri-fold-tonneau-cover-w-led-lights,2014-2018 Chevy/GMC 5.8 ft Bed Tri-Fold Tonneau Cover w/ LED Lights,tonneau cover - tri-fold,Stehlen Auto,1,26,2014 | 2014 2015 2016 2017 2018 | 2015 | 2016 | 2017 | 2018 | 5.8 ft bed | 8 pod LED | bed cover | bed LED lighting | Chevrolet Silverado 1500 | combo kit | crew cab | extended cab | GMC Sierra | GMC Sierra 1500 | LED truck bed lights | short bed | standard cab | TC-SIL14-5.8-TFS+TBL-16W8P-01 | tonneau cover | tri-fold tonneau cover | truck accessories | truck bed cover | truck bed light kit | vinyl tonneau cover
2014-2019-gmc-sierra-6-5-roll-up-vinyl-tonneau-cover-503361,2014-2019 GMC Sierra 6.5 ft Bed Roll-Up Tonneau Cover,tonneau cover - lock & roll up,Tonneau Cover,1,21,2014 | 2014-2019 | 2015 | 2016 | 2017 | 2018 | 2019 | 6.5 ft bed | bed cover | GMC Sierra | roll up cover | roll-up tonneau cover | short bed | Sierra 1500 | Sierra 1500 Limited | Sierra 2500 HD | Sierra 3500 HD | TC-SIL14-6.5-LRU | tonneau cover | truck bed cover | vinyl tonneau cover
2014-2019-gmc-sierra-6-5-roll-up-tonneau-cover-w-led-bed-lights,2014-2019 GMC Sierra 6.5 ft Bed Roll-Up Tonneau Cover w/ LED Lights,tonneau cover - lock & roll up,Generic,1,22,2014 | 2014-2019 | 2015 | 2016 | 2017 | 2018 | 2019 | 6.5 ft bed | bed lights | cargo cover | GMC Sierra | LED bed lights | roll-up tonneau | short bed | Sierra 1500 | Sierra 2500 HD | Sierra 3500 HD | TC-SIL14-6.5-LRU+TBL-16W8P-01 | tonneau cover | truck accessories | truck bed cover | vinyl tonneau
2014-2018-chevy-silverado-gmc-sierra-6-5ft-hard-tri-fold-tonneau,2014-2019 Chevrolet/GMC Silverado Sierra 6.5 ft Bed Hard Tri-Fold Tonneau Cover,tonneau cover - tri-fold,Stehlen Auto,1,25,2014 | 2015 | 2016 | 2017 | 2018 | 2019 | 6.5 ft bed | 78 inch bed | bed cover | cargo protection | Chevrolet Silverado | folding tonneau | GMC Sierra | hard panel cover | hard tri-fold | low profile | Sierra 1500 | Sierra 2500 | Sierra 3500 | Silverado 1500 | Silverado 2500 | Silverado 3500 | TC-SIL14-6.5-LTH | tonneau cover | truck bed cover
2014-2018-silverado-sierra-6-5ft-hard-tri-fold-tonneau-cover-w-led,14-19 Silverado/Sierra 6.5 ft Bed Tri-Fold Tonneau Cover + LED Kit,tonneau cover - tri-fold,Unbranded,1,20,2014-2019 | 6.5 ft bed | Chevrolet Silverado | combo kit | GMC Sierra | hard tonneau | hard tri-fold | LED bed lights | low profile | Sierra 1500 | Sierra 2500 | Sierra 3500 | Silverado 1500 | Silverado 2500 | Silverado 3500 | TC-SIL14-6.5-LTH+TBL-16W8P-01 | tonneau cover | tri-fold | truck bed cover | truck bed LED
2019-chevy-silverado-gmc-sierra-1500-5-8-flush-roll-up-tonneau-cover,2019-2026 Silverado/Sierra 1500 5.8 ft Bed Tonneau Cover,tonneau cover - lock & roll up,Tonneau Cover,1,23,2019 | 2019-2026 | 2020 | 2021 | 2022 | 2023 | 2024 | 2025 | 2026 | 5.8 ft bed | bed cover with lock | cargo protection | Chevrolet Silverado 1500 | flush roll-up | GMC Sierra 1500 | roll-up tonneau | short bed | Sierra 1500 Limited | Silverado 1500 LTD | TC-SIL19-5.8-FRU2 | tonneau cover | truck bed cover | vinyl tonneau cover
2019-chevy-silverado-gmc-sierra-1500-5-8-tonneau-cover-led-kit,2019-2026 Silverado/Sierra 1500 5.8 ft Bed Tonneau Cover & LED Kit,tonneau cover - lock & roll up,Generic,1,27,2019 | 2020 | 2021 | 2022 | 2023 | 2024 | 2025 | 2026 | 5.8 ft bed | bed cover | bed lighting | cargo cover | Chevrolet | combo kit | flush roll-up | GMC | LED bed lights | roll-up | short bed | Sierra 1500 | Sierra 1500 Limited | Silverado 1500 | Silverado 1500 LTD | TC-SIL19-5.8-FRU2+TBL-16W8P-01 | tonneau cover | truck bed lights | vinyl tonneau
2019-chevy-silverado-gmc-sierra-5-8ft-hard-tri-fold-tonneau-cover,2019-2026 Chevrolet Silverado 1500 5.8 ft Bed Hard Tri-Fold Tonneau Cover,tonneau cover - tri-fold,Stehlen Auto,1,25,2019 | 2020 | 2021 | 2022 | 2023 | 2024 | 2025 | 2026 | 5.8 ft bed | bed cover | Chevrolet Silverado 1500 | GMC Sierra 1500 | hard tri-fold | locking tonneau | low profile | new body style | no drill install | short bed | Sierra 1500 Limited | Silverado 1500 LTD | solid hard cover | TC-SIL19-5.8-LTH | tonneau cover | truck bed cover | weather protection
2019-chevy-silverado-gmc-sierra-5-8ft-tri-fold-tonneau-cover-w-led,2019-2026 Silverado/Sierra 1500 5.8 ft Bed Tonneau Cover w/ LED,tonneau cover - tri-fold,Stehlen Auto,1,24,2019 | 2020 | 2021 | 2022 | 2023 | 2024 | 2025 | 2026 | 5.8 ft bed | bed cover combo | bed lights | Chevrolet | GMC | hard tonneau | LED bed lights | low profile | short bed | Sierra 1500 | Silverado 1500 | TC-SIL19-5.8-LTH+TBL-16W8P-01 | tonneau cover | tri-fold | truck accessories | truck bed cover
2019-chevy-silverado-gmc-sierra-1500-6-5-flush-roll-up-tonneau-cover,2019-2026 Silverado/Sierra 1500 6.6 ft Bed Flush Roll-Up Tonneau Cover,tonneau cover - lock & roll up,AutoParts,1,24,2019 | 2019-2026 | 2020 | 2021 | 2022 | 2023 | 2024 | 2025 | 2026 | 6.6 ft bed | bed cover | cargo protection | Chevrolet Silverado 1500 | flush roll-up | GMC Sierra 1500 | locking tonneau | roll-up cover | Sierra 1500 Limited | Silverado 1500 LTD | standard bed | TC-SIL19-6.5-FRU2 | tonneau cover | truck bed cover | vinyl tonneau
2019-chevy-silverado-gmc-sierra-1500-6-5-tonneau-cover-led-kit,2019-2026 Silverado/Sierra 1500 6.6 ft Bed Roll-Up Tonneau Cover & LED Kit,tonneau cover - lock & roll up,Truck Accessories,1,28,2019 | 2019-2026 | 2020 | 2021 | 2022 | 2023 | 2024 | 2025 | 2026 | 6.6 ft bed | bed LED lights | Chevrolet | combo kit | flush roll-up | GMC | LED pod lights | roll-up tonneau | Sierra 1500 | Sierra 1500 Limited | Silverado 1500 | Silverado 1500 LTD | standard bed | TC-SIL19-6.5-FRU2+TBL-16W8P-01 | tonneau cover | truck accessories | truck bed cover | truck bed lighting | vinyl tonneau cover
2019-chevy-silverado-gmc-sierra-6-5ft-hard-tri-fold-tonneau-cover,2019-2026 Silverado/Sierra 1500 6.6 ft Bed Hard Tri-Fold Tonneau Cover,tonneau cover - tri-fold,Tonneau Cover,1,23,2019 | 2020 | 2021 | 2022 | 2023 | 2024 | 2025 | 2026 | 6.6 ft bed | cargo protection | Chevrolet Silverado 1500 | GMC Sierra 1500 | hard tonneau | low profile | no drill | Sierra 1500 Limited | Silverado 1500 LTD | solid hard tri-fold | standard bed | TC-SIL19-6.5-LTH | tonneau cover | tri-fold | truck bed cover
2019-chevy-silverado-gmc-sierra-6-5-tri-fold-tonneau-cover-w-led,2019-2026 Silverado/Sierra 1500 6.6 ft Bed Tri-Fold Tonneau Cover & LED Kit,tonneau cover - tri-fold,Combo,1,25,2019 | 2020 | 2021 | 2022 | 2023 | 2024 | 2025 | 2026 | 6.6 ft bed | bed lights | cargo light | Chevrolet | GMC | hard tonneau | LED bed lights | low profile | Sierra 1500 | Silverado 1500 | solid hard tri-fold | standard bed | TC-SIL19-6.5-LTH+TBL-16W8P-01 | tonneau cover | tri-fold | truck bed cover | truck bed LED
99-07-chevy-silverado-gmc-sierra-6-5-roll-up-tonneau-cover,1999-2007 Chevrolet/GMC Silverado/Sierra 6.5 ft Bed Roll-Up Tonneau Cover,tonneau cover - lock & roll up,Stehlen Auto,1,29,1999 | 1999-2007 sierra | 1999-2007 silverado | 2000 | 2001 | 2002 | 2003 | 2004 | 2005 | 2006 | 2007 | 503302 | 6.5 ft bed | chevy silverado tonneau | classic body style | fleetside | gmc sierra tonneau | roll up tonneau cover | short bed | sierra 1500 | sierra 2500 | sierra 3500 | silverado 1500 | silverado 2500 | silverado 3500 | TC-SIL99-6.5-LRU | tonneau cover | truck bed cover | vinyl tonneau cover
99-07-chevy-silverado-gmc-sierra-6-5-roll-up-tonneau-cover-w-led,99-07 Silverado/Sierra 6.5 ft Bed Roll-Up Tonneau Cover w/ LED Kit,tonneau cover - lock & roll up,Spec-D,1,19,1999-2007 | 6.5 ft bed | bed cover | bed lighting | Chevrolet Silverado | Fleetside | GMC Sierra | LED pod lights | roll-up | short bed | Sierra 1500 | Sierra 2500 | Silverado 1500 | Silverado 2500 | TC-SIL99-6.5-LRU+TBL-16W8P-01 | tonneau cover | truck accessories | truck bed LED lights | vinyl tonneau
2005-2015-toyota-tacoma-5-bed-roll-up-tonneau-cover-503322,2005-2015 Toyota Tacoma 5 ft Bed Roll-Up Tonneau Cover,tonneau cover - lock & roll up,Tonneau Cover,1,25,2005 | 2005-2015 Tacoma | 2006 | 2007 | 2008 | 2009 | 2010 | 2011 | 2012 | 2013 | 2014 | 2015 | 5 ft bed | cargo protection | lockable bed cover | roll up bed cover | roll-up tonneau cover | short bed | Tacoma accessories | TC-TACO05-5-LRU | tonneau cover | Toyota Tacoma | truck accessories | truck bed cover | vinyl tonneau
2005-2015-toyota-tacoma-6-bed-tri-fold-tonneau-cover-303345,2005-2015 Toyota Tacoma 6 ft Bed Tri-Fold Tonneau Cover,tonneau cover - tri-fold,Generic,1,24,2005 | 2005-2015 | 2006 | 2007 | 2008 | 2009 | 2010 | 2011 | 2012 | 2013 | 2014 | 2015 | 6 ft bed | bed cover | cargo cover | short bed | TC-TACO05-6-TFS | tonneau cover | Toyota accessories | Toyota Tacoma | tri-fold | truck accessories | truck bed cover | vinyl
05-15-toyota-tacoma-5-bed-tonneau-cover-led-light-kit-combo,2005-2015 Toyota Tacoma 5 ft Bed Roll-Up Tonneau Cover Combo w/ LED,tonneau cover - lock & roll up,Stehlen Auto,1,27,2005 | 2005-2015 | 2006 | 2007 | 2008 | 2009 | 2010 | 2011 | 2012 | 2013 | 2014 | 2015 | 5 ft bed | bed cover | bed lighting | cargo cover | combo kit | LED bed lights | roll-up tonneau | short bed | Tacoma accessories | TC-TACO05-5-LRU+TBL-16W8P-01 | tonneau cover | Toyota Tacoma | truck bed cover | truck bed lights | vinyl tonneau
2005-2015-toyota-tacoma-6-tri-fold-tonneau-cover-led-bed-lights,2005-2015 Toyota Tacoma 6 ft Bed Tri-Fold Tonneau Cover w/ LED Lights,tonneau cover - tri-fold,Truck Accessories,1,25,2005 | 2005-2015 | 2006 | 2007 | 2008 | 2009 | 2010 | 2011 | 2012 | 2013 | 2014 | 2015 | 6 ft bed | bed lighting | cargo cover | combo kit | LED bed lights | short bed | TC-TACO05-6-TFS+TBL-16W8P-01 | tonneau cover | Toyota Tacoma | tri-fold | truck accessories | truck bed cover | vinyl tonneau
2016-2023-toyota-tacoma-5-bed-soft-roll-up-tonneau-cover,2016-2023 Toyota Tacoma 5 ft Bed Soft Roll-Up Tonneau Cover,tonneau cover - lock & roll up,Toyota Tacoma Accessories,1,31,2016 | 2016 Tacoma | 2017 | 2017 Tacoma | 2018 | 2018 Tacoma | 2019 | 2019 Tacoma | 2020 | 2020 Tacoma | 2021 | 2021 Tacoma | 2022 | 2022 Tacoma | 2023 | 2023 Tacoma | 5 ft bed | 503348 | bed cover | cargo cover | roll up | roll-up tonneau cover | short bed | soft cover | soft tonneau cover | Tacoma tonneau cover | TC-TACO16-5-LRU | tonneau cover | Toyota Tacoma | truck bed cover | vinyl tonneau cover
2016-2023-toyota-tacoma-5-bed-tonneau-cover-led-light-combo,2016-2023 Toyota Tacoma 5 ft Bed Tonneau Cover & LED Light Combo,tonneau cover - lock & roll up,Specialty Automotive,1,31,2016 | 2016 Tacoma | 2017 | 2017 Tacoma | 2018 | 2018 Tacoma | 2019 | 2019 Tacoma | 2020 | 2020 Tacoma | 2021 | 2021 Tacoma | 2022 | 2022 Tacoma | 2023 | 2023 Tacoma | 5 ft bed | bed lights | combo kit | LED bed lights | roll up tonneau cover | short bed | soft tonneau cover | Tacoma tonneau cover | TC-TACO16-5-LRU+TBL-16W8P-01 | tonneau cover | Toyota Tacoma | truck accessories | truck bed cover | truck bed LED | vinyl tonneau cover
2016-toyota-tacoma-5ft-bed-hard-tri-fold-tonneau-cover-low-profile,2016-2023 Toyota Tacoma 5 ft Bed Hard Tri-Fold Tonneau Cover,tonneau cover - tri-fold,Tonneau Cover,1,27,2016 | 2016 Tacoma | 2017 | 2017 Tacoma | 2018 | 2018 Tacoma | 2019 | 2019 Tacoma | 2020 | 2020 Tacoma | 2021 | 2021 Tacoma | 2022 | 2022 Tacoma | 2023 | 2023 Tacoma | 5 ft bed | bed cover | hard tonneau | hard tri-fold | low profile | short bed | TC-TACO16-5-LTH | tonneau cover | Toyota Tacoma | tri-fold | truck bed cover
2016-2023-toyota-tacoma-5ft-bed-hard-tri-fold-tonneau-cover-led,2016-2023 Toyota Tacoma 5 ft Bed Tonneau Cover Combo w/ LED Lights,tonneau cover - tri-fold,Tacoma Accessories,1,24,2016 | 2016-2023 | 2017 | 2018 | 2019 | 2020 | 2021 | 2022 | 2023 | 5 ft bed | bed cover | bed lighting | hard tonneau | LED lights | low profile | short bed | solid hard tri-fold | Tacoma accessories | TC-TACO16-5-LTH+TBL-16W8P-01 | tonneau cover | Toyota Tacoma | tri-fold | truck bed cover combo | truck bed lights
2016-toyota-tacoma-6-bed-flush-roll-up-vinyl-tonneau-cover,2016-2023 Toyota Tacoma 6 ft Bed Flush Roll-Up Tonneau Cover,tonneau cover - lock & roll up,Tonneau Cover,1,28,2016 | 2016 Tacoma | 2017 | 2017 Tacoma | 2018 | 2018 Tacoma | 2019 | 2019 Tacoma | 2020 | 2020 Tacoma | 2021 | 2021 Tacoma | 2022 | 2022 Tacoma | 2023 | 2023 Tacoma | 6 ft bed | bed cover | cargo cover | flush roll-up | locking tonneau cover | roll-up tonneau | Tacoma tonneau cover | TC-TACO16-6-FRU2 | tonneau cover | Toyota Tacoma | truck bed cover | vinyl tonneau
2016-2024-toyota-tacoma-6-bed-roll-up-tonneau-cover-led-light-kit,2016-2023 Toyota Tacoma 6 ft Bed Tonneau Cover Combo w/ LED Lights,tonneau cover - lock & roll up,Tacoma Tonneau,1,30,2016 | 2016 Tacoma | 2017 | 2017 Tacoma | 2018 | 2018 Tacoma | 2019 | 2019 Tacoma | 2020 | 2020 Tacoma | 2021 | 2021 Tacoma | 2022 | 2022 Tacoma | 2023 | 2023 Tacoma | 6 ft bed | bed cover | bed lighting kit | combo | flush roll-up | LED bed lights | roll-up | TC-TACO16-6-FRU2+TBL-16W8P-01 | tonneau cover | Toyota accessories | Toyota Tacoma | truck bed cover | truck bed lights | vinyl tonneau
2016-2023-toyota-tacoma-6-bed-soft-roll-up-tonneau-cover,2016-2023 Toyota Tacoma 6 ft Bed Soft Roll-Up Tonneau Cover,tonneau cover - lock & roll up,HSS,1,27,2016 | 2016 Tacoma | 2017 | 2017 Tacoma | 2018 | 2018 Tacoma | 2019 | 2019 Tacoma | 2020 | 2020 Tacoma | 2021 | 2021 Tacoma | 2022 | 2022 Tacoma | 2023 | 2023 Tacoma | 6 ft bed | bed cover | hidden snap | roll-up cover | soft roll-up | TC-TACO16-6-HSS | tonneau cover | Toyota accessories | Toyota Tacoma | truck bed cover | vinyl tonneau
2016-2023-toyota-tacoma-6-bed-tonneau-cover-led-light-combo,2016-2023 Toyota Tacoma 6 ft Bed Tonneau Cover with LED Lights,tonneau cover - hidden snap,Tonneau Cover,1,24,2016 | 2016-2023 Tacoma | 2017 | 2018 | 2019 | 2020 | 2021 | 2022 | 2023 | 6 ft bed | bed cover | bed lighting | combo kit | hidden snap | LED bed lights | roll-up cover | soft roll-up | Tacoma accessories | TC-TACO16-6-HSS+TBL-16W8P-01 | tonneau cover | Toyota Tacoma | truck accessories | truck bed cover | vinyl tonneau
2016-2023-toyota-tacoma-6-bed-soft-roll-up-tonneau-cover-1,2016-2023 Toyota Tacoma 6 ft Bed Soft Roll-Up Tonneau Cover,tonneau cover - lock & roll up,Tonneau Cover,1,27,2016 | 2016 Tacoma | 2017 | 2017 Tacoma | 2018 | 2018 Tacoma | 2019 | 2019 Tacoma | 2020 | 2020 Tacoma | 2021 | 2021 Tacoma | 2022 | 2022 Tacoma | 2023 | 2023 Tacoma | 6 ft bed | bed cover | cargo cover | roll up | soft roll-up | TC-TACO16-6-LRU | tonneau cover | Toyota Tacoma | truck accessories | truck bed cover | vinyl tonneau
2016-2023-toyota-tacoma-6-bed-roll-up-tonneau-cover-w-led-lights,2016-2023 Toyota Tacoma 6 ft Bed Tonneau Cover & LED Light Kit,tonneau cover - lock & roll up,Combo,1,23,2016 | 2016-2023 | 2017 | 2018 | 2019 | 2020 | 2021 | 2022 | 2023 | 6 ft bed | bed lights | cargo cover | combo kit | LED bed lights | roll up tonneau | soft tonneau cover | Tacoma accessories | TC-TACO16-6-LRU+TBL-16W8P-01 | tonneau cover | Toyota Tacoma | truck bed cover | truck bed LED | vinyl tonneau
2024-toyota-tacoma-hidden-snap-tonneau-cover-5-bed,2024-2026 Toyota Tacoma 5 ft Bed Hidden Snap Tonneau Cover,tonneau cover - hidden snap,HSS,1,18,2024 | 2024 Tacoma | 2025 | 2025 Tacoma | 2026 | 2026 Tacoma | 5 ft bed | bed cover | cargo protection | hidden snap | short bed | snap cover | Tacoma accessories | TC-TACO24-5-HSS | tonneau cover | Toyota accessories | Toyota Tacoma | truck bed cover
2024-toyota-tacoma-low-profile-roll-up-tonneau-cover-5-bed,2024-2026 Toyota Tacoma 5 ft Bed Roll Up Tonneau Cover,tonneau cover - lock & roll up,Toyota Tacoma Accessories,0,19,2024 | 2024 Tacoma | 2025 | 2025 Tacoma | 2026 | 2026 Tacoma | 5 ft bed | bed protection | cargo cover | low profile tonneau cover | roll up bed cover | roll up tonneau cover | short bed | Tacoma accessories | TC-TACO24-5-LRU | tonneau cover | Toyota Tacoma | truck accessories | truck bed cover
2024-2025-toyota-tacoma-5-bed-low-profile-hard-tri-fold-cover,2024-2026 Toyota Tacoma 5 ft Bed Hard Tri-Fold Tonneau Cover,tonneau cover - tri-fold,LTH,1,17,2024 | 2024 Tacoma | 2025 | 2025 Tacoma | 2026 | 2026 Tacoma | 5 ft bed | bed cover | cargo protection | hard tri-fold | low profile | short bed | TC-TACO24-5-LTH | tonneau cover | Toyota Tacoma | tri-fold tonneau | truck bed cover
1989-2004-toyota-tacoma-pickup-6-bed-roll-up-tonneau-cover,1989-2004 Toyota Tacoma/Pickup 6 ft Bed Roll-Up Tonneau Cover,tonneau cover - lock & roll up,Tonneau Cover,0,30,1989 | 1989-1994 Pickup | 1990 | 1991 | 1992 | 1993 | 1994 | 1995 | 1995-2004 Tacoma | 1996 | 1997 | 1998 | 1999 | 2000 | 2001 | 2002 | 2003 | 2004 | 503313 | 6 ft bed | bed protection | roll up cover | roll-up tonneau cover | short bed | TC-TACO95-6-LRU | tonneau cover | Toyota Pickup | Toyota Tacoma | truck bed cover | vinyl tonneau cover
1989-2004-toyota-tacoma-pickup-6-roll-up-tonneau-cover-led-lights,1989-2004 Toyota Tacoma/Pickup 6 ft Bed Roll-Up Tonneau Cover Combo,tonneau cover - lock & roll up,Combo,0,32,1989 | 1989-1994 Pickup | 1990 | 1991 | 1992 | 1993 | 1994 | 1995 | 1995-2004 Tacoma | 1996 | 1997 | 1998 | 1999 | 2000 | 2001 | 2002 | 2003 | 2004 | 6 ft bed | bed lights | combo kit | LED bed lights | roll-up tonneau | short bed | TC-TACO95-6-LRU+TBL-16W8P-01 | tonneau cover | Toyota Pickup | Toyota Tacoma | truck accessories | truck bed cover | truck bed LED | vinyl tonneau cover
1995-2004-toyota-tacoma-6ft-bed-hard-tri-fold-tonneau-cover,1989-2004 Toyota Tacoma/Pickup 6 ft Bed Tonneau Cover - Hard Tri-Fold,tonneau cover - tri-fold,Toyota Tacoma Accessories,1,31,1989 | 1989-1994 Pickup | 1990 | 1991 | 1992 | 1993 | 1994 | 1995 | 1995-2004 Tacoma | 1996 | 1997 | 1998 | 1999 | 2000 | 2001 | 2002 | 2003 | 2004 | 6 ft bed | cargo protection | hard bed cover | hard tri-fold | low profile tonneau | short bed | solid tri-fold | TC-TACO95-6-LTH | tonneau cover | Toyota Pickup | Toyota Tacoma | tri-fold tonneau cover | truck bed cover
1995-2004-toyota-tacoma-6ft-bed-hard-tri-fold-tonneau-cover-w-led,1989-2004 Toyota Tacoma/Pickup 6 ft Bed Tri-Fold Tonneau Cover Combo,tonneau cover - tri-fold,Unbranded,1,33,1989 | 1989-2004 | 1990 | 1991 | 1992 | 1993 | 1994 | 1995 | 1996 | 1997 | 1998 | 1999 | 2000 | 2001 | 2002 | 2003 | 2004 | 6 ft bed | bed lighting kit | bed lights | cargo cover | hard tonneau | LED bed lights | low profile | short bed | solid hard tri-fold | TC-TACO95-6-LTH+TBL-16W8P-01 | tonneau cover | Toyota Pickup | Toyota Tacoma | tri-fold | truck accessories | truck bed cover
2004-2015-nissan-titan-5-5-roll-up-vinyl-tonneau-cover,2004-2015 Nissan Titan 5.5 ft Bed Roll-Up Tonneau Cover,tonneau cover - lock & roll up,Tonneau Cover,1,26,2004 | 2004-2015 Nissan Titan | 2005 | 2006 | 2007 | 2008 | 2009 | 2010 | 2011 | 2012 | 2013 | 2014 | 2015 | 5.5 ft bed | 503323 | bed cover | cargo protection | lock and roll | Nissan Titan | Nissan Titan accessories | roll-up tonneau cover | short bed | TC-TIT04-5.5-LRU | tonneau cover | truck bed cover | vinyl tonneau cover
04-15-nissan-titan-5-5-roll-up-tonneau-cover-w-led-bed-lights,2004-2015 Nissan Titan 5.5 ft Bed Roll-Up Tonneau Cover w/ LED Lights,tonneau cover - lock & roll up,Spec-D,1,28,2004 | 2004-2015 Nissan Titan | 2005 | 2006 | 2007 | 2008 | 2009 | 2010 | 2011 | 2012 | 2013 | 2014 | 2015 | 5.5 ft bed | bed illumination | bed LED lights | cargo cover | LED pod lights | lock and roll up | Nissan Titan | roll-up tonneau cover | short bed | TC-TIT04-5.5-LRU+TBL-16W8P-01 | Titan accessories | tonneau cover | truck bed cover | truck bed lights | vinyl tonneau cover
2004-2015-nissan-titan-5-5ft-hard-tri-fold-tonneau-cover,2004-2015 Nissan Titan 5.5 ft Bed Hard Tri-Fold Tonneau Cover,tonneau cover - tri-fold,Tonneau Cover,1,27,2004 | 2004-2015 Nissan Titan | 2005 | 2006 | 2007 | 2008 | 2009 | 2010 | 2011 | 2012 | 2013 | 2014 | 2015 | 243323 | 5.5 ft bed | bed cover | cargo protection | hard tri-fold | low profile | Nissan Titan | short bed | solid hard cover | TC-TIT04-5.5-LTH | Titan accessories | tonneau cover | tri-fold tonneau | truck bed cover
2004-2015-nissan-titan-5-5ft-tri-fold-tonneau-cover-w-led-lights,04-15 Nissan Titan 5.5 ft Bed Tri-Fold Tonneau Cover w/ LED Lights,tonneau cover - tri-fold,Spec-D,1,17,2004-2015 | 5.5 ft bed | bed LED lights | cargo light | combo kit | hard tonneau cover | LED light kit | low profile tonneau | Nissan Titan | short bed | TC-TIT04-5.5-LTH+TBL-16W8P-01 | Titan accessories | tonneau cover | tri-fold | truck accessories | truck bed cover | truck bed lights
2004-2015-nissan-titan-6-5-hidden-snap-soft-roll-up-tonneau-cover,2004-2015 Nissan Titan 6.5 ft Bed Tonneau Cover - Hidden Snap,tonneau cover - hidden snap,Hidden Snap,1,26,2004 | 2004-2015 | 2005 | 2006 | 2007 | 2008 | 2009 | 2010 | 2011 | 2012 | 2013 | 2014 | 2015 | 6.5 ft bed | bed cover | cargo protection | hidden snap | Nissan Titan | roll-up cover | short bed | soft roll-up | TC-TIT04-6.5-HSS | Titan accessories | tonneau cover | truck bed cover | vinyl tonneau
04-15-nissan-titan-6-5-tonneau-cover-led-bed-light-combo,2004-2015 Nissan Titan 6.5 ft Bed Tonneau Cover Combo w/ LED Lights,tonneau cover - hidden snap,TC,1,28,2004 | 2004-2015 | 2005 | 2006 | 2007 | 2008 | 2009 | 2010 | 2011 | 2012 | 2013 | 2014 | 2015 | 6.5 ft bed | bed cover | cargo protection | combo kit | hidden snap | LED bed lights | Nissan Titan | short bed | soft roll-up | TC-TIT04-6.5-HSS+TBL-16W8P-01 | tonneau cover | truck bed cover | truck bed lights | Utili-Track compatible | vinyl tonneau
2004-2015-nissan-titan-6-5-bed-roll-up-vinyl-tonneau-cover,2004-2015 Nissan Titan 6.5 ft Bed Roll-Up Tonneau Cover,tonneau cover - lock & roll up,Spec-D,1,25,2004 | 2004-2015 Nissan Titan | 2005 | 2006 | 2007 | 2008 | 2009 | 2010 | 2011 | 2012 | 2013 | 2014 | 2015 | 6.5 ft bed | bed cover | cargo protection | lock and roll | Nissan Titan | Nissan Titan accessories | roll-up tonneau cover | TC-TIT04-6.5-LRU | tonneau cover | truck accessories | truck bed cover | vinyl tonneau cover
2004-2015-nissan-titan-6-5-roll-up-tonneau-cover-w-led-bed-lights,2004-2015 Nissan Titan 6.5 ft Bed Roll-Up Tonneau Cover w/ LED Lights,tonneau cover - lock & roll up,TC,1,27,2004 | 2004-2015 Nissan Titan | 2005 | 2006 | 2007 | 2008 | 2009 | 2010 | 2011 | 2012 | 2013 | 2014 | 2015 | 6.5 ft bed | bed cover | bed lighting kit | cargo cover | LED bed lights | lock and roll-up | Nissan Titan | roll-up tonneau cover | TC-TIT04-6.5-LRU+TBL-16W8P-01 | tonneau cover | truck accessories | truck bed cover | truck bed LED lights | vinyl tonneau cover
2004-2015-nissan-titan-6-5ft-low-profile-hard-tri-fold-tonneau-cover,2004-2015 Nissan Titan 6.5 ft Bed Tonneau Cover - Hard Tri-Fold,tonneau cover - tri-fold,Spec-D,1,27,2004 | 2004-2015 | 2005 | 2006 | 2007 | 2008 | 2009 | 2010 | 2011 | 2012 | 2013 | 2014 | 2015 | 243324 | 6.5 ft bed | bed cover | cargo cover | hard tonneau | hard tri-fold | low profile | Nissan accessories | Nissan Titan | TC-TIT04-6.5-LTH | tonneau cover | tri-fold tonneau | truck accessories | truck bed cover
2004-2015-nissan-titan-6-5-hard-tri-fold-tonneau-cover-w-led,2004-2015 Nissan Titan 6.5 ft Bed Tonneau Cover with LED Lights,tonneau cover - tri-fold,Spec-D,1,28,2004 | 2004-2015 | 2005 | 2006 | 2007 | 2008 | 2009 | 2010 | 2011 | 2012 | 2013 | 2014 | 2015 | 6.5 ft bed | bed lighting kit | bed lights | cargo protection | hard tonneau | LED bed lights | low profile tonneau | Nissan Titan | Nissan Titan tonneau cover | TC-TIT04-6.5-LTH+TBL-16W8P-01 | tonneau cover | tri-fold | tri-fold tonneau cover | truck accessories | truck bed cover
2004-2015-nissan-titan-6-5-bed-soft-tri-fold-tonneau-cover,2004-2015 Nissan Titan 6.5 ft Bed Soft Tri-Fold Tonneau Cover,tonneau cover - tri-fold,Tonneau Cover,1,28,2004 | 2004-2015 | 2005 | 2006 | 2007 | 2008 | 2009 | 2010 | 2011 | 2012 | 2013 | 2014 | 2015 | 303324 | 6.5 ft bed | bed cover | cargo protection | Nissan accessories | Nissan Titan | no-drill install | short bed | soft tonneau cover | TC-TIT04-6.5-TFS | Titan accessories | tonneau cover | tri-fold | truck bed cover | weather resistant
2004-2015-nissan-titan-6-5-soft-tri-fold-tonneau-cover-w-led-kit,2004-2015 Nissan Titan 6.5 ft Bed Soft Tri-Fold Tonneau Cover Combo,tonneau cover - tri-fold,Spec-D,1,29,2004 | 2004-2015 | 2005 | 2006 | 2007 | 2008 | 2009 | 2010 | 2011 | 2012 | 2013 | 2014 | 2015 | 6.5 ft bed | bed cover | bed illumination | cargo cover | combo | LED bed lights | Nissan Titan | short bed | soft tri-fold | TC-TIT04-6.5-TFS+TBL-16W8P-01 | tonneau cover | tri-fold | truck accessories | truck bed cover | truck bed lights | Utili-Track compatible
2016-nissan-titan-5-5-bed-flush-roll-up-vinyl-tonneau-cover,2017-2024 Nissan Titan 5.5 ft Bed Flush Roll-Up Tonneau Cover,tonneau cover - lock & roll up,Nissan Titan Accessories,1,29,133334 | 2017 | 2017 Titan | 2018 | 2018 Titan | 2019 | 2019 Titan | 2020 | 2020 Titan | 2021 | 2021 Titan | 2022 | 2022 Titan | 2023 | 2023 Titan | 2024 | 2024 Titan | 5.5 ft bed | bed cover | cargo cover | flush roll-up | locking tonneau | Nissan Titan | roll-up tonneau | short bed | TC-TIT16-5.5-FRU2 | tonneau cover | truck bed cover | vinyl tonneau
2016-nissan-titan-5-5-flush-roll-up-tonneau-cover-w-led-lights,2017-2024 Nissan Titan 5.5 ft Bed Tonneau Cover Combo w/ LED Lights,tonneau cover - lock & roll up,Unbranded,1,30,2017 | 2017 Titan | 2018 | 2018 Titan | 2019 | 2019 Titan | 2020 | 2020 Titan | 2021 | 2021 Titan | 2022 | 2022 Titan | 2023 | 2023 Titan | 2024 | 2024 Titan | 5.5 ft bed | bed cover | cargo security | combo kit | flush roll-up | LED bed lights | Nissan Titan | roll-up tonneau | short bed | TC-TIT16-5.5-FRU2+TBL-16W8P-01 | tonneau cover | truck accessories | truck bed lights | vinyl tonneau cover
2017-2024-nissan-titan-5-5-soft-roll-up-tonneau-cover-503334,2017-2024 Nissan Titan 5.5 ft Bed Soft Roll-Up Tonneau Cover,tonneau cover - lock & roll up,Spec-D,1,28,2017 | 2017 Titan | 2018 | 2018 Titan | 2019 | 2019 Titan | 2020 | 2020 Titan | 2021 | 2021 Titan | 2022 | 2022 Titan | 2023 | 2023 Titan | 2024 | 2024 Titan | 5.5 ft bed | bed cover | cargo cover | Nissan Titan | roll up tonneau | short bed | soft roll-up | TC-TIT16-5.5-LRU | tonneau cover | truck accessories | truck bed cover | vinyl tonneau
2017-2024-nissan-titan-5-5-soft-roll-up-tonneau-cover-led-kit,2017-2024 Nissan Titan 5.5 ft Bed Soft Roll-Up Tonneau Cover Combo,tonneau cover - lock & roll up,Spec-D,1,25,2017 | 2017-2024 | 2018 | 2019 | 2020 | 2021 | 2022 | 2023 | 2024 | 5.5 ft bed | bed cover | bed LED lights | cargo cover | combo kit | LED light kit | Nissan accessories | Nissan Titan | roll-up cover | short bed | soft roll-up | TC-TIT16-5.5-LRU+TBL-16W8P-01 | tonneau cover | truck bed cover | truck bed lights | vinyl tonneau
2016-nissan-titan-5-5ft-bed-low-profile-hard-tri-fold-tonneau-cover,2017-2024 Nissan Titan 5.5 ft Bed Tonneau Cover - Hard Tri-Fold,tonneau cover - tri-fold,Tyger Auto,0,21,2017 | 2017-2024 Nissan Titan | 2018 | 2019 | 2020 | 2021 | 2022 | 2023 | 2024 | 5.5 ft bed | cargo protection | hard tonneau cover | hard tri-fold | low profile tonneau | Nissan Titan | short bed | TC-TIT16-5.5-LTH | Titan accessories | tonneau cover | tri-fold bed cover | truck bed cover
2016-nissan-titan-5-5ft-tonneau-cover-w-led-bed-lights-combo,2017-2024 Nissan Titan 5.5 ft Bed Tonneau Cover Combo w/ LED Lights,tonneau cover - tri-fold,Tyger Auto,0,25,2017 | 2017-2024 Nissan Titan | 2018 | 2019 | 2020 | 2021 | 2022 | 2023 | 2024 | 5.5 ft bed | bed cover | bed LED lights | cargo cover | hard tonneau cover | LED light kit | low profile | Nissan Titan | short bed | solid hard tri-fold | TC-TIT16-5.5-LTH+TBL-16W8P-01 | Titan accessories | tonneau cover | tri-fold | truck bed cover | truck bed lights
2017-2024-nissan-titan-5-5-soft-tri-fold-tonneau-cover-303334,2017-2024 Nissan Titan 5.5 ft Bed Soft Tri-Fold Tonneau Cover,tonneau cover - tri-fold,Spec-D,1,28,2017 | 2017 Titan | 2018 | 2018 Titan | 2019 | 2019 Titan | 2020 | 2020 Titan | 2021 | 2021 Titan | 2022 | 2022 Titan | 2023 | 2023 Titan | 2024 | 2024 Titan | 5.5 ft bed | bed protection | cargo cover | Nissan Titan | short bed | soft tonneau | TC-TIT16-5.5-TFS | tonneau cover | tri-fold | truck accessories | truck bed cover | vinyl tonneau cover
2017-2024-nissan-titan-5-5-tri-fold-tonneau-cover-led-light-kit,2017-2024 Nissan Titan 5.5 ft Bed Soft Tri-Fold Tonneau Cover Combo,tonneau cover - tri-fold,Spec-D,1,23,2017 | 2017-2024 | 2018 | 2019 | 2020 | 2021 | 2022 | 2023 | 2024 | 5.5 ft bed | bed cover | bed lighting kit | combo | LED bed lights | Nissan Titan | short bed | soft tonneau | TC-TIT16-5.5-TFS+TBL-16W8P-01 | tonneau cover | tri-fold | truck accessories | truck bed cover | vinyl tonneau
2016-2024-nissan-titan-6-5-soft-roll-up-tonneau-cover-503330,2016-2024 Nissan Titan 6.5 ft Bed Soft Roll-Up Tonneau Cover,tonneau cover - lock & roll up,Tonneau Cover,1,21,2016 | 2017 | 2018 | 2019 | 2020 | 2021 | 2022 | 2023 | 2024 | 503330 | 6.5 ft bed | bed cover | Nissan Titan | Nissan Titan XD | roll up | soft roll-up | TC-TIT16-6.5-LRU | tonneau cover | truck accessories | truck bed cover | vinyl tonneau
2016-2024-nissan-titan-6-5-soft-roll-up-cover-led-light-kit,2016-2024 Nissan Titan 6.5 ft Bed Soft Roll-Up Tonneau Cover Combo,tonneau cover - lock & roll up,Combo,1,24,2016 | 2017 | 2018 | 2019 | 2020 | 2021 | 2022 | 2023 | 2024 | 6.5 ft bed | bed cover | bed lighting | cargo cover | LED bed lights | Nissan Titan | Nissan Titan XD | roll-up tonneau | soft roll-up | TC-TIT16-6.5-LRU+TBL-16W8P-01 | tonneau cover | truck accessories | truck bed cover | truck bed lights | vinyl tonneau
2016-nissan-titan-6-5ft-bed-hard-tri-fold-tonneau-cover-243330,2016-2024 Nissan Titan 6.5 ft Bed Hard Tri-Fold Tonneau Cover,tonneau cover - tri-fold,Tyger Auto,1,22,2016 | 2016-2024 Titan | 2017 | 2018 | 2019 | 2020 | 2021 | 2022 | 2023 | 2024 | 6.5 ft bed | bed cover | hard tonneau cover | hard tri-fold | low profile tonneau | Nissan Titan | Nissan Titan XD | TC-TIT16-6.5-LTH | tonneau cover | tri-fold tonneau | truck accessories | truck bed cover
2016-nissan-titan-6-5-tonneau-cover-led-bed-light-combo-kit,2016-2024 Nissan Titan 6.5 ft Bed Tonneau Cover Combo w/ LED,tonneau cover - tri-fold,Nissan Titan Accessories,1,23,2016 | 2017 | 2018 | 2019 | 2020 | 2021 | 2022 | 2023 | 2024 | 6.5 ft bed | bed LED lights | combo kit | hard tonneau cover | hard tri-fold | LED light kit | low profile | Nissan Titan | Nissan Titan XD | TC-TIT16-6.5-LTH+TBL-16W8P-01 | tonneau cover | tri-fold | truck bed cover | truck bed lights
2000-2006-toyota-tundra-6-2-hard-tri-fold-tonneau-cover-243326,2000-2006 Toyota Tundra 6.2 ft Bed Tonneau Cover - Hard Tri-Fold,tonneau cover - tri-fold,Tonneau Cover,0,22,2000 | 2000-2006 Tundra | 2001 | 2002 | 2003 | 2004 | 2005 | 2006 | 243326 | 6.2 ft bed | cargo protection | Fleetside | hard tri-fold | low profile tonneau | short bed | solid hard cover | TC-TUN00-6.2-LTH | tonneau cover | Toyota Tundra | tri-fold bed cover | truck bed cover | Tundra bed cover
2000-2006-toyota-tundra-6-2ft-tri-fold-tonneau-cover-w-led-lights,2000-2006 Toyota Tundra 6.2 ft Bed Tonneau Cover with LED Lights,tonneau cover - tri-fold,Generic,0,23,2000 | 2000-2006 | 2001 | 2002 | 2003 | 2004 | 2005 | 2006 | 6.2 ft bed | 6.375 ft bed | bed lighting | cargo protection | combo kit | Fleetside | hard tonneau cover | low profile tonneau | short bed | TC-TUN00-6.2-LTH+TBL-16W8P-01 | tonneau cover | Toyota Tundra | tri-fold | truck bed cover | truck bed LED lights
2004-2006-toyota-tundra-6-5-bed-roll-up-tonneau-cover-503325,2004-2006 Toyota Tundra 6.2 ft Bed Roll-Up Tonneau Cover - 503325,tonneau cover - lock & roll up,503325,1,18,2004 | 2004 Tundra | 2005 | 2005 Tundra | 2006 | 2006 Tundra | 6.2 ft bed | bed protection | cargo cover | Fleetside | lock and roll | roll-up tonneau cover | short bed | TC-TUN04-6.5-LRU | tonneau cover | Toyota Tundra | truck bed cover | vinyl tonneau cover
2004-2006-toyota-tundra-roll-up-tonneau-cover-w-led-bed-lights,2004-2006 Toyota Tundra 6.2 ft Bed Roll-Up Tonneau Cover w/ LED Lights,tonneau cover - lock & roll up,Stehlen Auto,1,20,2004 | 2004 Tundra | 2005 | 2005 Tundra | 2006 | 2006 Tundra | 6.2 ft bed | bed cover combo | cargo lights | Fleetside | LED bed lighting | roll-up tonneau cover | short bed | TC-TUN04-6.5-LRU+TBL-16W8P-01 | tonneau cover | Toyota Tundra | truck accessories | truck bed cover | truck bed LED lights | vinyl tonneau cover
2007-2016-toyota-tundra-5-5-bed-soft-roll-up-tonneau-cover,2007-2016 Toyota Tundra 5.5 ft Bed Soft Roll-Up Tonneau Cover,tonneau cover - lock & roll up,Generic,1,25,2007 | 2007-2016 | 2008 | 2009 | 2010 | 2011 | 2012 | 2013 | 2014 | 2015 | 2016 | 5.5 ft bed | bed cover | cargo cover | Fleetside | hidden snap | short bed | soft roll-up | TC-TUN07-5.5-HSS | tonneau cover | Toyota Tundra | track system | truck bed cover | Tundra accessories | vinyl tonneau
07-16-toyota-tundra-5-5-bed-tonneau-cover-w-led-lights-kit,2007-2016 Toyota Tundra 5.5 ft Bed Tonneau Cover & LED Light Kit,tonneau cover - hidden snap,TC,1,28,2007 | 2007-2016 | 2008 | 2009 | 2010 | 2011 | 2012 | 2013 | 2014 | 2015 | 2016 | 5.5 ft bed | bed cover | bed lighting | cargo cover | combo kit | CrewMax | Fleetside | hidden snap | LED lights | roll-up | short bed | soft cover | TC-TUN07-5.5-HSS+TBL-16W8P-01 | tonneau cover | Toyota Tundra | truck accessories | truck bed lights
2007-2016-toyota-tundra-5-5-bed-roll-up-tonneau-cover-503337,2007-2016 Toyota Tundra 5.5 ft Bed Roll-Up Tonneau Cover,tonneau cover - lock & roll up,Tonneau Cover,1,24,2007 | 2007-2016 Tundra | 2008 | 2009 | 2010 | 2011 | 2012 | 2013 | 2014 | 2015 | 2016 | 5.5 ft bed | bed cover | cargo cover | Fleetside | lock and roll up | roll up tonneau cover | short bed | TC-TUN07-5.5-LRU | tonneau cover | Toyota Tundra | truck accessories | truck bed cover | vinyl tonneau cover
2007-2016-toyota-tundra-roll-up-tonneau-cover-w-led-bed-lights,2007-2016 Toyota Tundra 5.5 ft Bed Roll-Up Tonneau Cover w/ LED Lights,tonneau cover - lock & roll up,TC,1,26,2007 | 2007-2016 | 2008 | 2009 | 2010 | 2011 | 2012 | 2013 | 2014 | 2015 | 2016 | 5.5 ft bed | bed lighting kit | bed lights | cargo cover | CrewMax | Fleetside | LED truck bed lights | roll-up tonneau cover | short bed | TC-TUN07-5.5-LRU+TBL-16W8P-01 | tonneau cover | Toyota Tundra | truck accessories | truck bed cover | vinyl tonneau
2007-2013-toyota-tundra-5-5ft-bed-hard-tri-fold-tonneau-cover,2007-2016 Toyota Tundra 5.5 ft Bed Tonneau Cover - Hard Tri-Fold,tonneau cover - tri-fold,Tonneau Cover,1,24,2007 | 2007-2016 Tundra | 2008 | 2009 | 2010 | 2011 | 2012 | 2013 | 2014 | 2015 | 2016 | 243337 | 5.5 ft bed | cargo protection | Fleetside | hard cover | hard tri-fold | low profile | short bed | TC-TUN07-5.5-LTH | tonneau cover | Toyota Tundra | tri-fold tonneau | truck bed cover
2007-2013-toyota-tundra-5-5ft-bed-hard-tri-fold-tonneau-cover-leds,2007-2016 Toyota Tundra 5.5 ft Bed Tonneau Cover Combo w/ LED Lights,tonneau cover - tri-fold,Generic,1,27,2007 | 2007-2016 Tundra | 2008 | 2009 | 2010 | 2011 | 2012 | 2013 | 2014 | 2015 | 2016 | 5.5 ft bed | bed lights | cargo cover | Fleetside | hard tonneau | LED truck lights | low profile | short bed | solid hard tri-fold | TC-TUN07-5.5-LTH+TBL-16W8P-01 | tonneau cover | Toyota Tundra | tri-fold | truck bed cover | truck bed LED | Tundra accessories
2007-2016-toyota-tundra-5-5-bed-tri-fold-tonneau-cover-303337,2007-2016 Toyota Tundra 5.5 ft Bed Tri-Fold Tonneau Cover,tonneau cover - tri-fold,Tonneau Cover,1,25,2007 | 2007-2016 | 2008 | 2009 | 2010 | 2011 | 2012 | 2013 | 2014 | 2015 | 2016 | 303337 | 5.5 ft bed | bed cover | cargo cover | Fleetside | short bed | TC-TUN07-5.5-TFS | tonneau cover | Toyota Tundra | tri-fold | trifold | truck accessories | truck bed cover | vinyl tonneau
2007-2016-toyota-tundra-tri-fold-tonneau-cover-w-led-bed-lights,2007-2016 Toyota Tundra 5.5 ft Bed Tri-Fold Tonneau Cover Combo,tonneau cover - tri-fold,Combo,1,27,2007 | 2007-2016 | 2008 | 2009 | 2010 | 2011 | 2012 | 2013 | 2014 | 2015 | 2016 | 5.5 ft bed | bed cover | bed light kit | bed lighting | cargo cover | Crewmax | Fleetside | LED bed lights | short bed | TC-TUN07-5.5-TFS+TBL-16W8P-01 | tonneau cover | Toyota Tundra | tri-fold | truck accessories | truck bed cover | vinyl tonneau
2007-2016-toyota-tundra-6-5-bed-soft-roll-up-tonneau-cover,2007-2016 Toyota Tundra 6.5 ft Bed Soft Roll-Up Tonneau Cover,tonneau cover - lock & roll up,Tonneau Cover,1,23,2007 | 2007-2016 | 2008 | 2009 | 2010 | 2011 | 2012 | 2013 | 2014 | 2015 | 2016 | 6.5 ft bed | bed protection | Fleetside | hidden snap | roll up cover | soft roll-up | TC-TUN07-6.5-HSS | tonneau cover | Toyota Tundra | track system | truck bed cover | vinyl bed cover
2007-2016-toyota-tundra-6-5-tonneau-cover-led-bed-light-kit,2007-2016 Toyota Tundra 6.5 ft Bed Tonneau Cover & LED Light Kit,tonneau cover - hidden snap,Generic,1,26,2007 | 2007-2016 | 2008 | 2009 | 2010 | 2011 | 2012 | 2013 | 2014 | 2015 | 2016 | 6.5 ft bed | bed cover | bed lighting kit | cargo protection | Fleetside | hidden snap | LED bed lights | roll-up | soft cover | TC-TUN07-6.5-HSS+TBL-16W8P-01 | tonneau cover | Toyota Tundra | truck accessories | truck bed lights | vinyl tonneau
2007-2016-toyota-tundra-6-5-bed-roll-up-vinyl-tonneau-cover,2007-2016 Toyota Tundra 6.5 ft Bed Roll-Up Tonneau Cover,tonneau cover - lock & roll up,Generic,1,23,2007 | 2007-2016 Tundra | 2008 | 2009 | 2010 | 2011 | 2012 | 2013 | 2014 | 2015 | 2016 | 6.5 ft bed | bed cover | cargo protection | Fleetside | lock and roll | roll-up tonneau | TC-TUN07-6.5-LRU | tonneau cover | Toyota Tundra | truck accessories | truck bed cover | vinyl tonneau cover
07-16-toyota-tundra-6-5-roll-up-tonneau-cover-led-bed-lights,2007-2016 Toyota Tundra 6.5 ft Bed Roll-Up Tonneau Cover w/ LED Lights,tonneau cover - lock & roll up,Combo,1,25,2007 | 2007-2016 Tundra | 2008 | 2009 | 2010 | 2011 | 2012 | 2013 | 2014 | 2015 | 2016 | 6.5 ft bed | bed lights | cargo cover | Fleetside | LED bed lights | lock and roll | roll-up tonneau | TC-TUN07-6.5-LRU+TBL-16W8P-01 | tonneau cover | tonneau cover combo | Toyota Tundra | truck bed cover | truck bed LED | vinyl tonneau
2007-2013-toyota-tundra-6-5-ft-bed-hard-tri-fold-tonneau-cover,2007-2016 Toyota Tundra 6.5 ft Bed Tonneau Cover - Hard Tri-Fold,tonneau cover - tri-fold,Tonneau Cover,1,26,2007 | 2007-2016 Tundra | 2008 | 2009 | 2010 | 2011 | 2012 | 2013 | 2014 | 2015 | 2016 | 6.5 ft bed | bed cover | cargo protection | Fleetside | hard tri-fold | low profile tonneau | solid hard cover | TC-TUN07-6.5-LTH | tonneau cover | Toyota accessories | Toyota Tundra | track system | tri-fold tonneau | truck bed cover | Tundra accessories
2007-2013-toyota-tundra-6-5ft-tri-fold-tonneau-cover-w-led-lights,2007-2016 Toyota Tundra 6.5 ft Bed Tonneau Cover Combo w/ LED Lights,tonneau cover - tri-fold,Generic,1,26,2007 | 2007-2016 | 2008 | 2009 | 2010 | 2011 | 2012 | 2013 | 2014 | 2015 | 2016 | 6.5 ft bed | bed LED lights | cargo protection | combo kit | Fleetside | hard tonneau cover | LED pod lights | low profile | TC-TUN07-6.5-LTH+TBL-16W8P-01 | tonneau cover | Toyota Tundra | tri-fold | truck accessories | truck bed cover | truck bed lighting
2014-2021-toyota-tundra-5-5-bed-soft-roll-up-tonneau-cover,2014-2021 Toyota Tundra 5.5 ft Bed Tonneau Cover - Hidden Snap,tonneau cover - hidden snap,Hidden Snap,1,23,2014 | 2014-2021 | 2015 | 2016 | 2017 | 2018 | 2019 | 2020 | 2021 | 5.5 ft bed | bed cover | cargo cover | hidden snap | roll up cover | short bed | soft roll-up | TC-TUN14-5.5-HSS | tonneau cover | Toyota accessories | Toyota Tundra | truck bed cover | vinyl tonneau | weather protection
2014-2021-toyota-tundra-5-5-bed-tonneau-cover-w-led-lights,2014-2021 Toyota Tundra 5.5 ft Bed Tonneau Cover & LED Light Kit,tonneau cover - hidden snap,Generic,1,24,2014 | 2014-2021 | 2015 | 2016 | 2017 | 2018 | 2019 | 2020 | 2021 | 5.5 ft bed | bed LED lights | cargo light | combo kit | CrewMax | hidden snap | LED pod lights | short bed | soft roll-up | TC-TUN14-5.5-HSS+TBL-16W8P-01 | tonneau cover | Toyota Tundra | truck bed cover | truck bed lights | vinyl tonneau
2014-2021-toyota-tundra-5-5-bed-roll-up-tonneau-cover-503364,2014-2021 Toyota Tundra 5.5 ft Bed Roll-Up Tonneau Cover,tonneau cover - lock & roll up,Tonneau Cover,1,22,2014 | 2014-2021 Tundra | 2015 | 2016 | 2017 | 2018 | 2019 | 2020 | 2021 | 5.5 ft bed | cargo cover | lock and roll | roll up bed cover | roll up tonneau cover | short bed | TC-TUN14-5.5-LRU | tonneau cover | Toyota Tundra | truck accessories | truck bed cover | Tundra bed cover | vinyl tonneau cover
2014-2021-toyota-tundra-5-5-roll-up-tonneau-cover-led-light-kit,2014-2021 Toyota Tundra 5.5 ft Bed Roll-Up Tonneau Cover w/ LED Lights,tonneau cover - lock & roll up,Truck Accessories,1,23,2014 | 2014-2021 | 2015 | 2016 | 2017 | 2018 | 2019 | 2020 | 2021 | 5.5 ft bed | bed cover | bed illumination | CrewMax | LED bed lights | roll up cover | roll-up tonneau | short bed | TC-TUN14-5.5-LRU+TBL-16W8P-01 | tonneau cover | Toyota Tundra | truck accessories | truck bed lights | vinyl tonneau
2014-toyota-tundra-5-5ft-bed-hard-tri-fold-tonneau-cover-243364,2014-2021 Toyota Tundra 5.5 ft Bed Tonneau Cover - Hard Tri-Fold,tonneau cover - tri-fold,Tonneau Cover,1,21,2014 | 2014-2021 Tundra | 2015 | 2016 | 2017 | 2018 | 2019 | 2020 | 2021 | 5.5 ft bed | cargo protection | hard tonneau | hard tri-fold | low profile | short bed | TC-TUN14-5.5-LTH | tonneau cover | Toyota accessories | Toyota Tundra | tri-fold bed cover | truck bed cover
2014-2021-toyota-tundra-5-5-bed-tri-fold-tonneau-cover-w-led-lights,2004-2021 Toyota Tundra 5.5 ft Bed Tonneau Cover Combo w/ LED Lights,tonneau cover - tri-fold,Stehlen Auto,1,34,2004 | 2004-2021 | 2005 | 2006 | 2007 | 2008 | 2009 | 2010 | 2011 | 2012 | 2013 | 2014 | 2015 | 2016 | 2017 | 2018 | 2019 | 2020 | 2021 | 5.5 ft bed | bed lighting | cargo cover | hard tonneau cover | LED pod lights | low profile | short bed | solid hard tri-fold | TC-TUN14-5.5-LTH+TBL-16W8P-01 | tonneau cover | Toyota Tundra | tri-fold | truck accessories | truck bed cover | truck bed LED lights
2014-2021-toyota-tundra-6-5-bed-soft-roll-up-tonneau-cover,2014-2021 Toyota Tundra 6.5 ft Bed Tonneau Cover - Hidden Snap,tonneau cover - hidden snap,Tonno Pro,1,21,2014 | 2014-2021 | 2015 | 2016 | 2017 | 2018 | 2019 | 2020 | 2021 | 6.5 ft bed | bed cover | cargo protection | hidden snap | roll up cover | soft roll-up | TC-TUN14-6.5-HSS | tonneau cover | Toyota Tundra | truck bed cover | Tundra accessories | vinyl tonneau
2014-2021-toyota-tundra-6-5-tonneau-cover-w-led-bed-lights,2014-2021 Toyota Tundra 6.5 ft Bed Tonneau Cover & LED Light Kit,tonneau cover - hidden snap,Unbranded,1,23,2014 | 2014-2021 | 2015 | 2016 | 2017 | 2018 | 2019 | 2020 | 2021 | 6.5 ft bed | bed cover | cargo light | combo kit | hidden snap | LED light kit | soft roll-up | TC-TUN14-6.5-HSS+TBL-16W8P-01 | tonneau cover | Toyota Tundra | truck bed cover | truck bed LED lights | Tundra accessories | vinyl tonneau
2014-2021-toyota-tundra-6-5-bed-roll-up-tonneau-cover-503365,2014-2021 Toyota Tundra 6.5 ft Bed Roll-Up Tonneau Cover,tonneau cover - lock & roll up,Spec-D,1,20,2014 | 2014-2021 Tundra | 2015 | 2016 | 2017 | 2018 | 2019 | 2020 | 2021 | 6.5 ft bed | bed cover | cargo protection | lock and roll up | roll-up tonneau cover | TC-TUN14-6.5-LRU | tonneau cover | Toyota Tundra | truck accessories | truck bed cover | vinyl tonneau cover
2014-2021-toyota-tundra-6-5-roll-up-tonneau-cover-w-led-lights,2014-2021 Toyota Tundra 6.5 ft Bed Roll-Up Tonneau Cover Combo,tonneau cover - lock & roll up,Spec-D,1,30,2014 | 2014 Tundra | 2015 | 2015 Tundra | 2016 | 2016 Tundra | 2017 | 2017 Tundra | 2018 | 2018 Tundra | 2019 | 2019 Tundra | 2020 | 2020 Tundra | 2021 | 2021 Tundra | 6.5 ft bed | bed cover | bed lighting | combo tonneau | LED bed lights | lock and roll | roll-up tonneau | TC-TUN14-6.5-LRU+TBL-16W8P-01 | tonneau cover | Toyota Tundra | truck bed cover | truck bed lights | Tundra tonneau cover | vinyl tonneau
2014-toyota-tundra-6-5ft-bed-hard-tri-fold-tonneau-cover-243365,2014-2021 Toyota Tundra 6.5 ft Bed Hard Tri-Fold Tonneau Cover,tonneau cover - tri-fold,Generic,1,22,2014 | 2014-2021 | 2015 | 2016 | 2017 | 2018 | 2019 | 2020 | 2021 | 6.5 ft bed | bed cover | hard tonneau cover | low profile | solid hard tri-fold | TC-TUN14-6.5-LTH | tonneau cover | Toyota accessories | Toyota Tundra | tri-fold | truck accessories | truck bed cover | Tundra bed cover
2014-toyota-tundra-6-5-bed-low-profile-hard-tri-fold-tonneau-cover-w-led,2004-2021 Toyota Tundra 6.5 ft Bed Tri-Fold Tonneau Cover with LED,tonneau cover - tri-fold,TC,1,35,2004 | 2004-2021 | 2005 | 2006 | 2007 | 2008 | 2009 | 2010 | 2011 | 2012 | 2013 | 2014 | 2015 | 2016 | 2017 | 2018 | 2019 | 2020 | 2021 | 6.5 ft bed | bed LED lights | combo | hard tonneau cover | LED lighting | low profile | solid hard tri-fold | TC-TUN14-6.5-LTH+TBL-16W8P-01 | tonneau cover | Toyota | Toyota Tundra | tri-fold | truck bed cover | truck bed lights | Tundra | without utility track
2014-2021-toyota-tundra-6-5-bed-soft-tri-fold-tonneau-cover,2014-2021 Toyota Tundra 6.5 ft Bed Soft Tri-Fold Tonneau Cover,tonneau cover - tri-fold,Tonno Pro,1,22,2014 | 2014-2021 | 2015 | 2016 | 2017 | 2018 | 2019 | 2020 | 2021 | 303365 | 6.5 ft bed | bed cover | cargo protection | clamp-on | no drill | soft tonneau cover | TC-TUN14-6.5-TFS | tonneau cover | Toyota Tundra | tri-fold | truck bed cover | Tundra accessories
2014-2021-toyota-tundra-6-5-soft-tri-fold-tonneau-cover-w-led-lights,2014-2021 Toyota Tundra 6.5 ft Bed Tri-Fold Tonneau Cover w/ LED Kit,tonneau cover - tri-fold,TC,1,22,2014 | 2014-2021 | 2015 | 2016 | 2017 | 2018 | 2019 | 2020 | 2021 | 6.5 ft bed | bed LED lights | cargo protection | combo kit | LED pod lights | soft tonneau | TC-TUN14-6.5-TFS+TBL-16W8P-01 | tonneau cover | Toyota Tundra | tri-fold | truck accessories | truck bed cover | truck bed lighting
2022-2025-toyota-tundra-5-5-bed-tonneau-cover-led-light-kit,2022-2026 Toyota Tundra 5.5 ft Bed Tonneau Cover Combo w/ LED Lights,tonneau cover - tri-fold,AutoParts,1,24,2022 | 2022 Tundra | 2023 | 2023 Tundra | 2024 | 2024 Tundra | 2025 | 2025 Tundra | 2026 | 2026 Tundra | 5.5 ft bed | bed LED lights | combo kit | hard tonneau cover | low profile tonneau cover | short bed | TC-TUN22-5.5-LTH+TBL-16W8P-01 | tonneau cover | Toyota Tundra | tri-fold tonneau cover | truck accessories | truck bed cover | truck bed lights | Tundra accessories
2008-2017-buick-enclave-chevy-traverse-class-3-hitch-kit-curt,2008-2017 Buick Enclave & Chevy Traverse Class 3 Trailer Hitch - CURT,trailer hitch kit,CURT,0,23,2 inch receiver | 2008 | 2009 | 2010 | 2011 | 2012 | 2013 | 2014 | 2015 | 2016 | 2017 | ball mount | black hitch | Buick Enclave | Chevrolet Traverse | class 3 hitch | CURT | hitch combo | loaded ball mount | TH-ACAD07-C424+TH-BMOUNT-L2 | towing | trailer ball | trailer hitch
04-15-nissan-armada-infiniti-qx56-trailer-hitch-kit-curt,04-15 Nissan Armada Infiniti QX56 Trailer Hitch Kit - CURT,trailer hitch kit,CURT,0,31,2004-2015 | 45034 | ball mount | category:Trailer Hitches | class 3 hitch | combo hitch | CURT | hitch kit | Infiniti QX56 | loaded ball mount | make:Infiniti | make:Nissan | model:Armada | Nissan Armada | Nissan Pathfinder Armada | receiver hitch | TH-ARM04-C188+TH-BMOUNT-L2 | towing | trailer hitch | year:2004 | year:2005 | year:2006 | year:2007 | year:2008 | year:2009 | year:2010 | year:2011 | year:2012 | year:2013 | year:2014 | year:2015
1988-2000-gmc-c-k-series-class-4-trailer-hitch-w-ball-mount,1988-2000 GMC C/K Series Class 4 Trailer Hitch w/ Ball Mount,trailer hitch kit,CURT,0,49,1-7/8 trailer ball | 1988 | 1988-2000 | 1989 | 1990 | 1991 | 1992 | 1993 | 1994 | 1995 | 1996 | 1997 | 1998 | 1999 | 2 inch drop | 2000 | 45034 | ball mount | C/K Series | C1500 | C2500 | C3500 | category:Trailer Hitches | Class 4 | CURT | GMC | hitch combo | K1500 | K2500 | K3500 | loaded ball mount | make:GMC | model:C/K Series | pin and clip | Sierra | TH-C1088-D081+TH-BMOUNT-L2 | towing | trailer hitch | year:1990 | year:1991 | year:1992 | year:1993 | year:1994 | year:1995 | year:1996 | year:1997 | year:1998 | year:1999 | year:2000
04-07-chrysler-town-country-class-3-trailer-hitch-ball-mount-curt,04-07 Chrysler Town & Country Class 3 Trailer Hitch + Ball Mount - CURT,trailer hitch kit,CURT,0,27,2 inch receiver | 2004 | 2005 | 2006 | 2007 | 45034 | ball mount | category:Trailer Hitches | Chrysler | Class 3 | CURT | hitch combo | hitch kit | loaded ball mount | make:Chrysler | model:Town & Country | pin and clip | Stow-n-Go | TH-CARA04-C389+TH-BMOUNT-L2 | towing | Town & Country | trailer ball | trailer hitch | year:2004 | year:2005 | year:2006 | year:2007
curt-class-3-trailer-hitch-ball-mount-combo-town-country,CURT Class 3 Trailer Hitch & Ball Mount Combo - Town & Country,trailer hitch kit,CURT,0,19,1-7/8 trailer ball | 2 inch receiver | 45034 | ball mount | black | category:Trailer Hitches | Chrysler Town & Country | Chrysler Voyager | Class 3 | CURT | hitch combo | loaded ball mount | minivan hitch | Plymouth Voyager | th-cara04v2-c362+th-bmount-l2 | tow hitch | towing | trailer hitch | universal fit
curt-class-3-trailer-hitch-w-ball-mount-ram-c-v-vw-routan,Trailer Hitch & Ball Mount Combo - CURT 45034,trailer hitch kit,CURT,0,15,1 7/8 trailer ball | 2 inch receiver | ball mount | black hitch | Class 3 hitch | combo kit | CURT | CURT 45034 | Dodge Ram C/V | loaded ball mount | minivan hitch | TH-CARA08-C364+TH-BMOUNT-L2 | towing | trailer hitch | Volkswagen Routan
2018-2023-subaru-crosstrek-trailer-hitch-ball-mount-combo,2018-2023 Subaru Crosstrek Trailer Hitch & Ball Mount Combo,trailer hitch kit,Topline Autopart,0,32,2 inch receiver | 2018 | 2018-2023 | 2019 | 2020 | 2021 | 2022 | 2023 | ball mount | bolt-on hitch | category:Trailer Hitches | Class 3 hitch | Crosstrek | hitch combo | loaded ball mount | make:Subaru | model:Crosstrek | Subaru | Subaru Crosstrek | TH-BMOUNT-L2 | TH-CROS18-C382 | TH-CROS18-C382+TH-BMOUNT-L2 | tow hitch | towing | trailer ball | trailer hitch | year:2018 | year:2019 | year:2020 | year:2021 | year:2022 | year:2023
2002-2006-honda-cr-v-class-3-trailer-hitch-w-ball-mount-curt,2002-2006 Honda CR-V Class 3 Trailer Hitch w/ Ball Mount - CURT,trailer hitch kit,CURT,0,28,2002 | 2003 | 2004 | 2005 | 2006 | 45034 | ball mount | category:Trailer Hitches | Class 3 | CR-V | CURT | hitch combo | Honda | Honda CR-V | loaded ball mount | make:Honda | model:CR-V | pin and clip | receiver hitch | TH-CRV02-C535+TH-BMOUNT-L2 | towing | trailer ball | trailer hitch | year:2002 | year:2003 | year:2004 | year:2005 | year:2006
2007-2011-honda-cr-v-class-3-trailer-hitch-w-ball-mount-curt,2007-2011 Honda CR-V Class 3 Trailer Hitch w/ Ball Mount - CURT,trailer hitch kit,CURT,0,33,2007 | 2007 CR-V | 2008 | 2008 CR-V | 2009 | 2009 CR-V | 2010 | 2010 CR-V | 2011 | 2011 CR-V | 45034 | ball mount | bolt-on hitch | category:Trailer Hitches | Class 3 | CR-V | CURT | hitch combo | Honda | Honda CR-V | loaded ball mount | make:Honda | model:CR-V | pin and clip | TH-CRV07-C555+TH-BMOUNT-L2 | towing | trailer ball | trailer hitch | year:2007 | year:2008 | year:2009 | year:2010 | year:2011
2012-2016-honda-cr-v-class-3-trailer-hitch-w-ball-mount-curt,2012-2016 Honda CR-V Class 3 Trailer Hitch w/ Ball Mount - CURT,trailer hitch kit,CURT,0,30,2 inch receiver | 2012 | 2012-2016 | 2013 | 2014 | 2015 | 2016 | ball mount | category:Trailer Hitches | Class 3 | CR-V | CRV | CURT | hitch combo | Honda | Honda CR-V hitch | loaded ball mount | make:Honda | model:CR-V | pin and clip | TH-CRV12-C119+TH-BMOUNT-L2 | tow hitch kit | towing | trailer ball | trailer hitch | year:2012 | year:2013 | year:2014 | year:2015 | year:2016
2004-2009-dodge-durango-chrysler-aspen-class-3-trailer-hitch-kit,2004-2009 Dodge Durango Chrysler Aspen Class 3 Trailer Hitch Kit,trailer hitch kit,CURT,0,32,2004 | 2004-2009 | 2005 | 2006 | 2007 | 2008 | 2009 | 45034 | ball mount | category:Trailer Hitches | Chrysler Aspen | class 3 | CURT | Dodge Durango | hitch combo | loaded ball mount | make:Chrysler | make:Dodge | model:Durango | pin and clip | receiver hitch | TH-DUR04-C072+TH-BMOUNT-L2 | tow hitch | towing | trailer ball | trailer hitch | year:2004 | year:2005 | year:2006 | year:2007 | year:2008 | year:2009
2012-2022-jeep-grand-cherokee-class-3-trailer-hitch-combo-curt,2012-2022 Jeep Grand Cherokee Class 3 Trailer Hitch Combo - CURT,trailer hitch kit,CURT,0,42,2 inch receiver | 2012 | 2012-2022 | 2013 | 2014 | 2015 | 2016 | 2017 | 2018 | 2019 | 2020 | 2021 | 2022 | 45034 | ball mount | black hitch | category:Trailer Hitches | Class 3 | CURT | Grand Cherokee WK | hitch combo | Jeep Grand Cherokee | Jeep towing | loaded ball mount | make:Jeep | model:Cherokee | model:Grand Cherokee | pin and clip | TH-DUR11-C182+TH-BMOUNT-L2 | towing | trailer hitch | year:2012 | year:2013 | year:2014 | year:2015 | year:2016 | year:2017 | year:2018 | year:2019 | year:2020 | year:2021 | year:2022
1998-2003-dodge-durango-class-3-trailer-hitch-w-ball-mount-curt,1998-2003 Dodge Durango Class 3 Trailer Hitch w/ Ball Mount - CURT,trailer hitch kit,CURT,0,31,1998 | 1998-2003 | 1999 | 2 inch receiver | 2000 | 2001 | 2002 | 2003 | 45034 | ball mount | black hitch | category:Trailer Hitches | class 3 | CURT | Dodge | Durango | hitch combo | loaded ball mount | make:Dodge | model:Durango | pin and clip | TH-DUR98-C056+TH-BMOUNT-L2 | towing | trailer ball | trailer hitch | year:1998 | year:1999 | year:2000 | year:2001 | year:2002 | year:2003
2000-2014-ford-e-series-class-4-trailer-hitch-w-ball-mount-curt,2000-2014 Ford E-Series Class 4 Trailer Hitch w/ Ball Mount - CURT,trailer hitch kit,CURT,0,52,2 inch receiver | 2000 | 2001 | 2002 | 2003 | 2004 | 2005 | 2006 | 2007 | 2008 | 2009 | 2010 | 2011 | 2012 | 2013 | 2014 | 45034 | ball mount | black trailer hitch | category:Trailer Hitches | Class 4 | CURT | E-150 Econoline | E-250 Econoline | E-350 Super Duty | Ford E-150 | Ford E-250 | Ford E-350 | Ford E-Series | Ford van hitch | hitch combo | loaded ball mount | make:Ford | model:E-Series | TH-E3500-D055+TH-BMOUNT-L2 | towing | trailer hitch | year:2000 | year:2001 | year:2002 | year:2003 | year:2004 | year:2005 | year:2006 | year:2007 | year:2008 | year:2009 | year:2010 | year:2011 | year:2012 | year:2013 | year:2014
2007-2015-ford-edge-lincoln-mkx-class-3-trailer-hitch-ball-mount,2007-2015 Ford Edge Lincoln MKX Class 3 Trailer Hitch & Ball Mount,trailer hitch kit,CURT,0,36,2 inch receiver | 2007 | 2008 | 2009 | 2010 | 2011 | 2012 | 2013 | 2014 | 2015 | 45034 | ball mount | category:Trailer Hitches | class 3 hitch | CURT | Ford Edge | hitch combo | Lincoln MKX | loaded ball mount | make:Ford | make:Lincoln | model:Edge | model:MKX | TH-EDGE07-C067+TH-BMOUNT-L2 | tow hitch | towing | trailer hitch | year:2007 | year:2008 | year:2009 | year:2010 | year:2011 | year:2012 | year:2013 | year:2014 | year:2015
curt-class-3-trailer-hitch-ball-mount-combo-black,CURT Class 3 Trailer Hitch & Ball Mount Combo - Black,trailer hitch kit,CURT,0,16,2 inch receiver | ball mount | black | category:Trailer Hitches | Class 3 | CURT | hitch combo | loaded ball mount | pin and clip | Pontiac Torrent | Saturn Vue | TH-EQUI05-C591+TH-BMOUNT-L2 | towing | trailer ball | trailer hitch | universal fit
2005-2006-chevy-equinox-class-3-trailer-hitch-wiring-combo,2005-2006 Chevy Equinox & Pontiac Torrent Trailer Hitch & Wiring Kit,trailer hitch kit,Stehlen Auto,1,17,2005 | 2005 Equinox | 2006 | 2006 Equinox | 2006 Torrent | 4-way flat | Chevrolet Equinox | Class 3 hitch | combo kit | hitch and wiring combo | Pontiac Torrent | T-connector | TH-EQUI05-C591+THW-EQUI05-EE560 | towing | trailer hitch | trailer wiring | wiring harness
05-12-ford-escape-class-3-trailer-hitch-ball-mount-combo-curt,05-12 Ford Escape Class 3 Trailer Hitch & Ball Mount Combo - CURT,trailer hitch kit,CURT,0,35,2 inch receiver | 2005 | 2006 | 2007 | 2008 | 2009 | 2010 | 2011 | 2012 | 45034 | ball mount | black | category:Trailer Hitches | Class 3 | CURT | Ford Escape | hitch combo | loaded ball mount | make:Ford | Mazda Tribute | Mercury Mariner | model:Escape | pin and clip | TH-ESCP05-C650+TH-BMOUNT-L2 | towing | trailer ball | trailer hitch | year:2005 | year:2006 | year:2007 | year:2008 | year:2009 | year:2010 | year:2011 | year:2012
2013-2019-ford-escape-class-3-trailer-hitch-black-mpn-13186,2013-2019 Ford Escape Class 3 Trailer Hitch - Black | MPN 13186,trailer hitch kit,CURT,1,34,13186 | 2013 | 2013 Ford Escape | 2014 | 2014 Ford Escape | 2015 | 2015 Ford Escape | 2016 | 2016 Ford Escape | 2017 | 2017 Ford Escape | 2018 | 2018 Ford Escape | 2019 | 2019 Ford Escape | black hitch | bolt-on hitch | category:Trailer Hitches | class 3 hitch | CURT | Ford Escape | make:Ford | model:Escape | receiver hitch | TH-ESCP13-C186 | towing | trailer hitch | year:2013 | year:2014 | year:2015 | year:2016 | year:2017 | year:2018 | year:2019
2013-2019-ford-escape-class-3-trailer-hitch-w-ball-mount-curt,2013-2019 Ford Escape Class 3 Trailer Hitch w/ Ball Mount - CURT,trailer hitch kit,CURT,0,32,2013 | 2013-2019 | 2014 | 2015 | 2016 | 2017 | 2018 | 2019 | 45034 | ball mount | category:Trailer Hitches | Class 3 | CURT | Escape | Ford | Ford Escape | hitch combo | loaded ball mount | make:Ford | model:Escape | receiver hitch | TH-ESCP13-C186+TH-BMOUNT-L2 | tow hitch | towing | trailer hitch | year:2013 | year:2014 | year:2015 | year:2016 | year:2017 | year:2018 | year:2019
2013-2019-ford-escape-class-3-trailer-hitch-black-13131,2013-2019 Ford Escape Class 3 Trailer Hitch - Black | 13131,trailer hitch kit,Torklift Central,1,34,13131 | 2013 | 2013 Ford Escape | 2014 | 2014 Ford Escape | 2015 | 2015 Ford Escape | 2016 | 2016 Ford Escape | 2017 | 2017 Ford Escape | 2018 | 2018 Ford Escape | 2019 | 2019 Ford Escape | black trailer hitch | bolt-on hitch | category:Trailer Hitches | class 3 hitch | Ford Escape | Ford Escape hitch | hitch receiver | make:Ford | model:Escape | TH-ESCP13V2-C131 | towing | trailer hitch | year:2013 | year:2014 | year:2015 | year:2016 | year:2017 | year:2018 | year:2019
1996-2026-gmc-savana-class-3-trailer-hitch-black-13040,1996-2026 GMC Savana Class 3 Trailer Hitch Black - 13040,trailer hitch kit,Generic,1,81,13040 | 1996 | 1997 | 1998 | 1999 | 2000 | 2001 | 2002 | 2003 | 2004 | 2005 | 2006 | 2007 | 2008 | 2009 | 2010 | 2011 | 2012 | 2013 | 2014 | 2015 | 2016 | 2017 | 2018 | 2019 | 2020 | 2021 | 2022 | 2023 | 2024 | 2025 | 2026 | black | bolt-on | category:Trailer Hitches | class 3 | class III hitch | GMC | GMC Savana hitch | make:GMC | model:Savana | receiver hitch | Savana | Savana 1500 | Savana 2500 | Savana 3500 | TH-EXP96-C040 | towing | trailer hitch | van trailer hitch | year:1996 | year:1997 | year:1998 | year:1999 | year:2000 | year:2001 | year:2002 | year:2003 | year:2004 | year:2005 | year:2006 | year:2007 | year:2008 | year:2009 | year:2010 | year:2011 | year:2012 | year:2013 | year:2014 | year:2015 | year:2016 | year:2017 | year:2018 | year:2019 | year:2020 | year:2021 | year:2022 | year:2023 | year:2024 | year:2025 | year:2026
gmc-savana-class-3-trailer-hitch-w-ball-mount-combo-curt,GMC Savana Class 3 Trailer Hitch w/ Ball Mount Combo - CURT,trailer hitch kit,CURT,0,23,1-7/8 trailer ball | 2 inch receiver | 45034 | ball mount | black | bolt-on | category:Trailer Hitches | Class 3 | CURT | GMC | hitch combo | loaded ball mount | make:GMC | model:Savana | pin and clip | Savana | Savana 1500 | Savana 2500 | Savana 3500 | TH-EXP96-C040+TH-BMOUNT-L2 | towing | towing accessories | trailer hitch
1996-2026-gmc-savana-class-4-trailer-hitch-black-14090,1996-2026 GMC Savana Class 4 Trailer Hitch - Black - 14090,trailer hitch kit,Torklift,0,80,14090 | 1996 | 1997 | 1998 | 1999 | 2000 | 2001 | 2002 | 2003 | 2004 | 2005 | 2006 | 2007 | 2008 | 2009 | 2010 | 2011 | 2012 | 2013 | 2014 | 2015 | 2016 | 2017 | 2018 | 2019 | 2020 | 2021 | 2022 | 2023 | 2024 | 2025 | 2026 | black trailer hitch | bolt-on hitch | category:Trailer Hitches | class 4 hitch | class IV hitch | GMC Savana | GMC van hitch | heavy duty hitch | hitch receiver | make:GMC | model:Savana | Savana 1500 | Savana 2500 | Savana 3500 | TH-EXP96-D090 | towing | trailer hitch | year:1996 | year:1997 | year:1998 | year:1999 | year:2000 | year:2001 | year:2002 | year:2003 | year:2004 | year:2005 | year:2006 | year:2007 | year:2008 | year:2009 | year:2010 | year:2011 | year:2012 | year:2013 | year:2014 | year:2015 | year:2016 | year:2017 | year:2018 | year:2019 | year:2020 | year:2021 | year:2022 | year:2023 | year:2024 | year:2025 | year:2026
2011-2017-ford-explorer-class-3-trailer-hitch-black-mpn-13100,2011-2017 Ford Explorer Class 3 Trailer Hitch - Black | MPN 13100,trailer hitch kit,Torx Highway,1,37,13100 | 2-inch receiver | 2011 | 2011 Explorer | 2012 | 2012 Explorer | 2013 | 2013 Explorer | 2014 | 2014 Explorer | 2015 | 2015 Explorer | 2016 | 2016 Explorer | 2017 | 2017 Explorer | black hitch | bolt-on hitch | category:Trailer Hitches | class 3 hitch | Ford Explorer | Ford Police Interceptor Sedan | make:Ford | model:Explorer | Police Interceptor | receiver hitch | TH-EXPL11-C100 | tow hitch | towing | trailer hitch | year:2011 | year:2012 | year:2013 | year:2014 | year:2015 | year:2016 | year:2017
gmc-savana-class-4-trailer-hitch-ball-mount-combo-curt,GMC Savana Class 4 Trailer Hitch & Ball Mount Combo - CURT,trailer hitch kit,CURT,0,22,2 inch receiver | 45034 | ball mount | black | category:Trailer Hitches | Class 4 | CURT | GMC | hitch combo | loaded ball mount | make:GMC | model:Savana | pin and clip | Savana | Savana 1500 | Savana 2500 | Savana 3500 | TH-EXP96-D090+TH-BMOUNT-L2 | tow hitch | towing | trailer ball | trailer hitch
2011-2017-ford-explorer-class-3-trailer-hitch-w-ball-mount-curt,2011-2017 Ford Explorer Class 3 Trailer Hitch w/ Ball Mount - CURT,trailer hitch kit,CURT,0,32,2 inch receiver | 2011 | 2011-2017 | 2012 | 2013 | 2014 | 2015 | 2016 | 2017 | 45034 | ball mount | black hitch | category:Trailer Hitches | class 3 | CURT | Ford Explorer | Ford Police Interceptor Sedan | hitch combo | loaded ball mount | make:Ford | model:Explorer | receiver hitch | TH-EXPL11-C100+TH-BMOUNT-L2 | towing | trailer hitch | year:2011 | year:2012 | year:2013 | year:2014 | year:2015 | year:2016 | year:2017
2011-2019-ford-explorer-class-3-trailer-hitch-2-receiver-13386,"2011-2019 Ford Explorer Class 3 Trailer Hitch 2"" Receiver - 13386",trailer hitch kit,Generic,1,33,13386 | 2 inch receiver | 2011 | 2011-2019 | 2012 | 2013 | 2014 | 2015 | 2016 | 2017 | 2018 | 2019 | bolt-on hitch | category:Trailer Hitches | class 3 hitch | Ford | Ford Explorer | hitch receiver | make:Ford | model:Explorer | Police Interceptor Utility | TH-EXPL11-C386 | towing | trailer hitch | year:2011 | year:2012 | year:2013 | year:2014 | year:2015 | year:2016 | year:2017 | year:2018 | year:2019
2009-2014-ford-f-150-class-4-trailer-hitch-black-mpn-14002,2009-2014 Ford F-150 Class 4 Trailer Hitch - Black | MPN 14002,trailer hitch kit,Torxx Hitch,1,29,14002 | 2009 | 2009-2014 F-150 | 2010 | 2011 | 2012 | 2013 | 2014 | black trailer hitch | bolt-on hitch | category:Trailer Hitches | class 4 hitch | F-150 hitch | Ford F-150 | Ford F-150 trailer hitch | hauling | make:Ford | model:F-150 | receiver hitch | TH-F15009-D002 | tow hitch | towing | trailer hitch | year:2009 | year:2010 | year:2011 | year:2012 | year:2013 | year:2014
2009-2014-ford-f-150-class-4-trailer-hitch-w-ball-mount-curt,2009-2014 Ford F-150 Class 4 Trailer Hitch w/ Ball Mount - CURT,trailer hitch kit,CURT,0,33,2 inch receiver | 2009 | 2009 Ford F-150 | 2010 | 2010 Ford F-150 | 2011 | 2011 Ford F-150 | 2012 | 2012 Ford F-150 | 2013 | 2013 Ford F-150 | 2014 | 2014 Ford F-150 | 45034 | ball mount | category:Trailer Hitches | Class 4 | CURT | Ford F-150 | hitch combo | loaded ball mount | make:Ford | model:F-150 | TH-F15009-D002 | TH-F15009-D002+TH-BMOUNT-L2 | towing | trailer hitch | year:2009 | year:2010 | year:2011 | year:2012 | year:2013 | year:2014
2015-2025-ford-f-150-class-3-trailer-hitch-black-13118,2015-2025 Ford F-150 Class 3 Trailer Hitch - Black | 13118,trailer hitch kit,Curt,1,40,13118 | 2015 | 2015-2025 | 2016 | 2017 | 2018 | 2019 | 2020 | 2021 | 2022 | 2023 | 2024 | 2025 | black hitch | bolt-on hitch | category:Trailer Hitches | class 3 hitch | Curt | F-150 hitch | F150 | Ford accessories | Ford F-150 | make:Ford | model:F-150 | receiver hitch | TH-F15015-C118 | towing | trailer hitch | truck accessories | year:2015 | year:2016 | year:2017 | year:2018 | year:2019 | year:2020 | year:2021 | year:2022 | year:2023 | year:2024 | year:2025
2015-2025-ford-f-150-class-3-trailer-hitch-combo-curt,2015-2025 Ford F-150 Class 3 Trailer Hitch Combo - CURT,trailer hitch kit,CURT,0,42,2015 | 2015-2025 | 2016 | 2017 | 2018 | 2019 | 2020 | 2021 | 2022 | 2023 | 2024 | 2025 | 45034 | ball mount | category:Trailer Hitches | class 3 hitch | CURT | F-150 hitch | F150 | Ford | Ford F-150 | hitch combo | loaded ball mount | make:Ford | model:F-150 | pin and clip | TH-F15015-C118+TH-BMOUNT-L2 | towing | trailer ball | trailer hitch | truck hitch | year:2015 | year:2016 | year:2017 | year:2018 | year:2019 | year:2020 | year:2021 | year:2022 | year:2023 | year:2024 | year:2025
2015-2026-ford-f-150-class-4-trailer-hitch-black-14017,2015-2026 Ford F-150 Class 4 Trailer Hitch Black - 14017,trailer hitch kit,Torxx,1,42,14017 | 2015 | 2015-2026 | 2016 | 2017 | 2018 | 2019 | 2020 | 2021 | 2022 | 2023 | 2024 | 2025 | 2026 | black hitch | bolt-on hitch | category:Trailer Hitches | class 4 hitch | F-150 | F150 hitch | Ford | Ford F-150 | make:Ford | model:F-150 | no factory receiver | receiver hitch | TH-F15015-D017 | towing | trailer hitch | truck hitch | year:2015 | year:2016 | year:2017 | year:2018 | year:2019 | year:2020 | year:2021 | year:2022 | year:2023 | year:2024 | year:2025 | year:2026
2015-2026-ford-f-150-class-4-trailer-hitch-ball-mount-combo,2015-2026 Ford F-150 Class 4 Trailer Hitch & Ball Mount Combo,trailer hitch kit,CURT,0,44,2015 | 2015-2026 | 2016 | 2017 | 2018 | 2019 | 2020 | 2021 | 2022 | 2023 | 2024 | 2025 | 2026 | 45034 | ball mount | category:Trailer Hitches | Class 4 | CURT | F150 | Ford | Ford F-150 | hitch combo | loaded ball mount | make:Ford | model:F-150 | receiver hitch | TH-F15015-D017+TH-BMOUNT-L2 | tow hitch | towing | trailer hitch | truck accessories | without factory receiver | year:2015 | year:2016 | year:2017 | year:2018 | year:2019 | year:2020 | year:2021 | year:2022 | year:2023 | year:2024 | year:2025 | year:2026
1997-2004-ford-f-150-f-250-class-3-trailer-hitch-13038,1997-2004 Ford F-150 F-250 Class 3 Trailer Hitch - 13038,trailer hitch kit,Trailer Hitch,1,32,13038 | 1997 | 1998 | 1999 | 2000 | 2001 | 2002 | 2003 | 2004 | black hitch | bolt-on hitch | category:Trailer Hitches | class 3 hitch | Ford F-150 | Ford F-150 Heritage | Ford F-250 | make:Ford | model:F-150 | model:F-250 | receiver hitch | TH-F15097-C038 | towing | trailer hitch | truck accessories | year:1997 | year:1998 | year:1999 | year:2000 | year:2001 | year:2002 | year:2003 | year:2004
1997-2004-ford-f-150-class-3-trailer-hitch-ball-mount-kit-curt,1997-2004 Ford F-150 Class 3 Trailer Hitch & Ball Mount Kit - CURT,trailer hitch kit,CURT,0,36,1-7/8 trailer ball | 1997 | 1997-2004 | 1998 | 1999 | 2 inch ball mount | 2000 | 2001 | 2002 | 2003 | 2004 | 45034 | ball mount | category:Trailer Hitches | Class 3 | CURT | Ford F-150 | Ford F-150 Heritage | Ford F-250 | Ford truck accessories | hitch combo | loaded ball mount | make:Ford | model:F-150 | TH-F15097-C038+TH-BMOUNT-L2 | tow hitch | towing | trailer hitch | year:1997 | year:1998 | year:1999 | year:2000 | year:2001 | year:2002 | year:2003 | year:2004
1999-2016-ford-f-250-f-350-super-duty-class-3-trailer-hitch,1999-2016 Ford F-250 F-350 Super Duty Class 3 Trailer Hitch,trailer hitch kit,CURT,1,58,13014 | 1999 | 1999-2016 | 2000 | 2001 | 2002 | 2003 | 2004 | 2005 | 2006 | 2007 | 2008 | 2009 | 2010 | 2011 | 2012 | 2013 | 2014 | 2015 | 2016 | black hitch | bolt-on hitch | category:Trailer Hitches | class 3 hitch | F250 | F350 | Ford F-250 | Ford F-350 | Ford trailer hitch | hitch receiver | make:Ford | model:F-250 | model:F-350 | model:Super Duty | receiver hitch | Super Duty | TH-F25099-C014 | tow hitch | towing | trailer hitch | year:1999 | year:2000 | year:2001 | year:2002 | year:2003 | year:2004 | year:2005 | year:2006 | year:2007 | year:2008 | year:2009 | year:2010 | year:2011 | year:2012 | year:2013 | year:2014 | year:2015 | year:2016
1999-2016-ford-f-250-f-350-class-3-trailer-hitch-ball-mount-kit,1999-2016 Ford F-250/F-350 Class 3 Trailer Hitch & Ball Mount Kit,trailer hitch kit,CURT,0,58,1999 | 1999-2016 | 2000 | 2001 | 2002 | 2003 | 2004 | 2005 | 2006 | 2007 | 2008 | 2009 | 2010 | 2011 | 2012 | 2013 | 2014 | 2015 | 2016 | 45034 | ball mount | black hitch | category:Trailer Hitches | Class 3 | CURT | Ford F-250 | Ford F-350 | Ford towing | hitch combo kit | loaded ball mount | make:Ford | model:F-250 | model:F-350 | pin and clip | receiver hitch | Super Duty | TH-F25099-C014+TH-BMOUNT-L2 | towing | trailer ball | trailer hitch | year:1999 | year:2000 | year:2001 | year:2002 | year:2003 | year:2004 | year:2005 | year:2006 | year:2007 | year:2008 | year:2009 | year:2010 | year:2011 | year:2012 | year:2013 | year:2014 | year:2015 | year:2016
2-hitch-cargo-carrier-500-lbs-20x58-fold-up-basket-black,"2"" Hitch Cargo Carrier 500 lb 20x58 Fold-Up Basket - Black",roof basket,Stehlen Auto,1,14,2 inch hitch | 500 lb cargo carrier | basket cargo carrier | black cargo carrier | cargo carrier | Chevrolet cargo carrier | fold up cargo carrier | hitch basket | hitch cargo carrier | SUV cargo carrier | TH-FB2-60 | trailer hitch accessory | truck cargo carrier | van cargo carrier
2007-2014-toyota-fj-cruiser-class-3-trailer-hitch-black,2007-2014 Toyota FJ Cruiser Class 3 Trailer Hitch - Black,trailer hitch kit,CURT,1,32,13367 | 2-inch receiver | 2007 | 2007-2014 | 2008 | 2009 | 2010 | 2011 | 2012 | 2013 | 2014 | black hitch | bolt-on hitch | category:Trailer Hitches | class 3 hitch | CURT | FJ Cruiser hitch | make:Toyota | model:FJ Cruiser | receiver hitch | TH-FJ07-C367 | towing | Toyota FJ Cruiser | trailer hitch | year:2007 | year:2008 | year:2009 | year:2010 | year:2011 | year:2012 | year:2013 | year:2014
2007-2014-toyota-fj-cruiser-class-3-trailer-hitch-kit-black,2007-2014 Toyota FJ Cruiser Class 3 Trailer Hitch Kit - Black,trailer hitch kit,CURT,0,36,2007 | 2007-2014 | 2008 | 2009 | 2010 | 2011 | 2012 | 2013 | 2014 | 45034 | ball mount | black hitch | category:Trailer Hitches | class 3 hitch | combo hitch kit | CURT | FJ Cruiser accessories | FJ Cruiser hitch | hitch kit | loaded ball mount | make:Toyota | model:FJ Cruiser | receiver hitch | TH-FJ07-C367+TH-BMOUNT-L2 | towing | Toyota accessories | Toyota FJ Cruiser | trailer hitch | year:2007 | year:2008 | year:2009 | year:2010 | year:2011 | year:2012 | year:2013 | year:2014
2000-2007-ford-focus-wagon-class-1-trailer-hitch-black-11296,2000-2007 Ford Focus Wagon Class 1 Trailer Hitch - Black | 11296,trailer hitch kit,Draw-Tite,1,33,11296 | 2000 | 2000-2007 | 2001 | 2002 | 2003 | 2004 | 2005 | 2006 | 2007 | black hitch | category:Trailer Hitches | class 1 hitch | Draw-Tite | Focus Wagon | Ford Focus | Ford Focus hitch | light duty towing | make:Ford | model:Focus | receiver hitch | TH-FOC005D-A296 | tow hitch | trailer hitch | wagon hitch | year:2000 | year:2001 | year:2002 | year:2003 | year:2004 | year:2005 | year:2006 | year:2007
2014-2018-subaru-forester-class-2-trailer-hitch-1-25-curt-12100,"2014-2018 Subaru Forester Class 2 Trailer Hitch 1.25"" - CURT 12100",trailer hitch kit,CURT,1,30,1.25 inch receiver | 12100 | 2014 | 2014 Forester | 2015 | 2015 Forester | 2016 | 2016 Forester | 2017 | 2017 Forester | 2018 | 2018 Forester | bolt-on hitch | category:Trailer Hitches | Class 2 hitch | CURT | hitch receiver | make:Subaru | model:Forester | receiver hitch | Subaru Forester | Subaru towing | TH-FORE14-B100 | tow hitch | trailer hitch | year:2014 | year:2015 | year:2016 | year:2017 | year:2018
2014-2018-subaru-forester-class-3-trailer-hitch-black-13144,2014-2018 Subaru Forester Class 3 Trailer Hitch - Black | 13144,trailer hitch kit,CURT,1,29,13144 | 2-inch receiver | 2014 | 2014 Subaru Forester | 2015 | 2015 Subaru Forester | 2016 | 2016 Subaru Forester | 2017 | 2017 Subaru Forester | 2018 | 2018 Subaru Forester | black hitch | bolt-on hitch | category:Trailer Hitches | class 3 hitch | CURT | make:Subaru | model:Forester | receiver hitch | Subaru Forester | TH-FORE14-C144 | towing | trailer hitch | year:2014 | year:2015 | year:2016 | year:2017 | year:2018
2014-2018-subaru-forester-class-3-trailer-hitch-w-ball-mount,2014-2018 Subaru Forester Class 3 Trailer Hitch w/ Ball Mount,trailer hitch kit,CURT,0,31,2 inch receiver | 2014 | 2014 Forester | 2015 | 2015 Forester | 2016 | 2016 Forester | 2017 | 2017 Forester | 2018 | 2018 Forester | 45034 | ball mount | bolt-on hitch | category:Trailer Hitches | Class 3 hitch | CURT | hitch combo | loaded ball mount | make:Subaru | model:Forester | Subaru Forester | Subaru towing | TH-FORE14-C144+TH-BMOUNT-L2 | towing | trailer hitch | year:2014 | year:2015 | year:2016 | year:2017 | year:2018
2019-2025-subaru-forester-2-trailer-hitch-receiver-curt-13409,"2019-2025 Subaru Forester 2"" Trailer Hitch Receiver - CURT 13409",trailer hitch kit,CURT,1,35,13409 | 2 inch receiver | 2019 | 2019 Forester | 2020 | 2020 Forester | 2021 | 2021 Forester | 2022 | 2022 Forester | 2023 | 2023 Forester | 2024 | 2024 Forester | 2025 | 2025 Forester | category:Trailer Hitches | class 3 hitch | CURT | hitch receiver | make:Subaru | model:Forester | Subaru accessories | Subaru Forester | TH-FORE19-C409 | tow hitch | towing | trailer hitch | year:2019 | year:2020 | year:2021 | year:2022 | year:2023 | year:2024 | year:2025
2000-2004-nissan-frontier-class-3-trailer-hitch-13841,2000-2004 Nissan Frontier Class 3 Trailer Hitch - 13841,trailer hitch kit,CURT,0,30,13841 | 2000 | 2000 Frontier | 2001 | 2001 Frontier | 2002 | 2002 Frontier | 2003 | 2003 Frontier | 2004 | 2004 Frontier | bolt-on hitch | category:Trailer Hitches | class 3 hitch | crew cab | CURT | make:Nissan | model:Frontier | Nissan | Nissan Frontier | receiver hitch | short bed | TH-FRON00-C841 | towing | trailer hitch | year:2000 | year:2001 | year:2002 | year:2003 | year:2004
2000-2004-nissan-frontier-class-3-trailer-hitch-combo-curt,2000-2004 Nissan Frontier Class 3 Trailer Hitch Combo - CURT,trailer hitch kit,CURT,0,32,2000 | 2000 Frontier | 2001 | 2001 Frontier | 2002 | 2002 Frontier | 2003 | 2003 Frontier | 2004 | 2004 Frontier | 45034 | ball mount | category:Trailer Hitches | class 3 hitch | crew cab | CURT | hitch combo | loaded ball mount | make:Nissan | model:Frontier | Nissan Frontier | receiver hitch | short bed | TH-FRON00-C841+TH-BMOUNT-L2 | towing | trailer ball | trailer hitch | year:2000 | year:2001 | year:2002 | year:2003 | year:2004
2005-2026-nissan-frontier-class-3-trailer-hitch-13241,2005-2026 Nissan Frontier Class 3 Trailer Hitch - 13241,trailer hitch kit,CURT,1,63,13241 | 2 inch receiver | 2005 | 2006 | 2007 | 2008 | 2009 | 2010 | 2011 | 2012 | 2013 | 2014 | 2015 | 2016 | 2017 | 2018 | 2019 | 2020 | 2021 | 2022 | 2023 | 2024 | 2025 | 2026 | black hitch | bolt-on hitch | category:Trailer Hitches | class 3 hitch | CURT | make:Nissan | model:Frontier | Nissan | Nissan Frontier | receiver hitch | Suzuki | Suzuki Equator | TH-FRON05-C241 | tow hitch | towing | trailer hitch | truck hitch | year:2005 | year:2006 | year:2007 | year:2008 | year:2009 | year:2010 | year:2011 | year:2012 | year:2013 | year:2014 | year:2015 | year:2016 | year:2017 | year:2018 | year:2019 | year:2020 | year:2021 | year:2022 | year:2023 | year:2024 | year:2025 | year:2026
05-26-nissan-frontier-class-3-trailer-hitch-ball-mount-kit,05-26 Nissan Frontier Class 3 Trailer Hitch & Ball Mount Kit,trailer hitch kit,CURT,0,40,2 inch ball mount | 45034 | ball mount | black trailer hitch | category:Trailer Hitches | class 3 hitch | CURT | hitch combo | loaded ball mount | make:Nissan | model:Frontier | Nissan Frontier | receiver hitch | Suzuki Equator | TH-FRON05-C241+TH-BMOUNT-L2 | tow hitch | towing | trailer hitch | year:2005 | year:2006 | year:2007 | year:2008 | year:2009 | year:2010 | year:2011 | year:2012 | year:2013 | year:2014 | year:2015 | year:2016 | year:2017 | year:2018 | year:2019 | year:2020 | year:2021 | year:2022 | year:2023 | year:2024 | year:2025 | year:2026
2-hitch-cargo-carrier-300-lb-tray-style-fold-up-23x59-black,"2"" Hitch Cargo Carrier 300 LBS 23x59 Fold-Up Tray - Black",trailer hitch kit,Stehlen Auto,1,12,2 inch hitch | 300 lb cargo carrier | black cargo carrier | cargo carrier | Chevrolet cargo carrier | fold up cargo carrier | hauling accessories | hitch cargo carrier | hitch mount carrier | TH-FT2-60 | tray style carrier | truck accessories
2005-2010-pontiac-g6-class-2-trailer-hitch-black-mpn-12333,2005-2010 Pontiac G6 Class 2 Trailer Hitch - Black | MPN 12333,trailer hitch kit,Torklift,1,29,12333 | 2005 | 2005-2010 Pontiac G6 | 2006 | 2007 | 2008 | 2009 | 2010 | black hitch | category:Trailer Hitches | class 2 hitch | coupe hitch | G6 | light duty towing | make:Pontiac | model:G6 | Pontiac | Pontiac G6 | receiver hitch | sedan hitch | TH-G605-B333 | tow hitch | trailer hitch | year:2005 | year:2006 | year:2007 | year:2008 | year:2009 | year:2010
2015-vw-golf-gti-class-1-trailer-hitch-1-25-receiver,"2015-2026 Volkswagen Golf/GTI 1.25"" Trailer Hitch Receiver - Class 1",trailer hitch,TH,1,25,1.25 inch receiver | 2015 | 2016 | 2017 | 2018 | 2019 | 2020 | 2021 | 2022 | 2023 | 2024 | 2025 | 2026 | bike rack hitch | black hitch | cargo carrier hitch | class 1 hitch | Golf | GTI | receiver hitch | TH-GOLF15-A412 | tow hitch | trailer hitch | Volkswagen | VW
2010-2023-lexus-gx460-class-3-trailer-hitch-2-receiver-black,"2010-2023 Lexus GX460 Class 3 Trailer Hitch 2"" Receiver - Black",trailer hitch kit,Trail Hunter,1,44,2 inch receiver | 2010 | 2010-2023 | 2011 | 2012 | 2013 | 2014 | 2015 | 2016 | 2017 | 2018 | 2019 | 2020 | 2021 | 2022 | 2023 | bolt-on hitch | category:Trailer Hitches | class 3 hitch | GX460 | hitch receiver | Lexus | Lexus GX460 | make:Lexus | model:GX460 | rear hitch | TH-GX46010-C043 | tow hitch | towing | trailer hitch | year:2010 | year:2011 | year:2012 | year:2013 | year:2014 | year:2015 | year:2016 | year:2017 | year:2018 | year:2019 | year:2020 | year:2021 | year:2022 | year:2023
2006-2010-hummer-h3-class-3-trailer-hitch-black-mpn-13270,2006-2010 Hummer H3 Class 3 Trailer Hitch - Black | MPN 13270,trailer hitch kit,CURT,1,28,13270 | 2-inch receiver | 2006 | 2006 Hummer H3 | 2007 | 2007 Hummer H3 | 2008 | 2008 Hummer H3 | 2009 | 2009 Hummer H3 | 2010 | 2010 Hummer H3 | black hitch | category:Trailer Hitches | class 3 hitch | CURT | Hummer H3 | make:Hummer | model:H3 | receiver hitch | TH-H306-C270 | towing | trailer hitch | year:2006 | year:2007 | year:2008 | year:2009 | year:2010
2006-2010-hummer-h3-class-3-trailer-hitch-w-ball-mount-curt,2006-2010 Hummer H3 Class 3 Trailer Hitch w/ Ball Mount - CURT,trailer hitch kit,CURT,0,28,2006 | 2006-2010 | 2007 | 2008 | 2009 | 2010 | ball mount | category:Trailer Hitches | class 3 | CURT | H3 | hitch combo | Hummer | Hummer H3 hitch | loaded ball mount | make:Hummer | model:H3 | pin and clip | TH-H306-C270+TH-BMOUNT-L2 | tow package | towing | trailer ball | trailer hitch | year:2006 | year:2007 | year:2008 | year:2009 | year:2010
04-09-toyota-highlander-lexus-rx-class-3-trailer-hitch-black,04-09 Toyota Highlander Lexus RX Class 3 Trailer Hitch - Black,trailer hitch kit,Torxx,1,31,13530 | 2004 | 2005 | 2006 | 2007 | 2008 | 2009 | black hitch | category:Trailer Hitches | class 3 hitch | Lexus | Lexus RX330 | Lexus RX350 | Lexus RX400h | make:Lexus | make:Toyota | model:Highlander | model:RX | receiver hitch | TH-HIGH04-C530 | tow hitch | towing | Toyota | Toyota Highlander | trailer hitch | year:2004 | year:2005 | year:2006 | year:2007 | year:2008 | year:2009
curt-class-3-trailer-hitch-loaded-ball-mount-kit-45034,CURT Class 3 Trailer Hitch & Loaded Ball Mount Kit - 45034,trailer hitch kit,CURT,0,29,1-7/8 trailer ball | 2004 | 2005 | 2006 | 2007 | 2008 | 2009 | 45034 | ball mount | category:Trailer Hitches | Class 3 | CURT | hitch combo kit | Lexus RX330 | Lexus RX350 | Lexus RX400h | loaded ball mount | pin and clip | TH-HIGH04-C530+TH-BMOUNT-L2 | towing | Toyota Highlander | trailer hitch | universal fit | year:2004 | year:2005 | year:2006 | year:2007 | year:2008 | year:2009
2004-2007-toyota-highlander-class-3-trailer-hitch-wiring-combo,2004-2007 Toyota Highlander Class 3 Trailer Hitch & Wiring Combo,trailer hitch kit,Torxx,1,27,2004 | 2004 Highlander | 2005 | 2005 Highlander | 2006 | 2006 Highlander | 2007 | 2007 Highlander | 4-way flat | bolt-on hitch | category:Trailer Hitches | class 3 hitch | hitch and wiring kit | make:Toyota | model:Highlander | receiver hitch | t-connector | TH-HIGH04-C530+THW-HIGH02-4W-EE400 | towing accessories | towing combo | Toyota Highlander | trailer hitch | wiring harness | year:2004 | year:2005 | year:2006 | year:2007
2008-2013-toyota-highlander-class-3-trailer-hitch-black-13534,2008-2013 Toyota Highlander Class 3 Trailer Hitch - Black | 13534,trailer hitch kit,CURT,0,33,13534 | 2 inch receiver | 2008 | 2008 Highlander | 2009 | 2009 Highlander | 2010 | 2010 Highlander | 2011 | 2011 Highlander | 2012 | 2012 Highlander | 2013 | 2013 Highlander | black hitch | bolt-on hitch | category:Trailer Hitches | class 3 hitch | Highlander accessories | make:Toyota | model:Highlander | receiver hitch | TH-HIGH08-C534 | tow hitch | Toyota Highlander | Toyota towing | trailer hitch | year:2008 | year:2009 | year:2010 | year:2011 | year:2012 | year:2013
2008-2013-toyota-highlander-class-3-trailer-hitch-w-ball-mount-curt,2008-2013 Toyota Highlander Class 3 Trailer Hitch w/ Ball Mount - CURT,trailer hitch kit,CURT,0,34,2 inch receiver | 2008 | 2008 Highlander | 2009 | 2009 Highlander | 2010 | 2010 Highlander | 2011 | 2011 Highlander | 2012 | 2012 Highlander | 2013 | 2013 Highlander | 45034 | ball mount | black hitch | category:Trailer Hitches | class 3 hitch | CURT | hitch combo | loaded ball mount | make:Toyota | model:Highlander | TH-HIGH08-C534+TH-BMOUNT-L2 | towing | Toyota Highlander | trailer ball | trailer hitch | year:2008 | year:2009 | year:2010 | year:2011 | year:2012 | year:2013
2014-2019-toyota-highlander-2-trailer-hitch-receiver-curt-13200,"2014-2019 Toyota Highlander 2"" Trailer Hitch Receiver - CURT 13200",trailer hitch kit,CURT,1,28,13200 | 2 inch receiver | 2014 | 2014-2019 | 2015 | 2016 | 2017 | 2018 | 2019 | black hitch | bolt-on hitch | category:Trailer Hitches | class 3 hitch | CURT | hitch receiver | make:Toyota | model:Highlander | TH-HIGH14-C200 | towing | Toyota accessories | Toyota Highlander | trailer hitch | year:2014 | year:2015 | year:2016 | year:2017 | year:2018 | year:2019
2014-2019-toyota-highlander-2-trailer-hitch-receiver-w-ball-mount,"2014-2019 Toyota Highlander 2"" Trailer Hitch Receiver w/ Ball Mount",trailer hitch kit,TLAPS,0,32,2 inch receiver | 2014 | 2014 Toyota Highlander | 2015 | 2015 Toyota Highlander | 2016 | 2016 Toyota Highlander | 2017 | 2017 Toyota Highlander | 2018 | 2018 Toyota Highlander | 2019 | 2019 Toyota Highlander | ball mount | category:Trailer Hitches | class 3 hitch | CURT 45034 | hitch combo kit | loaded ball mount | make:Toyota | model:Highlander | TH-HIGH14-C200+TH-BMOUNT-L2 | tow hitch | towing | Toyota Highlander accessories | trailer hitch | year:2014 | year:2015 | year:2016 | year:2017 | year:2018 | year:2019
2020-2024-toyota-highlander-2-trailer-hitch-receiver-class-3,"2020-2024 Toyota Highlander 2"" Trailer Hitch Receiver Class 3",trailer hitch kit,Trailer Hitch,1,27,13453 | 2 inch receiver | 2020 | 2020-2024 | 2021 | 2022 | 2023 | 2024 | black hitch | category:Trailer Hitches | class 3 hitch | Highlander | hitch receiver | make:Toyota | model:Highlander | receiver hitch | TH-HIGH20-C453 | tow hitch | towing | Toyota | Toyota Highlander | trailer hitch | year:2020 | year:2021 | year:2022 | year:2023 | year:2024
2001-2005-lexus-is300-class-1-trailer-hitch-black-mpn-11762,2001-2005 Lexus IS300 Class 1 Trailer Hitch - Black | MPN 11762,trailer hitch kit,Torque Highway,1,28,11762 | 2001 | 2001-2005 Lexus IS300 | 2002 | 2003 | 2004 | 2005 | bike rack hitch | black hitch | cargo carrier hitch | category:Trailer Hitches | class 1 hitch | hitch | IS300 | Lexus | Lexus IS300 | light duty hitch | make:Lexus | model:IS300 | receiver hitch | TH-IS30001-A762 | towing | trailer hitch | year:2001 | year:2002 | year:2003 | year:2004 | year:2005
2014-2019-jeep-cherokee-class-3-trailer-hitch-black-mpn-13171,2014-2019 Jeep Cherokee Class 3 Trailer Hitch - Black | MPN 13171,trailer hitch kit,Torklift,1,31,13171 | 2 inch receiver | 2014 | 2014 Jeep Cherokee | 2015 | 2015 Jeep Cherokee | 2016 | 2016 Jeep Cherokee | 2017 | 2017 Jeep Cherokee | 2018 | 2018 Jeep Cherokee | 2019 | 2019 Jeep Cherokee | black hitch | bolt-on hitch | category:Trailer Hitches | class 3 hitch | Jeep Cherokee | make:Jeep | model:Cherokee | receiver hitch | TH-JC14-C171 | towing | trailer hitch | year:2014 | year:2015 | year:2016 | year:2017 | year:2018 | year:2019
2014-2019-jeep-cherokee-class-3-trailer-hitch-w-ball-mount-curt,2014-2019 Jeep Cherokee Class 3 Trailer Hitch w/ Ball Mount - CURT,trailer hitch kit,CURT,0,30,2 inch receiver | 2014 | 2014-2019 | 2015 | 2016 | 2017 | 2018 | 2019 | 45034 | ball mount | category:Trailer Hitches | Class 3 | CURT | hitch combo | Jeep accessories | Jeep Cherokee | loaded ball mount | make:Jeep | model:Cherokee | receiver hitch | TH-JC14-C171+TH-BMOUNT-L2 | tow package | towing | trailer hitch | year:2014 | year:2015 | year:2016 | year:2017 | year:2018 | year:2019
2014-2018-jeep-cherokee-class-3-trailer-hitch-2-receiver-curt-13172,"2014-2018 Jeep Cherokee Class 3 Trailer Hitch 2"" Receiver - CURT 13172",trailer hitch kit,CURT,1,27,13172 | 2 inch receiver | 2014 | 2014-2018 | 2015 | 2016 | 2017 | 2018 | bolt-on hitch | category:Trailer Hitches | Cherokee hitch | class 3 hitch | CURT | hitch receiver | Jeep Cherokee | Jeep Cherokee KL | jeep towing | make:Jeep | model:Cherokee | TH-JC14-C172 | towing | trailer hitch | year:2014 | year:2015 | year:2016 | year:2017 | year:2018
1984-2001-jeep-cherokee-class-3-trailer-hitch-black,1984-2001 Jeep Cherokee Class 3 Trailer Hitch - Black,trailer hitch kit,Draw-Tite,1,46,13084 | 1984 | 1984-2001 | 1985 | 1986 | 1987 | 1988 | 1989 | 1990 | 1991 | 1992 | 1993 | 1994 | 1995 | 1996 | 1997 | 1998 | 1999 | 2 inch receiver | 2000 | 2001 | black hitch | bolt-on hitch | category:Trailer Hitches | class 3 hitch | Draw-Tite | Jeep accessories | Jeep Cherokee | make:Jeep | model:Cherokee | receiver hitch | TH-JC84-C084 | towing | trailer hitch | year:1990 | year:1991 | year:1992 | year:1993 | year:1994 | year:1995 | year:1996 | year:1997 | year:1998 | year:1999 | year:2000 | year:2001
1999-2005-volkswagen-jetta-class-1-trailer-hitch-black,1999-2005 Volkswagen Jetta Sedan Class 1 Trailer Hitch - Black,trailer hitch,Trailer Hitch,0,27,1999 | 1999 jetta hitch | 2000 | 2000 jetta hitch | 2001 | 2001 jetta hitch | 2002 | 2002 jetta hitch | 2003 | 2003 jetta hitch | 2004 | 2004 jetta hitch | 2005 | 2005 jetta hitch | bike rack hitch | black trailer hitch | cargo carrier hitch | class 1 hitch | drilling required hitch | jetta towing | light duty towing | MPN 11070 | sedan hitch | TH-JET99-A070 | trailer hitch | volkswagen jetta hitch | vw jetta trailer hitch
1984-2001-jeep-cherokee-class-3-trailer-hitch-w-ball-mount-curt,1984-2001 Jeep Cherokee Class 3 Trailer Hitch w/ Ball Mount - CURT,trailer hitch kit,CURT,0,51,1984 | 1984-2001 | 1985 | 1986 | 1987 | 1988 | 1989 | 1990 | 1991 | 1992 | 1993 | 1994 | 1995 | 1996 | 1997 | 1998 | 1999 | 2 inch receiver | 2000 | 2001 | 45034 | ball mount | category:Trailer Hitches | Cherokee | class 3 hitch | CURT | hitch combo | Jeep | Jeep Cherokee | loaded ball mount | make:Jeep | model:Cherokee | pin and clip | receiver hitch | TH-JC84-C084+TH-BMOUNT-L2 | tow hitch | towing | trailer ball | trailer hitch | year:1990 | year:1991 | year:1992 | year:1993 | year:1994 | year:1995 | year:1996 | year:1997 | year:1998 | year:1999 | year:2000 | year:2001
2005-2010-jeep-grand-cherokee-class-3-trailer-hitch-black,2005-2010 Jeep Grand Cherokee Class 3 Trailer Hitch - Black,trailer hitch kit,Curt,1,31,13251 | 2-inch receiver | 2005 | 2005 2006 2007 2008 2009 2010 | 2006 | 2007 | 2008 | 2009 | 2010 | black hitch | bolt-on hitch | category:Trailer Hitches | class 3 hitch | Curt | Grand Cherokee trailer hitch | Jeep Grand Cherokee | Jeep hitch | make:Jeep | model:Cherokee | model:Grand Cherokee | receiver hitch | TH-JGC05-C251 | tow hitch | towing | trailer hitch | year:2005 | year:2006 | year:2007 | year:2008 | year:2009 | year:2010
2005-2010-jeep-grand-cherokee-class-3-trailer-hitch-kit-curt,2005-2010 Jeep Grand Cherokee Class 3 Trailer Hitch Kit - CURT,trailer hitch kit,CURT,0,31,1-7/8 trailer ball | 2 inch receiver | 2005 | 2006 | 2007 | 2008 | 2009 | 2010 | 45034 | ball mount | category:Trailer Hitches | class 3 | CURT | Grand Cherokee | hitch kit | Jeep | jeep grand cherokee hitch | loaded ball mount | make:Jeep | model:Cherokee | model:Grand Cherokee | pin and clip | TH-JGC05-C251+TH-BMOUNT-L2 | towing | trailer hitch | year:2005 | year:2006 | year:2007 | year:2008 | year:2009 | year:2010
2011-2022-jeep-grand-cherokee-class-3-trailer-hitch-black,2011-2022 Jeep Grand Cherokee Class 3 Trailer Hitch - Black,trailer hitch kit,Torx Highway,1,41,13065 | 2-inch receiver | 2011 | 2011 2012 2013 2014 2015 2016 2017 2018 2019 2020 2021 2022 | 2012 | 2013 | 2014 | 2015 | 2016 | 2017 | 2018 | 2019 | 2020 | 2021 | 2022 | black hitch | bolt-on hitch | category:Trailer Hitches | class 3 hitch | Grand Cherokee WK | Jeep Grand Cherokee | Jeep towing | make:Jeep | model:Cherokee | model:Grand Cherokee | receiver hitch | TH-JGC11-C065 | tow hitch | trailer hitch | year:2011 | year:2012 | year:2013 | year:2014 | year:2015 | year:2016 | year:2017 | year:2018 | year:2019 | year:2020 | year:2021 | year:2022
2011-2022-jeep-grand-cherokee-class-3-trailer-hitch-combo-curt,2011-2022 Jeep Grand Cherokee Class 3 Trailer Hitch Combo - CURT,trailer hitch kit,CURT,0,44,2011 | 2011-2022 | 2012 | 2013 | 2014 | 2015 | 2016 | 2017 | 2018 | 2019 | 2020 | 2021 | 2022 | 45034 | ball mount | black hitch | category:Trailer Hitches | Class 3 | CURT | Grand Cherokee WK | hitch combo | Jeep Grand Cherokee | Jeep towing | loaded ball mount | make:Jeep | model:Cherokee | model:Grand Cherokee | pin and clip | receiver hitch | TH-JGC11-C065+TH-BMOUNT-L2 | towing | trailer hitch | year:2011 | year:2012 | year:2013 | year:2014 | year:2015 | year:2016 | year:2017 | year:2018 | year:2019 | year:2020 | year:2021 | year:2022
1999-2004-jeep-grand-cherokee-class-3-trailer-hitch-black,1999-2004 Jeep Grand Cherokee Class 3 Trailer Hitch - Black,trailer hitch kit,?,1,28,13051 | 1999 | 1999 2000 2001 2002 2003 2004 | 2 inch receiver | 2000 | 2001 | 2002 | 2003 | 2004 | black hitch | category:Trailer Hitches | class 3 hitch | grand cherokee hitch | Jeep Grand Cherokee | jeep towing | make:Jeep | model:Cherokee | model:Grand Cherokee | receiver hitch | TH-JGC99-C051 | tow hitch | trailer hitch | year:1999 | year:2000 | year:2001 | year:2002 | year:2003 | year:2004
1999-2004-jeep-grand-cherokee-class-3-trailer-hitch-combo-curt,1999-2004 Jeep Grand Cherokee Class 3 Trailer Hitch Combo - CURT,trailer hitch kit,CURT,0,32,1999 | 1999-2004 | 2000 | 2001 | 2002 | 2003 | 2004 | ball mount | category:Trailer Hitches | class 3 hitch | CURT | Grand Cherokee hitch | hitch combo | Jeep accessories | Jeep Grand Cherokee | loaded ball mount | make:Jeep | model:Cherokee | model:Grand Cherokee | pin and clip | receiver hitch | TH-JGC99-C051+TH-BMOUNT-L2 | tow package | towing | trailer ball | trailer hitch | year:1999 | year:2000 | year:2001 | year:2002 | year:2003 | year:2004
2021-2025-jeep-grand-cherokee-l-2-trailer-hitch-receiver-class-3,"2021-2025 Jeep Grand Cherokee L 2"" Trailer Hitch Receiver Class 3",trailer hitch kit,Stehlen,1,30,2 inch receiver | 2021 | 2021 Grand Cherokee L | 2022 | 2022 Grand Cherokee L | 2023 | 2023 Grand Cherokee L | 2024 | 2024 Grand Cherokee L | 2025 | 2025 Grand Cherokee L | category:Trailer Hitches | class 3 hitch | hitch receiver | Jeep accessories | Jeep Grand Cherokee L | make:Jeep | model:Cherokee | model:Grand Cherokee | Stehlen | SUV towing | TH-JGCL21-C491 | tow hitch | towing | trailer hitch | year:2021 | year:2022 | year:2023 | year:2024 | year:2025
2009-2020-dodge-journey-class-3-trailer-hitch-black,2009-2020 Dodge Journey Class 3 Trailer Hitch - Black,trailer hitch kit,Torx Highway,1,41,13201 | 2009 | 2009-2020 | 2010 | 2011 | 2012 | 2013 | 2014 | 2015 | 2016 | 2017 | 2018 | 2019 | 2020 | black hitch | bolt-on hitch | cargo carrier hitch | category:Trailer Hitches | class 3 hitch | Dodge | Dodge Journey | Journey | make:Dodge | model:Journey | receiver hitch | TH-JOUR09-C201 | tow hitch | towing | trailer hitch | year:2009 | year:2010 | year:2011 | year:2012 | year:2013 | year:2014 | year:2015 | year:2016 | year:2017 | year:2018 | year:2019 | year:2020
2009-2020-dodge-journey-class-3-trailer-hitch-w-ball-mount-curt,2009-2020 Dodge Journey Class 3 Trailer Hitch w/ Ball Mount - CURT,trailer hitch kit,CURT,0,42,2009 | 2009-2020 | 2010 | 2011 | 2012 | 2013 | 2014 | 2015 | 2016 | 2017 | 2018 | 2019 | 2020 | 45034 | ball mount | category:Trailer Hitches | Class 3 | CURT | Dodge | Dodge Journey | hitch combo | Journey | loaded ball mount | make:Dodge | model:Journey | receiver hitch | TH-JOUR09-C201+TH-BMOUNT-L2 | tow package | towing | trailer hitch | year:2009 | year:2010 | year:2011 | year:2012 | year:2013 | year:2014 | year:2015 | year:2016 | year:2017 | year:2018 | year:2019 | year:2020
2011-2017-jeep-patriot-compass-class-3-trailer-hitch-13081,2011-2017 Jeep Patriot Compass Class 3 Trailer Hitch - 13081,trailer hitch kit,Curt,1,32,13081 | 2-inch receiver | 2011 | 2011-2017 | 2012 | 2013 | 2014 | 2015 | 2016 | 2017 | black hitch | bolt-on hitch | category:Trailer Hitches | class 3 hitch | Jeep | Jeep Compass | Jeep Patriot | make:Jeep | model:Compass | model:Patriot | receiver hitch | TH-JPAT11-C081 | tow hitch | towing | trailer hitch | year:2011 | year:2012 | year:2013 | year:2014 | year:2015 | year:2016 | year:2017
2011-2017-jeep-patriot-compass-class-3-trailer-hitch-w-ball-mount,2011-2017 Jeep Patriot Compass Class 3 Trailer Hitch w/ Ball Mount,trailer hitch kit,CURT,0,35,2 inch receiver | 2011 | 2011-2017 Jeep | 2012 | 2013 | 2014 | 2015 | 2016 | 2017 | ball mount | category:Trailer Hitches | class 3 hitch | combo trailer hitch | CURT | CURT 45034 | hitch combo | hitch kit | Jeep Compass | Jeep Patriot | jeep towing | loaded ball mount | make:Jeep | model:Compass | model:Patriot | TH-JPAT11-C081+TH-BMOUNT-L2 | towing | trailer ball | trailer hitch | year:2011 | year:2012 | year:2013 | year:2014 | year:2015 | year:2016 | year:2017
2020-2024-jeep-gladiator-jt-class-3-trailer-hitch-2-receiver,"2020-2026 Jeep Gladiator 2"" Class 3 Trailer Hitch Receiver - Black",trailer hitch,TH,1,25,2 inch receiver | 2020 | 2020 jeep gladiator | 2021 | 2021 jeep gladiator | 2022 | 2022 jeep gladiator | 2023 | 2023 jeep gladiator | 2024 | 2024 jeep gladiator | 2025 | 2025 jeep gladiator | 2026 | 2026 jeep gladiator | black hitch | class 3 hitch | hitch receiver | jeep gladiator | jeep gladiator hitch | JT hitch | TH-JT20-C434 | towing | trailer hitch | truck hitch
universal-2-tube-3-steel-rear-hitch-step-black,"Universal 2"" Hitch Receiver 3"" Steel Rear Hitch Step - Black",trailer hitch kit,Stehlen Auto,1,16,2 inch hitch | black hitch step | C3500 | cargo access | Chevrolet | Colorado | Equinox | Express | hitch receiver step | hitch step | rear hitch step | steel hitch step | THJZ-RHS-3-BK | truck step | universal hitch step | van step
universal-2-receiver-hitch-step-matte-black-hs207-31bk,"Universal 2"" Receiver Dropping Style Rear Hitch Step - Matte Black",trailer hitch kit,THJZ,1,17,2 inch receiver | bed step | cargo access | Chevrolet | Colorado | dropping style | Equinox | Express | hitch step | HS207-31BK | matte black | rear hitch step | receiver hitch step | SUV step | THJZ-RHS-DS-MB | truck step | universal fit
2010-2013-subaru-outback-class-3-trailer-hitch-black-13390,2010-2013 Subaru Outback Class 3 Trailer Hitch - Black | 13390,trailer hitch kit,CURT,1,25,13390 | 2-inch receiver | 2010 | 2010 Subaru Outback | 2011 | 2011 Subaru Outback | 2012 | 2012 Subaru Outback | 2013 | 2013 Subaru Outback | black hitch | category:Trailer Hitches | class 3 hitch | CURT | make:Subaru | model:Outback | receiver hitch | Subaru Outback | TH-LEGA15-C390 | towing | trailer hitch | year:2010 | year:2011 | year:2012 | year:2013
2010-2013-subaru-outback-class-3-trailer-hitch-combo-w-ball-mount,2010-2013 Subaru Outback Class 3 Trailer Hitch Combo w/ Ball Mount,trailer hitch kit,CURT,0,29,2 inch receiver | 2010 | 2010 Subaru Outback | 2011 | 2011 Subaru Outback | 2012 | 2012 Subaru Outback | 2013 | 2013 Subaru Outback | 45034 | ball mount | category:Trailer Hitches | class 3 hitch | CURT | hitch combo | loaded ball mount | make:Subaru | model:Outback | pin and clip | Subaru Outback | Subaru towing | TH-LEGA15-C390+TH-BMOUNT-L2 | towing | trailer ball | trailer hitch | year:2010 | year:2011 | year:2012 | year:2013
2002-2007-jeep-liberty-class-3-trailer-hitch-black-13244,2002-2007 Jeep Liberty Class 3 Trailer Hitch - Black | 13244,trailer hitch kit,CURT,1,31,13244 | 2002 | 2002 Jeep Liberty | 2003 | 2003 Jeep Liberty | 2004 | 2004 Jeep Liberty | 2005 | 2005 Jeep Liberty | 2006 | 2006 Jeep Liberty | 2007 | 2007 Jeep Liberty | black hitch | bolt-on hitch | category:Trailer Hitches | class 3 hitch | CURT | Jeep Liberty | make:Jeep | model:Liberty | receiver hitch | TH-LIB02-C244 | towing | trailer hitch | year:2002 | year:2003 | year:2004 | year:2005 | year:2006 | year:2007
2002-2007-jeep-liberty-class-3-trailer-hitch-w-ball-mount-curt,2002-2007 Jeep Liberty Class 3 Trailer Hitch w/ Ball Mount - CURT,trailer hitch kit,CURT,0,30,2002 | 2002-2007 | 2003 | 2004 | 2005 | 2006 | 2007 | 45034 | ball mount | category:Trailer Hitches | Class 3 | CURT | hitch combo | Jeep | Jeep Liberty | Liberty | loaded ball mount | make:Jeep | model:Liberty | receiver hitch | TH-LIB02-C244+TH-BMOUNT-L2 | tow hitch | towing | trailer hitch | year:2002 | year:2003 | year:2004 | year:2005 | year:2006 | year:2007
2008-2012-jeep-liberty-class-3-trailer-hitch-black-mpn-13245,2008-2012 Jeep Liberty Class 3 Trailer Hitch - Black | MPN 13245,trailer hitch kit,?,1,29,13245 | 2-inch receiver | 2008 | 2008 Jeep Liberty | 2009 | 2009 Jeep Liberty | 2010 | 2010 Jeep Liberty | 2011 | 2011 Jeep Liberty | 2012 | 2012 Jeep Liberty | black trailer hitch | bolt-on hitch | category:Trailer Hitches | class 3 hitch | Jeep accessories | Jeep Liberty | make:Jeep | model:Liberty | receiver hitch | TH-LIB08-C245 | towing | trailer hitch | year:2008 | year:2009 | year:2010 | year:2011 | year:2012
2008-2012-jeep-liberty-class-3-trailer-hitch-w-ball-mount-curt,2008-2012 Jeep Liberty Class 3 Trailer Hitch w/ Ball Mount - CURT,trailer hitch kit,CURT,0,28,2008 | 2008-2012 | 2009 | 2010 | 2011 | 2012 | 45034 | ball mount | category:Trailer Hitches | Class 3 | CURT | hitch combo | Jeep accessories | Jeep Liberty | loaded ball mount | make:Jeep | model:Liberty | pin and clip | receiver hitch | TH-LIB08-C245+TH-BMOUNT-L2 | tow hitch | towing | trailer hitch | year:2008 | year:2009 | year:2010 | year:2011 | year:2012
2003-2008-toyota-matrix-class-2-trailer-hitch-black-12013,2003-2008 Toyota Matrix Class 2 Trailer Hitch Black - 12013,trailer hitch kit,Torklift,1,30,12013 | 2003 | 2003-2008 | 2004 | 2005 | 2006 | 2007 | 2008 | black hitch | bolt-on hitch | category:Trailer Hitches | class 2 hitch | make:Toyota | Matrix XR | Matrix XRS | model:Matrix | no fascia trimming | receiver hitch | TH-MAT03-B013 | tow hitch | towing | Toyota accessories | Toyota Matrix | trailer hitch | year:2003 | year:2004 | year:2005 | year:2006 | year:2007 | year:2008
2014-2021-mazda-6-class-1-trailer-hitch-1-25-receiver,"2014-2021 Mazda 6 Class 1 Trailer Hitch 1.25"" Receiver",trailer hitch kit,Torklift,1,32,1.25 inch receiver | 11356 | 2014 | 2014-2021 Mazda 6 | 2015 | 2016 | 2017 | 2018 | 2019 | 2020 | 2021 | bike rack hitch | cargo carrier hitch | category:Trailer Hitches | class 1 hitch | hitch receiver | make:Mazda | Mazda 6 | mazda 6 hitch | mazda hitch | model:Mazda6 | TH-MAZ6-A356 | towing | trailer hitch | year:2014 | year:2015 | year:2016 | year:2017 | year:2018 | year:2019 | year:2020 | year:2021
2007-2013-acura-mdx-class-3-trailer-hitch-black-mpn-13354,2007-2013 Acura MDX Class 3 Trailer Hitch - Black | MPN 13354,trailer hitch kit,CURT,0,31,13354 | 2007 | 2007-2013 Acura MDX | 2008 | 2009 | 2010 | 2011 | 2012 | 2013 | Acura MDX | Acura towing | black trailer hitch | bolt-on hitch | category:Trailer Hitches | class 3 hitch | CURT | hitch | make:Acura | MDX hitch | model:MDX | receiver hitch | TH-MDX07-C354 | towing | trailer hitch | year:2007 | year:2008 | year:2009 | year:2010 | year:2011 | year:2012 | year:2013
2007-2013-acura-mdx-class-3-trailer-hitch-w-ball-mount-curt,2007-2013 Acura MDX Class 3 Trailer Hitch w/ Ball Mount - CURT,trailer hitch kit,CURT,0,33,2 inch receiver | 2007 | 2007-2013 | 2008 | 2009 | 2010 | 2011 | 2012 | 2013 | 45034 | Acura | Acura MDX | ball mount | category:Trailer Hitches | Class 3 | CURT | hitch combo | loaded ball mount | make:Acura | MDX | model:MDX | receiver hitch | TH-MDX07-C354+TH-BMOUNT-L2 | tow package | towing | trailer hitch | year:2007 | year:2008 | year:2009 | year:2010 | year:2011 | year:2012 | year:2013
2007-2013-acura-mdx-class-3-trailer-hitch-wiring-harness-combo,2007-2013 Acura MDX Class 3 Trailer Hitch & Wiring Harness Combo,trailer hitch kit,Torx,0,32,2007 | 2007-2013 | 2008 | 2009 | 2010 | 2011 | 2012 | 2013 | 4-way flat | Acura | Acura MDX | category:Trailer Hitches | Class 3 hitch | hitch and wiring | hitch kit | make:Acura | MDX | model:MDX | T-connector | TH-MDX07-C354+THW-MDX07-4W-EF038 | tow package | towing combo | trailer hitch | trailer hitch combo | wiring harness | year:2007 | year:2008 | year:2009 | year:2010 | year:2011 | year:2012 | year:2013
2007-2010-mini-cooper-s-class-1-trailer-hitch-black,2007-2010 Mini Cooper S Class 1 Trailer Hitch - Black,trailer hitch kit,Torklift,1,28,2007 | 2007 Mini Cooper | 2008 | 2008 Mini Cooper | 2009 | 2009 Mini Cooper | 2010 | 2010 Mini Cooper | black trailer hitch | category:Trailer Hitches | class 1 hitch | clubman | convertible | hatchback | make:Mini | Mini Cooper hitch | Mini Cooper S | Mini Cooper S hitch | Mini Cooper towing | model:Cooper | model:Cooper S | receiver hitch | TH-MINI07-A130 | trailer hitch | year:2007 | year:2008 | year:2009 | year:2010
2014-2022-acura-mdx-honda-pilot-class-3-trailer-hitch-ball-mount-kit,2014-2022 Acura MDX Honda Pilot Class 3 Trailer Hitch & Ball Mount Kit,trailer hitch kit,CURT,0,39,2014 | 2014-2020 Acura MDX | 2015 | 2016 | 2016-2022 Honda Pilot | 2017 | 2018 | 2019 | 2020 | 2021 | 2022 | 45034 | Acura MDX | ball mount | category:Trailer Hitches | Class 3 hitch | CURT | hitch combo kit | Honda Pilot | loaded ball mount | make:Acura | make:Honda | model:MDX | model:Pilot | pin and clip | TH-MDX14-C146+TH-BMOUNT-L2 | towing | towing accessories | trailer ball | trailer hitch | year:2014 | year:2015 | year:2016 | year:2017 | year:2018 | year:2019 | year:2020 | year:2021 | year:2022
2012-2013-mini-cooper-class-1-trailer-hitch-black-mpn-11272,2012-2013 Mini Cooper Class 1 Trailer Hitch Black - MPN 11272,trailer hitch kit,Torklift,1,23,11272 | 2012 | 2012 Mini Cooper | 2013 | 2013 Mini Cooper | bike rack hitch | black hitch | category:Trailer Hitches | class 1 hitch | Cooper | hard top | hitch receiver | light duty hitch | make:Mini | Mini | Mini Cooper | Mini Cooper hitch | model:Cooper | TH-MINI12-A272 | towing | trailer hitch | year:2012 | year:2013
2006-2011-mercedes-benz-ml-class-3-trailer-hitch-13342,2006-2011 Mercedes-Benz ML Class 3 Trailer Hitch - 13342,trailer hitch kit,CURT,1,31,13342 | 2-inch receiver | 2006 | 2006-2011 | 2007 | 2008 | 2009 | 2010 | 2011 | black | category:Trailer Hitches | class 3 hitch | CURT | make:Mercedes-Benz | Mercedes-Benz | ML-Class | ML320 | ML350 | ML500 | ML550 | model:ML | receiver hitch | TH-ML06-C342 | towing | trailer hitch | year:2006 | year:2007 | year:2008 | year:2009 | year:2010 | year:2011
2006-2011-mercedes-benz-ml-class-3-trailer-hitch-w-ball-mount,2006-2011 Mercedes-Benz ML Class 3 Trailer Hitch w/ Ball Mount,trailer hitch kit,CURT,0,32,2 inch receiver | 2006 | 2006-2011 | 2007 | 2008 | 2009 | 2010 | 2011 | 45034 | ball mount | category:Trailer Hitches | class 3 | CURT | hitch combo | loaded ball mount | make:Mercedes-Benz | Mercedes-Benz | ML-Class | ML320 | ML350 | ML500 | ML550 | model:ML | TH-ML06-C342+TH-BMOUNT-L2 | towing | trailer hitch | year:2006 | year:2007 | year:2008 | year:2009 | year:2010 | year:2011
1998-2005-mercedes-benz-ml-class-3-trailer-hitch-black,1998-2005 Mercedes-Benz ML Class 3 Trailer Hitch - Black,trailer hitch kit,Torque Hitches,1,34,13018 | 1998 | 1998-2005 | 1999 | 2-inch receiver | 2000 | 2001 | 2002 | 2003 | 2004 | 2005 | black hitch | category:Trailer Hitches | class 3 hitch | make:Mercedes-Benz | Mercedes-Benz | ML-Class | ML320 | ML350 | ML430 | ML500 | model:ML | receiver hitch | TH-ML98-C018 | towing | trailer hitch | year:1998 | year:1999 | year:2000 | year:2001 | year:2002 | year:2003 | year:2004 | year:2005
2003-2007-nissan-murano-class-3-trailer-hitch-black-13571,2003-2007 Nissan Murano Class 3 Trailer Hitch - Black | 13571,trailer hitch kit,CURT,1,30,13571 | 2003 | 2003 Murano | 2004 | 2004 Murano | 2005 | 2005 Murano | 2006 | 2006 Murano | 2007 | 2007 Murano | black hitch | category:Trailer Hitches | class 3 hitch | CURT | hitch | make:Nissan | model:Murano | Murano | Nissan | Nissan Murano | receiver hitch | TH-MUR03-C571 | towing | trailer hitch | year:2003 | year:2004 | year:2005 | year:2006 | year:2007
1998-2005-mercedes-benz-ml-class-3-trailer-hitch-w-ball-mount-curt,1998-2005 Mercedes-Benz ML Class 3 Trailer Hitch w/ Ball Mount - CURT,trailer hitch kit,CURT,0,37,1998 | 1999 | 2 inch | 2000 | 2001 | 2002 | 2003 | 2004 | 2005 | 45034 | ball mount | category:Trailer Hitches | Class 3 | CURT | hitch combo | loaded ball mount | make:Mercedes-Benz | Mercedes-Benz | ML-Class | ML320 | ML350 | ML430 | ML500 | model:ML | receiver hitch | TH-ML98-C018+TH-BMOUNT-L2 | tow hitch | towing | trailer hitch | year:1998 | year:1999 | year:2000 | year:2001 | year:2002 | year:2003 | year:2004 | year:2005
2009-2014-nissan-murano-class-3-trailer-hitch-black-mpn-13577,2009-2014 Nissan Murano Class 3 Trailer Hitch - Black | MPN 13577,trailer hitch kit,CURT,1,32,13577 | 2-inch receiver | 2009 | 2009 Murano | 2010 | 2010 Murano | 2011 | 2011 Murano | 2012 | 2012 Murano | 2013 | 2013 Murano | 2014 | 2014 Murano | black hitch | category:Trailer Hitches | class 3 hitch | CURT | make:Nissan | model:Murano | Nissan accessories | Nissan Murano | receiver hitch | TH-MUR09-C577 | towing | trailer hitch | year:2009 | year:2010 | year:2011 | year:2012 | year:2013 | year:2014
2003-2007-nissan-murano-class-3-trailer-hitch-w-ball-mount-curt,2003-2007 Nissan Murano Class 3 Trailer Hitch w/ Ball Mount - CURT,trailer hitch kit,CURT,0,28,2 inch receiver | 2003 | 2004 | 2005 | 2006 | 2007 | 45034 | ball mount | black trailer hitch | category:Trailer Hitches | Class 3 | CURT | hitch combo | loaded ball mount | make:Nissan | model:Murano | Murano | Nissan | Nissan Murano | TH-MUR03-C571+TH-BMOUNT-L2 | towing | trailer hitch | trailer hitch combo | year:2003 | year:2004 | year:2005 | year:2006 | year:2007
2009-2014-nissan-murano-class-3-trailer-hitch-w-ball-mount-curt,2009-2014 Nissan Murano Class 3 Trailer Hitch w/ Ball Mount - CURT,trailer hitch kit,CURT,0,30,2009 | 2009-2014 | 2010 | 2011 | 2012 | 2013 | 2014 | 45034 | ball mount | category:Trailer Hitches | Class 3 | CURT | hitch combo | loaded ball mount | make:Nissan | model:Murano | Murano | Nissan | Nissan Murano | receiver hitch | TH-MUR09-C577+TH-BMOUNT-L2 | tow hitch | towing | trailer hitch | year:2009 | year:2010 | year:2011 | year:2012 | year:2013 | year:2014
2015-2024-nissan-murano-2-trailer-hitch-receiver-class-3-curt-13205,"2015-2024 Nissan Murano 2"" Trailer Hitch Receiver Class 3 - CURT 13205",trailer hitch kit,CURT,1,38,13205 | 2 inch receiver | 2015 | 2015-2024 | 2016 | 2017 | 2018 | 2019 | 2020 | 2021 | 2022 | 2023 | 2024 | bolt-on hitch | category:Trailer Hitches | class 3 hitch | CURT | hitch receiver | make:Nissan | model:Murano | Murano | Nissan | Nissan Murano | receiver hitch | TH-MUR15-C205 | tow hitch | towing | trailer hitch | year:2015 | year:2016 | year:2017 | year:2018 | year:2019 | year:2020 | year:2021 | year:2022 | year:2023 | year:2024
1994-2004-ford-mustang-class-1-trailer-hitch-black,1994-2004 Ford Mustang Class 1 Trailer Hitch - Black,trailer hitch kit,Torque Highway,0,40,1994 | 1994-2004 | 1995 | 1996 | 1997 | 1998 | 1999 | 2000 | 2001 | 2002 | 2003 | 2004 | black hitch | bolt-on hitch | category:Trailer Hitches | class 1 hitch | Ford | Ford Mustang | hitch receiver | light duty towing | make:Ford | model:Mustang | Mustang | Mustang hitch | Mustang towing | receiver hitch | TH-MUS94-A041 | towing | trailer hitch | year:1994 | year:1995 | year:1996 | year:1997 | year:1998 | year:1999 | year:2000 | year:2001 | year:2002 | year:2003 | year:2004
2016-2023-mazda-mx-5-miata-1-25-trailer-hitch-receiver-curt-11435,"2016-2023 Mazda MX-5 Miata 1.25"" Trailer Hitch Receiver - Curt 11435",trailer hitch kit,Curt,1,36,1.25 inch receiver | 11435 | 2016 | 2016-2023 | 2017 | 2018 | 2019 | 2020 | 2021 | 2022 | 2023 | bike rack hitch | black hitch | bolt-on hitch | cargo carrier hitch | category:Trailer Hitches | class 1 hitch | Curt | hitch receiver | make:Mazda | Mazda | Miata | model:MX-5 | MX-5 | MX-5 Miata | TH-MX516-A435 | tow hitch | trailer hitch | year:2016 | year:2017 | year:2018 | year:2019 | year:2020 | year:2021 | year:2022 | year:2023
1999-2005-mazda-miata-mx-5-class-1-trailer-hitch-black,1999-2005 Mazda Miata MX-5 Class 1 Trailer Hitch - Black,trailer hitch kit,Torklift,0,31,11749 | 1999 | 1999-2005 | 2000 | 2001 | 2002 | 2003 | 2004 | 2005 | black hitch | category:Trailer Hitches | class 1 hitch | drilling required | make:Mazda | Mazda hitch | Mazda Miata | Miata accessories | model:MX-5 | MX-5 | MX5 | receiver hitch | TH-MX599-A749 | tow hitch | trailer hitch | year:1999 | year:2000 | year:2001 | year:2002 | year:2003 | year:2004 | year:2005
2007-2011-dodge-nitro-class-3-trailer-hitch-black,2007-2011 Dodge Nitro Class 3 Trailer Hitch - Black,trailer hitch kit,Trailer Hitches,0,26,13334 | 2007 | 2007-2011 | 2008 | 2009 | 2010 | 2011 | black hitch | bolt-on hitch | category:Trailer Hitches | class 3 hitch | Dodge | Dodge Nitro | make:Dodge | model:Nitro | Nitro | receiver hitch | TH-NITR07-C334 | tow hitch | towing | trailer hitch | year:2007 | year:2008 | year:2009 | year:2010 | year:2011
2007-2011-dodge-nitro-class-3-trailer-hitch-w-ball-mount-curt,2007-2011 Dodge Nitro Class 3 Trailer Hitch w/ Ball Mount - CURT,trailer hitch kit,CURT,0,31,2 inch receiver | 2007 | 2007-2011 | 2008 | 2009 | 2010 | 2011 | 45034 | ball mount | black | category:Trailer Hitches | Class 3 | CURT | Dodge | Dodge Nitro | hitch combo | loaded ball mount | make:Dodge | model:Nitro | Nitro | pin and clip | TH-NITR07-C334 | TH-NITR07-C334+TH-BMOUNT-L2 | towing | trailer ball | trailer hitch | year:2007 | year:2008 | year:2009 | year:2010 | year:2011
2022-lexus-nx-2-trailer-hitch-receiver-class-3-mpn-13498,"2022-2025 Lexus NX250/NX350/NX350h/NX450h+ 2"" Trailer Hitch - Curt",trailer hitch,Curt,1,23,2 inch receiver | 2022 | 2022 lexus nx | 2023 | 2023 lexus nx | 2024 | 2024 lexus nx | 2025 | 2025 lexus nx | black hitch | bolt-on hitch | class 3 hitch | curt | hitch receiver | lexus nx | lexus nx250 | lexus nx350 | lexus nx350h | lexus nx450h+ | MPN-13498 | TH-NX22-C498 | towing | trailer hitch
2018-2025-honda-odyssey-2-trailer-hitch-receiver-class-3,"2018-2025 Honda Odyssey 2"" Trailer Hitch Receiver - Class 3",trailer hitch kit,Stehlen,0,37,2 inch receiver | 2018 | 2018 Odyssey | 2019 | 2019 Odyssey | 2020 | 2020 Odyssey | 2021 | 2021 Odyssey | 2022 | 2022 Odyssey | 2023 | 2023 Odyssey | 2024 | 2024 Odyssey | 2025 | 2025 Odyssey | category:Trailer Hitches | class 3 hitch | hitch receiver | Honda accessories | Honda Odyssey | make:Honda | minivan hitch | model:Odyssey | TH-ODYS18-C523 | tow hitch | towing | trailer hitch | year:2018 | year:2019 | year:2020 | year:2021 | year:2022 | year:2023 | year:2024 | year:2025
1999-2017-honda-odyssey-class-3-trailer-hitch-black-13068,1999-2017 Honda Odyssey Class 3 Trailer Hitch - Black | 13068,trailer hitch kit,CURT,1,55,13068 | 1999 | 1999-2017 | 2000 | 2001 | 2002 | 2003 | 2004 | 2005 | 2006 | 2007 | 2008 | 2009 | 2010 | 2011 | 2012 | 2013 | 2014 | 2015 | 2016 | 2017 | black hitch | bolt-on hitch | category:Trailer Hitches | class 3 hitch | CURT | Honda | Honda Odyssey | make:Honda | minivan hitch | model:Odyssey | Odyssey | receiver hitch | TH-ODYS99-C068 | towing | trailer hitch | year:1999 | year:2000 | year:2001 | year:2002 | year:2003 | year:2004 | year:2005 | year:2006 | year:2007 | year:2008 | year:2009 | year:2010 | year:2011 | year:2012 | year:2013 | year:2014 | year:2015 | year:2016 | year:2017
1999-2017-honda-odyssey-class-3-trailer-hitch-w-ball-mount-curt,1999-2017 Honda Odyssey Class 3 Trailer Hitch w/ Ball Mount - CURT,trailer hitch kit,CURT,0,57,1999 | 1999-2017 | 2000 | 2001 | 2002 | 2003 | 2004 | 2005 | 2006 | 2007 | 2008 | 2009 | 2010 | 2011 | 2012 | 2013 | 2014 | 2015 | 2016 | 2017 | 45034 | ball mount | category:Trailer Hitches | Class 3 hitch | CURT | hitch combo | Honda | Honda Odyssey | loaded ball mount | make:Honda | model:Odyssey | Odyssey | pin and clip | TH-ODYS99-C068+TH-BMOUNT-L2 | tow hitch | towing | trailer ball | trailer hitch | year:1999 | year:2000 | year:2001 | year:2002 | year:2003 | year:2004 | year:2005 | year:2006 | year:2007 | year:2008 | year:2009 | year:2010 | year:2011 | year:2012 | year:2013 | year:2014 | year:2015 | year:2016 | year:2017
2014-2019-subaru-outback-1-25-trailer-hitch-receiver-curt-12136,"2014-2019 Subaru Outback 1.25"" Trailer Hitch Receiver - CURT 12136",trailer hitch kit,CURT,1,29,1.25 inch receiver | 12136 | 2014 | 2014-2019 | 2015 | 2016 | 2017 | 2018 | 2019 | black | bolt-on | category:Trailer Hitches | class 2 hitch | CURT | custom fit | hitch receiver | make:Subaru | model:Outback | Outback | Subaru | TH-OUTB14-B136 | towing | trailer hitch | year:2014 | year:2015 | year:2016 | year:2017 | year:2018 | year:2019
2014-2019-subaru-outback-2-trailer-hitch-receiver-class-3,"2014-2019 Subaru Outback 2"" Trailer Hitch Receiver Class 3",trailer hitch kit,Torx Highway,1,28,13206 | 2 inch receiver | 2014 | 2014-2019 Subaru Outback | 2015 | 2016 | 2017 | 2018 | 2019 | category:Trailer Hitches | class 3 hitch | hitch | hitch receiver | make:Subaru | model:Outback | Outback hitch | Subaru accessories | Subaru Outback | TH-OUTB14-C206 | tow hitch | towing | trailer hitch | year:2014 | year:2015 | year:2016 | year:2017 | year:2018 | year:2019
2014-2019-subaru-outback-class-3-trailer-hitch-w-ball-mount-kit,2014-2019 Subaru Outback Class 3 Trailer Hitch w/ Ball Mount Kit,trailer hitch kit,CURT,0,33,2 inch receiver | 2014 | 2014-2019 | 2015 | 2016 | 2017 | 2018 | 2019 | 45034 | ball mount | category:Trailer Hitches | class 3 | CURT | hitch combo kit | hitch receiver | loaded ball mount | make:Subaru | model:Outback | Outback | pin and clip | Subaru | Subaru Outback | TH-OUTB14-C206+TH-BMOUNT-L2 | tow hitch | towing | trailer ball | trailer hitch | year:2014 | year:2015 | year:2016 | year:2017 | year:2018 | year:2019
2020-2025-subaru-outback-legacy-2-trailer-hitch-receiver-class-3,"2020-2025 Subaru Outback Legacy 2"" Trailer Hitch Receiver Class 3",trailer hitch kit,Generic,1,26,2 inch receiver | 2020 | 2021 | 2022 | 2023 | 2024 | 2025 | bolt-on hitch | category:Trailer Hitches | class 3 hitch | hitch receiver | make:Subaru | model:Legacy | model:Outback | Subaru Legacy | Subaru Outback | Subaru towing | TH-OUTB20-C494 | towing | trailer hitch | year:2020 | year:2021 | year:2022 | year:2023 | year:2024 | year:2025
2007-2013-mitsubishi-outlander-class-3-trailer-hitch-black,2007-2013 Mitsubishi Outlander Class 3 Trailer Hitch - Black,trailer hitch kit,CURT,1,35,13581 | 2007 | 2007 Outlander | 2008 | 2008 Outlander | 2009 | 2009 Outlander | 2010 | 2010 Outlander | 2011 | 2011 Outlander | 2012 | 2012 Outlander | 2013 | 2013 Outlander | black trailer hitch | category:Trailer Hitches | class 3 hitch | CURT | hitch | make:Mitsubishi | Mitsubishi | Mitsubishi Outlander | model:Outlander | receiver hitch | TH-OUTL07-C581 | towing | trailer hitch | year:2007 | year:2008 | year:2009 | year:2010 | year:2011 | year:2012 | year:2013
2007-2013-mitsubishi-outlander-class-3-trailer-hitch-w-ball-mount-curt,2007-2013 Mitsubishi Outlander Class 3 Trailer Hitch w/ Ball Mount - CURT,trailer hitch kit,CURT,0,31,2 inch receiver | 2007 | 2007-2013 | 2008 | 2009 | 2010 | 2011 | 2012 | 2013 | 45034 | ball mount | category:Trailer Hitches | Class 3 hitch | CURT | hitch combo | loaded ball mount | make:Mitsubishi | Mitsubishi | Mitsubishi Outlander hitch | model:Outlander | Outlander | TH-OUTL07-C581+TH-BMOUNT-L2 | towing | trailer hitch | year:2007 | year:2008 | year:2009 | year:2010 | year:2011 | year:2012 | year:2013
2022-2025-mitsubishi-outlander-2-trailer-hitch-receiver-class-3,"2022-2025 Mitsubishi Outlander 2"" Trailer Hitch Receiver - Class 3",trailer hitch kit,TLAPS,0,21,2 inch receiver | 2022 | 2023 | 2024 | 2025 | bolt-on hitch | category:Trailer Hitches | class 3 hitch | hitch receiver | make:Mitsubishi | Mitsubishi | Mitsubishi Outlander hitch | model:Outlander | Outlander | TH-OUTL22-C487 | towing | trailer hitch | year:2022 | year:2023 | year:2024 | year:2025
2023-2025-mitsubishi-outlander-phev-2-trailer-hitch-class-3,"2023-2025 Mitsubishi Outlander PHEV 2"" Trailer Hitch - Class 3",trailer hitch kit,Stehlen,0,20,2 inch receiver | 2023 | 2024 | 2025 | bolt-on hitch | category:Trailer Hitches | class 3 hitch | hitch receiver | make:Mitsubishi | Mitsubishi | model:Outlander | Outlander PHEV | Stehlen | SUV hitch | TH-OUTLPEV23-C566 | towing | trailer hitch | year:2023 | year:2024 | year:2025
2017-2025-chrysler-pacifica-voyager-2-class-3-trailer-hitch-receiver,"2017-2025 Chrysler Pacifica Voyager 2"" Class 3 Trailer Hitch Receiver",trailer hitch kit,TLAPS,1,50,2 inch receiver | 2017 | 2017 Pacifica | 2018 | 2018 Pacifica | 2019 | 2019 Pacifica | 2020 | 2020 Pacifica | 2020 Voyager | 2021 | 2021 Pacifica | 2021 Voyager | 2022 | 2022 Pacifica | 2022 Voyager | 2023 | 2023 Pacifica | 2023 Voyager | 2024 | 2024 Grand Caravan | 2024 Pacifica | 2024 Voyager | 2025 | 2025 Grand Caravan | 2025 Pacifica | 2025 Voyager | category:Trailer Hitches | Chrysler Grand Caravan | Chrysler Pacifica | Chrysler Voyager | class 3 hitch | hitch receiver | make:Chrysler | minivan hitch | model:Pacifica | model:Voyager | TH-PAC17-C383 | tow hitch | towing | trailer hitch | year:2017 | year:2018 | year:2019 | year:2020 | year:2021 | year:2022 | year:2023 | year:2024 | year:2025
2020-2024-hyundai-palisade-2-trailer-hitch-receiver-curt-13427,"2020-2024 Hyundai Palisade 2"" Trailer Hitch Receiver - CURT 13427",trailer hitch kit,CURT,1,29,13427 | 2 inch receiver | 2020 | 2020 Palisade | 2021 | 2021 Palisade | 2022 | 2022 Palisade | 2023 | 2023 Palisade | 2024 | 2024 Palisade | bolt-on hitch | category:Trailer Hitches | class 3 hitch | CURT | hitch receiver | Hyundai accessories | Hyundai Palisade | make:Hyundai | model:Palisade | TH-PALI20-C427 | towing | trailer hitch | year:2020 | year:2021 | year:2022 | year:2023 | year:2024
2013-2020-nissan-pathfinder-infiniti-qx60-class-3-trailer-hitch,2013-2020 Nissan Pathfinder Infiniti QX60 Class 3 Trailer Hitch,trailer hitch kit,Torxx Hitch,1,34,13126 | 2-inch receiver | 2013 | 2014 | 2015 | 2016 | 2017 | 2018 | 2019 | 2020 | black hitch | bolt-on hitch | category:Trailer Hitches | class 3 hitch | Infiniti | Infiniti QX60 | make:Infiniti | make:Nissan | model:Pathfinder | model:QX60 | Nissan | Nissan Pathfinder | receiver hitch | TH-PAT13-C126 | towing | trailer hitch | year:2013 | year:2014 | year:2015 | year:2016 | year:2017 | year:2018 | year:2019 | year:2020
2013-2020-nissan-pathfinder-infiniti-qx60-class-3-trailer-hitch-combo,2013-2020 Nissan Pathfinder Infiniti QX60 Class 3 Trailer Hitch Combo,trailer hitch kit,CURT,0,35,2 inch receiver | 2013 | 2014 | 2015 | 2016 | 2017 | 2018 | 2019 | 2020 | 45034 | ball mount | category:Trailer Hitches | class 3 | CURT | hitch combo | Infiniti QX60 | loaded ball mount | make:Infiniti | make:Nissan | model:Pathfinder | model:QX60 | Nissan Pathfinder | TH-PAT13-C126+TH-BMOUNT-L2 | tow hitch | towing | trailer hitch | trailer hitch combo | year:2013 | year:2014 | year:2015 | year:2016 | year:2017 | year:2018 | year:2019 | year:2020
1996-2004-nissan-pathfinder-infiniti-qx4-class-3-trailer-hitch,1996-2004 Nissan Pathfinder Infiniti QX4 Class 3 Trailer Hitch,trailer hitch kit,CURT,1,36,13088 | 1996 | 1996-2004 | 1997 | 1998 | 1999 | 2-inch receiver | 2000 | 2001 | 2002 | 2003 | 2004 | black hitch | bolt-on hitch | category:Trailer Hitches | class 3 hitch | CURT | Infiniti QX4 | make:Infiniti | make:Nissan | model:Pathfinder | Nissan Pathfinder | receiver hitch | TH-PAT96-C088 | tow hitch | towing | trailer hitch | year:1996 | year:1997 | year:1998 | year:1999 | year:2000 | year:2001 | year:2002 | year:2003 | year:2004
2001-2008-honda-pilot-acura-mdx-class-3-trailer-hitch-13328,2001-2008 Honda Pilot & Acura MDX Class 3 Trailer Hitch - 13328,trailer hitch kit,CURT,1,36,13328 | 2-inch receiver | 2001 | 2001-2006 Acura MDX | 2002 | 2003 | 2003-2008 Honda Pilot | 2004 | 2005 | 2006 | 2007 | 2008 | Acura MDX | black hitch | bolt-on hitch | category:Trailer Hitches | class 3 hitch | CURT | Honda Pilot | make:Acura | make:Honda | model:MDX | model:Pilot | receiver hitch | TH-PILOT03-C328 | tow hitch | towing | trailer hitch | year:2001 | year:2002 | year:2003 | year:2004 | year:2005 | year:2006 | year:2007 | year:2008
96-04-nissan-pathfinder-infiniti-qx4-class-3-hitch-ball-mount-kit,96-04 Nissan Pathfinder Infiniti QX4 Class 3 Hitch & Ball Mount Kit,trailer hitch kit,CURT,0,35,1996 | 1997 | 1998 | 1999 | 2 inch receiver | 2000 | 2001 | 2002 | 2003 | 2004 | 45034 | ball mount | category:Trailer Hitches | class 3 hitch | CURT | hitch combo kit | Infiniti QX4 | loaded ball mount | make:Infiniti | make:Nissan | model:Pathfinder | Nissan Pathfinder | TH-PAT96-C088+TH-BMOUNT-L2 | tow hitch | towing | trailer hitch | year:1996 | year:1997 | year:1998 | year:1999 | year:2000 | year:2001 | year:2002 | year:2003 | year:2004
2001-2008-honda-pilot-acura-mdx-class-3-trailer-hitch-combo-curt,2001-2008 Honda Pilot & Acura MDX Class 3 Trailer Hitch Combo - CURT,trailer hitch kit,CURT,0,37,2001 | 2001-2006 Acura MDX | 2002 | 2003 | 2003-2008 Honda Pilot | 2004 | 2005 | 2006 | 2007 | 2008 | 45034 | Acura MDX | ball mount | black trailer hitch | category:Trailer Hitches | class 3 hitch | CURT | hitch combo | Honda Pilot | loaded ball mount | make:Acura | make:Honda | model:MDX | model:Pilot | receiver hitch | th-pilot03-c328+th-bmount-l2 | tow hitch | towing | trailer hitch | year:2001 | year:2002 | year:2003 | year:2004 | year:2005 | year:2006 | year:2007 | year:2008
1997-2007-pontiac-grand-prix-buick-regal-class-2-trailer-hitch,1997-2007 Pontiac Grand Prix / Buick Regal Class 2 Trailer Hitch,trailer hitch kit,Generic,1,39,1997 | 1998 | 1999 | 2000 | 2001 | 2002 | 2003 | 2004 | 2005 | 2006 | 2007 | black hitch | Buick | Buick Regal | category:Trailer Hitches | class 2 hitch | Grand Prix hitch | make:Buick | make:Pontiac | model:Grand Prix | model:Regal | Pontiac | Pontiac Grand Prix | receiver hitch | Regal hitch | TH-PRIX97-B225 | towing | trailer hitch | year:1997 | year:1998 | year:1999 | year:2000 | year:2001 | year:2002 | year:2003 | year:2004 | year:2005 | year:2006 | year:2007
2017-2025-audi-q7-class-3-trailer-hitch-2-receiver-black,"2017-2025 Audi Q7 Class 3 Trailer Hitch 2"" Receiver - Black",trailer hitch kit,Generic,1,39,2 inch receiver | 2017 | 2017 Audi Q7 | 2018 | 2018 Audi Q7 | 2019 | 2019 Audi Q7 | 2020 | 2020 Audi Q7 | 2021 | 2021 Audi Q7 | 2022 | 2022 Audi Q7 | 2023 | 2023 Audi Q7 | 2024 | 2024 Audi Q7 | 2025 | 2025 Audi Q7 | Audi accessories | Audi Q7 | category:Trailer Hitches | class 3 hitch | hitch receiver | make:Audi | model:Q7 | TH-Q717-C277 | tow hitch | towing | trailer hitch | year:2017 | year:2018 | year:2019 | year:2020 | year:2021 | year:2022 | year:2023 | year:2024 | year:2025
2019-2025-dodge-ram-1500-2-trailer-hitch-receiver-class-3,"2019-2026 Dodge Ram 1500 2"" Class 3 Trailer Hitch Receiver",trailer hitch,Stehlen Auto,1,26,2 inch receiver | 2019 | 2019 ram 1500 | 2020 | 2020 ram 1500 | 2021 | 2021 ram 1500 | 2022 | 2022 ram 1500 | 2023 | 2023 ram 1500 | 2024 | 2024 ram 1500 | 2025 | 2025 ram 1500 | 2026 | 2026 ram 1500 | black hitch | class 3 hitch | dodge ram 1500 | factory towing bumper | hitch receiver | ram 1500 | TH-RAM191500-C419 | towing | trailer hitch
2019-2023-ford-ranger-class-3-trailer-hitch-2-receiver-curt-13417,"2019-2023 Ford Ranger Class 3 Trailer Hitch 2"" Receiver - CURT 13417",trailer hitch kit,CURT,1,29,13417 | 2 inch receiver | 2019 | 2019 Ford Ranger | 2020 | 2020 Ford Ranger | 2021 | 2021 Ford Ranger | 2022 | 2022 Ford Ranger | 2023 | 2023 Ford Ranger | category:Trailer Hitches | class 3 hitch | CURT | Ford Ranger | Ford Ranger hitch | make:Ford | model:Ranger | receiver hitch | TH-RANG19-C417 | tow hitch | towing | trailer hitch | year:2019 | year:2020 | year:2021 | year:2022 | year:2023
1994-2009-mazda-b-series-class-3-trailer-hitch-combo-curt,1994-2009 Mazda B-Series Class 3 Trailer Hitch Combo - CURT,trailer hitch kit,CURT,0,53,1994 | 1994-2009 | 1995 | 1996 | 1997 | 1998 | 1999 | 2 inch receiver | 2000 | 2001 | 2002 | 2003 | 2004 | 2005 | 2006 | 2007 | 2008 | 2009 | 45034 | B2300 | B3000 | B4000 | ball mount | category:Trailer Hitches | class 3 | CURT | hitch combo | loaded ball mount | make:Mazda | Mazda | Mazda B-Series | model:B-Series | TH-RANG83-C138+TH-BMOUNT-L2 | tow hitch | towing | trailer hitch | truck accessories | year:1994 | year:1995 | year:1996 | year:1997 | year:1998 | year:1999 | year:2000 | year:2001 | year:2002 | year:2003 | year:2004 | year:2005 | year:2006 | year:2007 | year:2008 | year:2009
2006-2018-toyota-rav4-class-3-trailer-hitch-black-13149,2006-2018 Toyota RAV4 Class 3 Trailer Hitch - Black | 13149,trailer hitch kit,CURT,1,44,13149 | 2006 | 2006-2018 | 2007 | 2008 | 2009 | 2010 | 2011 | 2012 | 2013 | 2014 | 2015 | 2016 | 2017 | 2018 | black hitch | bolt-on hitch | category:Trailer Hitches | class 3 hitch | CURT | make:Toyota | model:RAV4 | RAV4 hitch | RAV4 towing | receiver hitch | TH-RAV406-C149 | towing | Toyota RAV4 | Toyota RAV4 hitch | Toyota trailer hitch | trailer hitch | year:2006 | year:2007 | year:2008 | year:2009 | year:2010 | year:2011 | year:2012 | year:2013 | year:2014 | year:2015 | year:2016 | year:2017 | year:2018
2006-2018-toyota-rav4-1-25-trailer-hitch-receiver-class-2,"2006-2018 Toyota RAV4 1.25"" Trailer Hitch Receiver Class 2",trailer hitch kit,Torque,1,42,1.25 inch receiver | 12108 | 2006 | 2006-2018 RAV4 | 2007 | 2008 | 2009 | 2010 | 2011 | 2012 | 2013 | 2014 | 2015 | 2016 | 2017 | 2018 | black hitch | bolt-on hitch | category:Trailer Hitches | class 2 hitch | hitch receiver | make:Toyota | model:RAV4 | RAV4 hitch | TH-RAV406-B108 | tow hitch | Toyota accessories | Toyota RAV4 | trailer hitch | year:2006 | year:2007 | year:2008 | year:2009 | year:2010 | year:2011 | year:2012 | year:2013 | year:2014 | year:2015 | year:2016 | year:2017 | year:2018
2006-2018-toyota-rav4-class-3-trailer-hitch-ball-mount-combo,2006-2018 Toyota RAV4 Class 3 Trailer Hitch & Ball Mount Combo,trailer hitch kit,CURT,0,47,2 inch receiver | 2006 | 2006-2018 | 2007 | 2008 | 2009 | 2010 | 2011 | 2012 | 2013 | 2014 | 2015 | 2016 | 2017 | 2018 | 45034 | ball mount | black hitch | bolt-on hitch | category:Trailer Hitches | Class 3 | CURT | hitch combo | loaded ball mount | make:Toyota | model:RAV4 | pin and clip | pre-torqued trailer ball | RAV4 hitch | TH-RAV406-C149+TH-BMOUNT-L2 | towing | Toyota RAV4 | Toyota towing | trailer hitch | year:2006 | year:2007 | year:2008 | year:2009 | year:2010 | year:2011 | year:2012 | year:2013 | year:2014 | year:2015 | year:2016 | year:2017 | year:2018
2006-2012-toyota-rav4-class-3-trailer-hitch-wiring-combo,2006-2012 Toyota RAV4 Class 3 Trailer Hitch & Wiring Combo,trailer hitch kit,Trailer Hitches Direct,1,38,2006 | 2006 RAV4 | 2007 | 2007 RAV4 | 2008 | 2008 RAV4 | 2009 | 2009 RAV4 | 2010 | 2010 RAV4 | 2011 | 2011 RAV4 | 2012 | 2012 RAV4 | 4-way flat | black hitch | category:Trailer Hitches | class 3 hitch | hitch combo | make:Toyota | model:RAV4 | RAV4 hitch | t-connector | TH-RAV406-C149 | TH-RAV406-C149+THW-RAV406-4W-EF165 | THW-RAV406-4W-EF165 | towing | Toyota RAV4 | trailer hitch | trailer hitch combo | wiring harness | year:2006 | year:2007 | year:2008 | year:2009 | year:2010 | year:2011 | year:2012
2019-2024-toyota-rav4-rav4-prime-2-trailer-hitch-curt-13416,"2019-2024 Toyota RAV4/RAV4 Prime 2"" Trailer Hitch - CURT 13416",trailer hitch kit,CURT,0,30,13416 | 2 inch receiver | 2019 | 2019-2024 | 2020 | 2021 | 2022 | 2023 | 2024 | bolt-on hitch | category:Trailer Hitches | class 3 hitch | CURT | make:Toyota | model:RAV4 | RAV4 Prime | RAV4 trailer hitch | receiver hitch | TH-RAV419-C416 | tow hitch | towing | Toyota hitch | Toyota RAV4 | trailer hitch | year:2019 | year:2020 | year:2021 | year:2022 | year:2023 | year:2024
2015-2023-jeep-renegade-2-trailer-hitch-receiver-class-3,"2015-2023 Jeep Renegade 2"" Trailer Hitch Receiver Class 3",trailer hitch kit,Trailer Hitch,1,34,13269 | 2 inch receiver | 2015 | 2015-2023 | 2016 | 2017 | 2018 | 2019 | 2020 | 2021 | 2022 | 2023 | bolt-on hitch | category:Trailer Hitches | Class 3 | hitch receiver | Jeep accessories | Jeep Renegade | make:Jeep | model:Renegade | Renegade hitch | TH-RENE15-C269 | tow hitch | towing | trailer hitch | year:2015 | year:2016 | year:2017 | year:2018 | year:2019 | year:2020 | year:2021 | year:2022 | year:2023
2006-2014-honda-ridgeline-class-3-trailer-hitch-13385,2006-2014 Honda Ridgeline Class 3 Trailer Hitch - 13385,trailer hitch kit,CURT,1,37,13385 | 2006 | 2006-2014 | 2007 | 2008 | 2009 | 2010 | 2011 | 2012 | 2013 | 2014 | black | bolt-on | category:Trailer Hitches | class 3 | class 3 hitch | CURT | hitch | Honda | Honda Ridgeline | make:Honda | model:Ridgeline | receiver hitch | Ridgeline | TH-RIDG05-C385 | tow hitch | towing | trailer hitch | year:2006 | year:2007 | year:2008 | year:2009 | year:2010 | year:2011 | year:2012 | year:2013 | year:2014
2006-2014-honda-ridgeline-class-3-trailer-hitch-combo-curt,2006-2014 Honda Ridgeline Class 3 Trailer Hitch Combo - CURT,trailer hitch kit,CURT,0,37,2006 | 2006-2014 | 2007 | 2008 | 2009 | 2010 | 2011 | 2012 | 2013 | 2014 | 45034 | ball mount | category:Trailer Hitches | Class 3 | crew cab | CURT | hitch combo | Honda | Honda Ridgeline | loaded ball mount | make:Honda | model:Ridgeline | receiver hitch | Ridgeline | TH-RIDG05-C385+TH-BMOUNT-L2 | tow hitch | towing | trailer hitch | year:2006 | year:2007 | year:2008 | year:2009 | year:2010 | year:2011 | year:2012 | year:2013 | year:2014
2008-2020-nissan-rogue-class-3-trailer-hitch-black-13204,2008-2020 Nissan Rogue Class 3 Trailer Hitch - Black 13204,trailer hitch kit,CURT,1,56,13204 | 2008 | 2008 Rogue | 2009 | 2009 Rogue | 2010 | 2010 Rogue | 2011 | 2011 Rogue | 2012 | 2012 Rogue | 2013 | 2013 Rogue | 2014 | 2014 Rogue | 2014 Rogue Select | 2015 | 2015 Rogue | 2015 Rogue Select | 2016 | 2016 Rogue | 2017 | 2017 Rogue | 2018 | 2018 Rogue | 2019 | 2019 Rogue | 2020 | 2020 Rogue | black hitch | bolt-on hitch | category:Trailer Hitches | class 3 hitch | CURT | make:Nissan | model:Rogue | Nissan Rogue | Nissan Rogue Select | receiver hitch | TH-ROG08-C204 | tow hitch | towing | trailer hitch | year:2008 | year:2009 | year:2010 | year:2011 | year:2012 | year:2013 | year:2014 | year:2015 | year:2016 | year:2017 | year:2018 | year:2019 | year:2020
2008-2020-nissan-rogue-class-3-trailer-hitch-w-ball-mount,2008-2020 Nissan Rogue Class 3 Trailer Hitch w/ Ball Mount,trailer hitch kit,CURT,0,44,2008 | 2008-2020 | 2009 | 2010 | 2011 | 2012 | 2013 | 2014 | 2015 | 2016 | 2017 | 2018 | 2019 | 2020 | 45034 | ball mount | category:Trailer Hitches | Class 3 | CURT | hitch combo | loaded ball mount | make:Nissan | model:Rogue | Nissan accessories | Nissan Rogue | Nissan Rogue Select | receiver hitch | TH-ROG08-C204+TH-BMOUNT-L2 | tow hitch | towing | trailer hitch | year:2008 | year:2009 | year:2010 | year:2011 | year:2012 | year:2013 | year:2014 | year:2015 | year:2016 | year:2017 | year:2018 | year:2019 | year:2020
2021-2026-nissan-rogue-class-3-trailer-hitch-2-receiver-black,"2021-2026 Nissan Rogue Class 3 Trailer Hitch 2"" Receiver - Black",trailer hitch kit,TLAPS,0,32,2 inch receiver | 2021 | 2021 Rogue | 2022 | 2022 Rogue | 2023 | 2023 Rogue | 2024 | 2024 Rogue | 2025 | 2025 Rogue | 2026 | 2026 Rogue | bolt-on hitch | category:Trailer Hitches | class 3 hitch | hitch receiver | make:Nissan | model:Rogue | Nissan accessories | Nissan Rogue | rear hitch | TH-ROG21-C471 | tow hitch | towing | trailer hitch | year:2021 | year:2022 | year:2023 | year:2024 | year:2025 | year:2026
2017-2023-nissan-rogue-sport-qashqai-2-trailer-hitch-class-3,"2017-2023 Nissan Rogue Sport Qashqai 2"" Trailer Hitch Class 3",trailer hitch kit,Stehlen,0,27,2 inch receiver | 2017 | 2018 | 2019 | 2020 | 2021 | 2022 | 2023 | bolt-on hitch | category:Trailer Hitches | class 3 hitch | hitch receiver | make:Nissan | model:Rogue | Nissan accessories | Nissan Qashqai | Nissan Rogue Sport | TH-ROGSP17-C377 | towing | trailer hitch | year:2017 | year:2018 | year:2019 | year:2020 | year:2021 | year:2022 | year:2023
curt-adjustable-rv-trailer-hitch-class-3-up-to-72-frames-13703,"CURT Adjustable RV Trailer Hitch Class 3 Up to 72"" Frames - 13703",trailer hitch kit,CURT,1,16,13703 | 2 inch receiver | 72 inch frame | adjustable hitch | black hitch | bolt-on hitch | category:Trailer Hitches | Class 3 hitch | CURT | RV hitch | RV trailer hitch | TH-RV-C703 | towing | trailer hitch | universal fit | universal RV hitch
rv-72-adjustable-class-3-trailer-hitch-w-loaded-ball-mount,"RV 72"" Adjustable Class 3 Trailer Hitch w/ Loaded Ball Mount",trailer hitch kit,Topline,0,18,1-7/8 trailer ball | 2 inch ball mount | 72 inch adjustable hitch | black trailer hitch | category:Trailer Hitches | class 3 hitch | loaded ball mount | pin and clip | pre-torqued ball mount | RV hitch | RV trailer hitch | TH-RV-C703+TH-BMOUNT-L2 | Topline | tow hitch combo | towing | trailer hitch | universal fit | universal RV hitch
2010-2015-lexus-rx350-rx450h-class-3-trailer-hitch-black,2010-2015 Lexus RX350 RX450h Class 3 Trailer Hitch - Black,trailer hitch kit,CURT,1,30,13143 | 2010 | 2010-2015 | 2011 | 2012 | 2013 | 2014 | 2015 | black trailer hitch | bolt-on hitch | category:Trailer Hitches | class 3 hitch | CURT | hitch receiver | Lexus accessories | Lexus RX350 | Lexus RX450h | make:Lexus | model:RX350 | model:RX450h | receiver hitch | TH-RX35010-C143 | towing | trailer hitch | year:2010 | year:2011 | year:2012 | year:2013 | year:2014 | year:2015
2004-2012-volvo-s40-v50-class-1-trailer-hitch-black,2004-2012 Volvo S40 & V50 Class 1 Trailer Hitch - Black,trailer hitch kit,Torklift Central,1,45,11438 | 2004 | 2004 Volvo | 2005 | 2005 Volvo | 2006 | 2006 Volvo | 2007 | 2007 Volvo | 2008 | 2008 Volvo | 2009 | 2009 Volvo | 2010 | 2010 Volvo | 2011 | 2011 Volvo | 2012 | 2012 Volvo | black hitch | bolt-on hitch | category:Trailer Hitches | class 1 hitch | class 1 trailer hitch | make:Volvo | model:S40 | model:V50 | receiver hitch | S40 trailer hitch | TH-S4004-A438 | tow hitch | trailer hitch | V50 trailer hitch | Volvo hitch | Volvo S40 | Volvo V50 | year:2004 | year:2005 | year:2006 | year:2007 | year:2008 | year:2009 | year:2010 | year:2011 | year:2012
2010-2015-lexus-rx350-rx450h-class-3-trailer-hitch-w-ball-mount,2010-2015 Lexus RX350 RX450h Class 3 Trailer Hitch w/ Ball Mount,trailer hitch kit,CURT,0,34,2010 | 2010-2015 | 2011 | 2012 | 2013 | 2014 | 2015 | 45034 | ball mount | black hitch | category:Trailer Hitches | class 3 hitch | CURT | hitch combo | Lexus | Lexus RX | loaded ball mount | make:Lexus | model:RX350 | model:RX450h | pin and clip | receiver hitch | RX350 | RX450h | TH-RX35010-C143+TH-BMOUNT-L2 | towing | trailer ball | trailer hitch | year:2010 | year:2011 | year:2012 | year:2013 | year:2014 | year:2015
2014-2015-kia-sorento-class-3-trailer-hitch-black-13152,2014-2015 Kia Sorento Class 3 Trailer Hitch Black - 13152,trailer hitch kit,Torx Highway,1,20,13152 | 2014 | 2014 Kia Sorento | 2015 | 2015 Kia Sorento | black hitch | bolt-on hitch | category:Trailer Hitches | class 3 hitch | hitch receiver | Kia Sorento | make:Kia | model:Sorento | receiver hitch | TH-SANTA13-C152 | tow hitch | towing | trailer hitch | year:2014 | year:2015
2014-2015-kia-sorento-class-3-trailer-hitch-ball-mount-combo-curt,2014-2015 Kia Sorento Class 3 Trailer Hitch & Ball Mount Combo - CURT,trailer hitch kit,CURT,0,21,2 inch receiver | 2014 | 2015 | ball mount | black hitch | category:Trailer Hitches | Class 3 | CURT | hitch combo | Kia | loaded ball mount | make:Kia | model:Sorento | receiver hitch | Sorento | TH-SANTA13-C152+TH-BMOUNT-L2 | tow package | towing | trailer hitch | year:2014 | year:2015
2013-2019-hyundai-santa-fe-2-class-3-trailer-hitch-receiver,"2013-2019 Hyundai Santa Fe 2"" Class 3 Trailer Hitch Receiver",trailer hitch kit,Torklift,0,32,13153 | 2 inch hitch | 2013 | 2013-2019 | 2014 | 2015 | 2016 | 2017 | 2018 | 2019 | 3.3L V6 | black | category:Trailer Hitches | class 3 hitch | hitch | hitch receiver | Hyundai accessories | Hyundai Santa Fe | make:Hyundai | model:Santa Fe | receiver hitch | Santa Fe XL | TH-SANTA13-C153 | towing | trailer hitch | year:2013 | year:2014 | year:2015 | year:2016 | year:2017 | year:2018 | year:2019
2013-2019-hyundai-santa-fe-trailer-hitch-ball-mount-combo-kit,2013-2019 Hyundai Santa Fe Trailer Hitch & Ball Mount Combo Kit,trailer hitch kit,Topline,0,33,2 inch receiver | 2013 | 2013-2019 | 2014 | 2015 | 2016 | 2017 | 2018 | 2019 | ball mount | category:Trailer Hitches | class 3 hitch | CURT 45034 | hitch combo | hitch kit | Hyundai Santa Fe | loaded ball mount | make:Hyundai | model:Santa Fe | receiver hitch | Santa Fe XL | TH-SANTA13-C153+TH-BMOUNT-L2 | Topline | tow hitch | towing | trailer hitch | year:2013 | year:2014 | year:2015 | year:2016 | year:2017 | year:2018 | year:2019
2006-2014-kia-sedona-hyundai-entourage-class-3-trailer-hitch,2006-2014 Kia Sedona & Hyundai Entourage Class 3 Trailer Hitch,trailer hitch kit,Torque Highway,1,36,13345 | 2006 | 2007 | 2008 | 2009 | 2010 | 2011 | 2012 | 2013 | 2014 | black hitch | bolt-on hitch | category:Trailer Hitches | class 3 hitch | Hyundai | Hyundai Entourage | Kia | Kia Sedona | make:Hyundai | make:Kia | minivan hitch | model:Entourage | model:Sedona | receiver hitch | TH-SEDONA06-C345 | tow hitch | trailer hitch | year:2006 | year:2007 | year:2008 | year:2009 | year:2010 | year:2011 | year:2012 | year:2013 | year:2014
2006-2014-kia-sedona-hyundai-entourage-class-3-trailer-hitch-combo,2006-2014 Kia Sedona & Hyundai Entourage Class 3 Trailer Hitch Combo,trailer hitch kit,CURT,0,38,2006 | 2006 2007 2008 2009 2010 2011 2012 2014 | 2007 | 2008 | 2009 | 2010 | 2011 | 2012 | 2013 | 2014 | ball mount | category:Trailer Hitches | class 3 hitch | CURT | hitch combo | Hyundai Entourage | Kia Sedona | loaded ball mount | make:Hyundai | make:Kia | model:Entourage | model:Sedona | pin and clip | receiver hitch | TH-SEDONA06-C345+TH-BMOUNT-L2 | tow hitch | towing | trailer ball | trailer hitch | year:2006 | year:2007 | year:2008 | year:2009 | year:2010 | year:2011 | year:2012 | year:2013 | year:2014
2006-2014-kia-sedona-hyundai-entourage-class-3-hitch-wiring-kit,2006-2014 Kia Sedona & Hyundai Entourage Class 3 Hitch + Wiring Kit,trailer hitch kit,Torxx Hitch,1,36,2006 | 2007 | 2008 | 2009 | 2010 | 2011 | 2012 | 2013 | 2014 | 4-way flat | bolt-on hitch | category:Trailer Hitches | class 3 hitch | hitch wiring kit | Hyundai Entourage | Kia Sedona | make:Hyundai | make:Kia | minivan hitch | model:Entourage | model:Sedona | T-connector | TH-SEDONA06-C345+THW-SEDO06-4W-EE503 | tow hitch | towing combo kit | trailer hitch | wiring harness | year:2006 | year:2007 | year:2008 | year:2009 | year:2010 | year:2011 | year:2012 | year:2013 | year:2014
2004-2020-toyota-sienna-class-3-trailer-hitch-black-13105,2004-2020 Toyota Sienna Class 3 Trailer Hitch - Black | 13105,trailer hitch kit,CURT,1,51,13105 | 2004 | 2004-2020 | 2005 | 2006 | 2007 | 2008 | 2009 | 2010 | 2011 | 2012 | 2013 | 2014 | 2015 | 2016 | 2017 | 2018 | 2019 | 2020 | black | bolt-on | category:Trailer Hitches | class 3 hitch | class 3 trailer hitch | CURT | make:Toyota | model:Sienna | receiver hitch | Sienna | TH-SIEN05-C105 | towing | Toyota | Toyota Sienna | trailer hitch | year:2004 | year:2005 | year:2006 | year:2007 | year:2008 | year:2009 | year:2010 | year:2011 | year:2012 | year:2013 | year:2014 | year:2015 | year:2016 | year:2017 | year:2018 | year:2019 | year:2020
2004-2020-toyota-sienna-class-3-trailer-hitch-w-ball-mount-curt,2004-2020 Toyota Sienna Class 3 Trailer Hitch w/ Ball Mount - CURT,trailer hitch kit,CURT,0,52,2 inch receiver | 2004 | 2004-2020 | 2005 | 2006 | 2007 | 2008 | 2009 | 2010 | 2011 | 2012 | 2013 | 2014 | 2015 | 2016 | 2017 | 2018 | 2019 | 2020 | 45034 | ball mount | category:Trailer Hitches | Class 3 | CURT | hitch combo | loaded ball mount | make:Toyota | model:Sienna | receiver hitch | TH-SIEN05-C105+TH-BMOUNT-L2 | tow hitch | towing | Toyota accessories | Toyota Sienna | trailer hitch | year:2004 | year:2005 | year:2006 | year:2007 | year:2008 | year:2009 | year:2010 | year:2011 | year:2012 | year:2013 | year:2014 | year:2015 | year:2016 | year:2017 | year:2018 | year:2019 | year:2020
01-10-silverado-sierra-2500-3500-class-4-trailer-hitch-black,01-10 Silverado Sierra 2500/3500 Class 4 Trailer Hitch Black,trailer hitch kit,Torx Highway,0,36,14211 | 2001-2010 | black trailer hitch | category:Trailer Hitches | Chevrolet | Chevrolet Silverado 2500 HD | Chevrolet Silverado 3500 | Chevrolet Silverado 3500 HD | class 4 hitch | GMC | GMC Sierra 2500 HD | GMC Sierra 3500 | GMC Sierra 3500 HD | heavy duty towing | make:Chevrolet | make:GMC | model:Sierra 2500 | model:Silverado 2500 | receiver hitch | Sierra 2500 HD Classic | Sierra 3500 Classic | Silverado 2500 HD Classic | Silverado 3500 Classic | TH-SIL0125-D211 | towing | trailer hitch | year:2001 | year:2002 | year:2003 | year:2004 | year:2005 | year:2006 | year:2007 | year:2008 | year:2009 | year:2010
01-10-silverado-sierra-2500-3500-class-4-hitch-ball-mount-combo,01-10 Silverado Sierra 2500/3500 Class 4 Hitch & Ball Mount Combo,trailer hitch kit,CURT,0,38,2001-2010 | 2500 HD | 3500 HD | 45034 | ball mount | category:Trailer Hitches | Chevrolet | class 4 hitch | CURT | GMC | HD Classic | heavy duty | hitch combo | loaded ball mount | make:Chevrolet | make:GMC | model:Sierra 2500 | model:Silverado 2500 | Sierra | Sierra 2500 | Sierra 3500 | Silverado | Silverado 2500 | Silverado 3500 | th-sil0125-d211+th-bmount-l2 | towing | towing accessories | trailer hitch | year:2001 | year:2002 | year:2003 | year:2004 | year:2005 | year:2006 | year:2007 | year:2008 | year:2009 | year:2010
07-19-silverado-sierra-1500-class-3-trailer-hitch-ball-mount-curt,07-19 Silverado/Sierra 1500 Class 3 Trailer Hitch & Ball Mount - CURT,trailer hitch kit,CURT,0,36,2 inch receiver | 2007-2019 | ball mount | category:Trailer Hitches | Chevrolet | Class 3 | CURT | GMC | hitch combo | loaded ball mount | make:Chevrolet | make:GMC | model:Sierra 1500 | model:Silverado 1500 | Sierra 1500 | Sierra 1500 Limited | Silverado 1500 | Silverado 1500 LD | TH-SIL0715-C301+TH-BMOUNT-L2 | tow hitch | towing | trailer hitch | truck accessories | year:2007 | year:2008 | year:2009 | year:2010 | year:2011 | year:2012 | year:2013 | year:2014 | year:2015 | year:2016 | year:2017 | year:2018 | year:2019
2007-2009-saturn-sky-class-1-trailer-hitch-black,2007-2009 Saturn Sky Class 1 Trailer Hitch - Black,trailer hitch kit,Generic,1,22,2007 | 2007 Saturn Sky | 2008 | 2008 Saturn Sky | 2009 | 2009 Saturn Sky | black hitch | category:Trailer Hitches | class 1 hitch | convertible hitch | light duty hitch | make:Saturn | model:Sky | receiver hitch | Saturn Sky | Saturn Sky hitch | TH-SKY07-A114 | tow hitch | trailer hitch | year:2007 | year:2008 | year:2009
99-13-silverado-sierra-1500-class-3-trailer-hitch-ball-mount-curt,99-13 Silverado Sierra 1500 Class 3 Trailer Hitch & Ball Mount - CURT,trailer hitch kit,CURT,0,42,1999-2013 | 45034 | ball mount | category:Trailer Hitches | Chevrolet | Class 3 | CURT | GMC | hitch combo | loaded ball mount | make:Chevrolet | make:GMC | model:Sierra 1500 | model:Silverado 1500 | Sierra 1500 | Sierra 1500 Classic | Sierra 1500 HD | Sierra 1500 HD Classic | Sierra 2500 | Silverado 1500 | Silverado 1500 Classic | Silverado 1500 HD | Silverado 1500 HD Classic | Silverado 2500 | TH-SIL99-C322+TH-BMOUNT-L2 | towing | trailer hitch | year:1999 | year:2000 | year:2001 | year:2002 | year:2003 | year:2004 | year:2005 | year:2006 | year:2007 | year:2008 | year:2009 | year:2010 | year:2011 | year:2012 | year:2013
2011-2015-hyundai-sonata-kia-optima-class-1-trailer-hitch-black,2011-2015 Hyundai Sonata Kia Optima Class 1 Trailer Hitch - Black,trailer hitch kit,Draw-Tite,1,27,11025 | 2011 | 2012 | 2013 | 2014 | 2015 | black hitch | bolt-on hitch | category:Trailer Hitches | class 1 hitch | Draw-Tite | Hyundai Sonata | Kia Optima | light duty towing | make:Hyundai | make:Kia | model:Optima | model:Sonata | receiver hitch | TH-SONA10-A025 | towing | trailer hitch | year:2011 | year:2012 | year:2013 | year:2014 | year:2015
2003-2009-kia-sorento-class-3-trailer-hitch-black-13513,2003-2009 Kia Sorento Class 3 Trailer Hitch - Black | 13513,trailer hitch kit,CURT,1,32,13513 | 2-inch receiver | 2003 | 2003-2009 Kia Sorento | 2004 | 2005 | 2006 | 2007 | 2008 | 2009 | black trailer hitch | bolt-on hitch | category:Trailer Hitches | class 3 hitch | CURT | Kia | Kia Sorento | make:Kia | model:Sorento | receiver hitch | Sorento | TH-SORE03-C513 | tow hitch | towing | trailer hitch | year:2003 | year:2004 | year:2005 | year:2006 | year:2007 | year:2008 | year:2009
2010-2013-kia-sorento-hyundai-santa-fe-class-3-trailer-hitch,2010-2013 Kia Sorento Hyundai Santa Fe Class 3 Trailer Hitch,trailer hitch kit,CURT,1,31,13073 | 2-inch receiver | 2010 | 2010 Santa Fe | 2011 | 2011 Santa Fe | 2011 Sorento | 2012 | 2012 Santa Fe | 2012 Sorento | 2013 | 2013 Sorento | bolt-on hitch | category:Trailer Hitches | class 3 hitch | CURT | Hyundai Santa Fe | Kia Sorento | make:Hyundai | make:Kia | model:Santa Fe | model:Sorento | receiver hitch | TH-SORE11-C073 | tow hitch | towing | trailer hitch | year:2010 | year:2011 | year:2012 | year:2013
2003-2009-kia-sorento-class-3-trailer-hitch-kit-w-ball-mount,2003-2009 Kia Sorento Class 3 Trailer Hitch Kit w/ Ball Mount,trailer hitch kit,CURT,0,32,2003 | 2003-2009 | 2004 | 2005 | 2006 | 2007 | 2008 | 2009 | 45034 | ball mount | category:Trailer Hitches | class 3 hitch | combo hitch | CURT | hitch kit | Kia | Kia Sorento | loaded ball mount | make:Kia | model:Sorento | receiver hitch | Sorento | TH-SORE03-C513+TH-BMOUNT-L2 | towing | trailer hitch | year:2003 | year:2004 | year:2005 | year:2006 | year:2007 | year:2008 | year:2009
class-2-trailer-hitch-black-kia-sorento-hyundai-santa-fe-sport,Class 2 Trailer Hitch Black - Kia Sorento & Hyundai Santa Fe Sport,trailer hitch kit,Torklift,1,23,12113 | 2013 Santa Fe Sport | 2014 Santa Fe Sport | 2014 Sorento | 2015 Santa Fe Sport | 2015 Sorento | 2016 Santa Fe Sport | 2017 Santa Fe Sport | 2018 Santa Fe Sport | black hitch | bolt-on hitch | category:Trailer Hitches | class 2 hitch | Hyundai Santa Fe Sport | Kia Sorento | make:Hyundai | make:Kia | model:Santa Fe | model:Sorento | receiver hitch | TH-SORE14-B113 | tow hitch | trailer hitch
2010-2013-kia-sorento-hyundai-santa-fe-class-3-hitch-ball-mount,2010-2013 Kia Sorento Hyundai Santa Fe Class 3 Hitch & Ball Mount,trailer hitch kit,CURT,0,33,1 7/8 trailer ball | 2 inch receiver | 2010 | 2010 Santa Fe | 2011 | 2011 Santa Fe | 2011 Sorento | 2012 | 2012 Santa Fe | 2012 Sorento | 2013 | 2013 Sorento | 45034 | ball mount | category:Trailer Hitches | Class 3 | CURT | hitch combo | Hyundai Santa Fe | Kia Sorento | loaded ball mount | make:Hyundai | make:Kia | model:Santa Fe | model:Sorento | pin and clip | TH-SORE11-C073+TH-BMOUNT-L2 | towing | trailer hitch | year:2010 | year:2011 | year:2012 | year:2013
2016-2020-kia-sorento-hyundai-santa-fe-class-3-trailer-hitch,2016-2020 Kia Sorento & Hyundai Santa Fe Class 3 Trailer Hitch,trailer hitch kit,Curt,0,33,13195 | 2016 | 2016 Sorento | 2017 | 2017 Sorento | 2018 | 2018 Sorento | 2019 | 2019 Santa Fe | 2019 Sorento | 2020 | 2020 Santa Fe | 2020 Sorento | black hitch | bolt-on hitch | category:Trailer Hitches | class 3 hitch | Curt | Hyundai Santa Fe | Kia Sorento | make:Hyundai | make:Kia | model:Santa Fe | model:Sorento | receiver hitch | TH-SORE16-C195 | towing | trailer hitch | year:2016 | year:2017 | year:2018 | year:2019 | year:2020
2014-2015-kia-sorento-class-2-trailer-hitch-wiring-combo-black,2014-2015 Kia Sorento Class 2 Trailer Hitch & Wiring Combo - Black,trailer hitch kit,Trailer Hitch Combo,1,22,2014 | 2014 Kia Sorento | 2015 | 2015 Kia Sorento | 4-way flat connector | black hitch | bolt-on hitch | category:Trailer Hitches | class 2 hitch | hitch and wiring kit | Kia Sorento | make:Kia | model:Sorento | T-connector | TH-SORE14-B113+THW-SORE14-4W-EF256 | tow hitch | towing combo | towing package | trailer hitch | wiring harness | year:2014 | year:2015
2016-2020-kia-sorento-class-3-trailer-hitch-w-ball-mount-curt,2016-2020 Kia Sorento Class 3 Trailer Hitch w/ Ball Mount - CURT,trailer hitch kit,CURT,0,29,1 7/8 trailer ball | 2 inch receiver | 2016 | 2017 | 2018 | 2019 | 2020 | 45034 | ball mount | black hitch | bolt-on hitch | category:Trailer Hitches | class 3 hitch | CURT | hitch combo | Hyundai Santa Fe | Kia Sorento | loaded ball mount | make:Kia | model:Sorento | TH-SORE16-C195+TH-BMOUNT-L2 | tow hitch | towing | trailer hitch | year:2016 | year:2017 | year:2018 | year:2019 | year:2020
2021-2024-kia-sorento-hyundai-santa-fe-2-hitch-receiver-class-3,"2021-2024 Kia Sorento Hyundai Santa Fe 2"" Hitch Receiver Class 3",trailer hitch kit,Torklift,0,26,13473 | 2 inch receiver | 2021 | 2022 | 2023 | 2024 | category:Trailer Hitches | class 3 hitch | hitch receiver | Hyundai | Hyundai Santa Fe | Kia | Kia Sorento | make:Hyundai | make:Kia | model:Santa Fe | model:Sorento | rear hitch | TH-SORE21-C473 | tow hitch | towing | trailer hitch | year:2021 | year:2022 | year:2023 | year:2024
2010-2013-kia-soul-class-1-trailer-hitch-black-mpn-11110,2010-2013 Kia Soul Class 1 Trailer Hitch - Black | MPN 11110,trailer hitch kit,Torklift,1,25,11110 | 2010 | 2010 Kia Soul | 2011 | 2011 Kia Soul | 2012 | 2012 Kia Soul | 2013 | 2013 Kia Soul | black hitch | bolt-on hitch | category:Trailer Hitches | class 1 hitch | Kia Soul | light duty towing | make:Kia | model:Soul | receiver hitch | TH-SOUL10-A110 | towing | trailer hitch | year:2010 | year:2011 | year:2012 | year:2013
2010-2013-kia-soul-class-1-trailer-hitch-wiring-combo-black,2010-2013 Kia Soul Class 1 Trailer Hitch & Wiring Combo - Black,trailer hitch kit,Torklift,1,29,2010 | 2010 Kia Soul | 2011 | 2011 Kia Soul | 2012 | 2012 Kia Soul | 2013 | 2013 Kia Soul | 4-way flat | black hitch | category:Trailer Hitches | class 1 hitch | combo kit | hitch combo | Kia Soul | make:Kia | model:Soul | t-connector | TH-SOUL10-A110 | TH-SOUL10-A110+THW-SOUL07-4W-EF220 | THW-SOUL07-4W-EF220 | towing | trailer hitch | trailer wiring | wiring harness | year:2010 | year:2011 | year:2012 | year:2013
2010-2015-hyundai-tucson-adjustable-trailer-hitch-black-13120,2010-2015 Hyundai Tucson Adjustable Trailer Hitch Black - 13120,trailer hitch kit,Generic,1,31,13120 | 2010 | 2010 Tucson | 2011 | 2011 Tucson | 2012 | 2012 Tucson | 2013 | 2013 Tucson | 2014 | 2014 Tucson | 2015 | 2015 Tucson | adjustable hitch | black hitch | category:Trailer Hitches | Hyundai Tucson | make:Hyundai | model:Tucson | receiver hitch | RV hitch | TH-SPO11-C120 | tow hitch | towing | trailer hitch | year:2010 | year:2011 | year:2012 | year:2013 | year:2014 | year:2015
2010-2015-hyundai-tucson-trailer-hitch-ball-mount-combo-black,2010-2015 Hyundai Tucson Trailer Hitch & Ball Mount Combo - Black,trailer hitch kit,CURT,0,36,2 inch receiver | 2010 | 2010 Tucson | 2011 | 2011 Tucson | 2012 | 2012 Tucson | 2013 | 2013 Tucson | 2014 | 2014 Tucson | 2015 | 2015 Tucson | 45034 | adjustable hitch | ball mount | black hitch | category:Trailer Hitches | CURT | hitch combo | Hyundai | Hyundai Tucson | loaded ball mount | make:Hyundai | model:Tucson | RV trailer hitch | TH-SPO11-C120+TH-BMOUNT-L2 | towing | towing accessories | trailer hitch | year:2010 | year:2011 | year:2012 | year:2013 | year:2014 | year:2015
2010-2015-hyundai-tucson-trailer-hitch-wiring-harness-combo-kit,2010-2015 Hyundai Tucson Trailer Hitch & Wiring Harness Combo Kit,trailer hitch kit,Generic,1,33,2010 | 2010 Tucson | 2011 | 2011 Tucson | 2012 | 2012 Tucson | 2013 | 2013 Tucson | 2014 | 2014 Tucson | 2015 | 2015 Tucson | 4-way flat | adjustable hitch | black trailer hitch | category:Trailer Hitches | hitch and wiring kit | Hyundai Tucson | make:Hyundai | model:Tucson | RV trailer hitch | T-connector | TH-SPO11-C120+THW-TUC10-4W-EF277 | tow package | towing combo | trailer hitch | wiring harness | year:2010 | year:2011 | year:2012 | year:2013 | year:2014 | year:2015
2018-2024-alfa-romeo-stelvio-2-trailer-hitch-receiver-class-3,"2018-2024 Alfa Romeo Stelvio 2"" Trailer Hitch Receiver - Class 3",trailer hitch kit,TLAPS,1,30,2 inch receiver | 2018 | 2018-2024 | 2019 | 2020 | 2021 | 2022 | 2023 | 2024 | Alfa Romeo | Alfa Romeo Stelvio | bolt-on hitch | category:Trailer Hitches | class 3 hitch | hitch receiver | make:Alfa Romeo | model:Stelvio | Stelvio | SUV hitch | TH-STEV18-C391 | tow hitch | towing | trailer hitch | year:2018 | year:2019 | year:2020 | year:2021 | year:2022 | year:2023 | year:2024
2016-2023-toyota-tacoma-class-3-trailer-hitch-black-13264,2016-2023 Toyota Tacoma Class 3 Trailer Hitch Black - 13264,trailer hitch kit,CURT,1,39,13264 | 2-inch receiver | 2016 | 2016 Tacoma | 2017 | 2017 Tacoma | 2018 | 2018 Tacoma | 2019 | 2019 Tacoma | 2020 | 2020 Tacoma | 2021 | 2021 Tacoma | 2022 | 2022 Tacoma | 2023 | 2023 Tacoma | black hitch | bolt-on hitch | category:Trailer Hitches | class 3 hitch | make:Toyota | model:Tacoma | receiver hitch | TH-TACO16-C264 | towing | Toyota accessories | Toyota Tacoma | trailer hitch | truck accessories | year:2016 | year:2017 | year:2018 | year:2019 | year:2020 | year:2021 | year:2022 | year:2023
2016-2023-toyota-tacoma-class-3-trailer-hitch-combo-w-ball-mount,2016-2023 Toyota Tacoma Class 3 Trailer Hitch Combo w/ Ball Mount,trailer hitch kit,CURT,0,33,2016 | 2016-2023 Tacoma | 2017 | 2018 | 2019 | 2020 | 2021 | 2022 | 2023 | 45034 | ball mount | category:Trailer Hitches | Class 3 hitch | CURT | hitch combo | loaded ball mount | make:Toyota | model:Tacoma | receiver hitch | Tacoma accessories | TH-TACO16-C264+TH-BMOUNT-L2 | towing | Toyota Tacoma | trailer hitch | truck towing | year:2016 | year:2017 | year:2018 | year:2019 | year:2020 | year:2021 | year:2022 | year:2023
1995-2004-toyota-tacoma-class-3-trailer-hitch-black-13013,1995-2004 Toyota Tacoma Class 3 Trailer Hitch - Black | 13013,trailer hitch kit,Torx Highway,1,38,13013 | 1995 | 1995-2004 | 1996 | 1997 | 1998 | 1999 | 2 inch receiver | 2000 | 2001 | 2002 | 2003 | 2004 | black hitch | bolt-on hitch | category:Trailer Hitches | class 3 hitch | make:Toyota | model:Tacoma | receiver hitch | Tacoma | TH-TACO95-C013 | tow hitch | towing | Toyota | Toyota Tacoma | trailer hitch | truck accessories | year:1995 | year:1996 | year:1997 | year:1998 | year:1999 | year:2000 | year:2001 | year:2002 | year:2003 | year:2004
1995-2004-toyota-tacoma-class-3-trailer-hitch-w-ball-mount,1995-2004 Toyota Tacoma Class 3 Trailer Hitch w/ Ball Mount,trailer hitch kit,CURT,0,39,1995 | 1995-2004 | 1996 | 1997 | 1998 | 1999 | 2000 | 2001 | 2002 | 2003 | 2004 | 45034 | ball mount | category:Trailer Hitches | class 3 hitch | CURT | hitch combo | loaded ball mount | make:Toyota | model:Tacoma | receiver hitch | Tacoma | TH-TACO95-C013+TH-BMOUNT-L2 | tow hitch | towing | Toyota | Toyota Tacoma | trailer hitch | truck accessories | year:1995 | year:1996 | year:1997 | year:1998 | year:1999 | year:2000 | year:2001 | year:2002 | year:2003 | year:2004
2022-volkswagen-taos-class-3-trailer-hitch-2-receiver-curt-13496,"2022-2025 Volkswagen Taos 2"" Trailer Hitch Receiver Class 3 - TH",trailer hitch,TH,0,19,2 inch receiver | 2022 | 2022 taos | 2023 | 2023 taos | 2024 | 2024 taos | 2025 | 2025 taos | black hitch | bolt-on hitch | class 3 hitch | hitch receiver | TH-TAO22-C496 | tow hitch | towing | trailer hitch | volkswagen taos | vw taos
2005-2010-scion-tc-class-1-trailer-hitch-black-mpn-11330,2005-2010 Scion tC Class 1 Trailer Hitch - Black | MPN 11330,trailer hitch kit,Torxx Hitch,1,30,11330 | 2005 | 2005 Scion tC | 2006 | 2006 Scion tC | 2007 | 2007 Scion tC | 2008 | 2008 Scion tC | 2009 | 2009 Scion tC | 2010 | 2010 Scion tC | black hitch | category:Trailer Hitches | class 1 hitch | drilling required | make:Scion | model:tC | receiver hitch | Scion tC | TH-TC05-A330 | towing | trailer hitch | year:2005 | year:2006 | year:2007 | year:2008 | year:2009 | year:2010
2020-2024-kia-telluride-2-trailer-hitch-receiver-class-3-curt,"2020-2024 Kia Telluride 2"" Trailer Hitch Receiver Class 3 - CURT",trailer hitch kit,CURT,0,26,13420 | 2 inch receiver | 2020 | 2021 | 2022 | 2023 | 2024 | bolt-on hitch | category:Trailer Hitches | class 3 hitch | CURT | hitch receiver | Kia | Kia Telluride | make:Kia | model:Telluride | Telluride | TH-TELL20-C420 | tow hitch | towing | trailer hitch | year:2020 | year:2021 | year:2022 | year:2023 | year:2024
2018-2024-volkswagen-tiguan-class-3-trailer-hitch-2-receiver-curt,"2018-2024 Volkswagen Tiguan 2"" Trailer Hitch Receiver Class 3 - 13381",trailer hitch,Trailer Hitch,1,25,13381 | 2 inch receiver | 2018 | 2018 tiguan | 2019 | 2019 tiguan | 2020 | 2020 tiguan | 2021 | 2021 tiguan | 2022 | 2022 tiguan | 2023 | 2023 tiguan | 2024 | 2024 tiguan | class 3 hitch | hitch receiver | TH-TIGU18-C381 | tiguan hitch | tow hitch | towing | trailer hitch | volkswagen tiguan | vw tiguan hitch
2004-2015-nissan-titan-class-3-trailer-hitch-black-13199,2004-2015 Nissan Titan Class 3 Trailer Hitch - Black | 13199,trailer hitch kit,CURT,1,41,13199 | 2004 | 2004-2015 Nissan Titan | 2005 | 2006 | 2007 | 2008 | 2009 | 2010 | 2011 | 2012 | 2013 | 2014 | 2015 | black hitch | bolt-on hitch | category:Trailer Hitches | class 3 hitch | CURT | make:Nissan | model:Titan | Nissan | Nissan Titan | receiver hitch | TH-TIT04-C199 | Titan | tow hitch | towing | trailer hitch | year:2004 | year:2005 | year:2006 | year:2007 | year:2008 | year:2009 | year:2010 | year:2011 | year:2012 | year:2013 | year:2014 | year:2015
2007-2015-audi-q7-quattro-class-3-trailer-hitch-black,2007-2015 Audi Q7 Quattro Class 3 Trailer Hitch - Black,trailer hitch kit,Torklift,1,33,13220 | 2007 | 2007-2015 | 2008 | 2009 | 2010 | 2011 | 2012 | 2013 | 2014 | 2015 | Audi Q7 | Audi Q7 Quattro | Audi tow hitch | black hitch | category:Trailer Hitches | class 3 hitch | make:Audi | model:Q7 | Q7 hitch | receiver hitch | TH-TOU04-C220 | towing | trailer hitch | year:2007 | year:2008 | year:2009 | year:2010 | year:2011 | year:2012 | year:2013 | year:2014 | year:2015
2004-2015-nissan-titan-class-3-trailer-hitch-w-ball-mount-curt,2004-2015 Nissan Titan Class 3 Trailer Hitch w/ Ball Mount - CURT,trailer hitch kit,CURT,0,43,2004 | 2004-2015 Nissan Titan | 2005 | 2006 | 2007 | 2008 | 2009 | 2010 | 2011 | 2012 | 2013 | 2014 | 2015 | 45034 | ball mount | category:Trailer Hitches | class 3 hitch | CURT | hitch combo | loaded ball mount | make:Nissan | model:Titan | Nissan Titan | pin and clip | receiver hitch | TH-TIT04-C199 | TH-TIT04-C199+TH-BMOUNT-L2 | towing | trailer ball | trailer hitch | truck accessories | year:2004 | year:2005 | year:2006 | year:2007 | year:2008 | year:2009 | year:2010 | year:2011 | year:2012 | year:2013 | year:2014 | year:2015
2015-2021-ford-transit-150-250-350-class-3-trailer-hitch-13193,2015-2021 Ford Transit 150/250/350 Class 3 Trailer Hitch - 13193,trailer hitch kit,CURT,0,32,13193 | 2015 | 2015-2021 | 2016 | 2017 | 2018 | 2019 | 2020 | 2021 | black hitch | cargo van hitch | category:Trailer Hitches | class 3 hitch | CURT | Ford Transit | Ford Transit hitch | make:Ford | model:Transit | receiver hitch | TH-TRAN15-C193 | towing | trailer hitch | Transit 150 | Transit 250 | Transit 350 | year:2015 | year:2016 | year:2017 | year:2018 | year:2019 | year:2020 | year:2021
2007-2015-audi-q7-quattro-class-3-trailer-hitch-combo-curt,2007-2015 Audi Q7 Quattro Class 3 Trailer Hitch Combo - CURT,trailer hitch kit,CURT,0,37,2 inch receiver | 2007 | 2007-2015 | 2008 | 2009 | 2010 | 2011 | 2012 | 2013 | 2014 | 2015 | Audi | Audi Q7 | Audi Q7 trailer hitch | ball mount | black hitch | category:Trailer Hitches | class 3 hitch | CURT | hitch combo | loaded ball mount | make:Audi | model:Q7 | Q7 Quattro | TH-TOU04-C220+TH-BMOUNT-L2 | towing | trailer ball | trailer hitch | year:2007 | year:2008 | year:2009 | year:2010 | year:2011 | year:2012 | year:2013 | year:2014 | year:2015
2015-2021-ford-transit-150-250-350-class-3-hitch-ball-mount-kit,2015-2021 Ford Transit 150/250/350 Class 3 Hitch & Ball Mount Kit,trailer hitch kit,CURT,0,35,2015 | 2015-2021 | 2016 | 2017 | 2018 | 2019 | 2020 | 2021 | 45034 | ball mount | black hitch | category:Trailer Hitches | class 3 hitch | CURT | Ford Transit | Ford Transit hitch | hitch combo | loaded ball mount | make:Ford | model:Transit | pin and clip | TH-TRAN15-C193+TH-BMOUNT-L2 | towing | trailer ball | trailer hitch | Transit-150 | Transit-250 | Transit-350 | year:2015 | year:2016 | year:2017 | year:2018 | year:2019 | year:2020 | year:2021
2016-2021-hyundai-tucson-trailer-hitch-receiver-class-2-curt,2016-2021 Hyundai Tucson Trailer Hitch Receiver Class 2 - CURT,trailer hitch kit,CURT,1,32,1.25 inch receiver | 12241 | 2016 | 2016 Tucson | 2017 | 2017 Tucson | 2018 | 2018 Tucson | 2019 | 2019 Tucson | 2020 | 2020 Tucson | 2021 | 2021 Tucson | black hitch | bolt-on hitch | category:Trailer Hitches | class 2 hitch | CURT | hitch receiver | Hyundai Tucson | make:Hyundai | model:Tucson | TH-TUCS16-B241 | towing | trailer hitch | year:2016 | year:2017 | year:2018 | year:2019 | year:2020 | year:2021
2016-2021-hyundai-tucson-2-trailer-hitch-receiver-class-3-curt,"2016-2021 Hyundai Tucson 2"" Trailer Hitch Receiver Class 3 - CURT",trailer hitch kit,CURT,1,32,13240 | 2 inch receiver | 2016 | 2016 Tucson | 2017 | 2017 Tucson | 2018 | 2018 Tucson | 2019 | 2019 Tucson | 2020 | 2020 Tucson | 2021 | 2021 Tucson | black hitch | bolt-on hitch | category:Trailer Hitches | class 3 hitch | CURT | hitch receiver | Hyundai Tucson | make:Hyundai | model:Tucson | TH-TUCS16-C240 | towing | trailer hitch | year:2016 | year:2017 | year:2018 | year:2019 | year:2020 | year:2021
2016-2021-hyundai-tucson-2-trailer-hitch-receiver-w-ball-mount,"2016-2021 Hyundai Tucson 2"" Trailer Hitch Receiver w/ Ball Mount",trailer hitch kit,CURT,0,35,2 inch receiver | 2016 | 2016 Tucson | 2017 | 2017 Tucson | 2018 | 2018 Tucson | 2019 | 2019 Tucson | 2020 | 2020 Tucson | 2021 | 2021 Tucson | 45034 | ball mount | category:Trailer Hitches | class 3 hitch | CURT | hitch combo | hitch receiver | Hyundai Tucson | loaded ball mount | make:Hyundai | model:Tucson | TH-TUCS16-C240+TH-BMOUNT-L2 | tow hitch | towing | trailer ball | trailer hitch | year:2016 | year:2017 | year:2018 | year:2019 | year:2020 | year:2021
2012-2016-hyundai-veloster-class-1-trailer-hitch-black,2012-2016 Hyundai Veloster Class 1 Trailer Hitch - Black,trailer hitch kit,Unbranded,1,29,2012 | 2012 Veloster | 2013 | 2013 Veloster | 2014 | 2014 Veloster | 2015 | 2015 Veloster | 2016 | 2016 Veloster | bike rack hitch | black hitch | bolt-on hitch | cargo carrier hitch | category:Trailer Hitches | class 1 hitch | Hyundai accessories | Hyundai Veloster | make:Hyundai | model:Veloster | receiver hitch | TH-VELO12-A254 | tow hitch | trailer hitch | year:2012 | year:2013 | year:2014 | year:2015 | year:2016
2024-lexus-tx-toyota-grand-highlander-2-trailer-hitch-class-3,"2024-2026 Lexus TX / Toyota Grand Highlander 2"" Hitch - Class 3",trailer hitch,Trailer Hitch,0,21,2 inch receiver | 2024 | 2024 Lexus TX | 2024 Toyota Grand Highlander | 2025 | 2025 Lexus TX | 2025 Toyota Grand Highlander | 2026 | 2026 Lexus TX | black hitch | Class 3 hitch | hitch receiver | Lexus TX350 | Lexus TX500h | Lexus TX550h+ | SUV hitch | TH-TX350-C519 | tow hitch | towing | Toyota Grand Highlander | trailer hitch
2021-2024-toyota-venza-2-trailer-hitch-receiver-class-3,"2021-2024 Toyota Venza 2"" Trailer Hitch Receiver - Class 3",trailer hitch kit,TLAPS,1,24,2 inch receiver | 2021 | 2021 Toyota Venza | 2022 | 2022 Toyota Venza | 2023 | 2023 Toyota Venza | 2024 | 2024 Toyota Venza | category:Trailer Hitches | class 3 hitch | hitch receiver | make:Toyota | model:Venza | rear hitch | TH-VENZ21-C468 | tow hitch | towing | Toyota Venza | trailer hitch | year:2021 | year:2022 | year:2023 | year:2024
2003-2008-pontiac-vibe-class-2-trailer-hitch-black-12234,2003-2008 Pontiac Vibe Class 2 Trailer Hitch Black - 12234,trailer hitch kit,Torxe,1,30,12234 | 2003 | 2003 Pontiac Vibe | 2004 | 2004 Pontiac Vibe | 2005 | 2005 Pontiac Vibe | 2006 | 2006 Pontiac Vibe | 2007 | 2007 Pontiac Vibe | 2008 | 2008 Pontiac Vibe | black hitch | bolt-on hitch | category:Trailer Hitches | class 2 hitch | make:Pontiac | model:Vibe | Pontiac Vibe | receiver hitch | TH-VIBE03-B234 | towing | trailer hitch | year:2003 | year:2004 | year:2005 | year:2006 | year:2007 | year:2008
1989-1998-sidekick-tracker-class-1-trailer-hitch-11128,1989-1998 Sidekick Tracker Class 1 Trailer Hitch - 11128,trailer hitch kit,Valley Tow,1,38,11128 | 1989 | 1989-1998 | 1990 | 1991 | 1992 | 1993 | 1994 | 1995 | 1996 | 1997 | 1998 | black hitch | bolt-on hitch | category:Trailer Hitches | Chevrolet Tracker | class 1 hitch | compact SUV hitch | Geo Tracker | light duty towing | make:Geo | make:Suzuki | model:Sidekick | model:Tracker | receiver hitch | Suzuki Sidekick | TH-VIT88-A128 | tow hitch | trailer hitch | year:1990 | year:1991 | year:1992 | year:1993 | year:1994 | year:1995 | year:1996 | year:1997 | year:1998
2005-2006-chevy-equinox-pontiac-torrent-trailer-wiring-harness,2005-2006 Chevrolet Equinox & Pontiac Torrent Trailer Wire Harness - 55560,trailer hitch kit,THW,1,13,2005 | 2005 Chevrolet Equinox | 2006 | 2006 Chevrolet Equinox | 2006 Pontiac Torrent | 4-way flat | 55560 | plug and play | T-connector | THW-EQUI05-EE560 | towing | trailer wire harness | trailer wiring
2013-2016-ford-escape-trailer-wiring-harness-4-way-t-connector,2013-2016 Ford Escape Trailer Wiring Harness 4-Way T-Connector,trailer hitch kit,Curt,1,27,2013 | 2013 Ford Escape | 2014 | 2014 Ford Escape | 2015 | 2015 Ford Escape | 2016 | 2016 Ford Escape | 4-way flat | 56164 | category:Trailer Hitches | Curt | Ford Escape | hitch accessories | make:Ford | model:Escape | plug and play | t-connector | THW-ESCP13-4W-EF164 | towing | trailer hitch wiring | trailer wire | trailer wiring harness | year:2013 | year:2014 | year:2015 | year:2016
trailer-wire-harness-t-connector-4-way-flat-mpn-55400,Trailer Wire Harness T-Connector 4-Way Flat - MPN 55400,trailer hitch kit,EE,1,17,2001-2007 | 2006-2011 | 4-way flat | 55400 | category:Trailer Hitches | Hyundai Azera | plug and play | t-connector | THW-HIGH02-4W-EE400 | tow wiring | towing | Toyota Highlander | trailer connector | trailer hitch wiring | trailer hitches wire | trailer wire harness | wiring harness
2014-2020-acura-mdx-trailer-wiring-harness-t-connector-56192,2014-2020 Acura MDX Trailer Wiring Harness T-Connector - 56192,trailer hitch kit,Acura MDX Towing,1,35,2014 | 2014 MDX | 2015 | 2015 MDX | 2016 | 2016 MDX | 2017 | 2017 MDX | 2018 | 2018 MDX | 2019 | 2019 MDX | 2020 | 2020 MDX | 4-way flat | 56192 | Acura MDX | Acura towing | category:Trailer Hitches | make:Acura | model:MDX | plug and play wiring | t-connector | THW-MDX14-4W-EF192 | towing accessories | trailer connector | trailer hitch wiring | trailer wiring harness | year:2014 | year:2015 | year:2016 | year:2017 | year:2018 | year:2019 | year:2020
2007-2013-acura-mdx-trailer-wiring-harness-t-connector-56038,2007-2013 Acura MDX Trailer Wiring Harness T-Connector - 56038,trailer hitch kit,EcoHitch,1,35,2007 | 2007 MDX | 2008 | 2008 MDX | 2009 | 2009 MDX | 2010 | 2010 MDX | 2011 | 2011 MDX | 2012 | 2012 MDX | 2013 | 2013 MDX | 4-way flat | 56038 | Acura MDX | Acura towing | category:Trailer Hitches | make:Acura | MDX trailer hitch wiring | model:MDX | plug and play wiring | t-connector | THW-MDX07-4W-EF038 | towing electrical | trailer wire | trailer wiring harness | year:2007 | year:2008 | year:2009 | year:2010 | year:2011 | year:2012 | year:2013
2007-2013-mitsubishi-outlander-trailer-wiring-harness-56102,2007-2013 Mitsubishi Outlander Trailer Wiring Harness - 56102,trailer hitch kit,EF,1,27,2007 | 2008 | 2009 | 2010 | 2011 | 2012 | 2013 | 4-way flat | 56102 | category:Trailer Hitches | make:Mitsubishi | Mitsubishi | model:Outlander | Outlander | plug and play wiring | t-connector | THW-OUTL07-4W-EF102 | towing accessories | trailer hitch wiring | trailer wiring harness | year:2007 | year:2008 | year:2009 | year:2010 | year:2011 | year:2012 | year:2013
2007-2024-jeep-wrangler-jk-jl-2-trailer-hitch-receiver-class-3,"2007-2024 Jeep Wrangler JK & JL 2"" Trailer Hitch Receiver Class 3",trailer hitch kit,Unbranded,1,51,2 inch receiver | 2007 | 2007-2024 | 2008 | 2009 | 2010 | 2011 | 2012 | 2013 | 2014 | 2015 | 2016 | 2017 | 2018 | 2019 | 2020 | 2021 | 2022 | 2023 | 2024 | category:Trailer Hitches | class 3 hitch | hitch receiver | jeep accessories | jeep wrangler | make:Jeep | model:Wrangler | TH-WRAN07-C392 | tow hitch | towing | trailer hitch | wrangler jk | wrangler jl | year:2007 | year:2008 | year:2009 | year:2010 | year:2011 | year:2012 | year:2013 | year:2014 | year:2015 | year:2016 | year:2017 | year:2018 | year:2019 | year:2020 | year:2021 | year:2022 | year:2023 | year:2024
2007-2018-jeep-wrangler-class-3-trailer-hitch-black-13432,2007-2018 Jeep Wrangler Class 3 Trailer Hitch - Black | 13432,trailer hitch kit,?,1,40,13432 | 2007 | 2007-2018 | 2008 | 2009 | 2010 | 2011 | 2012 | 2013 | 2014 | 2015 | 2016 | 2017 | 2018 | black | bolt-on | category:Trailer Hitches | class 3 | hitch receiver | Jeep accessories | Jeep Wrangler | make:Jeep | model:Wrangler | TH-WRAN07-C432 | tow hitch | towing | trailer hitch | Wrangler JK | year:2007 | year:2008 | year:2009 | year:2010 | year:2011 | year:2012 | year:2013 | year:2014 | year:2015 | year:2016 | year:2017 | year:2018
2007-2018-jeep-wrangler-class-3-trailer-hitch-w-ball-mount-curt,2007-2018 Jeep Wrangler Class 3 Trailer Hitch w/ Ball Mount - CURT,trailer hitch kit,CURT,0,43,2 inch receiver | 2007 | 2007-2018 | 2008 | 2009 | 2010 | 2011 | 2012 | 2013 | 2014 | 2015 | 2016 | 2017 | 2018 | 45034 | ball mount | black hitch | category:Trailer Hitches | class 3 hitch | CURT | hitch combo | Jeep accessories | Jeep Wrangler | loaded ball mount | make:Jeep | model:Wrangler | receiver hitch | TH-WRAN07-C432+TH-BMOUNT-L2 | towing | trailer hitch | Wrangler JK | year:2007 | year:2008 | year:2009 | year:2010 | year:2011 | year:2012 | year:2013 | year:2014 | year:2015 | year:2016 | year:2017 | year:2018
1997-2006-jeep-wrangler-class-3-trailer-hitch-ball-mount-kit-curt,1997-2006 Jeep Wrangler Class 3 Trailer Hitch & Ball Mount Kit - CURT,trailer hitch kit,CURT,0,40,1997 | 1997-2006 | 1998 | 1999 | 2 inch receiver | 2000 | 2001 | 2002 | 2003 | 2004 | 2005 | 2006 | 45034 | ball mount | category:Trailer Hitches | Class 3 | CURT | hitch combo kit | Jeep accessories | Jeep Wrangler | loaded ball mount | make:Jeep | model:Wrangler | Rubicon | TH-WRAN97-C408+TH-BMOUNT-L2 | tow hitch | towing | trailer hitch | tube bumper | Wrangler hitch | year:1997 | year:1998 | year:1999 | year:2000 | year:2001 | year:2002 | year:2003 | year:2004 | year:2005 | year:2006
1997-2006-jeep-wrangler-class-3-trailer-hitch-black,1997-2006 Jeep Wrangler Class 3 Trailer Hitch - Black,trailer hitch kit,Torque Highway,1,36,1997 | 1997-2006 jeep wrangler | 1998 | 1999 | 2000 | 2001 | 2002 | 2003 | 2004 | 2005 | 2006 | black trailer hitch | bolt-on hitch | category:Trailer Hitches | class 3 hitch | class 3 receiver hitch | jeep accessories | jeep wrangler hitch | jeep wrangler TJ | jeep wrangler tow hitch | make:Jeep | model:Wrangler | TH-WRAN97V2-C430 | towing | trailer hitch | wrangler trailer hitch | year:1997 | year:1998 | year:1999 | year:2000 | year:2001 | year:2002 | year:2003 | year:2004 | year:2005 | year:2006
1997-2006-jeep-wrangler-class-3-trailer-hitch-w-ball-mount-curt,1997-2006 Jeep Wrangler Class 3 Trailer Hitch w/ Ball Mount - CURT,trailer hitch kit,CURT,0,38,1997 | 1997-2006 | 1998 | 1999 | 2000 | 2001 | 2002 | 2003 | 2004 | 2005 | 2006 | 45034 | ball mount | category:Trailer Hitches | class 3 hitch | CURT | hitch combo | Jeep accessories | Jeep Wrangler | loaded ball mount | make:Jeep | model:Wrangler | receiver hitch | th-wran97v2-c430+th-bmount-l2 | tow hitch | towing | trailer hitch | Wrangler hitch | year:1997 | year:1998 | year:1999 | year:2000 | year:2001 | year:2002 | year:2003 | year:2004 | year:2005 | year:2006
1986-1992-ford-ranger-trailer-wiring-harness-t-connector-55314,1986-1992 Ford Ranger Trailer Wiring Harness T-Connector - 55314,trailer hitch kit,Draw-Tite,1,29,1986 | 1986 Ford Ranger | 1987 | 1987 Ford Ranger | 1988 | 1988 Ford Ranger | 1989 | 1989 Ford Ranger | 1990 | 1990 Ford Ranger | 1991 | 1991 Ford Ranger | 1992 | 1992 Ford Ranger | 4-way flat | 55314 | category:Trailer Hitches | Ford Ranger | make:Ford | model:Ranger | plug and play wiring | t-connector | THW-RANG86-4W-EF314 | towing electrical | trailer hitch wiring | trailer wiring harness | year:1990 | year:1991 | year:1992
2006-2012-toyota-rav4-trailer-wire-harness-t-connector-56165,2006-2012 Toyota RAV4 Trailer Wire Harness T-Connector - 56165,trailer hitch kit,Generic,1,30,2006 | 2006-2012 | 2007 | 2008 | 2009 | 2010 | 2011 | 2012 | 4-way flat | 56165 | category:Trailer Hitches | make:Toyota | model:RAV4 | plug and play | RAV4 accessories | t-connector | THW-RAV406-4W-EF165 | tow harness | towing accessories | Toyota RAV4 | trailer hitch wiring | trailer wire harness | trailer wiring | year:2006 | year:2007 | year:2008 | year:2009 | year:2010 | year:2011 | year:2012
2006-2014-kia-sedona-hyundai-entourage-trailer-wiring-harness-55503,2006-2014 Kia Sedona Hyundai Entourage Trailer Wiring Harness 55503,trailer hitch kit,Hopkins,1,36,2006 | 2006 2007 2008 2009 2010 2011 2012 2014 | 2007 | 2008 | 2009 | 2010 | 2011 | 2012 | 2013 | 2014 | 4-way flat | 55503 | category:Trailer Hitches | Hopkins | Hyundai Entourage | Kia Sedona | make:Hyundai | make:Kia | model:Entourage | model:Sedona | plug and play wiring | t-connector | THW-SEDO06-4W-EE503 | tow wiring | trailer connector | trailer hitch wire | trailer wiring harness | year:2006 | year:2007 | year:2008 | year:2009 | year:2010 | year:2011 | year:2012 | year:2013 | year:2014
2014-2018-kia-sorento-trailer-wiring-harness-4-way-flat-56256,2014-2018 Kia Sorento Trailer Wiring Harness 4-Way Flat - 56256,trailer hitch kit,Draw-Tite,1,29,2014 | 2014 Kia Sorento | 2015 | 2015 Kia Sorento | 2016 | 2016 Kia Sorento | 2017 | 2017 Kia Sorento | 2018 | 2018 Kia Sorento | 4-way flat | 56256 | category:Trailer Hitches | Kia Sorento | Kia towing accessories | make:Kia | model:Sorento | t-connector | THW-SORE14-4W-EF256 | tow wiring | towing | trailer connector | trailer hitch wiring | trailer wiring harness | year:2014 | year:2015 | year:2016 | year:2017 | year:2018
kia-soul-rondo-trailer-wiring-harness-4-way-t-connector-56220,Kia Soul & Rondo Trailer Wiring Harness 4-Way T-Connector - 56220,trailer hitch kit,Kia Trailer Accessories,1,18,2007-2012 Rondo | 2010-2019 Soul | 4-way flat | 56220 | category:Trailer Hitches | Kia Rondo | Kia Soul | Kia towing | make:Kia | model:Soul | plug and play wiring | t-connector | THW-SOUL07-4W-EF220 | towing electrical | trailer hitch wiring | trailer hitches wire | trailer wire | trailer wiring harness
2010-2017-hyundai-tucson-trailer-wiring-harness-4-way-t-connector,2010-2017 Hyundai Tucson Trailer Wiring Harness 4-Way T-Connector,trailer hitch kit,Curt,1,33,2010 | 2010-2017 | 2011 | 2012 | 2013 | 2014 | 2015 | 2016 | 2017 | 4-way flat | 56277 | category:Trailer Hitches | Hyundai | Hyundai Tucson | make:Hyundai | model:Tucson | plug and play wiring | t-connector | THW-TUC10-4W-EF277 | towing accessories | towing electrical | trailer hitch wiring | trailer wire | trailer wiring harness | Tucson | year:2010 | year:2011 | year:2012 | year:2013 | year:2014 | year:2015 | year:2016 | year:2017
2016-2022-bmw-x1-class-3-trailer-hitch-2-receiver-black,"2016-2022 BMW X1 Class 3 Trailer Hitch 2"" Receiver - Black",trailer hitch kit,Topline Autopart,1,33,2 inch receiver | 2016 | 2016-2022 | 2017 | 2018 | 2019 | 2020 | 2021 | 2022 | black hitch | BMW towing | BMW X1 | BMW X1 hitch | bolt-on hitch | category:Trailer Hitches | class 3 | F48 | F49 | hitch receiver | make:BMW | model:X1 | rear hitch | TH-X116-C303 | tow hitch | towing accessories | trailer hitch | year:2016 | year:2017 | year:2018 | year:2019 | year:2020 | year:2021 | year:2022
2004-2010-bmw-x3-class-3-trailer-hitch-black-mpn-13573,2004-2010 BMW X3 Class 3 Trailer Hitch - Black | MPN 13573,trailer hitch kit,Torx Highway,1,30,13573 | 2004 | 2004-2010 BMW X3 | 2005 | 2006 | 2007 | 2008 | 2009 | 2010 | black hitch | BMW trailer hitch | BMW X3 | BMW X3 hitch | bolt-on hitch | category:Trailer Hitches | class 3 hitch | class 3 receiver | make:BMW | model:X3 | receiver hitch | TH-X304-C573 | towing | trailer hitch | year:2004 | year:2005 | year:2006 | year:2007 | year:2008 | year:2009 | year:2010
2004-2010-bmw-x3-class-3-trailer-hitch-ball-mount-kit-curt,2004-2010 BMW X3 Class 3 Trailer Hitch & Ball Mount Kit - CURT,trailer hitch kit,CURT,0,38,2004 | 2004 BMW X3 | 2005 | 2005 BMW X3 | 2006 | 2006 BMW X3 | 2007 | 2007 BMW X3 | 2008 | 2008 BMW X3 | 2009 | 2009 BMW X3 | 2010 | 2010 BMW X3 | 45034 | ball mount | black trailer hitch | BMW | BMW X3 | category:Trailer Hitches | class 3 | combo kit | CURT | hitch kit | loaded ball mount | make:BMW | model:X3 | receiver hitch | TH-X304-C573+TH-BMOUNT-L2 | towing | trailer hitch | year:2004 | year:2005 | year:2006 | year:2007 | year:2008 | year:2009 | year:2010
2007-2019-bmw-x5-x6-class-3-trailer-hitch-black-13077,2007-2019 BMW X5 X6 Class 3 Trailer Hitch - Black | 13077,trailer hitch kit,DERA,1,59,13077 | 2007 | 2007 BMW X5 | 2008 | 2008 BMW X5 | 2009 | 2009 BMW X5 | 2010 | 2010 BMW X5 | 2011 | 2011 BMW X5 | 2012 | 2012 BMW X5 | 2013 | 2013 BMW X5 | 2014 | 2014 BMW X5 | 2014 BMW X6 | 2015 | 2015 BMW X5 | 2015 BMW X6 | 2016 | 2016 BMW X5 | 2016 BMW X6 | 2017 | 2017 BMW X5 | 2017 BMW X6 | 2018 | 2018 BMW X5 | 2018 BMW X6 | 2019 | 2019 BMW X6 | black trailer hitch | BMW accessories | BMW towing | BMW X5 hitch | BMW X6 hitch | category:Trailer Hitches | class 3 hitch | make:BMW | model:X5 | model:X6 | receiver hitch | TH-X507-C077 | towing | trailer hitch | year:2007 | year:2008 | year:2009 | year:2010 | year:2011 | year:2012 | year:2013 | year:2014 | year:2015 | year:2016 | year:2017 | year:2018 | year:2019
2007-2019-bmw-x5-x6-class-3-trailer-hitch-ball-mount-kit-curt,2007-2019 BMW X5 X6 Class 3 Trailer Hitch & Ball Mount Kit - CURT,trailer hitch kit,CURT,0,49,2007 | 2007-2019 | 2008 | 2009 | 2010 | 2011 | 2012 | 2013 | 2014 | 2015 | 2016 | 2017 | 2018 | 2019 | 45034 | ball mount | black | BMW towing | BMW trailer hitch | BMW X5 | BMW X6 | category:Trailer Hitches | Class 3 | CURT | hitch combo | loaded ball mount | make:BMW | model:X5 | model:X6 | pin and clip | TH-BMOUNT-L2 | TH-X507-C077 | TH-X507-C077+TH-BMOUNT-L2 | towing | trailer ball | trailer hitch | year:2007 | year:2008 | year:2009 | year:2010 | year:2011 | year:2012 | year:2013 | year:2014 | year:2015 | year:2016 | year:2017 | year:2018 | year:2019
2008-2015-scion-xb-class-2-trailer-hitch-black-mpn-12490,2008-2015 Scion xB Class 2 Trailer Hitch - Black | MPN 12490,trailer hitch kit,Torklift,1,32,12490 | 2008 | 2008-2015 | 2009 | 2010 | 2011 | 2012 | 2013 | 2014 | 2015 | black trailer hitch | bolt-on hitch | category:Trailer Hitches | class 2 hitch | hitch receiver | make:Scion | model:xB | receiver hitch | Scion | Scion xB | TH-XB08-B490 | towing | trailer hitch | xB | year:2008 | year:2009 | year:2010 | year:2011 | year:2012 | year:2013 | year:2014 | year:2015
2003-2014-volvo-xc90-class-3-trailer-hitch-black-mpn-13559,2003-2014 Volvo XC90 Class 3 Trailer Hitch - Black | MPN 13559,trailer hitch kit,CURT,1,41,13559 | 2003 | 2003-2014 | 2004 | 2005 | 2006 | 2007 | 2008 | 2009 | 2010 | 2011 | 2012 | 2013 | 2014 | black hitch | bolt-on | category:Trailer Hitches | class 3 hitch | CURT | hitch receiver | make:Volvo | model:XC90 | receiver hitch | TH-XC9003-C559 | towing | trailer hitch | Volvo | Volvo XC90 | XC90 | year:2003 | year:2004 | year:2005 | year:2006 | year:2007 | year:2008 | year:2009 | year:2010 | year:2011 | year:2012 | year:2013 | year:2014
2003-2014-volvo-xc90-class-3-trailer-hitch-ball-mount-combo,2003-2014 Volvo XC90 Class 3 Trailer Hitch & Ball Mount Combo,trailer hitch kit,CURT,0,42,2003 | 2003-2014 | 2004 | 2005 | 2006 | 2007 | 2008 | 2009 | 2010 | 2011 | 2012 | 2013 | 2014 | 45034 | ball mount | category:Trailer Hitches | Class 3 | CURT | hitch combo | loaded ball mount | make:Volvo | model:XC90 | receiver hitch | TH-XC9003-C559+TH-BMOUNT-L2 | tow hitch | towing | trailer hitch | Volvo | Volvo XC90 | XC90 | year:2003 | year:2004 | year:2005 | year:2006 | year:2007 | year:2008 | year:2009 | year:2010 | year:2011 | year:2012 | year:2013 | year:2014
2008-2010-scion-xd-class-1-trailer-hitch-black-11491,2008-2010 Scion xD Class 1 Trailer Hitch Black - 11491,trailer hitch kit,Draw-Tite,1,23,11491 | 2008 | 2008 Scion xD | 2009 | 2009 Scion xD | 2010 | 2010 Scion xD | black hitch | bolt-on hitch | category:Trailer Hitches | class 1 hitch | Draw-Tite | light duty hitch | make:Scion | model:xD | receiver hitch | Scion xD | TH-XD07-A491 | towing | trailer hitch | year:2008 | year:2009 | year:2010
2017-2025-cadillac-xt5-class-3-trailer-hitch-2-receiver-stehlen,"2017-2025 Cadillac XT5 Class 3 Trailer Hitch 2"" Receiver - Stehlen",trailer hitch kit,Stehlen,1,35,2 inch receiver | 2017 | 2017-2025 | 2018 | 2019 | 2020 | 2021 | 2022 | 2023 | 2024 | 2025 | bolt-on hitch | Cadillac | Cadillac XT5 | category:Trailer Hitches | class 3 hitch | hitch receiver | make:Cadillac | model:XT5 | Stehlen | SUV hitch | TH-XT517-C285 | tow hitch | towing | trailer hitch | XT5 | year:2017 | year:2018 | year:2019 | year:2020 | year:2021 | year:2022 | year:2023 | year:2024 | year:2025
2005-2015-nissan-xterra-class-3-trailer-hitch-black-13514,2005-2015 Nissan Xterra Class 3 Trailer Hitch - Black | 13514,trailer hitch kit,CURT,1,38,13514 | 2005 | 2005-2015 Nissan Xterra | 2006 | 2007 | 2008 | 2009 | 2010 | 2011 | 2012 | 2013 | 2014 | 2015 | black hitch | bolt-on hitch | category:Trailer Hitches | class 3 hitch | CURT | make:Nissan | model:Xterra | Nissan accessories | Nissan Xterra | receiver hitch | TH-XTE05-C514 | towing | trailer hitch | Xterra hitch | year:2005 | year:2006 | year:2007 | year:2008 | year:2009 | year:2010 | year:2011 | year:2012 | year:2013 | year:2014 | year:2015
2005-2015-nissan-xterra-class-3-trailer-hitch-ball-mount-kit,2005-2015 Nissan Xterra Class 3 Trailer Hitch & Ball Mount Kit,trailer hitch kit,CURT,0,41,2 inch receiver | 2005 | 2005-2015 | 2006 | 2007 | 2008 | 2009 | 2010 | 2011 | 2012 | 2013 | 2014 | 2015 | 45034 | ball mount | black trailer hitch | category:Trailer Hitches | Class 3 | CURT | hitch combo | loaded ball mount | make:Nissan | model:Xterra | Nissan | Nissan Xterra | TH-XTE05-C514+TH-BMOUNT-L2 | tow hitch | towing | trailer hitch | Xterra | year:2005 | year:2006 | year:2007 | year:2008 | year:2009 | year:2010 | year:2011 | year:2012 | year:2013 | year:2014 | year:2015
2015-2023-ford-f-150-f-250-f-350-underseat-storage-organizer-box,2015-2023 Ford F-150 F-250 F-350 Underseat Storage Organizer Box,under seat storage,USS,1,43,18-20333 | 2015 | 2015-2023 | 2016 | 2017 | 2018 | 2019 | 2020 | 2021 | 2022 | 2023 | cab organizer | cargo box | category:Storage | crew cab | Ford F-150 | Ford F-250 | Ford F-350 | Ford F-450 | Ford F-550 | Ford truck accessories | make:Ford | model:F-150 | model:F-250 | model:F-350 | rear seat organizer | storage organizer | Super Duty | SuperCrew | truck storage | under seat storage | underseat storage | USS | USS-F15015CC-BK | year:2015 | year:2016 | year:2017 | year:2018 | year:2019 | year:2020 | year:2021 | year:2022 | year:2023
2014-2019-silverado-sierra-rear-underseat-storage-organizer-box,2014-2019 Silverado/Sierra Rear Underseat Storage Organizer Box,under seat storage organizer,USS,1,37,18-10111 | 2014 | 2015 | 2016 | 2017 | 2018 | 2019 | cargo box | category:Storage | Chevrolet | crew cab | GMC | interior accessories | make:Chevrolet | make:GMC | model:Sierra | model:Silverado | rear seat organizer | seat organizer | Sierra 1500 | Sierra 2500 HD | Sierra 3500 HD | Silverado 1500 | Silverado 2500 | Silverado 2500 HD | Silverado 3500 HD | truck storage | under seat storage | underseat storage | USS | USS-SIL14CC-BK | year:2014 | year:2015 | year:2016 | year:2017 | year:2018 | year:2019
