action_category,why_held_back,what_to_verify_for_100pct_match,verdict_format_required,verdict_examples,amazon_asin,jl_sku,amazon_listing_title,review_id,star_rating_current,rating_inferred,verified_purchase,has_photo,helpful_votes,review_date,reviewer_name,review_title,review_body,current_mapped_handle,current_handle_source,pass8_team_status,pass8_team_proposed_handle,pass8_team_reasoning,VERDICT__PLEASE_FILL,team_notes
1. PRODUCT WRONG-MAPPED,Pass 8 audit confirmed our Shopify match is WRONG. Currently removed from prod.,"Verify the CORRECT Shopify product for this Amazon listing — all 9 dimensions must match: (1) vehicle make, (2) vehicle model, (3) year-range overlap (Shopify range must include Amazon's primary year), (4) cab type if applicable [Reg/Ext/Crew/Double/Quad/SuperCrew], (5) bed length if applicable [5.5/5.7/5.8/6.0/6.4/6.5/8.0 ft], (6) finish [matte/glossy black, chrome, textured, brushed, polished], (7) style [mesh/horizontal/vertical/OE/honeycomb/tri-fold/roll-up/hard/soft], (8) component scope [single vs combo, upper vs lower for grilles], (9) trim restriction if Amazon listing specifies. Use the review_body — reviewers usually state their vehicle.",CONFIRM:[handle]   OR   REMAP:[correct-handle]   OR   DROP:[reason],CONFIRM:2003-2009-toyota-4runner-lexus-gx470-bull-guard-matte-black  |  REMAP:2007-2014-gmc-yukon-yukon-xl-front-grille-glossy-black  |  DROP:product line discontinued,B084SNMBLC,fggg-grzt-taho07-me-bk,Glossy Black Mesh Front Hood Bumper Grill Grille Guard ABS 1 Piece Design Compatible With 07-13 Chevy Avalanche / 07-14 Tahoe Suburban,R2Y15USP6N9KT4,5,TRUE,TRUE,FALSE,10,,Inked,,Easy to install. Yes some cutting required for 2008 suburban like mine possibly the Tahoe as well. I didn’t cut all the way to the base. I actually just cut mid way so it could tuck behind the grille. I also carefully drilled two holes through two clips behind the grill and used 24” zip ties (to easily grab ahold of it) and zipped them to tighten the bottom of the grille. Love the way it looks thank you for such a fast shipment too.,07-14-chevy-tahoe-suburban-avalanche-front-grille-matte-black,our_prior_resolution,wrong_map_removed,,"impa06=Chevy Impala 2006; handle=Tahoe/Suburban/Avalanche 07-14. Wrong vehicle entirely — Impala is a sedan, Tahoe is a full-size SUV. Image filename collision between products. Remove from live.",,
1. PRODUCT WRONG-MAPPED,Pass 8 audit confirmed our Shopify match is WRONG. Currently removed from prod.,"Verify the CORRECT Shopify product for this Amazon listing — all 9 dimensions must match: (1) vehicle make, (2) vehicle model, (3) year-range overlap (Shopify range must include Amazon's primary year), (4) cab type if applicable [Reg/Ext/Crew/Double/Quad/SuperCrew], (5) bed length if applicable [5.5/5.7/5.8/6.0/6.4/6.5/8.0 ft], (6) finish [matte/glossy black, chrome, textured, brushed, polished], (7) style [mesh/horizontal/vertical/OE/honeycomb/tri-fold/roll-up/hard/soft], (8) component scope [single vs combo, upper vs lower for grilles], (9) trim restriction if Amazon listing specifies. Use the review_body — reviewers usually state their vehicle.",CONFIRM:[handle]   OR   REMAP:[correct-handle]   OR   DROP:[reason],CONFIRM:2003-2009-toyota-4runner-lexus-gx470-bull-guard-matte-black  |  REMAP:2007-2014-gmc-yukon-yukon-xl-front-grille-glossy-black  |  DROP:product line discontinued,B084SNMBLC,fggg-grzt-taho07-me-bk,Glossy Black Mesh Front Hood Bumper Grill Grille Guard ABS 1 Piece Design Compatible With 07-13 Chevy Avalanche / 07-14 Tahoe Suburban,R3H7LYU0NFFDFT,5,TRUE,TRUE,FALSE,5,,Sammie Green III,,"Just got it, pop off the old grill took me a minute to figure. But the product itself is sturdy. The bottom isn't secure to anything. But it's not flapping in the wind.",07-14-chevy-tahoe-suburban-avalanche-front-grille-matte-black,our_prior_resolution,wrong_map_removed,,"impa06=Chevy Impala 2006; handle=Tahoe/Suburban/Avalanche 07-14. Wrong vehicle entirely — Impala is a sedan, Tahoe is a full-size SUV. Image filename collision between products. Remove from live.",,
1. PRODUCT WRONG-MAPPED,Pass 8 audit confirmed our Shopify match is WRONG. Currently removed from prod.,"Verify the CORRECT Shopify product for this Amazon listing — all 9 dimensions must match: (1) vehicle make, (2) vehicle model, (3) year-range overlap (Shopify range must include Amazon's primary year), (4) cab type if applicable [Reg/Ext/Crew/Double/Quad/SuperCrew], (5) bed length if applicable [5.5/5.7/5.8/6.0/6.4/6.5/8.0 ft], (6) finish [matte/glossy black, chrome, textured, brushed, polished], (7) style [mesh/horizontal/vertical/OE/honeycomb/tri-fold/roll-up/hard/soft], (8) component scope [single vs combo, upper vs lower for grilles], (9) trim restriction if Amazon listing specifies. Use the review_body — reviewers usually state their vehicle.",CONFIRM:[handle]   OR   REMAP:[correct-handle]   OR   DROP:[reason],CONFIRM:2003-2009-toyota-4runner-lexus-gx470-bull-guard-matte-black  |  REMAP:2007-2014-gmc-yukon-yukon-xl-front-grille-glossy-black  |  DROP:product line discontinued,B07JR9DQS5,sbhd-f15015cc-5-bk,"5"" Oval Black Side Step Nerf Bars Rail Running Boards Compatible with 15-22 Ford F150 SuperCrew / 17-22 F250 F350 F450 F550 Superduty Crew Cab",R1LFMYNWO5WYM2,5,FALSE,TRUE,TRUE,3,2020-01-11,crazy dog robber,Not to good for driving in icy driving **Update**,"Arrived within the time given. Packaging was good. Everything was wrapped and packed well. Directions were a little vague but anybody who’s put together something from IKEA or worked trades should be able to figure it out. Gather the parts, match the pieces up. Loosely assemble pieces. Adjust and tighten nuts and bolts. There are two sets of three brackets. The front ones face foreward, the others face backwards. Took me longer than someone younger and no injuries. Held my 290lb frame without any issues. A little closer to the bottom of the cab than the stock ones I had on my F-250 but it’s no",2017-2022-ford-super-duty-crew-cab-5-steel-side-step-bars-black,our_prior_resolution,wrong_map_removed,,sbhd-f15015cc-5-bk=F-150 2015 Crew Cab 5-inch oval black; handle=Super Duty 2017-22 crew cab 5-inch steel step bars. F-150 and Super Duty (F-250/F-350) are different trucks with different rocker geometry — same stem matched because sbhd-f15015cc is used in both product lines. Remove from live; correct handle should be 2015-2018-ford-f-150-f-250-super-crew-modular-step-bars-matte-black or a dedicat,,
1. PRODUCT WRONG-MAPPED,Pass 8 audit confirmed our Shopify match is WRONG. Currently removed from prod.,"Verify the CORRECT Shopify product for this Amazon listing — all 9 dimensions must match: (1) vehicle make, (2) vehicle model, (3) year-range overlap (Shopify range must include Amazon's primary year), (4) cab type if applicable [Reg/Ext/Crew/Double/Quad/SuperCrew], (5) bed length if applicable [5.5/5.7/5.8/6.0/6.4/6.5/8.0 ft], (6) finish [matte/glossy black, chrome, textured, brushed, polished], (7) style [mesh/horizontal/vertical/OE/honeycomb/tri-fold/roll-up/hard/soft], (8) component scope [single vs combo, upper vs lower for grilles], (9) trim restriction if Amazon listing specifies. Use the review_body — reviewers usually state their vehicle.",CONFIRM:[handle]   OR   REMAP:[correct-handle]   OR   DROP:[reason],CONFIRM:2003-2009-toyota-4runner-lexus-gx470-bull-guard-matte-black  |  REMAP:2007-2014-gmc-yukon-yukon-xl-front-grille-glossy-black  |  DROP:product line discontinued,B07N9RCKXH,tbm-f15001-5-rb-gy,"Topline_autopart Black Rubber Diamond Plate Truck Bed Floor Mat Liner Compatible with 01-03 Ford F150 5.5 Feet (66"") Short Bed",R12P0PKKTPYOSL,5,FALSE,TRUE,TRUE,1,2021-04-12,T. Gibson,Mat fit perfectly on my 2003 F-150 Short Bed,"I liked that the mat laid flat right out of the shipping box. It took less than 3 minutes to install and fit like a glove! I don't usually write reviews, but I was very impressed that there are still companies that ensure the quality of their product meets or exceeds customer satisfaction. Keep up the good work and will be telling my friends about their product line.",2001-2003-ford-f-150-styleside-5-5-bed-pvc-truck-bed-mat-black,our_prior_resolution,wrong_map_removed,,"tbm=truck bed mat, f15001=F150 2001, 5=5.5ft, rb=rubber, gy=grey. Amazon title says Black Rubber; handle=black PVC bed mat. Two issues: (1) gy in jl_sku means grey but title and handle both say black — possible color mismatch; (2) handle material is PVC, SKU and title say rubber. Material/color discrepancy on a bed mat is a return trigger. Pull and verify product identity before re-linking.",,
1. PRODUCT WRONG-MAPPED,Pass 8 audit confirmed our Shopify match is WRONG. Currently removed from prod.,"Verify the CORRECT Shopify product for this Amazon listing — all 9 dimensions must match: (1) vehicle make, (2) vehicle model, (3) year-range overlap (Shopify range must include Amazon's primary year), (4) cab type if applicable [Reg/Ext/Crew/Double/Quad/SuperCrew], (5) bed length if applicable [5.5/5.7/5.8/6.0/6.4/6.5/8.0 ft], (6) finish [matte/glossy black, chrome, textured, brushed, polished], (7) style [mesh/horizontal/vertical/OE/honeycomb/tri-fold/roll-up/hard/soft], (8) component scope [single vs combo, upper vs lower for grilles], (9) trim restriction if Amazon listing specifies. Use the review_body — reviewers usually state their vehicle.",CONFIRM:[handle]   OR   REMAP:[correct-handle]   OR   DROP:[reason],CONFIRM:2003-2009-toyota-4runner-lexus-gx470-bull-guard-matte-black  |  REMAP:2007-2014-gmc-yukon-yukon-xl-front-grille-glossy-black  |  DROP:product line discontinued,B084SNMBLC,fggg-grzt-taho07-me-bk,Glossy Black Mesh Front Hood Bumper Grill Grille Guard ABS 1 Piece Design Compatible With 07-13 Chevy Avalanche / 07-14 Tahoe Suburban,R7KBIUU707OI1,5,TRUE,TRUE,FALSE,1,2023-11-08,Luis,,"Easy to Install, make my suv look more cooler",07-14-chevy-tahoe-suburban-avalanche-front-grille-matte-black,our_prior_resolution,wrong_map_removed,,"impa06=Chevy Impala 2006; handle=Tahoe/Suburban/Avalanche 07-14. Wrong vehicle entirely — Impala is a sedan, Tahoe is a full-size SUV. Image filename collision between products. Remove from live.",,
1. PRODUCT WRONG-MAPPED,Pass 8 audit confirmed our Shopify match is WRONG. Currently removed from prod.,"Verify the CORRECT Shopify product for this Amazon listing — all 9 dimensions must match: (1) vehicle make, (2) vehicle model, (3) year-range overlap (Shopify range must include Amazon's primary year), (4) cab type if applicable [Reg/Ext/Crew/Double/Quad/SuperCrew], (5) bed length if applicable [5.5/5.7/5.8/6.0/6.4/6.5/8.0 ft], (6) finish [matte/glossy black, chrome, textured, brushed, polished], (7) style [mesh/horizontal/vertical/OE/honeycomb/tri-fold/roll-up/hard/soft], (8) component scope [single vs combo, upper vs lower for grilles], (9) trim restriction if Amazon listing specifies. Use the review_body — reviewers usually state their vehicle.",CONFIRM:[handle]   OR   REMAP:[correct-handle]   OR   DROP:[reason],CONFIRM:2003-2009-toyota-4runner-lexus-gx470-bull-guard-matte-black  |  REMAP:2007-2014-gmc-yukon-yukon-xl-front-grille-glossy-black  |  DROP:product line discontinued,B084SNMBLC,fggg-grzt-taho07-me-bk,Glossy Black Mesh Front Hood Bumper Grill Grille Guard ABS 1 Piece Design Compatible With 07-13 Chevy Avalanche / 07-14 Tahoe Suburban,R37WK8S2U3NOUI,5,TRUE,TRUE,FALSE,0,,Jasmin,,This is my second grill other one I kind screw it up so bought another one did little customization on it but I love the look it adds and quality…Easy to install on my 2008 Z71 no cutting or trimming needed!!! Less then 5 mint install,07-14-chevy-tahoe-suburban-avalanche-front-grille-matte-black,our_prior_resolution,wrong_map_removed,,"impa06=Chevy Impala 2006; handle=Tahoe/Suburban/Avalanche 07-14. Wrong vehicle entirely — Impala is a sedan, Tahoe is a full-size SUV. Image filename collision between products. Remove from live.",,
1. PRODUCT WRONG-MAPPED,Pass 8 audit confirmed our Shopify match is WRONG. Currently removed from prod.,"Verify the CORRECT Shopify product for this Amazon listing — all 9 dimensions must match: (1) vehicle make, (2) vehicle model, (3) year-range overlap (Shopify range must include Amazon's primary year), (4) cab type if applicable [Reg/Ext/Crew/Double/Quad/SuperCrew], (5) bed length if applicable [5.5/5.7/5.8/6.0/6.4/6.5/8.0 ft], (6) finish [matte/glossy black, chrome, textured, brushed, polished], (7) style [mesh/horizontal/vertical/OE/honeycomb/tri-fold/roll-up/hard/soft], (8) component scope [single vs combo, upper vs lower for grilles], (9) trim restriction if Amazon listing specifies. Use the review_body — reviewers usually state their vehicle.",CONFIRM:[handle]   OR   REMAP:[correct-handle]   OR   DROP:[reason],CONFIRM:2003-2009-toyota-4runner-lexus-gx470-bull-guard-matte-black  |  REMAP:2007-2014-gmc-yukon-yukon-xl-front-grille-glossy-black  |  DROP:product line discontinued,B084SNMBLC,fggg-grzt-taho07-me-bk,Glossy Black Mesh Front Hood Bumper Grill Grille Guard ABS 1 Piece Design Compatible With 07-13 Chevy Avalanche / 07-14 Tahoe Suburban,R2IOHXHKUQ2VX8,5,TRUE,TRUE,FALSE,0,,YakOn30s,,Amazing product. Apparently not as easy to find these days. Looks GREAT on my 09 Suburban!,07-14-chevy-tahoe-suburban-avalanche-front-grille-matte-black,our_prior_resolution,wrong_map_removed,,"impa06=Chevy Impala 2006; handle=Tahoe/Suburban/Avalanche 07-14. Wrong vehicle entirely — Impala is a sedan, Tahoe is a full-size SUV. Image filename collision between products. Remove from live.",,
1. PRODUCT WRONG-MAPPED,Pass 8 audit confirmed our Shopify match is WRONG. Currently removed from prod.,"Verify the CORRECT Shopify product for this Amazon listing — all 9 dimensions must match: (1) vehicle make, (2) vehicle model, (3) year-range overlap (Shopify range must include Amazon's primary year), (4) cab type if applicable [Reg/Ext/Crew/Double/Quad/SuperCrew], (5) bed length if applicable [5.5/5.7/5.8/6.0/6.4/6.5/8.0 ft], (6) finish [matte/glossy black, chrome, textured, brushed, polished], (7) style [mesh/horizontal/vertical/OE/honeycomb/tri-fold/roll-up/hard/soft], (8) component scope [single vs combo, upper vs lower for grilles], (9) trim restriction if Amazon listing specifies. Use the review_body — reviewers usually state their vehicle.",CONFIRM:[handle]   OR   REMAP:[correct-handle]   OR   DROP:[reason],CONFIRM:2003-2009-toyota-4runner-lexus-gx470-bull-guard-matte-black  |  REMAP:2007-2014-gmc-yukon-yukon-xl-front-grille-glossy-black  |  DROP:product line discontinued,B07PZFTRX9,rbjz-br-sil07-6p+rbjz-86-6-oe-mb,"6"" OE Style with Polymer Stripes Matte Black Aluminum Side Step Rail Running Boards jz Compatible with 07-18 Chevy Silverado/GMC Sierra Crew Cab",R2OF7YA08278AD,5,TRUE,TRUE,FALSE,0,,Robert Mata,,"Very easy to install once I watched a YouTube video since they did NOT come with install instructions for my 2018 Silverado crew cab. They do fit perfect and sit just under the cab as I wanted them too. The clip nuts that come with them to install do not fit correctly and I had to widen a couple of holes for them. Other than that all you need is a 1/2 socket, ratchet and extension.


Overall I would recommend them, especially for the price.",2019-2024-ram-1500-86-oe-style-aluminum-running-boards-matte-black,our_prior_resolution,wrong_map_removed,,sil07=Silverado 2007; handle=Ram 1500 2019-24. Wrong vehicle entirely — Silverado and Ram are different makes. Image filename from the rbjz-86-6-oe-mb universal component matched Ram handle. Remove from live.,,
1. PRODUCT WRONG-MAPPED,Pass 8 audit confirmed our Shopify match is WRONG. Currently removed from prod.,"Verify the CORRECT Shopify product for this Amazon listing — all 9 dimensions must match: (1) vehicle make, (2) vehicle model, (3) year-range overlap (Shopify range must include Amazon's primary year), (4) cab type if applicable [Reg/Ext/Crew/Double/Quad/SuperCrew], (5) bed length if applicable [5.5/5.7/5.8/6.0/6.4/6.5/8.0 ft], (6) finish [matte/glossy black, chrome, textured, brushed, polished], (7) style [mesh/horizontal/vertical/OE/honeycomb/tri-fold/roll-up/hard/soft], (8) component scope [single vs combo, upper vs lower for grilles], (9) trim restriction if Amazon listing specifies. Use the review_body — reviewers usually state their vehicle.",CONFIRM:[handle]   OR   REMAP:[correct-handle]   OR   DROP:[reason],CONFIRM:2003-2009-toyota-4runner-lexus-gx470-bull-guard-matte-black  |  REMAP:2007-2014-gmc-yukon-yukon-xl-front-grille-glossy-black  |  DROP:product line discontinued,B07L8V34FL,fg-grzd-dnl07-bk+fg-grbd-dnl07lower-bk,Glossy Black Round Hole Mesh Front Upper Hood Grill + Lower Bumper Grille Guard ABS Compatible With 07-14 GMC Yukon/XL/Denali,R24K48EBLNDGZ1,5,TRUE,TRUE,FALSE,0,,Dave,,"Fit perfectly on my 2007 Yukon and looks amazing. Only issue was the lower grille, was a very tight fit other than that, worth it all the way.",2007-2014-gmc-yukon-yukon-xl-front-grille-matte-black,our_prior_resolution,wrong_map_removed,,combo=Yukon/Denali 2007 upper+lower glossy black; handle=07-14 GMC Yukon matte black. Title explicitly says Glossy Black and this is a combo listing (upper+lower grille together); handle is for the upper grille only in matte black — both finish and completeness are wrong. Remove from live.,,
1. PRODUCT WRONG-MAPPED,Pass 8 audit confirmed our Shopify match is WRONG. Currently removed from prod.,"Verify the CORRECT Shopify product for this Amazon listing — all 9 dimensions must match: (1) vehicle make, (2) vehicle model, (3) year-range overlap (Shopify range must include Amazon's primary year), (4) cab type if applicable [Reg/Ext/Crew/Double/Quad/SuperCrew], (5) bed length if applicable [5.5/5.7/5.8/6.0/6.4/6.5/8.0 ft], (6) finish [matte/glossy black, chrome, textured, brushed, polished], (7) style [mesh/horizontal/vertical/OE/honeycomb/tri-fold/roll-up/hard/soft], (8) component scope [single vs combo, upper vs lower for grilles], (9) trim restriction if Amazon listing specifies. Use the review_body — reviewers usually state their vehicle.",CONFIRM:[handle]   OR   REMAP:[correct-handle]   OR   DROP:[reason],CONFIRM:2003-2009-toyota-4runner-lexus-gx470-bull-guard-matte-black  |  REMAP:2007-2014-gmc-yukon-yukon-xl-front-grille-glossy-black  |  DROP:product line discontinued,B07PZFTRX9,rbjz-br-sil07-6p+rbjz-86-6-oe-mb,"6"" OE Style with Polymer Stripes Matte Black Aluminum Side Step Rail Running Boards jz Compatible with 07-18 Chevy Silverado/GMC Sierra Crew Cab",R75C8BQON48N8,5,TRUE,TRUE,FALSE,0,2020-01-09,Angélique Macias,,Got these for my husband for Christmas.  Small issue with connection on the 3rd bracket but easily figured out a solution.  Hubby is very happy with them!!!,2019-2024-ram-1500-86-oe-style-aluminum-running-boards-matte-black,our_prior_resolution,wrong_map_removed,,sil07=Silverado 2007; handle=Ram 1500 2019-24. Wrong vehicle entirely — Silverado and Ram are different makes. Image filename from the rbjz-86-6-oe-mb universal component matched Ram handle. Remove from live.,,
1. PRODUCT WRONG-MAPPED,Pass 8 audit confirmed our Shopify match is WRONG. Currently removed from prod.,"Verify the CORRECT Shopify product for this Amazon listing — all 9 dimensions must match: (1) vehicle make, (2) vehicle model, (3) year-range overlap (Shopify range must include Amazon's primary year), (4) cab type if applicable [Reg/Ext/Crew/Double/Quad/SuperCrew], (5) bed length if applicable [5.5/5.7/5.8/6.0/6.4/6.5/8.0 ft], (6) finish [matte/glossy black, chrome, textured, brushed, polished], (7) style [mesh/horizontal/vertical/OE/honeycomb/tri-fold/roll-up/hard/soft], (8) component scope [single vs combo, upper vs lower for grilles], (9) trim restriction if Amazon listing specifies. Use the review_body — reviewers usually state their vehicle.",CONFIRM:[handle]   OR   REMAP:[correct-handle]   OR   DROP:[reason],CONFIRM:2003-2009-toyota-4runner-lexus-gx470-bull-guard-matte-black  |  REMAP:2007-2014-gmc-yukon-yukon-xl-front-grille-glossy-black  |  DROP:product line discontinued,B084SNMBLC,fggg-grzt-taho07-me-bk,Glossy Black Mesh Front Hood Bumper Grill Grille Guard ABS 1 Piece Design Compatible With 07-13 Chevy Avalanche / 07-14 Tahoe Suburban,R2NR486GFB4G9L,4,FALSE,TRUE,TRUE,0,2021-01-09,drew johnson,Broken in delivery,Had to order twice to get it. Really like the product looks great in front of the vehicle my only complaint is that it needs to be packaged better so it can reach the destination without damage. Fits like a glove couldn't ask for it to be any better. Just took several times to get one without being broken once it got here.,07-14-chevy-tahoe-suburban-avalanche-front-grille-matte-black,our_prior_resolution,wrong_map_removed,,"impa06=Chevy Impala 2006; handle=Tahoe/Suburban/Avalanche 07-14. Wrong vehicle entirely — Impala is a sedan, Tahoe is a full-size SUV. Image filename collision between products. Remove from live.",,
1. PRODUCT WRONG-MAPPED,Pass 8 audit confirmed our Shopify match is WRONG. Currently removed from prod.,"Verify the CORRECT Shopify product for this Amazon listing — all 9 dimensions must match: (1) vehicle make, (2) vehicle model, (3) year-range overlap (Shopify range must include Amazon's primary year), (4) cab type if applicable [Reg/Ext/Crew/Double/Quad/SuperCrew], (5) bed length if applicable [5.5/5.7/5.8/6.0/6.4/6.5/8.0 ft], (6) finish [matte/glossy black, chrome, textured, brushed, polished], (7) style [mesh/horizontal/vertical/OE/honeycomb/tri-fold/roll-up/hard/soft], (8) component scope [single vs combo, upper vs lower for grilles], (9) trim restriction if Amazon listing specifies. Use the review_body — reviewers usually state their vehicle.",CONFIRM:[handle]   OR   REMAP:[correct-handle]   OR   DROP:[reason],CONFIRM:2003-2009-toyota-4runner-lexus-gx470-bull-guard-matte-black  |  REMAP:2007-2014-gmc-yukon-yukon-xl-front-grille-glossy-black  |  DROP:product line discontinued,B084SNMBLC,fggg-grzt-taho07-me-bk,Glossy Black Mesh Front Hood Bumper Grill Grille Guard ABS 1 Piece Design Compatible With 07-13 Chevy Avalanche / 07-14 Tahoe Suburban,RGZS6D8WFE89T,5,FALSE,TRUE,TRUE,0,2021-03-01,Amazon Customer,5* would recommend.,"Easy install, seems to be of decent quality, no cutting or trimming involved.",07-14-chevy-tahoe-suburban-avalanche-front-grille-matte-black,our_prior_resolution,wrong_map_removed,,"impa06=Chevy Impala 2006; handle=Tahoe/Suburban/Avalanche 07-14. Wrong vehicle entirely — Impala is a sedan, Tahoe is a full-size SUV. Image filename collision between products. Remove from live.",,
1. PRODUCT WRONG-MAPPED,Pass 8 audit confirmed our Shopify match is WRONG. Currently removed from prod.,"Verify the CORRECT Shopify product for this Amazon listing — all 9 dimensions must match: (1) vehicle make, (2) vehicle model, (3) year-range overlap (Shopify range must include Amazon's primary year), (4) cab type if applicable [Reg/Ext/Crew/Double/Quad/SuperCrew], (5) bed length if applicable [5.5/5.7/5.8/6.0/6.4/6.5/8.0 ft], (6) finish [matte/glossy black, chrome, textured, brushed, polished], (7) style [mesh/horizontal/vertical/OE/honeycomb/tri-fold/roll-up/hard/soft], (8) component scope [single vs combo, upper vs lower for grilles], (9) trim restriction if Amazon listing specifies. Use the review_body — reviewers usually state their vehicle.",CONFIRM:[handle]   OR   REMAP:[correct-handle]   OR   DROP:[reason],CONFIRM:2003-2009-toyota-4runner-lexus-gx470-bull-guard-matte-black  |  REMAP:2007-2014-gmc-yukon-yukon-xl-front-grille-glossy-black  |  DROP:product line discontinued,B07PZFTRX9,rbjz-br-sil07-6p+rbjz-86-6-oe-mb,"6"" OE Style with Polymer Stripes Matte Black Aluminum Side Step Rail Running Boards jz Compatible with 07-18 Chevy Silverado/GMC Sierra Crew Cab",R12OWMEFME0175,5,TRUE,TRUE,FALSE,0,2021-12-07,Ty W,,Easy to install. Easy to clean. Sturdy. Nice overall look to my truck,2019-2024-ram-1500-86-oe-style-aluminum-running-boards-matte-black,our_prior_resolution,wrong_map_removed,,sil07=Silverado 2007; handle=Ram 1500 2019-24. Wrong vehicle entirely — Silverado and Ram are different makes. Image filename from the rbjz-86-6-oe-mb universal component matched Ram handle. Remove from live.,,
1. PRODUCT WRONG-MAPPED,Pass 8 audit confirmed our Shopify match is WRONG. Currently removed from prod.,"Verify the CORRECT Shopify product for this Amazon listing — all 9 dimensions must match: (1) vehicle make, (2) vehicle model, (3) year-range overlap (Shopify range must include Amazon's primary year), (4) cab type if applicable [Reg/Ext/Crew/Double/Quad/SuperCrew], (5) bed length if applicable [5.5/5.7/5.8/6.0/6.4/6.5/8.0 ft], (6) finish [matte/glossy black, chrome, textured, brushed, polished], (7) style [mesh/horizontal/vertical/OE/honeycomb/tri-fold/roll-up/hard/soft], (8) component scope [single vs combo, upper vs lower for grilles], (9) trim restriction if Amazon listing specifies. Use the review_body — reviewers usually state their vehicle.",CONFIRM:[handle]   OR   REMAP:[correct-handle]   OR   DROP:[reason],CONFIRM:2003-2009-toyota-4runner-lexus-gx470-bull-guard-matte-black  |  REMAP:2007-2014-gmc-yukon-yukon-xl-front-grille-glossy-black  |  DROP:product line discontinued,B084SNMBLC,fggg-grzt-taho07-me-bk,Glossy Black Mesh Front Hood Bumper Grill Grille Guard ABS 1 Piece Design Compatible With 07-13 Chevy Avalanche / 07-14 Tahoe Suburban,R2G4XKZ5ZAMVO0,5,FALSE,TRUE,TRUE,0,2022-04-19,trey thomas,It fits SORT OF!!!,"I used this product on a 12 chevy avy. I received this item on the last possible day i could receive it ,although i did get it before the expected time. Its a snug fit but removing the crossbar is something im still in the air about! Although it looks nice the bottom clips dont fit and was fearful in any way to make adjustments.",07-14-chevy-tahoe-suburban-avalanche-front-grille-matte-black,our_prior_resolution,wrong_map_removed,,"impa06=Chevy Impala 2006; handle=Tahoe/Suburban/Avalanche 07-14. Wrong vehicle entirely — Impala is a sedan, Tahoe is a full-size SUV. Image filename collision between products. Remove from live.",,
2. PRODUCT NOT ON STEHLENAUTO.COM,Product line is not yet listed on stehlenauto.com — no Shopify handle exists.,"Two options: (A) ADD product to stehlenauto.com (highest leverage = top ASINs by review/photo count) and return the new live handle, OR (B) confirm the product line is intentionally not stocked and reviews will be permanently dropped.",ADD_TO_CATALOG:[new-live-handle]   OR   DROP:[reason],ADD_TO_CATALOG:universal-cr1-chase-rack-full-size-pickup  |  DROP:product line discontinued by JL Concepts,B08PQCNQF2,sbrs-colo15cc-rs2-tb,Textured Black Round Pattern Rock Slider Rocker Style Side Step Rail Nerf Bars Running Boards Compatible with 15-22 Chevy Colorado/GMC Canyon Crew Cab,R3UC14FOOG3MTQ,5,TRUE,TRUE,FALSE,4,2021-07-21,ssglat70,,I love the look of these rock sliders on my Chevy Colorado. They were really easy to install and took less than an hour to do. They are very sturdy and well made. My only complaint is that they only go just past the passenger door. I wish they were a little longer and reached the rear wheel wells to get on to get into the truck bed.,(none),none,not_in_catalog,,sbrs-colo15cc=Colorado 2015 crew cab rock slider; only rock slider handles in catalog are 2019 Ram 1500 crew cab and 2019 Silverado crew cab and 2022 Tundra — no Colorado rock slider exists,,
2. PRODUCT NOT ON STEHLENAUTO.COM,Product line is not yet listed on stehlenauto.com — no Shopify handle exists.,"Two options: (A) ADD product to stehlenauto.com (highest leverage = top ASINs by review/photo count) and return the new live handle, OR (B) confirm the product line is intentionally not stocked and reviews will be permanently dropped.",ADD_TO_CATALOG:[new-live-handle]   OR   DROP:[reason],ADD_TO_CATALOG:universal-cr1-chase-rack-full-size-pickup  |  DROP:product line discontinued by JL Concepts,B07KCSKDNR,th-rod98-c222,"Stehlen 733469488828 Compatible with 1998-2003 Isuzu Rodeo / 2004 Rodeo / 1998-2002 Honda Passport / 2002-2003 Isuzu Axiom with Under-Vehicle Spare Class 3 Trailer Tow Hitch Receiver 2""",R2Z1PEQDU8DAHU,5,TRUE,TRUE,FALSE,3,,Jasmin,,1998 Isuzu rodeo at first I thought the hitch was not the right fit because I put on left side first n wasn't adding up then I had a lol trouble adding 1 bolt that has the square but with a lol patience I got it done other than that looks nice and I love that i was able to keep my spare and still have the tow hitch..thanks Amazon 👍😁,(none),none,not_in_catalog,,th-rod98-c222=Isuzu Rodeo 1998 class 3 hitch MPN-13222; no Isuzu Rodeo or Honda Passport hitch handle exists in catalog,,
2. PRODUCT NOT ON STEHLENAUTO.COM,Product line is not yet listed on stehlenauto.com — no Shopify handle exists.,"Two options: (A) ADD product to stehlenauto.com (highest leverage = top ASINs by review/photo count) and return the new live handle, OR (B) confirm the product line is intentionally not stocked and reviews will be permanently dropped.",ADD_TO_CATALOG:[new-live-handle]   OR   DROP:[reason],ADD_TO_CATALOG:universal-cr1-chase-rack-full-size-pickup  |  DROP:product line discontinued by JL Concepts,B07H8V4TGZ,fg-f25099-h-f-bk,Glossy Black Horizontal Front Hood Bumper Grill Grille Guard ABS With Fog Lights Compatible With 99-04 Ford F250 F350 F450 F550 Superduty / 00-04 Excursion,R1IB0O8MAKXI96,5,TRUE,TRUE,FALSE,3,,a rod,,"I loved the fact that it was priced reasonably, fit perfectly, and helps with off road, trail, and general night time driving.  Great product!",(none),none,not_in_catalog,,fg-f25099-h-f-bk=F250 1999 horizontal grille WITH fog lights; catalog has F250 vertical chrome/black handles but no horizontal-with-fog-lights variant; not cataloged,,
2. PRODUCT NOT ON STEHLENAUTO.COM,Product line is not yet listed on stehlenauto.com — no Shopify handle exists.,"Two options: (A) ADD product to stehlenauto.com (highest leverage = top ASINs by review/photo count) and return the new live handle, OR (B) confirm the product line is intentionally not stocked and reviews will be permanently dropped.",ADD_TO_CATALOG:[new-live-handle]   OR   DROP:[reason],ADD_TO_CATALOG:universal-cr1-chase-rack-full-size-pickup  |  DROP:product line discontinued by JL Concepts,B07KCSKDNR,th-rod98-c222,"Stehlen 733469488828 Compatible with 1998-2003 Isuzu Rodeo / 2004 Rodeo / 1998-2002 Honda Passport / 2002-2003 Isuzu Axiom with Under-Vehicle Spare Class 3 Trailer Tow Hitch Receiver 2""",R2I3UX3RFNC0WP,5,TRUE,TRUE,FALSE,2,2019-03-12,wendy fast,,Fit great with everything included that was needed,(none),none,not_in_catalog,,th-rod98-c222=Isuzu Rodeo 1998 class 3 hitch MPN-13222; no Isuzu Rodeo or Honda Passport hitch handle exists in catalog,,
2. PRODUCT NOT ON STEHLENAUTO.COM,Product line is not yet listed on stehlenauto.com — no Shopify handle exists.,"Two options: (A) ADD product to stehlenauto.com (highest leverage = top ASINs by review/photo count) and return the new live handle, OR (B) confirm the product line is intentionally not stocked and reviews will be permanently dropped.",ADD_TO_CATALOG:[new-live-handle]   OR   DROP:[reason],ADD_TO_CATALOG:universal-cr1-chase-rack-full-size-pickup  |  DROP:product line discontinued by JL Concepts,B07MKDSXGV,th-flex09-c110,"Class 3 III Black 2"" Receiver Tube Rear Bumper Trailer Tow Hitch Towing Mount Compatible with 09-19 Ford Flex Dual Exhaust / 10-19 Lincoln MKT EcoBoost Engine",RWMXM7YTVJ689,5,TRUE,TRUE,FALSE,2,2019-03-21,Asher Kluthe,,Good solid hitch. Only issue is they provided the wrong bolts and I stripped one hole trying to drive the first bolt.,(none),none,not_in_catalog,,th-flex09-c110=Ford Flex 2009 class 3 hitch; no Ford Flex hitch handle in catalog,,
2. PRODUCT NOT ON STEHLENAUTO.COM,Product line is not yet listed on stehlenauto.com — no Shopify handle exists.,"Two options: (A) ADD product to stehlenauto.com (highest leverage = top ASINs by review/photo count) and return the new live handle, OR (B) confirm the product line is intentionally not stocked and reviews will be permanently dropped.",ADD_TO_CATALOG:[new-live-handle]   OR   DROP:[reason],ADD_TO_CATALOG:universal-cr1-chase-rack-full-size-pickup  |  DROP:product line discontinued by JL Concepts,B07MDF528K,vs-camy02v2,Curved Style Smoke Window Visors Deflector Vent Shade Guard 4 Pieces v2 Compatible with 02-06 Toyota Camry,RZO8IKALX7TY5,5,FALSE,TRUE,TRUE,2,2019-05-29,carlton douglas,Affordable vent shades,Very somple install jus make your you wipe the edge of the area with alcohol before you install these vent shades,(none),none,not_in_catalog,,vs-camy02v2=Camry 2002 curved window visor v2; no window visor/deflector handles exist in catalog — category not stocked,,
2. PRODUCT NOT ON STEHLENAUTO.COM,Product line is not yet listed on stehlenauto.com — no Shopify handle exists.,"Two options: (A) ADD product to stehlenauto.com (highest leverage = top ASINs by review/photo count) and return the new live handle, OR (B) confirm the product line is intentionally not stocked and reviews will be permanently dropped.",ADD_TO_CATALOG:[new-live-handle]   OR   DROP:[reason],ADD_TO_CATALOG:universal-cr1-chase-rack-full-size-pickup  |  DROP:product line discontinued by JL Concepts,B07JKLQPGL,th-piru04-a468,"Class 1 I Black 1.25"" Receiver Tube Rear Bumper Trailer Tow Hitch Towing Mount Compatible with 04-09 Toyota Prius",R2444UZW3UYO5H,5,FALSE,TRUE,TRUE,2,2019-10-24,Amazon Customer,USMC@707,"Couldn’t find a roof rack to fit my 08 Prius without financing for a few months so I purchased this along with a bike rack. For what I needed, it was outstanding. 10 lobster volcano nets with line. Novice installation. No special or heavy duty tools required. May require two people if you don’t know how to use your legs.",(none),none,not_in_catalog,,th-piru04-a468=Toyota Prius 2004 class 1 hitch; no Prius hitch handle in catalog,,
2. PRODUCT NOT ON STEHLENAUTO.COM,Product line is not yet listed on stehlenauto.com — no Shopify handle exists.,"Two options: (A) ADD product to stehlenauto.com (highest leverage = top ASINs by review/photo count) and return the new live handle, OR (B) confirm the product line is intentionally not stocked and reviews will be permanently dropped.",ADD_TO_CATALOG:[new-live-handle]   OR   DROP:[reason],ADD_TO_CATALOG:universal-cr1-chase-rack-full-size-pickup  |  DROP:product line discontinued by JL Concepts,B0832K18QL,s223043,"4"" Oval Bent End Black Side Step Nerf Bars Rail Running Boards Compatible with 15-22 Ford F150 SuperCrew / 17-22 F250 F350 F450 F550 Superduty Crew Cab",R23EA127WG324Q,5,FALSE,TRUE,TRUE,2,2020-05-07,M_M50,Great value and looks good!,"Was delivered with minor scratches on the end (tip) of the board but it is not noticeable. Took me about 30 mins to instal it, which was super easy to do. Love how it looks and great for the price. Looked around a bit and this was the best value I could find for a similar product.",(none),none,not_in_catalog,,s223043 is a generic SKU number; title says 4-inch oval bent end F150 15-22; catalog has 2015-2018 F-150/F-250 super crew modular step bars but no 4-inch oval bent-end F150 2015-22 handle — no exact match in catalog,,
2. PRODUCT NOT ON STEHLENAUTO.COM,Product line is not yet listed on stehlenauto.com — no Shopify handle exists.,"Two options: (A) ADD product to stehlenauto.com (highest leverage = top ASINs by review/photo count) and return the new live handle, OR (B) confirm the product line is intentionally not stocked and reviews will be permanently dropped.",ADD_TO_CATALOG:[new-live-handle]   OR   DROP:[reason],ADD_TO_CATALOG:universal-cr1-chase-rack-full-size-pickup  |  DROP:product line discontinued by JL Concepts,B088D46SXV,fggg-grzt-hhr06-me-mb,Stehlen 642167820888 Compatible With 2006-2011 Chevy HHR Mesh Front Hood Bumper Grille - Matte Black,R2NHBB3UE70KE4,5,TRUE,TRUE,FALSE,1,,darren dennis,,Easy to install and looks great,(none),none,not_in_catalog,,fggg-grzt-hhr06=Chevy HHR 2006 grille; no HHR grille handle in catalog — only HHR result is a trailer hitch (2004-2011-chevrolet-cobalt-hhr-trailer-hitch-class-1); grille not cataloged,,
2. PRODUCT NOT ON STEHLENAUTO.COM,Product line is not yet listed on stehlenauto.com — no Shopify handle exists.,"Two options: (A) ADD product to stehlenauto.com (highest leverage = top ASINs by review/photo count) and return the new live handle, OR (B) confirm the product line is intentionally not stocked and reviews will be permanently dropped.",ADD_TO_CATALOG:[new-live-handle]   OR   DROP:[reason],ADD_TO_CATALOG:universal-cr1-chase-rack-full-size-pickup  |  DROP:product line discontinued by JL Concepts,B086VT9855,fggg-grzt-taho07-me-ch,Chrome Mesh Front Hood Bumper Grill Grille Guard ABS 1 Piece Design Compatible With 07-13 Chevy Avalanche / 07-14 Tahoe Suburban,R3GAZUYX8HYNXJ,5,TRUE,TRUE,FALSE,1,,Jessie Kirk,,There should be some type of bracket added to the bottom of the grill. Other than that minor issue it's a great looking product.,(none),none,not_in_catalog,,fggg-grzt-taho07-me-ch=Tahoe 2007 mesh chrome; Tahoe 07-14 grille handle only exists in matte black (07-14-chevy-tahoe-suburban-avalanche-front-grille-matte-black); no chrome Tahoe 07 grille handle in catalog,,
2. PRODUCT NOT ON STEHLENAUTO.COM,Product line is not yet listed on stehlenauto.com — no Shopify handle exists.,"Two options: (A) ADD product to stehlenauto.com (highest leverage = top ASINs by review/photo count) and return the new live handle, OR (B) confirm the product line is intentionally not stocked and reviews will be permanently dropped.",ADD_TO_CATALOG:[new-live-handle]   OR   DROP:[reason],ADD_TO_CATALOG:universal-cr1-chase-rack-full-size-pickup  |  DROP:product line discontinued by JL Concepts,B071SDM6H5,fg-yar064d-oe-mb,Matte Black OE Honeycomb Mesh Front Hood Bumper Grill Grille Guard ABS Compatible With 06 07-09 Toyota Yaris 4 Door Sedan,RTVO5ZGHDJD1T,5,FALSE,TRUE,TRUE,1,2018-06-28,Nick Squires,Great fit - great price,"Fit perfectly. Fast shipping. Only thing i would have liked is if the screws were included, you need two screws to mount and one of mine was lost when my original grille broke.

My Yaris is beat up and when the grill broke it went from beat up to jalopy and I needed to get a new grill. Was happy to find this one on amazon cheap and easy to install.",(none),none,not_in_catalog,,fg-yar064d=Toyota Yaris 2006 4-door OE mesh matte black; no Toyota Yaris grille handle exists in catalog,,
2. PRODUCT NOT ON STEHLENAUTO.COM,Product line is not yet listed on stehlenauto.com — no Shopify handle exists.,"Two options: (A) ADD product to stehlenauto.com (highest leverage = top ASINs by review/photo count) and return the new live handle, OR (B) confirm the product line is intentionally not stocked and reviews will be permanently dropped.",ADD_TO_CATALOG:[new-live-handle]   OR   DROP:[reason],ADD_TO_CATALOG:universal-cr1-chase-rack-full-size-pickup  |  DROP:product line discontinued by JL Concepts,B0832K18QL,s223043,"4"" Oval Bent End Black Side Step Nerf Bars Rail Running Boards Compatible with 15-22 Ford F150 SuperCrew / 17-22 F250 F350 F450 F550 Superduty Crew Cab",R99ODZ6JMY5C7,5,FALSE,TRUE,TRUE,1,2020-03-09,Happy Amazon Customer,Awesome product!,Super easy to install and they look AWESOME! I waxed them right after installing them like the instructions recommend and I love how they changed the look of the truck.,(none),none,not_in_catalog,,s223043 is a generic SKU number; title says 4-inch oval bent end F150 15-22; catalog has 2015-2018 F-150/F-250 super crew modular step bars but no 4-inch oval bent-end F150 2015-22 handle — no exact match in catalog,,
2. PRODUCT NOT ON STEHLENAUTO.COM,Product line is not yet listed on stehlenauto.com — no Shopify handle exists.,"Two options: (A) ADD product to stehlenauto.com (highest leverage = top ASINs by review/photo count) and return the new live handle, OR (B) confirm the product line is intentionally not stocked and reviews will be permanently dropped.",ADD_TO_CATALOG:[new-live-handle]   OR   DROP:[reason],ADD_TO_CATALOG:universal-cr1-chase-rack-full-size-pickup  |  DROP:product line discontinued by JL Concepts,B088D46SXV,fggg-grzt-hhr06-me-mb,Stehlen 642167820888 Compatible With 2006-2011 Chevy HHR Mesh Front Hood Bumper Grille - Matte Black,R3UA1JIPBEQ7Z1,5,TRUE,TRUE,FALSE,1,2021-06-28,Dawn Marshall,,I Love it and the look of the grill is awesome. Also very easy to install. Great product for a great price.👍👍👍,(none),none,not_in_catalog,,fggg-grzt-hhr06=Chevy HHR 2006 grille; no HHR grille handle in catalog — only HHR result is a trailer hitch (2004-2011-chevrolet-cobalt-hhr-trailer-hitch-class-1); grille not cataloged,,
2. PRODUCT NOT ON STEHLENAUTO.COM,Product line is not yet listed on stehlenauto.com — no Shopify handle exists.,"Two options: (A) ADD product to stehlenauto.com (highest leverage = top ASINs by review/photo count) and return the new live handle, OR (B) confirm the product line is intentionally not stocked and reviews will be permanently dropped.",ADD_TO_CATALOG:[new-live-handle]   OR   DROP:[reason],ADD_TO_CATALOG:universal-cr1-chase-rack-full-size-pickup  |  DROP:product line discontinued by JL Concepts,B0BRDK5S8X,mfg-f15021,Molded Black Front + Rear Side Fender Mud Flaps Splash Guards 4 Pieces Compatible with 2021-2023 Ford F150,R2IXE51U0LRJTY,5,FALSE,TRUE,TRUE,1,2024-11-12,G&K,Good Quality at about 1/4 the price of car maker's product,"I was very hesitant to buy these for my 2024 F150 as there was only one written review for them but, they seem tough enough and were not difficult to install. You will have to drill a hole in the truck's plastic trim on the rear guards (see where I'm pointing to in the picture), so you will probably have to remove the wheel unless you have a small right angle drill. For the front guards just turn the wheels and you can install with the wheels in place. You will have to remove the plastic trim from the front of the truck. The front pair require 2 each of the supplied bolts and metal strip nuts.",(none),none,not_in_catalog,,mfg-f15021=F150 2021 molded mud flap; no mud flap / splash guard handles exist anywhere in catalog,,
2. PRODUCT NOT ON STEHLENAUTO.COM,Product line is not yet listed on stehlenauto.com — no Shopify handle exists.,"Two options: (A) ADD product to stehlenauto.com (highest leverage = top ASINs by review/photo count) and return the new live handle, OR (B) confirm the product line is intentionally not stocked and reviews will be permanently dropped.",ADD_TO_CATALOG:[new-live-handle]   OR   DROP:[reason],ADD_TO_CATALOG:universal-cr1-chase-rack-full-size-pickup  |  DROP:product line discontinued by JL Concepts,B07V5KK9Z9,sbds-fj07-v2-mb+sbds-fj07-v2-br,Matte Black Hoop Drop Step Side Nerf Bars Rail Running Boards v2 Compatible with 07-14 Toyota FJ Cruiser,R14EHLEDERJJD8,5,TRUE,TRUE,FALSE,0,,Patrick C.,,"Very happy with these cab steps. Super easy installation, very sturdy and they look great.",(none),none,not_in_catalog,,fj07=FJ Cruiser 2007; no FJ Cruiser running board handle in catalog; nearest Toyota running board handles are Tacoma and Tundra — wrong vehicle,,
2. PRODUCT NOT ON STEHLENAUTO.COM,Product line is not yet listed on stehlenauto.com — no Shopify handle exists.,"Two options: (A) ADD product to stehlenauto.com (highest leverage = top ASINs by review/photo count) and return the new live handle, OR (B) confirm the product line is intentionally not stocked and reviews will be permanently dropped.",ADD_TO_CATALOG:[new-live-handle]   OR   DROP:[reason],ADD_TO_CATALOG:universal-cr1-chase-rack-full-size-pickup  |  DROP:product line discontinued by JL Concepts,B07V5KK9Z9,sbds-fj07-v2-mb+sbds-fj07-v2-br,Matte Black Hoop Drop Step Side Nerf Bars Rail Running Boards v2 Compatible with 07-14 Toyota FJ Cruiser,R200JE7MNMFS6T,5,TRUE,TRUE,FALSE,0,,Chase Bass,,"Since I have my truck lifted, I wanted nerf bars that actually came down to make it easier to get in. There were exactly what I was looking for. Took about an hour to install w/ no jack, fairly easy to be honest. I love the sleek look and access it provides my truck, much easier to get into now.",(none),none,not_in_catalog,,fj07=FJ Cruiser 2007; no FJ Cruiser running board handle in catalog; nearest Toyota running board handles are Tacoma and Tundra — wrong vehicle,,
2. PRODUCT NOT ON STEHLENAUTO.COM,Product line is not yet listed on stehlenauto.com — no Shopify handle exists.,"Two options: (A) ADD product to stehlenauto.com (highest leverage = top ASINs by review/photo count) and return the new live handle, OR (B) confirm the product line is intentionally not stocked and reviews will be permanently dropped.",ADD_TO_CATALOG:[new-live-handle]   OR   DROP:[reason],ADD_TO_CATALOG:universal-cr1-chase-rack-full-size-pickup  |  DROP:product line discontinued by JL Concepts,B07MNJ4DK4,th-golf99-a066,"Class 1 I Black 1.25"" Receiver Tube Rear Bumper Trailer Tow Hitch Towing Mount Compatible with 99-06 VW Golf MK4 / 99-05 GTI / 98-10 Beetle Non-Turbo",RXL0U2ZJRMWY1,5,TRUE,TRUE,FALSE,0,,Melanie,,Worked great for a beetle that needed to transport a motorcycle 1000 miles.  Did it with no fatigue!,(none),none,not_in_catalog,,th-golf99-a066=VW Golf 1999 class 1 hitch a066; only Golf hitch in catalog is 2015 VW Golf GTI class 1 — wrong generation; no 1999-2006 MK4 Golf class 1 hitch handle in catalog,,
2. PRODUCT NOT ON STEHLENAUTO.COM,Product line is not yet listed on stehlenauto.com — no Shopify handle exists.,"Two options: (A) ADD product to stehlenauto.com (highest leverage = top ASINs by review/photo count) and return the new live handle, OR (B) confirm the product line is intentionally not stocked and reviews will be permanently dropped.",ADD_TO_CATALOG:[new-live-handle]   OR   DROP:[reason],ADD_TO_CATALOG:universal-cr1-chase-rack-full-size-pickup  |  DROP:product line discontinued by JL Concepts,B08JYG36VY,sbrs-f15015cc-rs2-tb,Textured Black Round Pattern Rock Slider Rocker Style Side Step Rail Nerf Bars Running Boards Compatible with 15-22 Ford F150 SuperCrew / 17-22 F250 F350 F450 F550 Superduty Crew Cab,RAIHHGD6P53TR,5,TRUE,TRUE,FALSE,0,,travis,,"Super fast shipping, well packaged, easy install. Very pleased! A+",(none),none,not_in_catalog,,sbrs-f15015cc=F150 2015 crew cab rock slider; no F-150 rock slider handle in catalog; only rock slider handles are 2019 Ram 1500 crew cab and 2019 Silverado crew cab,,
2. PRODUCT NOT ON STEHLENAUTO.COM,Product line is not yet listed on stehlenauto.com — no Shopify handle exists.,"Two options: (A) ADD product to stehlenauto.com (highest leverage = top ASINs by review/photo count) and return the new live handle, OR (B) confirm the product line is intentionally not stocked and reviews will be permanently dropped.",ADD_TO_CATALOG:[new-live-handle]   OR   DROP:[reason],ADD_TO_CATALOG:universal-cr1-chase-rack-full-size-pickup  |  DROP:product line discontinued by JL Concepts,B07MNV366X,vs-expl024d,Curved Style Smoke Window Visors Deflector Vent Shade Guard 4 Pieces Compatible with 02-10 Ford Explorer 4 Door/Mercury Mountaineer / 03-05 Lincoln Aviator,R15GA5XEJ98LK7,5,TRUE,TRUE,FALSE,0,2019-08-21,Brandon,,"Wasn’t easy to install, the 3m tape wasn’t very sticky had to reduce the tape, and they were not cut too well and I ended up slicing my finger open pushing a piece down.",(none),none,not_in_catalog,,vs-expl02=Explorer 2002 4-door window visor; no window visor handles in catalog,,
2. PRODUCT NOT ON STEHLENAUTO.COM,Product line is not yet listed on stehlenauto.com — no Shopify handle exists.,"Two options: (A) ADD product to stehlenauto.com (highest leverage = top ASINs by review/photo count) and return the new live handle, OR (B) confirm the product line is intentionally not stocked and reviews will be permanently dropped.",ADD_TO_CATALOG:[new-live-handle]   OR   DROP:[reason],ADD_TO_CATALOG:universal-cr1-chase-rack-full-size-pickup  |  DROP:product line discontinued by JL Concepts,B07TB1X4RZ,sbhd-taco05dc-4-20-ch,"Stehlen 733469496588 Compatible with 2005-2022 Toyota Tacoma Double (Crew) Cab 4"" Oval Side Step Nerf Bars - Stainless Steel",R2U4PJA7S67IO6,5,TRUE,TRUE,FALSE,0,2020-02-24,Mark Crickmore,,"looks great, easy to install. Very happy with them",(none),none,not_in_catalog,,sbhd-taco05dc-4-20-ch=Tacoma 2005 double cab 4-inch oval chrome; no Tacoma running board/step bar handle in catalog with chrome finish and 4-inch oval spec; 2005-2022 Tacoma step handles exist (modular/aluminum/OE-style in matte black/polished/silver) but not a 4-inch oval chrome Tacoma handle,,
2. PRODUCT NOT ON STEHLENAUTO.COM,Product line is not yet listed on stehlenauto.com — no Shopify handle exists.,"Two options: (A) ADD product to stehlenauto.com (highest leverage = top ASINs by review/photo count) and return the new live handle, OR (B) confirm the product line is intentionally not stocked and reviews will be permanently dropped.",ADD_TO_CATALOG:[new-live-handle]   OR   DROP:[reason],ADD_TO_CATALOG:universal-cr1-chase-rack-full-size-pickup  |  DROP:product line discontinued by JL Concepts,B0832K18QL,s223043,"4"" Oval Bent End Black Side Step Nerf Bars Rail Running Boards Compatible with 15-22 Ford F150 SuperCrew / 17-22 F250 F350 F450 F550 Superduty Crew Cab",R3VAJTY64NV110,5,FALSE,TRUE,TRUE,0,2020-06-20,glenn,Very Nice Nerf Bars,"The nerf bars arrived faster that expected, and were in good condition. They were packaged very well, with no damage to any of the parts. And all of the parts were there. The installation instructions were excellent, and installation was a breeze on my 2019 Ford F-150 SuperCrew because they bolted to the stock mounting studs. I am impressed with how sturdy and well made these nerf bars are, and how they look on my truck. And they are in just the right locations to provide good steps to get in and out of the truck. Overall, I am very pleased with the quality, looks, installation, and price of t",(none),none,not_in_catalog,,s223043 is a generic SKU number; title says 4-inch oval bent end F150 15-22; catalog has 2015-2018 F-150/F-250 super crew modular step bars but no 4-inch oval bent-end F150 2015-22 handle — no exact match in catalog,,
2. PRODUCT NOT ON STEHLENAUTO.COM,Product line is not yet listed on stehlenauto.com — no Shopify handle exists.,"Two options: (A) ADD product to stehlenauto.com (highest leverage = top ASINs by review/photo count) and return the new live handle, OR (B) confirm the product line is intentionally not stocked and reviews will be permanently dropped.",ADD_TO_CATALOG:[new-live-handle]   OR   DROP:[reason],ADD_TO_CATALOG:universal-cr1-chase-rack-full-size-pickup  |  DROP:product line discontinued by JL Concepts,B07V5KK9Z9,sbds-fj07-v2-mb+sbds-fj07-v2-br,Matte Black Hoop Drop Step Side Nerf Bars Rail Running Boards v2 Compatible with 07-14 Toyota FJ Cruiser,R2NJZDIAIXXBWP,5,TRUE,TRUE,FALSE,0,2020-11-06,BBJ,,They look great and I have gotten several compliments.,(none),none,not_in_catalog,,fj07=FJ Cruiser 2007; no FJ Cruiser running board handle in catalog; nearest Toyota running board handles are Tacoma and Tundra — wrong vehicle,,
2. PRODUCT NOT ON STEHLENAUTO.COM,Product line is not yet listed on stehlenauto.com — no Shopify handle exists.,"Two options: (A) ADD product to stehlenauto.com (highest leverage = top ASINs by review/photo count) and return the new live handle, OR (B) confirm the product line is intentionally not stocked and reviews will be permanently dropped.",ADD_TO_CATALOG:[new-live-handle]   OR   DROP:[reason],ADD_TO_CATALOG:universal-cr1-chase-rack-full-size-pickup  |  DROP:product line discontinued by JL Concepts,B085LWNF4J,fg-taco12oe-bk,Stehlen 642167821496 Compatible With 2012-2015 Toyota Tacoma OE Mesh Front Hood Bumper Grille - Glossy Black,R1OG4UCS0SG24S,5,TRUE,TRUE,FALSE,0,2020-11-18,Wendy L.,,Got it for my 2013 Tacoma. Fits just like factory and looks great.  Highly recommend,(none),none,not_in_catalog,,fg-taco12oe-bk=Tacoma 2012 OE mesh glossy black; Tacoma grille handles in catalog run 2005-2011 only; no 2012-2015 Tacoma grille handle exists in catalog,,
2. PRODUCT NOT ON STEHLENAUTO.COM,Product line is not yet listed on stehlenauto.com — no Shopify handle exists.,"Two options: (A) ADD product to stehlenauto.com (highest leverage = top ASINs by review/photo count) and return the new live handle, OR (B) confirm the product line is intentionally not stocked and reviews will be permanently dropped.",ADD_TO_CATALOG:[new-live-handle]   OR   DROP:[reason],ADD_TO_CATALOG:universal-cr1-chase-rack-full-size-pickup  |  DROP:product line discontinued by JL Concepts,B07V5KK9Z9,sbds-fj07-v2-mb+sbds-fj07-v2-br,Matte Black Hoop Drop Step Side Nerf Bars Rail Running Boards v2 Compatible with 07-14 Toyota FJ Cruiser,R3KOO567CTC2VR,5,TRUE,TRUE,FALSE,0,2020-12-04,Amazon Customer,,"Nice looking, easy to install.  Only problem was the package did not have all the bolts to install both sides, but the company sent me more bolts to complete the install without issue.",(none),none,not_in_catalog,,fj07=FJ Cruiser 2007; no FJ Cruiser running board handle in catalog; nearest Toyota running board handles are Tacoma and Tundra — wrong vehicle,,
2. PRODUCT NOT ON STEHLENAUTO.COM,Product line is not yet listed on stehlenauto.com — no Shopify handle exists.,"Two options: (A) ADD product to stehlenauto.com (highest leverage = top ASINs by review/photo count) and return the new live handle, OR (B) confirm the product line is intentionally not stocked and reviews will be permanently dropped.",ADD_TO_CATALOG:[new-live-handle]   OR   DROP:[reason],ADD_TO_CATALOG:universal-cr1-chase-rack-full-size-pickup  |  DROP:product line discontinued by JL Concepts,B07MNV366X,vs-expl024d,Curved Style Smoke Window Visors Deflector Vent Shade Guard 4 Pieces Compatible with 02-10 Ford Explorer 4 Door/Mercury Mountaineer / 03-05 Lincoln Aviator,R1CYAJVNVAAHQT,5,TRUE,TRUE,FALSE,0,2021-01-08,jacob,,Great fit for my 2003 ford explorer. Although they could be a little neater with the 3m adeshive tape they stuck fine.,(none),none,not_in_catalog,,vs-expl02=Explorer 2002 4-door window visor; no window visor handles in catalog,,
2. PRODUCT NOT ON STEHLENAUTO.COM,Product line is not yet listed on stehlenauto.com — no Shopify handle exists.,"Two options: (A) ADD product to stehlenauto.com (highest leverage = top ASINs by review/photo count) and return the new live handle, OR (B) confirm the product line is intentionally not stocked and reviews will be permanently dropped.",ADD_TO_CATALOG:[new-live-handle]   OR   DROP:[reason],ADD_TO_CATALOG:universal-cr1-chase-rack-full-size-pickup  |  DROP:product line discontinued by JL Concepts,B08P2RZRR5,crjz-tr-4000fs-ar-mb+crjz-tire-fs-mb,Stehlen 642167818793 Universal Fit for Full Size Pickup Trucks CR1 Chase Rack Truck Bed Roll Bar with Tire Carrier - Matte Black,R222U1836SRQIY,3,FALSE,TRUE,TRUE,0,2021-02-24,Tom,Hope your a do it yourselfer,Got the armordillo chase rack looks nice. Instructions are not helpful at all. Not sure about the mounting bolts not all of them would tighten up. It looks good. But I may have to modify it down the road if the bolts loosen up.,(none),none,not_in_catalog,,crjz=chase rack; no chase rack / bed rack handle exists in catalog,,
2. PRODUCT NOT ON STEHLENAUTO.COM,Product line is not yet listed on stehlenauto.com — no Shopify handle exists.,"Two options: (A) ADD product to stehlenauto.com (highest leverage = top ASINs by review/photo count) and return the new live handle, OR (B) confirm the product line is intentionally not stocked and reviews will be permanently dropped.",ADD_TO_CATALOG:[new-live-handle]   OR   DROP:[reason],ADD_TO_CATALOG:universal-cr1-chase-rack-full-size-pickup  |  DROP:product line discontinued by JL Concepts,B07MKDSXGV,th-flex09-c110,"Class 3 III Black 2"" Receiver Tube Rear Bumper Trailer Tow Hitch Towing Mount Compatible with 09-19 Ford Flex Dual Exhaust / 10-19 Lincoln MKT EcoBoost Engine",R4OZ8J7WNH37C,5,TRUE,TRUE,FALSE,0,2021-04-07,Nico rios,,Very easy to install  and. Gd thickness  Only thing is wrong bolts. But. Just used the. Two from exhaust and just picked up to at Home Depot.  Good. Value for ur money.  Less than 20 minutes. To bolt down.,(none),none,not_in_catalog,,th-flex09-c110=Ford Flex 2009 class 3 hitch; no Ford Flex hitch handle in catalog,,
2. PRODUCT NOT ON STEHLENAUTO.COM,Product line is not yet listed on stehlenauto.com — no Shopify handle exists.,"Two options: (A) ADD product to stehlenauto.com (highest leverage = top ASINs by review/photo count) and return the new live handle, OR (B) confirm the product line is intentionally not stocked and reviews will be permanently dropped.",ADD_TO_CATALOG:[new-live-handle]   OR   DROP:[reason],ADD_TO_CATALOG:universal-cr1-chase-rack-full-size-pickup  |  DROP:product line discontinued by JL Concepts,B07M5J6QT6,smdp-cama85-c,Depo Chrome Clear Housing Front Bumper Turn Signal Lights Parking Lamps Side Marker Reflector dp Compatible With 85-92 Camaro/Firebird,R26BZT6QS10ZB7,5,FALSE,TRUE,TRUE,0,2021-05-13,Jw,Nice,Love them,(none),none,not_in_catalog,,smdp-cama85-c=Camaro 1985 side marker/parking lamp chrome; no Camaro signal/parking lamp handle in catalog — lighting accessories for Camaro not stocked,,
2. PRODUCT NOT ON STEHLENAUTO.COM,Product line is not yet listed on stehlenauto.com — no Shopify handle exists.,"Two options: (A) ADD product to stehlenauto.com (highest leverage = top ASINs by review/photo count) and return the new live handle, OR (B) confirm the product line is intentionally not stocked and reviews will be permanently dropped.",ADD_TO_CATALOG:[new-live-handle]   OR   DROP:[reason],ADD_TO_CATALOG:universal-cr1-chase-rack-full-size-pickup  |  DROP:product line discontinued by JL Concepts,B08QZ4J46C,sbrs-taco05dc-rs2-tb,Textured Black Round Pattern Rock Slider Rocker Style Side Step Rail Nerf Bars Running Boards Compatible with 05-22 Toyota Tacoma Double (Crew) Cab,RO7A0FBFDVQZA,5,FALSE,TRUE,TRUE,0,2021-05-17,Charles baez,Very sturdy and look great,Fit was nice and very sturdy feel...they look great as well..nice mod for the truck,(none),none,not_in_catalog,,sbrs-taco05dc=Tacoma 2005 double cab rock slider; no Tacoma rock slider handle in catalog; only Tundra and Silverado/Ram rock slider handles exist,,
2. PRODUCT NOT ON STEHLENAUTO.COM,Product line is not yet listed on stehlenauto.com — no Shopify handle exists.,"Two options: (A) ADD product to stehlenauto.com (highest leverage = top ASINs by review/photo count) and return the new live handle, OR (B) confirm the product line is intentionally not stocked and reviews will be permanently dropped.",ADD_TO_CATALOG:[new-live-handle]   OR   DROP:[reason],ADD_TO_CATALOG:universal-cr1-chase-rack-full-size-pickup  |  DROP:product line discontinued by JL Concepts,B07M65DPSY,vs-taco05dc-in,in Channel Classic Style Smoke Window Visors Deflector Vent Shade Guard 4 Pieces Compatible with 05-15 Toyota Tacoma Double (Crew) Cab,R10HTVLEV8YJF1,5,FALSE,TRUE,TRUE,0,2021-05-19,Jerry,Good Fit,Good color throughout. Easy install. A little thinner material than I thought they would be.,(none),none,not_in_catalog,,vs-taco05dc=Tacoma 2005 double cab window visor in-channel; no window visor/deflector handles in catalog,,
2. PRODUCT NOT ON STEHLENAUTO.COM,Product line is not yet listed on stehlenauto.com — no Shopify handle exists.,"Two options: (A) ADD product to stehlenauto.com (highest leverage = top ASINs by review/photo count) and return the new live handle, OR (B) confirm the product line is intentionally not stocked and reviews will be permanently dropped.",ADD_TO_CATALOG:[new-live-handle]   OR   DROP:[reason],ADD_TO_CATALOG:universal-cr1-chase-rack-full-size-pickup  |  DROP:product line discontinued by JL Concepts,B08P2RZRR5,crjz-tr-4000fs-ar-mb+crjz-tire-fs-mb,Stehlen 642167818793 Universal Fit for Full Size Pickup Trucks CR1 Chase Rack Truck Bed Roll Bar with Tire Carrier - Matte Black,R3IEG27ZEC8WG3,4,FALSE,TRUE,TRUE,0,2021-06-17,GEC,Just ok,Not very impressed. I guess there’s a reason an ADD chase rack costs 4X as much. It came bent in 2 different locations. Welds aren’t great. It didn’t fit the best. In the end I’m happy but prob wouldn’t order if I had to do it all over again. Update: do yourself a favor and bedline it. It looks way better and makes the welds look better. I take mine off in the winter as they use a lot of salt on our roads in the winter. I haven’t had any issues with rust as mine is bedlined and it’s not exposed to salt 4 months of the year. I mounted KC hilites gravity 6 lights on mine. I get lots of complimen,(none),none,not_in_catalog,,crjz=chase rack; no chase rack / bed rack handle exists in catalog,,
2. PRODUCT NOT ON STEHLENAUTO.COM,Product line is not yet listed on stehlenauto.com — no Shopify handle exists.,"Two options: (A) ADD product to stehlenauto.com (highest leverage = top ASINs by review/photo count) and return the new live handle, OR (B) confirm the product line is intentionally not stocked and reviews will be permanently dropped.",ADD_TO_CATALOG:[new-live-handle]   OR   DROP:[reason],ADD_TO_CATALOG:universal-cr1-chase-rack-full-size-pickup  |  DROP:product line discontinued by JL Concepts,B08PQCNQF2,sbrs-colo15cc-rs2-tb,Textured Black Round Pattern Rock Slider Rocker Style Side Step Rail Nerf Bars Running Boards Compatible with 15-22 Chevy Colorado/GMC Canyon Crew Cab,R1I57MOKV736C1,5,TRUE,TRUE,FALSE,0,2022-03-24,Helen Morales,,Looks good on my 2021 colorado lt,(none),none,not_in_catalog,,sbrs-colo15cc=Colorado 2015 crew cab rock slider; only rock slider handles in catalog are 2019 Ram 1500 crew cab and 2019 Silverado crew cab and 2022 Tundra — no Colorado rock slider exists,,
2. PRODUCT NOT ON STEHLENAUTO.COM,Product line is not yet listed on stehlenauto.com — no Shopify handle exists.,"Two options: (A) ADD product to stehlenauto.com (highest leverage = top ASINs by review/photo count) and return the new live handle, OR (B) confirm the product line is intentionally not stocked and reviews will be permanently dropped.",ADD_TO_CATALOG:[new-live-handle]   OR   DROP:[reason],ADD_TO_CATALOG:universal-cr1-chase-rack-full-size-pickup  |  DROP:product line discontinued by JL Concepts,B08P2RZRR5,crjz-tr-4000fs-ar-mb+crjz-tire-fs-mb,Stehlen 642167818793 Universal Fit for Full Size Pickup Trucks CR1 Chase Rack Truck Bed Roll Bar with Tire Carrier - Matte Black,R3VL4ITOGL9NPE,5,FALSE,TRUE,TRUE,0,2022-04-07,James d Hoskins,You can install with inside the rail tonneau cover with some patience!,"You can install a roll up tonneau cover with this, but it’s not perfect, but it looks nice and Kees the rain out. It has a very minimal wave, but install was easy and everything was put together/welded from factory.",(none),none,not_in_catalog,,crjz=chase rack; no chase rack / bed rack handle exists in catalog,,
2. PRODUCT NOT ON STEHLENAUTO.COM,Product line is not yet listed on stehlenauto.com — no Shopify handle exists.,"Two options: (A) ADD product to stehlenauto.com (highest leverage = top ASINs by review/photo count) and return the new live handle, OR (B) confirm the product line is intentionally not stocked and reviews will be permanently dropped.",ADD_TO_CATALOG:[new-live-handle]   OR   DROP:[reason],ADD_TO_CATALOG:universal-cr1-chase-rack-full-size-pickup  |  DROP:product line discontinued by JL Concepts,B08P2RZRR5,crjz-tr-4000fs-ar-mb+crjz-tire-fs-mb,Stehlen 642167818793 Universal Fit for Full Size Pickup Trucks CR1 Chase Rack Truck Bed Roll Bar with Tire Carrier - Matte Black,R11HDQMPTKOG6Z,5,FALSE,TRUE,TRUE,0,2022-05-08,Username_Error,Looks awesome. Gets compliments everywhere I go.,"Looks great, had an issue upon arrival that was taken care of quick by seller.",(none),none,not_in_catalog,,crjz=chase rack; no chase rack / bed rack handle exists in catalog,,
2. PRODUCT NOT ON STEHLENAUTO.COM,Product line is not yet listed on stehlenauto.com — no Shopify handle exists.,"Two options: (A) ADD product to stehlenauto.com (highest leverage = top ASINs by review/photo count) and return the new live handle, OR (B) confirm the product line is intentionally not stocked and reviews will be permanently dropped.",ADD_TO_CATALOG:[new-live-handle]   OR   DROP:[reason],ADD_TO_CATALOG:universal-cr1-chase-rack-full-size-pickup  |  DROP:product line discontinued by JL Concepts,B08P2RZRR5,crjz-tr-4000fs-ar-mb+crjz-tire-fs-mb,Stehlen 642167818793 Universal Fit for Full Size Pickup Trucks CR1 Chase Rack Truck Bed Roll Bar with Tire Carrier - Matte Black,RGTEBF6HRTURD,3,FALSE,TRUE,TRUE,0,2022-07-27,Jose,Missing parts,This part didn't come with the package :/ 😖😖😖👎👎👎,(none),none,not_in_catalog,,crjz=chase rack; no chase rack / bed rack handle exists in catalog,,
2. PRODUCT NOT ON STEHLENAUTO.COM,Product line is not yet listed on stehlenauto.com — no Shopify handle exists.,"Two options: (A) ADD product to stehlenauto.com (highest leverage = top ASINs by review/photo count) and return the new live handle, OR (B) confirm the product line is intentionally not stocked and reviews will be permanently dropped.",ADD_TO_CATALOG:[new-live-handle]   OR   DROP:[reason],ADD_TO_CATALOG:universal-cr1-chase-rack-full-size-pickup  |  DROP:product line discontinued by JL Concepts,B08P2RZRR5,crjz-tr-4000fs-ar-mb+crjz-tire-fs-mb,Stehlen 642167818793 Universal Fit for Full Size Pickup Trucks CR1 Chase Rack Truck Bed Roll Bar with Tire Carrier - Matte Black,R3BHVYW018AAYF,5,FALSE,TRUE,TRUE,0,2022-09-23,Jonathan,08 Toyota Tundra TRD Off Road Chase Rack with spare tire mount,"I had an issue with this item and the folks at Stehlen took care of me. Good customer service is hard to come by these days, thank you. The pictures I provided are of the rack dry fitted, nothing has been mounted yet. I needed to see how this would fit with my roll-on cover etc.",(none),none,not_in_catalog,,crjz=chase rack; no chase rack / bed rack handle exists in catalog,,
2. PRODUCT NOT ON STEHLENAUTO.COM,Product line is not yet listed on stehlenauto.com — no Shopify handle exists.,"Two options: (A) ADD product to stehlenauto.com (highest leverage = top ASINs by review/photo count) and return the new live handle, OR (B) confirm the product line is intentionally not stocked and reviews will be permanently dropped.",ADD_TO_CATALOG:[new-live-handle]   OR   DROP:[reason],ADD_TO_CATALOG:universal-cr1-chase-rack-full-size-pickup  |  DROP:product line discontinued by JL Concepts,B08P2RZRR5,crjz-tr-4000fs-ar-mb+crjz-tire-fs-mb,Stehlen 642167818793 Universal Fit for Full Size Pickup Trucks CR1 Chase Rack Truck Bed Roll Bar with Tire Carrier - Matte Black,R3R4H04RHV6CHR,5,FALSE,TRUE,TRUE,0,2023-01-11,Islander’s Rock,Highly recommended!,"Bought this as a gift for hubby. It does fit really good for Ford F-150 , easy to install and my husband loved it. Seller is very responsive with my questions and always communicate about shipping.",(none),none,not_in_catalog,,crjz=chase rack; no chase rack / bed rack handle exists in catalog,,
2. PRODUCT NOT ON STEHLENAUTO.COM,Product line is not yet listed on stehlenauto.com — no Shopify handle exists.,"Two options: (A) ADD product to stehlenauto.com (highest leverage = top ASINs by review/photo count) and return the new live handle, OR (B) confirm the product line is intentionally not stocked and reviews will be permanently dropped.",ADD_TO_CATALOG:[new-live-handle]   OR   DROP:[reason],ADD_TO_CATALOG:universal-cr1-chase-rack-full-size-pickup  |  DROP:product line discontinued by JL Concepts,B07LC1H1QM,fg-nav98-vt-bk,Glossy Black Vertical Front Hood Bumper Grill Grille Guard ABS Compatible With 98-02 Lincoln Navigator / 2002 Blackwood,R3NM68FI5O0JEA,5,FALSE,TRUE,TRUE,0,2023-03-04,Joanna Leese,Good stuff,Fits perfect,(none),none,not_in_catalog,,fg-nav98-vt-bk=Navigator 1998 vertical glossy black; only Navigator grille handle in catalog is chrome vertical (1998-2003-lincoln-navigator-blackwood-chrome-vertical-front-grille) — no black Navigator vertical grille handle,,
2. PRODUCT NOT ON STEHLENAUTO.COM,Product line is not yet listed on stehlenauto.com — no Shopify handle exists.,"Two options: (A) ADD product to stehlenauto.com (highest leverage = top ASINs by review/photo count) and return the new live handle, OR (B) confirm the product line is intentionally not stocked and reviews will be permanently dropped.",ADD_TO_CATALOG:[new-live-handle]   OR   DROP:[reason],ADD_TO_CATALOG:universal-cr1-chase-rack-full-size-pickup  |  DROP:product line discontinued by JL Concepts,B07MDF528K,vs-camy02v2,Curved Style Smoke Window Visors Deflector Vent Shade Guard 4 Pieces v2 Compatible with 02-06 Toyota Camry,R1YFZSVEMGR1FQ,5,FALSE,TRUE,TRUE,0,2023-07-05,carlos,,"Excelente producto, buena calidad y le quedan perfectos a camry 02-05",(none),none,not_in_catalog,,vs-camy02v2=Camry 2002 curved window visor v2; no window visor/deflector handles exist in catalog — category not stocked,,
2. PRODUCT NOT ON STEHLENAUTO.COM,Product line is not yet listed on stehlenauto.com — no Shopify handle exists.,"Two options: (A) ADD product to stehlenauto.com (highest leverage = top ASINs by review/photo count) and return the new live handle, OR (B) confirm the product line is intentionally not stocked and reviews will be permanently dropped.",ADD_TO_CATALOG:[new-live-handle]   OR   DROP:[reason],ADD_TO_CATALOG:universal-cr1-chase-rack-full-size-pickup  |  DROP:product line discontinued by JL Concepts,B08P2RZRR5,crjz-tr-4000fs-ar-mb+crjz-tire-fs-mb,Stehlen 642167818793 Universal Fit for Full Size Pickup Trucks CR1 Chase Rack Truck Bed Roll Bar with Tire Carrier - Matte Black,RC1EGOHSBJ180,5,FALSE,TRUE,TRUE,0,2023-08-03,Anthony,Humvee,Fits perfect on humvee. The tire mount didn’t work out because my tires are 38s but fit perfect everywhere else.,(none),none,not_in_catalog,,crjz=chase rack; no chase rack / bed rack handle exists in catalog,,
2. PRODUCT NOT ON STEHLENAUTO.COM,Product line is not yet listed on stehlenauto.com — no Shopify handle exists.,"Two options: (A) ADD product to stehlenauto.com (highest leverage = top ASINs by review/photo count) and return the new live handle, OR (B) confirm the product line is intentionally not stocked and reviews will be permanently dropped.",ADD_TO_CATALOG:[new-live-handle]   OR   DROP:[reason],ADD_TO_CATALOG:universal-cr1-chase-rack-full-size-pickup  |  DROP:product line discontinued by JL Concepts,B07MKDT93Q,th-is06-a372,"Class 1 I Black 1.25"" Receiver Tube Rear Bumper Trailer Tow Hitch Towing Mount Compatible with 06-13 Lexus IS250 / IS350 / 06-11 GS300 / GS430 / GS350",R32D3UYDX1TM77,5,FALSE,TRUE,TRUE,0,2023-08-17,Hovan,Great for a bike rack!,"I only got this to use for my bike rack. Easy install, although you need to use the original bolts. My bolts were a bit corroded and I had to torch them for it to come off. I bought new bolts from the hardware store and I found out it does not work. The original bolts has a step-down style threaded end. I added some anti-seize to the bolts and reused them.",(none),none,not_in_catalog,,th-is06-a372=Lexus IS250 2006 class 1 hitch; only IS hitch in catalog is 2001-2005 IS300 class 1 (wrong years and model variant); no IS250 2006 class 1 handle exists,,
2. PRODUCT NOT ON STEHLENAUTO.COM,Product line is not yet listed on stehlenauto.com — no Shopify handle exists.,"Two options: (A) ADD product to stehlenauto.com (highest leverage = top ASINs by review/photo count) and return the new live handle, OR (B) confirm the product line is intentionally not stocked and reviews will be permanently dropped.",ADD_TO_CATALOG:[new-live-handle]   OR   DROP:[reason],ADD_TO_CATALOG:universal-cr1-chase-rack-full-size-pickup  |  DROP:product line discontinued by JL Concepts,B08P2RZRR5,crjz-tr-4000fs-ar-mb+crjz-tire-fs-mb,Stehlen 642167818793 Universal Fit for Full Size Pickup Trucks CR1 Chase Rack Truck Bed Roll Bar with Tire Carrier - Matte Black,R36M1J3HKSG05P,4,FALSE,TRUE,TRUE,0,2024-09-18,Noel S.,Review the dimensions before ordering,"I saw this on a guy ( Anthony below on reviews ) on Amazon review had one on his HMMWV it looked good. I had to put it on the steel stretcher and upgraded all the point loading to hold the 42"" tire and wheel also upgraded all the bolts for bigger and better. Got a lot of compliments still working on the over head lights or something else.",(none),none,not_in_catalog,,crjz=chase rack; no chase rack / bed rack handle exists in catalog,,
2. PRODUCT NOT ON STEHLENAUTO.COM,Product line is not yet listed on stehlenauto.com — no Shopify handle exists.,"Two options: (A) ADD product to stehlenauto.com (highest leverage = top ASINs by review/photo count) and return the new live handle, OR (B) confirm the product line is intentionally not stocked and reviews will be permanently dropped.",ADD_TO_CATALOG:[new-live-handle]   OR   DROP:[reason],ADD_TO_CATALOG:universal-cr1-chase-rack-full-size-pickup  |  DROP:product line discontinued by JL Concepts,B07JKD6ZVB,th-cor03-a265,"Class 1 I Black 1.25"" Receiver Tube Rear Bumper Trailer Tow Hitch Towing Mount Compatible with 03-19 Toyota Corolla 4 Door Sedan",R33U4P6G7OQEBI,5,TRUE,TRUE,FALSE,0,2025-10-29,Mark D. Theobald,,"Very well made product with easy 15 minute intall. Just set it on top of a paint can, slide it in place, and use a socket driver with 8-inch extension to apply perfect fitting and provided bolts.",(none),none,not_in_catalog,,th-cor03-a265=Toyota Corolla 2003 class 1 hitch; no Corolla hitch handle in catalog,,
3. PROPOSED HANDLE LIKELY WRONG,Our best-guess Shopify mapping has a finish or family discrepancy; flagged low-confidence in Pass 8.,"Open the team_proposed_handle URL on stehlenauto.com. Apply the same 9-dimension check from bucket 1. Decide: keep the proposal, swap to a correct handle, or drop.",CONFIRM:[handle]   OR   REMAP:[correct-handle]   OR   DROP:[reason],CONFIRM:02-06-cadillac-escalade-front-grille-chrome-mesh-style  |  REMAP:[different-handle]  |  DROP:no matching finish in catalog,B087LYSTZQ,tc-sil99-6.5-lth,"Low Profile Hard Tri Fold Aluminum Truck Bed Tonneau Cover Compatible with 99-06 Chevy Silverado GMC Sierra / 2007 Classic 6.5 Ft (78"") Short Bed",R313L3V2F11FRQ,5,TRUE,TRUE,FALSE,2,,Logan N,,"For a first time installer, I figured it out and got it done in about 30 minutes. Super easy and not complicated. It’s snowed heavily quite a few times since having it and it’s been dry as a bone on the inside, keeping my tools and materials from getting wet. Great buy, great price, would purchase again.",(none),none,mapped_low_confidence_likely_wrong,,tc-sil99-6.5-lth=Silverado 1999 6.5ft low-profile hard tri-fold; catalog has 99-07 roll-up covers for Silverado 6.5ft but no hard tri-fold for that year range; closest is 2007-2013-chevy-silverado-6-5ft-low-profile-hard-tri-fold-tonneau-cover (wrong years) — no high-confidence match,,
3. PROPOSED HANDLE LIKELY WRONG,Our best-guess Shopify mapping has a finish or family discrepancy; flagged low-confidence in Pass 8.,"Open the team_proposed_handle URL on stehlenauto.com. Apply the same 9-dimension check from bucket 1. Decide: keep the proposal, swap to a correct handle, or drop.",CONFIRM:[handle]   OR   REMAP:[correct-handle]   OR   DROP:[reason],CONFIRM:02-06-cadillac-escalade-front-grille-chrome-mesh-style  |  REMAP:[different-handle]  |  DROP:no matching finish in catalog,B087LYSTZQ,tc-sil99-6.5-lth,"Low Profile Hard Tri Fold Aluminum Truck Bed Tonneau Cover Compatible with 99-06 Chevy Silverado GMC Sierra / 2007 Classic 6.5 Ft (78"") Short Bed",R1DW9X6KXF153,5,TRUE,TRUE,FALSE,2,,AJ B.,,"THIS BEDCOVER IS GOOD QUALITY, DECENT DESIGN FOR THE MONEY (HALF THE PRICE OF NAMEBRANDS)


GOOD QUALITY BUT ONE MAJOR ISSUE


THIS COVER IS NOT A TRI-FOLD, ITS MORE


LIKE BI-FOLD.


WHEN YOU INSTALL, ONLY THE 2 BACK SECTIONS FOLD UP AND OPEN. THE SECTION THAT IS CLOSEST TO THE CAB IS STATIONARY AND DOES NOT FOLD OPEN. SO TECHNICALLY YOU CANNOT USE 100% OF YOUR BED IF YOU NEED TO FOLD THE UNIT ALL THE WAY OPEN.


SO THE PRODUCT DESCRIPTION IS NOT ACCURATE AND ALL THE PICTURES DO NOT REVEAL A TRUE TRI FOLD OPTION. BE AWARE, IF YOU PURCHASE, YOU CANT EASILY USE YOUR ENTIRE TRUCK BED


AGAIN, GO",(none),none,mapped_low_confidence_likely_wrong,,tc-sil99-6.5-lth=Silverado 1999 6.5ft low-profile hard tri-fold; catalog has 99-07 roll-up covers for Silverado 6.5ft but no hard tri-fold for that year range; closest is 2007-2013-chevy-silverado-6-5ft-low-profile-hard-tri-fold-tonneau-cover (wrong years) — no high-confidence match,,
3. PROPOSED HANDLE LIKELY WRONG,Our best-guess Shopify mapping has a finish or family discrepancy; flagged low-confidence in Pass 8.,"Open the team_proposed_handle URL on stehlenauto.com. Apply the same 9-dimension check from bucket 1. Decide: keep the proposal, swap to a correct handle, or drop.",CONFIRM:[handle]   OR   REMAP:[correct-handle]   OR   DROP:[reason],CONFIRM:02-06-cadillac-escalade-front-grille-chrome-mesh-style  |  REMAP:[different-handle]  |  DROP:no matching finish in catalog,B085PPZQHP,fg-escl02-me-bk,Stehlen 642167821670 Compatible With 2002-2006 Cadillac Escalade Mesh Front Hood Bumper Grille - Glossy Black,R2COIZ4OOBLQ9,5,TRUE,TRUE,FALSE,0,2020-06-14,Superstar,,Love the grille. Fits great on the car. Thank you.,02-06-cadillac-escalade-front-grille-chrome-mesh-style,team,mapped_low_confidence_likely_wrong,02-06-cadillac-escalade-front-grille-chrome-mesh-style,fg-escl02-me-bk=Escalade 2002 mesh glossy black; only Escalade 02-06 grille handle is chrome mesh; no matte/glossy black Escalade 02-06 handle exists; chrome is wrong finish — low confidence,,
3. PROPOSED HANDLE LIKELY WRONG,Our best-guess Shopify mapping has a finish or family discrepancy; flagged low-confidence in Pass 8.,"Open the team_proposed_handle URL on stehlenauto.com. Apply the same 9-dimension check from bucket 1. Decide: keep the proposal, swap to a correct handle, or drop.",CONFIRM:[handle]   OR   REMAP:[correct-handle]   OR   DROP:[reason],CONFIRM:02-06-cadillac-escalade-front-grille-chrome-mesh-style  |  REMAP:[different-handle]  |  DROP:no matching finish in catalog,B087LYSTZQ,tc-sil99-6.5-lth,"Low Profile Hard Tri Fold Aluminum Truck Bed Tonneau Cover Compatible with 99-06 Chevy Silverado GMC Sierra / 2007 Classic 6.5 Ft (78"") Short Bed",R781WMM8U2EBI,5,TRUE,TRUE,FALSE,0,2024-10-17,Amazon Customer,,Love that it fits so well and was easy to install.,(none),none,mapped_low_confidence_likely_wrong,,tc-sil99-6.5-lth=Silverado 1999 6.5ft low-profile hard tri-fold; catalog has 99-07 roll-up covers for Silverado 6.5ft but no hard tri-fold for that year range; closest is 2007-2013-chevy-silverado-6-5ft-low-profile-hard-tri-fold-tonneau-cover (wrong years) — no high-confidence match,,
4. COMBO PRODUCT — NO SINGLE HANDLE,Amazon listing is a multi-component bundle (e.g. halo headlights + bumper signal lights + corner lights) — doesn't map cleanly to one Shopify product.,Three paths: (A) SPLIT — map the review only to the dominant component's handle (review reads as if about that component); (B) CONFIRM — pick a single handle that fairly represents the bundle; (C) DROP if no clean attribution is possible (FTC-safer).,SPLIT:[dominant-handle]   OR   CONFIRM:[best-single-handle]   OR   DROP:[reason],"SPLIT:92-99-chevy-gmc-suburban-tahoe-yukon-halo-led-projector-headlights  |  DROP:bundle not separable, FTC risk",B00R16TZL6,hlpk2-c1088hled-bb+blyd-c1088-jdm+clyd-cpu94-jdm,Black Clear Housing Projector Headlights With Halo LED k2 + Bumper Signal Lights yd + Corner Parking Lamp yd Compatible With 94-00 Chevy C10 C/K Pickup / 94-98 Silverado / 94-99 Suburban / 95-99 Tahoe,R1MFK3E9R4NRBK,5,FALSE,TRUE,TRUE,10,2018-04-15,Kindle Customer,Loved them,Bought these for my 99 Tahoe and they where perfect. No scratches. Everything bolted in easy and they looked great. Nothing else to say.,(none),none,mapped_medium_confidence_pending_verify,,92-99-chevy-gmc-suburban-tahoe-yukon-halo-led-projector-headlights; combo includes c1088 (88-98 C10/K1500) halo LED headlights — stem hlpk2-c1088hled maps to that handle but combo includes bumper signal lights (blyd) and corner lights (clyd) not individually cataloged,,
4. COMBO PRODUCT — NO SINGLE HANDLE,Amazon listing is a multi-component bundle (e.g. halo headlights + bumper signal lights + corner lights) — doesn't map cleanly to one Shopify product.,Three paths: (A) SPLIT — map the review only to the dominant component's handle (review reads as if about that component); (B) CONFIRM — pick a single handle that fairly represents the bundle; (C) DROP if no clean attribution is possible (FTC-safer).,SPLIT:[dominant-handle]   OR   CONFIRM:[best-single-handle]   OR   DROP:[reason],"SPLIT:92-99-chevy-gmc-suburban-tahoe-yukon-halo-led-projector-headlights  |  DROP:bundle not separable, FTC risk",B00R16TZL6,hlpk2-c1088hled-bb+blyd-c1088-jdm+clyd-cpu94-jdm,Black Clear Housing Projector Headlights With Halo LED k2 + Bumper Signal Lights yd + Corner Parking Lamp yd Compatible With 94-00 Chevy C10 C/K Pickup / 94-98 Silverado / 94-99 Suburban / 95-99 Tahoe,R18DN6LD2NRULB,4,FALSE,TRUE,TRUE,4,2017-05-08,razor,Love them,I really liked the look they really made my 94 Chevy k1500 look really good but after I put the on the low beam bulb that came in it blew and blew all bulbs on the passenger side but I replaced all of them and it's been a couple of months now and I haven't had any more problems,(none),none,mapped_medium_confidence_pending_verify,,92-99-chevy-gmc-suburban-tahoe-yukon-halo-led-projector-headlights; combo includes c1088 (88-98 C10/K1500) halo LED headlights — stem hlpk2-c1088hled maps to that handle but combo includes bumper signal lights (blyd) and corner lights (clyd) not individually cataloged,,
4. COMBO PRODUCT — NO SINGLE HANDLE,Amazon listing is a multi-component bundle (e.g. halo headlights + bumper signal lights + corner lights) — doesn't map cleanly to one Shopify product.,Three paths: (A) SPLIT — map the review only to the dominant component's handle (review reads as if about that component); (B) CONFIRM — pick a single handle that fairly represents the bundle; (C) DROP if no clean attribution is possible (FTC-safer).,SPLIT:[dominant-handle]   OR   CONFIRM:[best-single-handle]   OR   DROP:[reason],"SPLIT:92-99-chevy-gmc-suburban-tahoe-yukon-halo-led-projector-headlights  |  DROP:bundle not separable, FTC risk",B00R16TZL6,hlpk2-c1088hled-bb+blyd-c1088-jdm+clyd-cpu94-jdm,Black Clear Housing Projector Headlights With Halo LED k2 + Bumper Signal Lights yd + Corner Parking Lamp yd Compatible With 94-00 Chevy C10 C/K Pickup / 94-98 Silverado / 94-99 Suburban / 95-99 Tahoe,R35TT3D0PADBL0,5,FALSE,TRUE,TRUE,2,2017-05-05,G.Ware,looks great had no scratches or damages to it,"I receive my headlight assembly in two days, looks great had no scratches or damages to it. Had to do some minor Fabrications to assembly to get it to work with the fabrication and taking the grill off of my truck and putting it back on tooth me about an hour and a half. I would definitely recommend this to anyone who is looking for a good headlight assembly.",(none),none,mapped_medium_confidence_pending_verify,,92-99-chevy-gmc-suburban-tahoe-yukon-halo-led-projector-headlights; combo includes c1088 (88-98 C10/K1500) halo LED headlights — stem hlpk2-c1088hled maps to that handle but combo includes bumper signal lights (blyd) and corner lights (clyd) not individually cataloged,,
4. COMBO PRODUCT — NO SINGLE HANDLE,Amazon listing is a multi-component bundle (e.g. halo headlights + bumper signal lights + corner lights) — doesn't map cleanly to one Shopify product.,Three paths: (A) SPLIT — map the review only to the dominant component's handle (review reads as if about that component); (B) CONFIRM — pick a single handle that fairly represents the bundle; (C) DROP if no clean attribution is possible (FTC-safer).,SPLIT:[dominant-handle]   OR   CONFIRM:[best-single-handle]   OR   DROP:[reason],"SPLIT:92-99-chevy-gmc-suburban-tahoe-yukon-halo-led-projector-headlights  |  DROP:bundle not separable, FTC risk",B00R16TZL6,hlpk2-c1088hled-bb+blyd-c1088-jdm+clyd-cpu94-jdm,Black Clear Housing Projector Headlights With Halo LED k2 + Bumper Signal Lights yd + Corner Parking Lamp yd Compatible With 94-00 Chevy C10 C/K Pickup / 94-98 Silverado / 94-99 Suburban / 95-99 Tahoe,R1OCCTW2CDO1O0,5,FALSE,TRUE,TRUE,0,2021-04-28,Emerald,Nice,Pretty nice I would reseal them tho so water doesn't get in them,(none),none,mapped_medium_confidence_pending_verify,,92-99-chevy-gmc-suburban-tahoe-yukon-halo-led-projector-headlights; combo includes c1088 (88-98 C10/K1500) halo LED headlights — stem hlpk2-c1088hled maps to that handle but combo includes bumper signal lights (blyd) and corner lights (clyd) not individually cataloged,,
4. COMBO PRODUCT — NO SINGLE HANDLE,Amazon listing is a multi-component bundle (e.g. halo headlights + bumper signal lights + corner lights) — doesn't map cleanly to one Shopify product.,Three paths: (A) SPLIT — map the review only to the dominant component's handle (review reads as if about that component); (B) CONFIRM — pick a single handle that fairly represents the bundle; (C) DROP if no clean attribution is possible (FTC-safer).,SPLIT:[dominant-handle]   OR   CONFIRM:[best-single-handle]   OR   DROP:[reason],"SPLIT:92-99-chevy-gmc-suburban-tahoe-yukon-halo-led-projector-headlights  |  DROP:bundle not separable, FTC risk",B00R16TZL6,hlpk2-c1088hled-bb+blyd-c1088-jdm+clyd-cpu94-jdm,Black Clear Housing Projector Headlights With Halo LED k2 + Bumper Signal Lights yd + Corner Parking Lamp yd Compatible With 94-00 Chevy C10 C/K Pickup / 94-98 Silverado / 94-99 Suburban / 95-99 Tahoe,R21UGQIS7HNYQS,5,FALSE,TRUE,TRUE,0,2021-05-13,Mimi Forde,Satisfied customer,Before I bought this light set my headlights did not work at all.. jus installed them on my 98 Chevy Tahoe,(none),none,mapped_medium_confidence_pending_verify,,92-99-chevy-gmc-suburban-tahoe-yukon-halo-led-projector-headlights; combo includes c1088 (88-98 C10/K1500) halo LED headlights — stem hlpk2-c1088hled maps to that handle but combo includes bumper signal lights (blyd) and corner lights (clyd) not individually cataloged,,
4. COMBO PRODUCT — NO SINGLE HANDLE,Amazon listing is a multi-component bundle (e.g. halo headlights + bumper signal lights + corner lights) — doesn't map cleanly to one Shopify product.,Three paths: (A) SPLIT — map the review only to the dominant component's handle (review reads as if about that component); (B) CONFIRM — pick a single handle that fairly represents the bundle; (C) DROP if no clean attribution is possible (FTC-safer).,SPLIT:[dominant-handle]   OR   CONFIRM:[best-single-handle]   OR   DROP:[reason],"SPLIT:92-99-chevy-gmc-suburban-tahoe-yukon-halo-led-projector-headlights  |  DROP:bundle not separable, FTC risk",B00R16TZL6,hlpk2-c1088hled-bb+blyd-c1088-jdm+clyd-cpu94-jdm,Black Clear Housing Projector Headlights With Halo LED k2 + Bumper Signal Lights yd + Corner Parking Lamp yd Compatible With 94-00 Chevy C10 C/K Pickup / 94-98 Silverado / 94-99 Suburban / 95-99 Tahoe,R1WV2W5JQSMHUO,5,FALSE,TRUE,TRUE,0,2021-09-12,Amazon Customer,Looks Awesome!!!!,So there isn't instructions on how to wire the Halo portion of the lights. Lights have a Green and Brown wire that are separate. There is a single brown wire and green wire in the light wiring harness. They get wired to those. Also the high beam Halogen comes with a half circle plate stopping half the light. Not sure why but I removed both of those considering it is a high beam and I want as much visibility as possible. To remove just undo the 4 screws on the back of the halogen. Also I suggest adjusting to the headlights out of the vehicle because the gear assembly that adjusts the headlights,(none),none,mapped_medium_confidence_pending_verify,,92-99-chevy-gmc-suburban-tahoe-yukon-halo-led-projector-headlights; combo includes c1088 (88-98 C10/K1500) halo LED headlights — stem hlpk2-c1088hled maps to that handle but combo includes bumper signal lights (blyd) and corner lights (clyd) not individually cataloged,,
5. RATING INFERRED — STAR RATING NOT DIRECTLY SCRAPED,"Review body is accurate but the star (1-5) was INFERRED from review sentiment — not extracted directly from Amazon's rating widget. FTC 16 CFR Part 255 prohibits displaying inferred ratings without disclosure, so it's held back.","Re-scrape this review_id directly from amazon.com — pull the star from the rating widget (look for a-icon-star class), not from sentiment. Verify the star matches across both the review-list and review-detail views.",RATING_VERIFIED:[N]   OR   RATING_DROP:[reason]   OR   RATING_KEEP_INFERRED,RATING_VERIFIED:5  |  RATING_DROP:review removed from Amazon  |  RATING_KEEP_INFERRED  (publishes with 'rating estimated' disclosure label),B07L8V2222,fg-grzd-dnl07-ch+fg-grbd-dnl07lower-ch,Chrome Round Hole Mesh Front Upper Hood Grill + Lower Bumper Grille Guard ABS Compatible With 07-14 GMC Yukon/XL/Denali,R3VIFAAAVQVVE4,5,TRUE,TRUE,FALSE,6,,mek s.,,The pictures speak for themselves! I love it! It takes a little patience to get the original one off but it's worth it.,2007-2014-gmc-yukon-yukon-xl-front-grille-chrome-1,our_prior_resolution,no_fix_record,,,,
5. RATING INFERRED — STAR RATING NOT DIRECTLY SCRAPED,"Review body is accurate but the star (1-5) was INFERRED from review sentiment — not extracted directly from Amazon's rating widget. FTC 16 CFR Part 255 prohibits displaying inferred ratings without disclosure, so it's held back.","Re-scrape this review_id directly from amazon.com — pull the star from the rating widget (look for a-icon-star class), not from sentiment. Verify the star matches across both the review-list and review-detail views.",RATING_VERIFIED:[N]   OR   RATING_DROP:[reason]   OR   RATING_KEEP_INFERRED,RATING_VERIFIED:5  |  RATING_DROP:review removed from Amazon  |  RATING_KEEP_INFERRED  (publishes with 'rating estimated' disclosure label),B07P3257NK,bghd-ava021500-al-mb,Stehlen 733469493518 Compatible with 1999-2007 Chevy Silverado GMC Sierra / 2002-2006 Avalanche / 2000-2006 Suburban Tahoe Yukon 1500 Advance Series Aluminum LED Bull Bar - Matte Black,R3PBMD4O8F7WOK,5,TRUE,TRUE,FALSE,3,2021-11-25,Amazon Customer,,"Looks good, sturdier than my last bull bar! The welds were shabby missed some spots! And I wish the led light was adjustable! Overall nice bull bar",99-07-silverado-sierra-1500-advanced-bull-guard-w-skid-plate-matte-black,team,mapped_high_confidence,99-07-silverado-sierra-1500-advanced-bull-guard-w-skid-plate-matte-black,bghd-ava021500-al-mb=Avalanche/Silverado 1500 2002 AL-series matte black; handle=99-07 Silverado/Sierra 1500 advanced bull guard with skid plate matte black; title confirms 99-07 Silverado/Sierra + 02-06 Avalanche; make/model/years/finish all match,,
5. RATING INFERRED — STAR RATING NOT DIRECTLY SCRAPED,"Review body is accurate but the star (1-5) was INFERRED from review sentiment — not extracted directly from Amazon's rating widget. FTC 16 CFR Part 255 prohibits displaying inferred ratings without disclosure, so it's held back.","Re-scrape this review_id directly from amazon.com — pull the star from the rating widget (look for a-icon-star class), not from sentiment. Verify the star matches across both the review-list and review-detail views.",RATING_VERIFIED:[N]   OR   RATING_DROP:[reason]   OR   RATING_KEEP_INFERRED,RATING_VERIFIED:5  |  RATING_DROP:review removed from Amazon  |  RATING_KEEP_INFERRED  (publishes with 'rating estimated' disclosure label),B07LC18YJF,fggg-grzv-f25099-vt-ch,Chrome Vertical Front Hood Bumper Grill Grille Guard ABS Compatible With 99-04 Ford F250 F350 F450 F550 Superduty / 00-04 Excursion,R2P5SBS2U6KXIV,5,TRUE,TRUE,FALSE,2,,mistory,,"Perfect grill for my 2000 Ford Excursion! Easy to install! This Lincoln-type grill makes it look much meaner. Didn't need to transfer the bottom clips over from the old grill, as the four top screws hold it just fine. (But I might transfer them at some point.)





EDIT: I've noticed the high pitched ""whistle"" that others have commented, as I was wondering where that sound was coming from. It shows up at around 75mph. Also, I transferred the two bottom clips easily from the original grill. I'd definitely buy this grill again!",1999-2004-ford-super-duty-excursion-front-grille-chrome,our_prior_resolution,no_fix_record,,,,
5. RATING INFERRED — STAR RATING NOT DIRECTLY SCRAPED,"Review body is accurate but the star (1-5) was INFERRED from review sentiment — not extracted directly from Amazon's rating widget. FTC 16 CFR Part 255 prohibits displaying inferred ratings without disclosure, so it's held back.","Re-scrape this review_id directly from amazon.com — pull the star from the rating widget (look for a-icon-star class), not from sentiment. Verify the star matches across both the review-list and review-detail views.",RATING_VERIFIED:[N]   OR   RATING_DROP:[reason]   OR   RATING_KEEP_INFERRED,RATING_VERIFIED:5  |  RATING_DROP:review removed from Amazon  |  RATING_KEEP_INFERRED  (publishes with 'rating estimated' disclosure label),B07MZJ4279,bghd-ava021500-av-mb,Matte Black AVT Style Bull Bar Brush Push Front Bumper Grill Grille Guard with Skid Plate v2 Compatible with 99-07 Chevy Silverado GMC Sierra / 02-06 Avalanche / 00-06 Suburban Tahoe Yukon 1500,R3Y598XKBBWA0,5,TRUE,TRUE,FALSE,2,,Brandon K.,,Very please with this. Easy install and clear instructions. Your factory tow hooks must be removed to mount this.,99-07-silverado-sierra-1500-advanced-bull-guard-w-skid-plate-matte-black,team,mapped_medium_confidence_pending_verify,99-07-silverado-sierra-1500-advanced-bull-guard-w-skid-plate-matte-black,bghd-ava021500-av-mb=Avalanche/Silverado 1500 2002 AVT matte black bull bar; handle=99-07 Silverado/Sierra 1500 advanced bull guard skid plate matte black covers the shared GMT800 platform; medium because Avalanche is not named in handle — owner should confirm Avalanche is fitment-compatible with Silverado 1500 on this product,,
5. RATING INFERRED — STAR RATING NOT DIRECTLY SCRAPED,"Review body is accurate but the star (1-5) was INFERRED from review sentiment — not extracted directly from Amazon's rating widget. FTC 16 CFR Part 255 prohibits displaying inferred ratings without disclosure, so it's held back.","Re-scrape this review_id directly from amazon.com — pull the star from the rating widget (look for a-icon-star class), not from sentiment. Verify the star matches across both the review-list and review-detail views.",RATING_VERIFIED:[N]   OR   RATING_DROP:[reason]   OR   RATING_KEEP_INFERRED,RATING_VERIFIED:5  |  RATING_DROP:review removed from Amazon  |  RATING_KEEP_INFERRED  (publishes with 'rating estimated' disclosure label),B07KCR1QP5,th-sore14-b113,"Stehlen 733469488989 Compatible with 2014-2015 Sorento / 2013-2018 Santa Fe Sport Class 2 Trailer Tow Hitch Receiver 1.25""",R3GDOJ5RDZ3ZZ0,5,TRUE,TRUE,FALSE,2,2019-11-01,John Chowaniec,,Great fit easy to install,class-2-trailer-hitch-black-kia-sorento-hyundai-santa-fe-sport,our_prior_resolution,no_fix_record,,,,
5. RATING INFERRED — STAR RATING NOT DIRECTLY SCRAPED,"Review body is accurate but the star (1-5) was INFERRED from review sentiment — not extracted directly from Amazon's rating widget. FTC 16 CFR Part 255 prohibits displaying inferred ratings without disclosure, so it's held back.","Re-scrape this review_id directly from amazon.com — pull the star from the rating widget (look for a-icon-star class), not from sentiment. Verify the star matches across both the review-list and review-detail views.",RATING_VERIFIED:[N]   OR   RATING_DROP:[reason]   OR   RATING_KEEP_INFERRED,RATING_VERIFIED:5  |  RATING_DROP:review removed from Amazon  |  RATING_KEEP_INFERRED  (publishes with 'rating estimated' disclosure label),B07YGNWMYJ,fg-ram14oe-me-mb,Matte Black OE Honeycomb Mesh Front Hood Bumper Grill Grille Guard ABS Compatible With 13-18 Dodge Ram 1500/19-24 Classic,R3M5H3X6G9ZTM5,5,TRUE,TRUE,FALSE,2,2020-06-28,Tyrone Reid,,Great OEM replacement. Had it painted to match the rest of my truck. Looks great! Happy with the purchase.,2013-2024-ram-1500-oem-mesh-style-front-grille-black,team,mapped_medium_confidence_pending_verify,2013-2024-ram-1500-oem-mesh-style-front-grille-black,fg-ram14oe-me-mb=Ram 1500 2014 OE mesh matte black; only matte black OE handle in catalog is labeled -black not -matte-black; product is likely the same but finish label discrepancy warrants owner confirmation,,
5. RATING INFERRED — STAR RATING NOT DIRECTLY SCRAPED,"Review body is accurate but the star (1-5) was INFERRED from review sentiment — not extracted directly from Amazon's rating widget. FTC 16 CFR Part 255 prohibits displaying inferred ratings without disclosure, so it's held back.","Re-scrape this review_id directly from amazon.com — pull the star from the rating widget (look for a-icon-star class), not from sentiment. Verify the star matches across both the review-list and review-detail views.",RATING_VERIFIED:[N]   OR   RATING_DROP:[reason]   OR   RATING_KEEP_INFERRED,RATING_VERIFIED:5  |  RATING_DROP:review removed from Amazon  |  RATING_KEEP_INFERRED  (publishes with 'rating estimated' disclosure label),B081W1DY1Z,fg-f25005-rvt-me-mb,Matte Black RVT Rivet Bolt Steel Mesh Front Hood Bumper Grill Grille Guard ABS Compatible With 05-07 Ford F250 F350 F450 F550 Superduty / 2005 Excursion,R2TTPBPNAGF4SL,5,TRUE,TRUE,FALSE,2,2020-09-16,Powerstroke,,Easy install looks amazing ... Highly recommended,05-07-ford-f250-f350-f450-studded-mesh-rivet-grille-matte-black,our_prior_resolution,no_fix_record,,,,
5. RATING INFERRED — STAR RATING NOT DIRECTLY SCRAPED,"Review body is accurate but the star (1-5) was INFERRED from review sentiment — not extracted directly from Amazon's rating widget. FTC 16 CFR Part 255 prohibits displaying inferred ratings without disclosure, so it's held back.","Re-scrape this review_id directly from amazon.com — pull the star from the rating widget (look for a-icon-star class), not from sentiment. Verify the star matches across both the review-list and review-detail views.",RATING_VERIFIED:[N]   OR   RATING_DROP:[reason]   OR   RATING_KEEP_INFERRED,RATING_VERIFIED:5  |  RATING_DROP:review removed from Amazon  |  RATING_KEEP_INFERRED  (publishes with 'rating estimated' disclosure label),B07XSFBVTF,fg-ram06-me-mb,Matte Black Mesh Front Hood Bumper Grill Grille Guard ABS Compatible With 06-08 Dodge Ram 1500/06-09 2500 3500,R3V50KHXHYKBLN,5,TRUE,TRUE,FALSE,1,,luke hermiz,,I would highly recommend this product it is way better than the factory grill,2006-2009-dodge-ram-1500-2500-3500-mesh-front-grille-matte-black,our_prior_resolution,no_fix_record,,,,
5. RATING INFERRED — STAR RATING NOT DIRECTLY SCRAPED,"Review body is accurate but the star (1-5) was INFERRED from review sentiment — not extracted directly from Amazon's rating widget. FTC 16 CFR Part 255 prohibits displaying inferred ratings without disclosure, so it's held back.","Re-scrape this review_id directly from amazon.com — pull the star from the rating widget (look for a-icon-star class), not from sentiment. Verify the star matches across both the review-list and review-detail views.",RATING_VERIFIED:[N]   OR   RATING_DROP:[reason]   OR   RATING_KEEP_INFERRED,RATING_VERIFIED:5  |  RATING_DROP:review removed from Amazon  |  RATING_KEEP_INFERRED  (publishes with 'rating estimated' disclosure label),B086C4KQML,fg-grzd-dnl07-bk,Stehlen 642167821243 Compatible With 2007-2014 GMC Yukon/XL/Denali Round Hole Mesh Front Hood Bumper Grille - Glossy Black,RQCE4E8HNUB4H,5,TRUE,TRUE,FALSE,1,,Brandon W.,,Excellent fitment. Good black is complete throughout.  Very pleased with look,2007-2014-gmc-yukon-yukon-xl-front-grille-matte-black,our_prior_resolution,no_fix_record,,,,
5. RATING INFERRED — STAR RATING NOT DIRECTLY SCRAPED,"Review body is accurate but the star (1-5) was INFERRED from review sentiment — not extracted directly from Amazon's rating widget. FTC 16 CFR Part 255 prohibits displaying inferred ratings without disclosure, so it's held back.","Re-scrape this review_id directly from amazon.com — pull the star from the rating widget (look for a-icon-star class), not from sentiment. Verify the star matches across both the review-list and review-detail views.",RATING_VERIFIED:[N]   OR   RATING_DROP:[reason]   OR   RATING_KEEP_INFERRED,RATING_VERIFIED:5  |  RATING_DROP:review removed from Amazon  |  RATING_KEEP_INFERRED  (publishes with 'rating estimated' disclosure label),B07HB9NL2V,fggg-grzt-impa00-me-ch,Chrome Mesh Front Hood Bumper Grill Grille Guard ABS Compatible With 00-05 Chevy Impala,R16FYEAXYBETS8,5,TRUE,TRUE,FALSE,1,,felicia cook,,Looks awesome on my 2004 Chevrolet impala.....,2000-2005-chevy-impala-front-grille-chrome-finish,our_prior_resolution,no_fix_record,,,,
5. RATING INFERRED — STAR RATING NOT DIRECTLY SCRAPED,"Review body is accurate but the star (1-5) was INFERRED from review sentiment — not extracted directly from Amazon's rating widget. FTC 16 CFR Part 255 prohibits displaying inferred ratings without disclosure, so it's held back.","Re-scrape this review_id directly from amazon.com — pull the star from the rating widget (look for a-icon-star class), not from sentiment. Verify the star matches across both the review-list and review-detail views.",RATING_VERIFIED:[N]   OR   RATING_DROP:[reason]   OR   RATING_KEEP_INFERRED,RATING_VERIFIED:5  |  RATING_DROP:review removed from Amazon  |  RATING_KEEP_INFERRED  (publishes with 'rating estimated' disclosure label),B07L7XSMVT,bghd-tit04-av-mb,Stehlen 714937183995 Compatible With 2004-2015 Titan/Armada Advance Series Bull Bar - Matte Black,R23WXOSC1FI9IA,5,TRUE,TRUE,FALSE,1,,Eric F.,,"My order arrived in the time it was supposed to and the packaging was heavy duty. Absolutely love the way it looks on the Titan!! Very well built, great style and gives a rugged finished look to my truck. I did have to move my license plate and was able to make a bracket that I think looks like it came this way.",2004-2015-nissan-titan-armada-bull-guard-w-skid-plate-matte-black,team,mapped_high_confidence,2004-2015-nissan-titan-armada-bull-guard-w-skid-plate-matte-black,bghd-tit04-av-mb=Titan/Armada 2004 AVT-style matte black bull bar; handle=04-15 Nissan Titan/Armada bull guard with skid plate matte black; make/model/years/finish all match,,
5. RATING INFERRED — STAR RATING NOT DIRECTLY SCRAPED,"Review body is accurate but the star (1-5) was INFERRED from review sentiment — not extracted directly from Amazon's rating widget. FTC 16 CFR Part 255 prohibits displaying inferred ratings without disclosure, so it's held back.","Re-scrape this review_id directly from amazon.com — pull the star from the rating widget (look for a-icon-star class), not from sentiment. Verify the star matches across both the review-list and review-detail views.",RATING_VERIFIED:[N]   OR   RATING_DROP:[reason]   OR   RATING_KEEP_INFERRED,RATING_VERIFIED:5  |  RATING_DROP:review removed from Amazon  |  RATING_KEEP_INFERRED  (publishes with 'rating estimated' disclosure label),B07NYWLPJV,bghd-colo15-av,Stehlen 733469493686 Compatible with 2015-2022 Chevy Colorado/GMC Canyon Advance Series Bull Bar - Matte Black,R3NAH3AA9IVLKG,5,TRUE,TRUE,FALSE,1,,Honest reviews,,"I like it a lot: it wasn’t too bad to install. I did it alone minus the last part my 7 year old leaned against it while I tightened it. Man this would have took me a lot less time if my impact didn’t stop working randomly ! But the time it took was on me!


If you want this to take a solid 45 mins use a lift and an impact. If not expect a couple hours.


Solid product. This was installed on my 2016 Chevy Colorado trail boss edition z71.


You will not have tow hooks if you decide you want this bull bar. But it’s whatever to me!",2015-2022-chevy-colorado-gmc-canyon-advanced-bull-guard-led-bar,team,mapped_high_confidence,2015-2022-chevy-colorado-gmc-canyon-advanced-bull-guard-led-bar,bghd-colo15-av=Colorado 2015 AVT-series bull bar; handle=15-22 Colorado/Canyon advanced bull guard with LED bar; make/model/years/style all match,,
5. RATING INFERRED — STAR RATING NOT DIRECTLY SCRAPED,"Review body is accurate but the star (1-5) was INFERRED from review sentiment — not extracted directly from Amazon's rating widget. FTC 16 CFR Part 255 prohibits displaying inferred ratings without disclosure, so it's held back.","Re-scrape this review_id directly from amazon.com — pull the star from the rating widget (look for a-icon-star class), not from sentiment. Verify the star matches across both the review-list and review-detail views.",RATING_VERIFIED:[N]   OR   RATING_DROP:[reason]   OR   RATING_KEEP_INFERRED,RATING_VERIFIED:5  |  RATING_DROP:review removed from Amazon  |  RATING_KEEP_INFERRED  (publishes with 'rating estimated' disclosure label),B0856ZNSPB,fg-cha11-me-bk,Stehlen 642167819745 Compatible With 2011-2014 Dodge Charger Mesh Front Hood Bumper Grille - Glossy Black,R1CCR8UUDCLER4,5,TRUE,TRUE,FALSE,1,,Derrick S.,,"Absolutely perfect. Fits great on my new bumper . Everything snaps on properly, fits every screw hole.",2011-2014-dodge-charger-front-grille-black,our_prior_resolution,no_fix_record,,,,
5. RATING INFERRED — STAR RATING NOT DIRECTLY SCRAPED,"Review body is accurate but the star (1-5) was INFERRED from review sentiment — not extracted directly from Amazon's rating widget. FTC 16 CFR Part 255 prohibits displaying inferred ratings without disclosure, so it's held back.","Re-scrape this review_id directly from amazon.com — pull the star from the rating widget (look for a-icon-star class), not from sentiment. Verify the star matches across both the review-list and review-detail views.",RATING_VERIFIED:[N]   OR   RATING_DROP:[reason]   OR   RATING_KEEP_INFERRED,RATING_VERIFIED:5  |  RATING_DROP:review removed from Amazon  |  RATING_KEEP_INFERRED  (publishes with 'rating estimated' disclosure label),B07LC18YJF,fggg-grzv-f25099-vt-ch,Chrome Vertical Front Hood Bumper Grill Grille Guard ABS Compatible With 99-04 Ford F250 F350 F450 F550 Superduty / 00-04 Excursion,R3O50OV2ZG77EH,5,TRUE,TRUE,FALSE,1,2019-05-10,Maribel Vega,,Love it.  Looks great on my truck.,1999-2004-ford-super-duty-excursion-front-grille-chrome,our_prior_resolution,no_fix_record,,,,
5. RATING INFERRED — STAR RATING NOT DIRECTLY SCRAPED,"Review body is accurate but the star (1-5) was INFERRED from review sentiment — not extracted directly from Amazon's rating widget. FTC 16 CFR Part 255 prohibits displaying inferred ratings without disclosure, so it's held back.","Re-scrape this review_id directly from amazon.com — pull the star from the rating widget (look for a-icon-star class), not from sentiment. Verify the star matches across both the review-list and review-detail views.",RATING_VERIFIED:[N]   OR   RATING_DROP:[reason]   OR   RATING_KEEP_INFERRED,RATING_VERIFIED:5  |  RATING_DROP:review removed from Amazon  |  RATING_KEEP_INFERRED  (publishes with 'rating estimated' disclosure label),B07L8V2222,fg-grzd-dnl07-ch+fg-grbd-dnl07lower-ch,Chrome Round Hole Mesh Front Upper Hood Grill + Lower Bumper Grille Guard ABS Compatible With 07-14 GMC Yukon/XL/Denali,R23O81HAOQ146V,5,TRUE,TRUE,FALSE,1,2019-12-17,tiffany,,A little tough to get old grill off but boy is it worth it! Makes a new updated shiny SUV look!!,2007-2014-gmc-yukon-yukon-xl-front-grille-chrome-1,our_prior_resolution,no_fix_record,,,,
5. RATING INFERRED — STAR RATING NOT DIRECTLY SCRAPED,"Review body is accurate but the star (1-5) was INFERRED from review sentiment — not extracted directly from Amazon's rating widget. FTC 16 CFR Part 255 prohibits displaying inferred ratings without disclosure, so it's held back.","Re-scrape this review_id directly from amazon.com — pull the star from the rating widget (look for a-icon-star class), not from sentiment. Verify the star matches across both the review-list and review-detail views.",RATING_VERIFIED:[N]   OR   RATING_DROP:[reason]   OR   RATING_KEEP_INFERRED,RATING_VERIFIED:5  |  RATING_DROP:review removed from Amazon  |  RATING_KEEP_INFERRED  (publishes with 'rating estimated' disclosure label),B07L5YMWFM,tc-ram19-5.8-hss,"Stehlen 733469493259 Compatible with 2019-2026 Dodge Ram 1500 New Body 5.7 Feet (68.4"") Short Bed Hidden Snap Tonneau Cover - Black",R2820GKDX17LUY,5,TRUE,TRUE,FALSE,1,2020-01-11,Amazon Customer,,"Bought this for my new 2020 short bed ram 1500. Easy to install, fits and looks great",2019-dodge-ram-5-8ft-bed-hard-tri-fold-tonneau-cover-low-profile,team,mapped_high_confidence,2019-dodge-ram-5-8ft-bed-hard-tri-fold-tonneau-cover-low-profile,"tc-ram19-5.8-hss=Ram 1500 2019 5.8ft (5'7"") hard snap-shut/low-profile; handle=2019 Dodge Ram 5.8ft hard tri-fold low-profile; make/model/year/bed-length/style all match. Note title says 2019-2026 but handle only says 2019 — confirm if this handle covers full 2019-26 range",,
5. RATING INFERRED — STAR RATING NOT DIRECTLY SCRAPED,"Review body is accurate but the star (1-5) was INFERRED from review sentiment — not extracted directly from Amazon's rating widget. FTC 16 CFR Part 255 prohibits displaying inferred ratings without disclosure, so it's held back.","Re-scrape this review_id directly from amazon.com — pull the star from the rating widget (look for a-icon-star class), not from sentiment. Verify the star matches across both the review-list and review-detail views.",RATING_VERIFIED:[N]   OR   RATING_DROP:[reason]   OR   RATING_KEEP_INFERRED,RATING_VERIFIED:5  |  RATING_DROP:review removed from Amazon  |  RATING_KEEP_INFERRED  (publishes with 'rating estimated' disclosure label),B07SRF5SSL,sbhd-f15004sc-5-mb,"Stehlen 733469496953 Compatible with 2004-2008 Ford F150 Super (Extended) Cab 5"" Oval Side Step Nerf Bars - Matte Black",R3DOIM2FQK9RE0,5,TRUE,TRUE,FALSE,1,2020-02-11,Regina,,"These were a Christmas present for our son.  He seems to be very happy with them, and look good on his truck!",04-08-ford-f-150-super-cab-5-oval-side-step-bars-black,team,mapped_medium_confidence_pending_verify,04-08-ford-f-150-super-cab-5-oval-side-step-bars-black,sbhd-f15004sc-5-mb=F150 2004 Super Cab 5-inch oval matte black; closest handle is the glossy black 5-oval super cab variant (-bk not -mb); no dedicated matte black 5-inch super cab F150 04-08 handle exists — black handle is the best available match but finish differs,,
5. RATING INFERRED — STAR RATING NOT DIRECTLY SCRAPED,"Review body is accurate but the star (1-5) was INFERRED from review sentiment — not extracted directly from Amazon's rating widget. FTC 16 CFR Part 255 prohibits displaying inferred ratings without disclosure, so it's held back.","Re-scrape this review_id directly from amazon.com — pull the star from the rating widget (look for a-icon-star class), not from sentiment. Verify the star matches across both the review-list and review-detail views.",RATING_VERIFIED:[N]   OR   RATING_DROP:[reason]   OR   RATING_KEEP_INFERRED,RATING_VERIFIED:5  |  RATING_DROP:review removed from Amazon  |  RATING_KEEP_INFERRED  (publishes with 'rating estimated' disclosure label),B07P14QV8K,bghd-f25099-al,Stehlen 733469493808 Compatible with 1999-2004 Ford F250 F350 F450 F550 Superduty / 2000-2004 Excursion Advance Series Aluminum LED Bull Bar - Matte Black,RIC3QQNH25NFZ,5,TRUE,TRUE,FALSE,1,2020-08-03,Bryan R,,"Love the look of this bull bar. Easy installation, fit on our 2002 ford excursion limited with no problem. Im giving this 4 stars because some of the welds look bad, it had splatter on the brackets and were not very uniform on the actual bull bar. You can tell that this bull bar is more for looks than functionality, but for the price its very good. I'd recommend it!",1999-2004-ford-super-duty-advanced-series-bull-guard-matte-black,team,mapped_high_confidence,1999-2004-ford-super-duty-advanced-series-bull-guard-matte-black,bghd-f25099-al=F250 Super Duty 1999 AL-series matte black bull bar; handle=99-04 Ford Super Duty advanced series matte black; make/model/years/style all match,,
5. RATING INFERRED — STAR RATING NOT DIRECTLY SCRAPED,"Review body is accurate but the star (1-5) was INFERRED from review sentiment — not extracted directly from Amazon's rating widget. FTC 16 CFR Part 255 prohibits displaying inferred ratings without disclosure, so it's held back.","Re-scrape this review_id directly from amazon.com — pull the star from the rating widget (look for a-icon-star class), not from sentiment. Verify the star matches across both the review-list and review-detail views.",RATING_VERIFIED:[N]   OR   RATING_DROP:[reason]   OR   RATING_KEEP_INFERRED,RATING_VERIFIED:5  |  RATING_DROP:review removed from Amazon  |  RATING_KEEP_INFERRED  (publishes with 'rating estimated' disclosure label),B07L8V2222,fg-grzd-dnl07-ch+fg-grbd-dnl07lower-ch,Chrome Round Hole Mesh Front Upper Hood Grill + Lower Bumper Grille Guard ABS Compatible With 07-14 GMC Yukon/XL/Denali,R1A7QI1R9DN1RG,5,TRUE,TRUE,FALSE,1,2020-10-27,Mark.Lsx,,"Looks Good On My Black 07 Yukon, Top And Bottom Grill Fits Perfect",2007-2014-gmc-yukon-yukon-xl-front-grille-chrome-1,our_prior_resolution,no_fix_record,,,,
5. RATING INFERRED — STAR RATING NOT DIRECTLY SCRAPED,"Review body is accurate but the star (1-5) was INFERRED from review sentiment — not extracted directly from Amazon's rating widget. FTC 16 CFR Part 255 prohibits displaying inferred ratings without disclosure, so it's held back.","Re-scrape this review_id directly from amazon.com — pull the star from the rating widget (look for a-icon-star class), not from sentiment. Verify the star matches across both the review-list and review-detail views.",RATING_VERIFIED:[N]   OR   RATING_DROP:[reason]   OR   RATING_KEEP_INFERRED,RATING_VERIFIED:5  |  RATING_DROP:review removed from Amazon  |  RATING_KEEP_INFERRED  (publishes with 'rating estimated' disclosure label),B0855QS2QF,fg-300c05-me-bk,Stehlen 642167819509 Compatible With 2004 2005-2010 Chrysler 300 / 300C Mesh Front Hood Bumper Grille - Glossy Black,R33AIK9SAL2EIO,5,TRUE,TRUE,FALSE,1,2021-01-08,TysonOnDaTrack,,Had to provide screws for installation but other than that I am satisfied.,2005-2010-chrysler-300-front-grille-matte-black-replacement,our_prior_resolution,no_fix_record,,,,
5. RATING INFERRED — STAR RATING NOT DIRECTLY SCRAPED,"Review body is accurate but the star (1-5) was INFERRED from review sentiment — not extracted directly from Amazon's rating widget. FTC 16 CFR Part 255 prohibits displaying inferred ratings without disclosure, so it's held back.","Re-scrape this review_id directly from amazon.com — pull the star from the rating widget (look for a-icon-star class), not from sentiment. Verify the star matches across both the review-list and review-detail views.",RATING_VERIFIED:[N]   OR   RATING_DROP:[reason]   OR   RATING_KEEP_INFERRED,RATING_VERIFIED:5  |  RATING_DROP:review removed from Amazon  |  RATING_KEEP_INFERRED  (publishes with 'rating estimated' disclosure label),B0863KSYV3,fg-300c05-me-bk,Glossy Black Mesh Front Hood Bumper Grill Grille Guard ABS Compatible With 04 05-10 Chrysler 300 / 300C,R1E5A5FWCOLD8F,5,TRUE,TRUE,FALSE,1,2021-07-29,B Long,,"Beautiful grill,... fits perfectly",2005-2010-chrysler-300-front-grille-matte-black-replacement,our_prior_resolution,no_fix_record,,,,
5. RATING INFERRED — STAR RATING NOT DIRECTLY SCRAPED,"Review body is accurate but the star (1-5) was INFERRED from review sentiment — not extracted directly from Amazon's rating widget. FTC 16 CFR Part 255 prohibits displaying inferred ratings without disclosure, so it's held back.","Re-scrape this review_id directly from amazon.com — pull the star from the rating widget (look for a-icon-star class), not from sentiment. Verify the star matches across both the review-list and review-detail views.",RATING_VERIFIED:[N]   OR   RATING_DROP:[reason]   OR   RATING_KEEP_INFERRED,RATING_VERIFIED:5  |  RATING_DROP:review removed from Amazon  |  RATING_KEEP_INFERRED  (publishes with 'rating estimated' disclosure label),B0863KSYV3,fg-300c05-me-bk,Glossy Black Mesh Front Hood Bumper Grill Grille Guard ABS Compatible With 04 05-10 Chrysler 300 / 300C,RXC6G41OJFLB0,5,TRUE,TRUE,FALSE,1,2022-12-13,Anthony Siewert,,Fit was exact on my 08 300c. Looks great! Love it,2005-2010-chrysler-300-front-grille-matte-black-replacement,our_prior_resolution,no_fix_record,,,,
5. RATING INFERRED — STAR RATING NOT DIRECTLY SCRAPED,"Review body is accurate but the star (1-5) was INFERRED from review sentiment — not extracted directly from Amazon's rating widget. FTC 16 CFR Part 255 prohibits displaying inferred ratings without disclosure, so it's held back.","Re-scrape this review_id directly from amazon.com — pull the star from the rating widget (look for a-icon-star class), not from sentiment. Verify the star matches across both the review-list and review-detail views.",RATING_VERIFIED:[N]   OR   RATING_DROP:[reason]   OR   RATING_KEEP_INFERRED,RATING_VERIFIED:5  |  RATING_DROP:review removed from Amazon  |  RATING_KEEP_INFERRED  (publishes with 'rating estimated' disclosure label),B07KCZQ97K,th-nitr07-c334,"Stehlen 733469488675 Compatible with 2007-2011 Dodge Nitro Class 3 Trailer Tow Hitch Receiver 2""",R2J9ZWYOI9EJ1G,5,TRUE,TRUE,FALSE,1,2023-07-11,Christopher Graham,,"After spending several hours putting this hitch on to my Nitro I have realized that while the hitch itself is great quality, the hardware included may not work with every Dodge Nitro of the listed years (being 2007-2011). I ended up calling Dodge to confirm bolt size and where they should have been the same, the bolts included were not a standard or even typical size. So in order to put the hitch on I had to retap all six threaded receiver holes for a half inch bolt. Other than that I'm very pleased with the hitch and if the included hardware had worked it would have been a very quick installa",2007-2011-dodge-nitro-class-3-trailer-hitch-black,our_prior_resolution,no_fix_record,,,,
5. RATING INFERRED — STAR RATING NOT DIRECTLY SCRAPED,"Review body is accurate but the star (1-5) was INFERRED from review sentiment — not extracted directly from Amazon's rating widget. FTC 16 CFR Part 255 prohibits displaying inferred ratings without disclosure, so it's held back.","Re-scrape this review_id directly from amazon.com — pull the star from the rating widget (look for a-icon-star class), not from sentiment. Verify the star matches across both the review-list and review-detail views.",RATING_VERIFIED:[N]   OR   RATING_DROP:[reason]   OR   RATING_KEEP_INFERRED,RATING_VERIFIED:5  |  RATING_DROP:review removed from Amazon  |  RATING_KEEP_INFERRED  (publishes with 'rating estimated' disclosure label),B07XSFBVTF,fg-ram06-me-mb,Matte Black Mesh Front Hood Bumper Grill Grille Guard ABS Compatible With 06-08 Dodge Ram 1500/06-09 2500 3500,R31PPHE3S3OIDP,5,TRUE,TRUE,FALSE,0,,Nate C.,,"Looks and fits great!  Had to modify my 04 grille support but I was expecting that, would directly bolt up to an 06-09 grille support.  I painted mine as well and it took paint phenomenally well, looks great!",2006-2009-dodge-ram-1500-2500-3500-mesh-front-grille-matte-black,our_prior_resolution,no_fix_record,,,,
5. RATING INFERRED — STAR RATING NOT DIRECTLY SCRAPED,"Review body is accurate but the star (1-5) was INFERRED from review sentiment — not extracted directly from Amazon's rating widget. FTC 16 CFR Part 255 prohibits displaying inferred ratings without disclosure, so it's held back.","Re-scrape this review_id directly from amazon.com — pull the star from the rating widget (look for a-icon-star class), not from sentiment. Verify the star matches across both the review-list and review-detail views.",RATING_VERIFIED:[N]   OR   RATING_DROP:[reason]   OR   RATING_KEEP_INFERRED,RATING_VERIFIED:5  |  RATING_DROP:review removed from Amazon  |  RATING_KEEP_INFERRED  (publishes with 'rating estimated' disclosure label),B07XSFBVTF,fg-ram06-me-mb,Matte Black Mesh Front Hood Bumper Grill Grille Guard ABS Compatible With 06-08 Dodge Ram 1500/06-09 2500 3500,R2AD29WHJDWAQP,5,TRUE,TRUE,FALSE,0,,Stephanie Keim,,Is easy to paint to add a personal touch. Easy to install. Added a emblem and makes my beast look even more cool coming down the road.,2006-2009-dodge-ram-1500-2500-3500-mesh-front-grille-matte-black,our_prior_resolution,no_fix_record,,,,
5. RATING INFERRED — STAR RATING NOT DIRECTLY SCRAPED,"Review body is accurate but the star (1-5) was INFERRED from review sentiment — not extracted directly from Amazon's rating widget. FTC 16 CFR Part 255 prohibits displaying inferred ratings without disclosure, so it's held back.","Re-scrape this review_id directly from amazon.com — pull the star from the rating widget (look for a-icon-star class), not from sentiment. Verify the star matches across both the review-list and review-detail views.",RATING_VERIFIED:[N]   OR   RATING_DROP:[reason]   OR   RATING_KEEP_INFERRED,RATING_VERIFIED:5  |  RATING_DROP:review removed from Amazon  |  RATING_KEEP_INFERRED  (publishes with 'rating estimated' disclosure label),B07SRF5SSL,sbhd-f15004sc-5-mb,"Stehlen 733469496953 Compatible with 2004-2008 Ford F150 Super (Extended) Cab 5"" Oval Side Step Nerf Bars - Matte Black",R3PL4YLBPEJ033,5,TRUE,TRUE,FALSE,0,,Brian,,Easy install looks great!! Great value for the price!!,04-08-ford-f-150-super-cab-5-oval-side-step-bars-black,team,mapped_medium_confidence_pending_verify,04-08-ford-f-150-super-cab-5-oval-side-step-bars-black,sbhd-f15004sc-5-mb=F150 2004 Super Cab 5-inch oval matte black; closest handle is the glossy black 5-oval super cab variant (-bk not -mb); no dedicated matte black 5-inch super cab F150 04-08 handle exists — black handle is the best available match but finish differs,,
5. RATING INFERRED — STAR RATING NOT DIRECTLY SCRAPED,"Review body is accurate but the star (1-5) was INFERRED from review sentiment — not extracted directly from Amazon's rating widget. FTC 16 CFR Part 255 prohibits displaying inferred ratings without disclosure, so it's held back.","Re-scrape this review_id directly from amazon.com — pull the star from the rating widget (look for a-icon-star class), not from sentiment. Verify the star matches across both the review-list and review-detail views.",RATING_VERIFIED:[N]   OR   RATING_DROP:[reason]   OR   RATING_KEEP_INFERRED,RATING_VERIFIED:5  |  RATING_DROP:review removed from Amazon  |  RATING_KEEP_INFERRED  (publishes with 'rating estimated' disclosure label),B0855QS2QF,fg-300c05-me-bk,Stehlen 642167819509 Compatible With 2004 2005-2010 Chrysler 300 / 300C Mesh Front Hood Bumper Grille - Glossy Black,R17ZF44C4KHHYL,5,TRUE,TRUE,FALSE,0,,TiHara Dixon,,"Looks great, perfect upgrade!!",2005-2010-chrysler-300-front-grille-matte-black-replacement,our_prior_resolution,no_fix_record,,,,
5. RATING INFERRED — STAR RATING NOT DIRECTLY SCRAPED,"Review body is accurate but the star (1-5) was INFERRED from review sentiment — not extracted directly from Amazon's rating widget. FTC 16 CFR Part 255 prohibits displaying inferred ratings without disclosure, so it's held back.","Re-scrape this review_id directly from amazon.com — pull the star from the rating widget (look for a-icon-star class), not from sentiment. Verify the star matches across both the review-list and review-detail views.",RATING_VERIFIED:[N]   OR   RATING_DROP:[reason]   OR   RATING_KEEP_INFERRED,RATING_VERIFIED:5  |  RATING_DROP:review removed from Amazon  |  RATING_KEEP_INFERRED  (publishes with 'rating estimated' disclosure label),B07HB9NL2V,fggg-grzt-impa00-me-ch,Chrome Mesh Front Hood Bumper Grill Grille Guard ABS Compatible With 00-05 Chevy Impala,R18BVX0M8GIMEJ,5,TRUE,TRUE,FALSE,0,,Tre Rock,,Just as advertised very happy with my purchase easy install with panel puller,2000-2005-chevy-impala-front-grille-chrome-finish,our_prior_resolution,no_fix_record,,,,
5. RATING INFERRED — STAR RATING NOT DIRECTLY SCRAPED,"Review body is accurate but the star (1-5) was INFERRED from review sentiment — not extracted directly from Amazon's rating widget. FTC 16 CFR Part 255 prohibits displaying inferred ratings without disclosure, so it's held back.","Re-scrape this review_id directly from amazon.com — pull the star from the rating widget (look for a-icon-star class), not from sentiment. Verify the star matches across both the review-list and review-detail views.",RATING_VERIFIED:[N]   OR   RATING_DROP:[reason]   OR   RATING_KEEP_INFERRED,RATING_VERIFIED:5  |  RATING_DROP:review removed from Amazon  |  RATING_KEEP_INFERRED  (publishes with 'rating estimated' disclosure label),B07YH539CJ,fg-tit04-me-mb,Matte Black Mesh Front Hood Bumper Grill Grille Guard ABS Compatible With 04-07 Titan / 05-07 Armada,R18MN0FTAXTYQ9,5,TRUE,TRUE,FALSE,0,,Michael Murphy,,"This was one of my first purchases after buying my Used 05 Titan. I needed to get rid of as much of the chrome as possible. For roughly $100,, you get a lightweight, clean grille, with new tabs for the install. This is a much for any other Titan owners looking swap out the chrome for the clean black look. Highly Recommend.",2004-2007-nissan-titan-armada-front-grille-matte-black,team,mapped_high_confidence,2004-2007-nissan-titan-armada-front-grille-matte-black,fg-tit04-me-mb=Titan 2004 mesh matte black; handle=04-07 Nissan Titan/Armada matte black; make/model/years/finish all match,,
5. RATING INFERRED — STAR RATING NOT DIRECTLY SCRAPED,"Review body is accurate but the star (1-5) was INFERRED from review sentiment — not extracted directly from Amazon's rating widget. FTC 16 CFR Part 255 prohibits displaying inferred ratings without disclosure, so it's held back.","Re-scrape this review_id directly from amazon.com — pull the star from the rating widget (look for a-icon-star class), not from sentiment. Verify the star matches across both the review-list and review-detail views.",RATING_VERIFIED:[N]   OR   RATING_DROP:[reason]   OR   RATING_KEEP_INFERRED,RATING_VERIFIED:5  |  RATING_DROP:review removed from Amazon  |  RATING_KEEP_INFERRED  (publishes with 'rating estimated' disclosure label),B0863KSYV3,fg-300c05-me-bk,Glossy Black Mesh Front Hood Bumper Grill Grille Guard ABS Compatible With 04 05-10 Chrysler 300 / 300C,R2JCZY7P7KFHHX,5,TRUE,TRUE,FALSE,0,,Jerryv_srt,,easy install check out my tiktok if you want to see more of the car,2005-2010-chrysler-300-front-grille-matte-black-replacement,our_prior_resolution,no_fix_record,,,,
5. RATING INFERRED — STAR RATING NOT DIRECTLY SCRAPED,"Review body is accurate but the star (1-5) was INFERRED from review sentiment — not extracted directly from Amazon's rating widget. FTC 16 CFR Part 255 prohibits displaying inferred ratings without disclosure, so it's held back.","Re-scrape this review_id directly from amazon.com — pull the star from the rating widget (look for a-icon-star class), not from sentiment. Verify the star matches across both the review-list and review-detail views.",RATING_VERIFIED:[N]   OR   RATING_DROP:[reason]   OR   RATING_KEEP_INFERRED,RATING_VERIFIED:5  |  RATING_DROP:review removed from Amazon  |  RATING_KEEP_INFERRED  (publishes with 'rating estimated' disclosure label),B07NYWLPJV,bghd-colo15-av,Stehlen 733469493686 Compatible with 2015-2022 Chevy Colorado/GMC Canyon Advance Series Bull Bar - Matte Black,R2JY80YT1E9LS0,5,TRUE,TRUE,FALSE,0,,REVIEW KING,,"Easy to install, looks great, quality product, fits amazing.",2015-2022-chevy-colorado-gmc-canyon-advanced-bull-guard-led-bar,team,mapped_high_confidence,2015-2022-chevy-colorado-gmc-canyon-advanced-bull-guard-led-bar,bghd-colo15-av=Colorado 2015 AVT-series bull bar; handle=15-22 Colorado/Canyon advanced bull guard with LED bar; make/model/years/style all match,,
5. RATING INFERRED — STAR RATING NOT DIRECTLY SCRAPED,"Review body is accurate but the star (1-5) was INFERRED from review sentiment — not extracted directly from Amazon's rating widget. FTC 16 CFR Part 255 prohibits displaying inferred ratings without disclosure, so it's held back.","Re-scrape this review_id directly from amazon.com — pull the star from the rating widget (look for a-icon-star class), not from sentiment. Verify the star matches across both the review-list and review-detail views.",RATING_VERIFIED:[N]   OR   RATING_DROP:[reason]   OR   RATING_KEEP_INFERRED,RATING_VERIFIED:5  |  RATING_DROP:review removed from Amazon  |  RATING_KEEP_INFERRED  (publishes with 'rating estimated' disclosure label),B07P14QV8K,bghd-f25099-al,Stehlen 733469493808 Compatible with 1999-2004 Ford F250 F350 F450 F550 Superduty / 2000-2004 Excursion Advance Series Aluminum LED Bull Bar - Matte Black,R2C9KHTPT3M3Q1,5,TRUE,TRUE,FALSE,0,,Mike R,,Easy to install. Just don't get aggressive with the bolts because it is only a thin aluminum. I added the 2 pod lights to the rail as there were already holes there. They light bar that came with it works great and easy to adjust if needed.,1999-2004-ford-super-duty-advanced-series-bull-guard-matte-black,team,mapped_high_confidence,1999-2004-ford-super-duty-advanced-series-bull-guard-matte-black,bghd-f25099-al=F250 Super Duty 1999 AL-series matte black bull bar; handle=99-04 Ford Super Duty advanced series matte black; make/model/years/style all match,,
5. RATING INFERRED — STAR RATING NOT DIRECTLY SCRAPED,"Review body is accurate but the star (1-5) was INFERRED from review sentiment — not extracted directly from Amazon's rating widget. FTC 16 CFR Part 255 prohibits displaying inferred ratings without disclosure, so it's held back.","Re-scrape this review_id directly from amazon.com — pull the star from the rating widget (look for a-icon-star class), not from sentiment. Verify the star matches across both the review-list and review-detail views.",RATING_VERIFIED:[N]   OR   RATING_DROP:[reason]   OR   RATING_KEEP_INFERRED,RATING_VERIFIED:5  |  RATING_DROP:review removed from Amazon  |  RATING_KEEP_INFERRED  (publishes with 'rating estimated' disclosure label),B07RRSJ2KS,fggg-grz-f15004-h-mb,Matte Black Horizontal Front Hood Bumper Grill Grille Guard ABS Compatible With 04-08 Ford F150,R1ABT060TIY81E,5,TRUE,TRUE,FALSE,0,,Random S. Pounds,,"Easy install... looks amazing..





I was strongly leaning towards getting the raptor style grill but everybody has it.  Am glad I went with this one.  More unique profile ... A÷÷÷",2004-2008-ford-f-150-front-grille-matte-black-mesh-style,team,mapped_high_confidence,2004-2008-ford-f-150-front-grille-matte-black-mesh-style,fggg-grz-f15004-h-mb=F150 2004 horizontal mesh matte black; handle=04-08 F-150 matte black mesh style; make/model/years/finish all match,,
5. RATING INFERRED — STAR RATING NOT DIRECTLY SCRAPED,"Review body is accurate but the star (1-5) was INFERRED from review sentiment — not extracted directly from Amazon's rating widget. FTC 16 CFR Part 255 prohibits displaying inferred ratings without disclosure, so it's held back.","Re-scrape this review_id directly from amazon.com — pull the star from the rating widget (look for a-icon-star class), not from sentiment. Verify the star matches across both the review-list and review-detail views.",RATING_VERIFIED:[N]   OR   RATING_DROP:[reason]   OR   RATING_KEEP_INFERRED,RATING_VERIFIED:5  |  RATING_DROP:review removed from Amazon  |  RATING_KEEP_INFERRED  (publishes with 'rating estimated' disclosure label),B085Z5J5LZ,fg-f15004-rvt-me-mb,Stehlen 642167821687 Compatible With 2004-2008 Ford F150 Rivet Bolt Steel Mesh Front Hood Bumper Grille - Matte Black,R31U2WGOZE8YYM,5,TRUE,TRUE,FALSE,0,,Noah,,Easy install. Maybe took 30 Minutes. Looks great. Only thing that I didn’t care for was the screw holes and screws that came with the grille. The holes are plastic and the screws ain’t worth much. I’d recommend pre drilling the holes with a 1/8 bit and then use a impact to secure them. I did the opposite and had to drill out 3 screws because they were stripped from using minimal force with a impact drill. All in all I’m satisfied with it,2004-2008-ford-f-150-mesh-rivet-style-front-grille-matte-black,our_prior_resolution,no_fix_record,,,,
5. RATING INFERRED — STAR RATING NOT DIRECTLY SCRAPED,"Review body is accurate but the star (1-5) was INFERRED from review sentiment — not extracted directly from Amazon's rating widget. FTC 16 CFR Part 255 prohibits displaying inferred ratings without disclosure, so it's held back.","Re-scrape this review_id directly from amazon.com — pull the star from the rating widget (look for a-icon-star class), not from sentiment. Verify the star matches across both the review-list and review-detail views.",RATING_VERIFIED:[N]   OR   RATING_DROP:[reason]   OR   RATING_KEEP_INFERRED,RATING_VERIFIED:5  |  RATING_DROP:review removed from Amazon  |  RATING_KEEP_INFERRED  (publishes with 'rating estimated' disclosure label),B087LLSXQ7,tc-s1094-6-lth,"Low Profile Hard Tri Fold Aluminum Truck Bed Tonneau Cover Compatible with 94-03 Chevy S10 GMC S15 Sonoma / 96-00 Isuzu Hombre 6 Ft (72"") Bed",R1VN46BXLCZJ4G,5,TRUE,TRUE,FALSE,0,,Kindle Customer,,Got it for Grandson. His description is awesome.,1994-2004-chevy-s10-gmc-sonoma-6ft-hard-tri-fold-tonneau-cover,team,mapped_high_confidence,1994-2004-chevy-s10-gmc-sonoma-6ft-hard-tri-fold-tonneau-cover,tc-s1094-6=S10 1994 6ft hard tri-fold; handle=94-04 Chevy S10/GMC Sonoma 6ft hard tri-fold; make/model/years/bed-length/style all match,,
5. RATING INFERRED — STAR RATING NOT DIRECTLY SCRAPED,"Review body is accurate but the star (1-5) was INFERRED from review sentiment — not extracted directly from Amazon's rating widget. FTC 16 CFR Part 255 prohibits displaying inferred ratings without disclosure, so it's held back.","Re-scrape this review_id directly from amazon.com — pull the star from the rating widget (look for a-icon-star class), not from sentiment. Verify the star matches across both the review-list and review-detail views.",RATING_VERIFIED:[N]   OR   RATING_DROP:[reason]   OR   RATING_KEEP_INFERRED,RATING_VERIFIED:5  |  RATING_DROP:review removed from Amazon  |  RATING_KEEP_INFERRED  (publishes with 'rating estimated' disclosure label),B07N8J45XL,hlnb-sie07-bk+fg-sie07-h-bk,Black Clear Housing Crystal Headlights Signal Lamps nb + Glossy Black Horizontal Front Hood Bumper Grill Grille Guard ABS Compatible With 07-13 GMC Sierra 1500 / Denali / 09-13 Hybrid,R2YKYBBV080HHP,5,TRUE,TRUE,FALSE,0,,gabie acosta,,Loved it all! Fits perfect looks awesome. Added led lights and wow,2007-2014-gmc-sierra-oem-crystal-headlights-black-gmsr07-03,our_prior_resolution,no_fix_record,,,,
5. RATING INFERRED — STAR RATING NOT DIRECTLY SCRAPED,"Review body is accurate but the star (1-5) was INFERRED from review sentiment — not extracted directly from Amazon's rating widget. FTC 16 CFR Part 255 prohibits displaying inferred ratings without disclosure, so it's held back.","Re-scrape this review_id directly from amazon.com — pull the star from the rating widget (look for a-icon-star class), not from sentiment. Verify the star matches across both the review-list and review-detail views.",RATING_VERIFIED:[N]   OR   RATING_DROP:[reason]   OR   RATING_KEEP_INFERRED,RATING_VERIFIED:5  |  RATING_DROP:review removed from Amazon  |  RATING_KEEP_INFERRED  (publishes with 'rating estimated' disclosure label),B07MNHX41C,th-rx35010-c143,"Class 3 III Black 2"" Receiver Tube Rear Bumper Trailer Tow Hitch Towing Mount Compatible with 10-15 Lexus RX350 / RX450H",R2M0999SBS01HB,5,TRUE,TRUE,FALSE,0,2019-06-07,Saurabh,,"worked great,,,, Good stuff",2010-2015-lexus-rx350-rx450h-class-3-trailer-hitch-black,our_prior_resolution,no_fix_record,,,,
5. RATING INFERRED — STAR RATING NOT DIRECTLY SCRAPED,"Review body is accurate but the star (1-5) was INFERRED from review sentiment — not extracted directly from Amazon's rating widget. FTC 16 CFR Part 255 prohibits displaying inferred ratings without disclosure, so it's held back.","Re-scrape this review_id directly from amazon.com — pull the star from the rating widget (look for a-icon-star class), not from sentiment. Verify the star matches across both the review-list and review-detail views.",RATING_VERIFIED:[N]   OR   RATING_DROP:[reason]   OR   RATING_KEEP_INFERRED,RATING_VERIFIED:5  |  RATING_DROP:review removed from Amazon  |  RATING_KEEP_INFERRED  (publishes with 'rating estimated' disclosure label),B07LC94NGC,tc-c1088-6.5-lru,"Lock & Roll Up Soft Vinyl Truck Bed Tonneau Cover Compatible with 88-00 Chevy GMC C10 C/K Pickup/Silverado Sierra 6.5 Ft (78"") Short Bed",RQ2V9W667XR96,5,TRUE,TRUE,FALSE,0,2019-10-12,philip,,EASY INSTALL WORK LIKE A CHARM,1988-2000-gmc-c-k-1500-3500-6-5-roll-up-tonneau-cover-503301,team,mapped_high_confidence,1988-2000-gmc-c-k-1500-3500-6-5-roll-up-tonneau-cover-503301,tc-c1088-6.5-lru=C10/CK 1988 6.5ft roll-up; handle=88-00 GMC C/K 1500-3500 6.5ft roll-up MPN-503301; make/model/years/bed-length/style all match,,
5. RATING INFERRED — STAR RATING NOT DIRECTLY SCRAPED,"Review body is accurate but the star (1-5) was INFERRED from review sentiment — not extracted directly from Amazon's rating widget. FTC 16 CFR Part 255 prohibits displaying inferred ratings without disclosure, so it's held back.","Re-scrape this review_id directly from amazon.com — pull the star from the rating widget (look for a-icon-star class), not from sentiment. Verify the star matches across both the review-list and review-detail views.",RATING_VERIFIED:[N]   OR   RATING_DROP:[reason]   OR   RATING_KEEP_INFERRED,RATING_VERIFIED:5  |  RATING_DROP:review removed from Amazon  |  RATING_KEEP_INFERRED  (publishes with 'rating estimated' disclosure label),B0829LMDT4,sbda-taco05-6p+sbda-v2-86-mb,Matte Black Aluminum Hoop Drop Step Side Nerf Bars Rail Running Boards v2 Compatible with 05-22 Toyota Tacoma Double (Crew) Cab,R3QDUO38C74FT5,5,TRUE,TRUE,FALSE,0,2020-04-08,Frost,,Easy to install and looks great on my 2020 Tacoma.,2005-2022-toyota-tacoma-86-aluminum-running-boards-matte-black,team,mapped_medium_confidence_pending_verify,2005-2022-toyota-tacoma-86-aluminum-running-boards-matte-black,sbda-taco05-6p=Tacoma 2005 6-piece aluminum running boards; sbda-v2-86-mb=86-series aluminum matte black; handle=05-22 Tacoma 86-inch aluminum running boards matte black. Cab type unspecified in SKU (no dc/ac suffix) and combo includes two components; verify cab fitment before promoting to high,,
5. RATING INFERRED — STAR RATING NOT DIRECTLY SCRAPED,"Review body is accurate but the star (1-5) was INFERRED from review sentiment — not extracted directly from Amazon's rating widget. FTC 16 CFR Part 255 prohibits displaying inferred ratings without disclosure, so it's held back.","Re-scrape this review_id directly from amazon.com — pull the star from the rating widget (look for a-icon-star class), not from sentiment. Verify the star matches across both the review-list and review-detail views.",RATING_VERIFIED:[N]   OR   RATING_DROP:[reason]   OR   RATING_KEEP_INFERRED,RATING_VERIFIED:5  |  RATING_DROP:review removed from Amazon  |  RATING_KEEP_INFERRED  (publishes with 'rating estimated' disclosure label),B0855QS2QF,fg-300c05-me-bk,Stehlen 642167819509 Compatible With 2004 2005-2010 Chrysler 300 / 300C Mesh Front Hood Bumper Grille - Glossy Black,RRTUHP38DY5PO,5,TRUE,TRUE,FALSE,0,2020-06-02,Antonio,,Really good price for a good look !,2005-2010-chrysler-300-front-grille-matte-black-replacement,our_prior_resolution,no_fix_record,,,,
5. RATING INFERRED — STAR RATING NOT DIRECTLY SCRAPED,"Review body is accurate but the star (1-5) was INFERRED from review sentiment — not extracted directly from Amazon's rating widget. FTC 16 CFR Part 255 prohibits displaying inferred ratings without disclosure, so it's held back.","Re-scrape this review_id directly from amazon.com — pull the star from the rating widget (look for a-icon-star class), not from sentiment. Verify the star matches across both the review-list and review-detail views.",RATING_VERIFIED:[N]   OR   RATING_DROP:[reason]   OR   RATING_KEEP_INFERRED,RATING_VERIFIED:5  |  RATING_DROP:review removed from Amazon  |  RATING_KEEP_INFERRED  (publishes with 'rating estimated' disclosure label),B07MNHX41C,th-rx35010-c143,"Class 3 III Black 2"" Receiver Tube Rear Bumper Trailer Tow Hitch Towing Mount Compatible with 10-15 Lexus RX350 / RX450H",R344988TIQK34K,5,TRUE,TRUE,FALSE,0,2020-08-20,Axel Contreras,,"it was the cheapest one on Amazon for my car and when I installed it it was basically a bolt on very strong very nice looking piece of metal, my 2011 lexus rx350 looks good  with this trailer hitch you can hardly see it",2010-2015-lexus-rx350-rx450h-class-3-trailer-hitch-black,our_prior_resolution,no_fix_record,,,,
5. RATING INFERRED — STAR RATING NOT DIRECTLY SCRAPED,"Review body is accurate but the star (1-5) was INFERRED from review sentiment — not extracted directly from Amazon's rating widget. FTC 16 CFR Part 255 prohibits displaying inferred ratings without disclosure, so it's held back.","Re-scrape this review_id directly from amazon.com — pull the star from the rating widget (look for a-icon-star class), not from sentiment. Verify the star matches across both the review-list and review-detail views.",RATING_VERIFIED:[N]   OR   RATING_DROP:[reason]   OR   RATING_KEEP_INFERRED,RATING_VERIFIED:5  |  RATING_DROP:review removed from Amazon  |  RATING_KEEP_INFERRED  (publishes with 'rating estimated' disclosure label),B0829LMDT4,sbda-taco05-6p+sbda-v2-86-mb,Matte Black Aluminum Hoop Drop Step Side Nerf Bars Rail Running Boards v2 Compatible with 05-22 Toyota Tacoma Double (Crew) Cab,RT5RCNUUVB16T,5,TRUE,TRUE,FALSE,0,2020-10-18,Amazon Customer,,Love how they look and very sturdy,2005-2022-toyota-tacoma-86-aluminum-running-boards-matte-black,team,mapped_medium_confidence_pending_verify,2005-2022-toyota-tacoma-86-aluminum-running-boards-matte-black,sbda-taco05-6p=Tacoma 2005 6-piece aluminum running boards; sbda-v2-86-mb=86-series aluminum matte black; handle=05-22 Tacoma 86-inch aluminum running boards matte black. Cab type unspecified in SKU (no dc/ac suffix) and combo includes two components; verify cab fitment before promoting to high,,
5. RATING INFERRED — STAR RATING NOT DIRECTLY SCRAPED,"Review body is accurate but the star (1-5) was INFERRED from review sentiment — not extracted directly from Amazon's rating widget. FTC 16 CFR Part 255 prohibits displaying inferred ratings without disclosure, so it's held back.","Re-scrape this review_id directly from amazon.com — pull the star from the rating widget (look for a-icon-star class), not from sentiment. Verify the star matches across both the review-list and review-detail views.",RATING_VERIFIED:[N]   OR   RATING_DROP:[reason]   OR   RATING_KEEP_INFERRED,RATING_VERIFIED:5  |  RATING_DROP:review removed from Amazon  |  RATING_KEEP_INFERRED  (publishes with 'rating estimated' disclosure label),B07P11XPJZ,bghd-tun99-al,Stehlen 733469494140 Compatible with 1999 2000-2006 Toyota Tundra / 2001-2007 Sequoia Advance Series Aluminum LED Bull Bar - Matte Black/Brush Aluminum Skid Plate,R1319S17U4PVU3,5,TRUE,TRUE,FALSE,0,2020-10-21,PhatPhredPhD,,"Very sturdy and well built!  Assembly was fairly easy with a second person to support the bar.  The instructions were decent, although I would suggest they weld the mounting nuts to the bar.  I had to use some double sided tape to get them to stay in place while attaching the bar to the mounting brackets because the angle made the nuts slide out of place.  Had a minor parts issue but the seller was extremely responsive and helpful.",2000-2007-toyota-tundra-sequoia-advanced-bull-guard-matte-black,team,mapped_high_confidence,2000-2007-toyota-tundra-sequoia-advanced-bull-guard-matte-black,bghd-tun99-al=Tundra 1999 AL-series bull bar; handle=00-07 Toyota Tundra/Sequoia advanced bull guard matte black; title says 99-06 Tundra + 01-07 Sequoia; handle covers 2000-2007 range — 1999 Tundra is the only year slightly outside but handle is the correct product. Make/model/years/style match,,
5. RATING INFERRED — STAR RATING NOT DIRECTLY SCRAPED,"Review body is accurate but the star (1-5) was INFERRED from review sentiment — not extracted directly from Amazon's rating widget. FTC 16 CFR Part 255 prohibits displaying inferred ratings without disclosure, so it's held back.","Re-scrape this review_id directly from amazon.com — pull the star from the rating widget (look for a-icon-star class), not from sentiment. Verify the star matches across both the review-list and review-detail views.",RATING_VERIFIED:[N]   OR   RATING_DROP:[reason]   OR   RATING_KEEP_INFERRED,RATING_VERIFIED:5  |  RATING_DROP:review removed from Amazon  |  RATING_KEEP_INFERRED  (publishes with 'rating estimated' disclosure label),B0855QS2QF,fg-300c05-me-bk,Stehlen 642167819509 Compatible With 2004 2005-2010 Chrysler 300 / 300C Mesh Front Hood Bumper Grille - Glossy Black,RB1BI7UNQKCWT,5,TRUE,TRUE,FALSE,0,2020-10-27,Jesus Duque-Barajas,,Better then expected. Fits great.,2005-2010-chrysler-300-front-grille-matte-black-replacement,our_prior_resolution,no_fix_record,,,,
5. RATING INFERRED — STAR RATING NOT DIRECTLY SCRAPED,"Review body is accurate but the star (1-5) was INFERRED from review sentiment — not extracted directly from Amazon's rating widget. FTC 16 CFR Part 255 prohibits displaying inferred ratings without disclosure, so it's held back.","Re-scrape this review_id directly from amazon.com — pull the star from the rating widget (look for a-icon-star class), not from sentiment. Verify the star matches across both the review-list and review-detail views.",RATING_VERIFIED:[N]   OR   RATING_DROP:[reason]   OR   RATING_KEEP_INFERRED,RATING_VERIFIED:5  |  RATING_DROP:review removed from Amazon  |  RATING_KEEP_INFERRED  (publishes with 'rating estimated' disclosure label),B0856VX2ZL,fg-cha06-me-bk,Stehlen 642167821588 Compatible With 2005 2006-2010 Dodge Charger Mesh Front Hood Bumper Grille - Glossy Black,R70NA5KRGRXB2,5,TRUE,TRUE,FALSE,0,2020-10-27,Baron De Vasher,,Loved it was easy to install exactly as described and we'll packaged,2006-2010-dodge-charger-front-grille-mesh-style-matte-black,our_prior_resolution,no_fix_record,,,,
5. RATING INFERRED — STAR RATING NOT DIRECTLY SCRAPED,"Review body is accurate but the star (1-5) was INFERRED from review sentiment — not extracted directly from Amazon's rating widget. FTC 16 CFR Part 255 prohibits displaying inferred ratings without disclosure, so it's held back.","Re-scrape this review_id directly from amazon.com — pull the star from the rating widget (look for a-icon-star class), not from sentiment. Verify the star matches across both the review-list and review-detail views.",RATING_VERIFIED:[N]   OR   RATING_DROP:[reason]   OR   RATING_KEEP_INFERRED,RATING_VERIFIED:5  |  RATING_DROP:review removed from Amazon  |  RATING_KEEP_INFERRED  (publishes with 'rating estimated' disclosure label),B07MNH6ZBY,th-foc005d-a296,"Class 1 I Black 1.25"" Receiver Tube Rear Bumper Trailer Tow Hitch Towing Mount Compatible with 00-07 Ford Focus 4/5 Door Wagon",R1HJLRQNZSCX32,5,TRUE,TRUE,FALSE,0,2020-12-27,Old Dirt McGirt,,Super easy install!  Quality hitch. Does the job.,2000-2007-ford-focus-wagon-class-1-trailer-hitch-black-11296,our_prior_resolution,no_fix_record,,,,
5. RATING INFERRED — STAR RATING NOT DIRECTLY SCRAPED,"Review body is accurate but the star (1-5) was INFERRED from review sentiment — not extracted directly from Amazon's rating widget. FTC 16 CFR Part 255 prohibits displaying inferred ratings without disclosure, so it's held back.","Re-scrape this review_id directly from amazon.com — pull the star from the rating widget (look for a-icon-star class), not from sentiment. Verify the star matches across both the review-list and review-detail views.",RATING_VERIFIED:[N]   OR   RATING_DROP:[reason]   OR   RATING_KEEP_INFERRED,RATING_VERIFIED:5  |  RATING_DROP:review removed from Amazon  |  RATING_KEEP_INFERRED  (publishes with 'rating estimated' disclosure label),B086C4KQML,fg-grzd-dnl07-bk,Stehlen 642167821243 Compatible With 2007-2014 GMC Yukon/XL/Denali Round Hole Mesh Front Hood Bumper Grille - Glossy Black,R34EFTF8591IFJ,5,TRUE,TRUE,FALSE,0,2021-02-16,Papa999,,Looks good. Fits correctly. Pain to install.. but not fault of item. No install instructions (head to youtube).,2007-2014-gmc-yukon-yukon-xl-front-grille-matte-black,our_prior_resolution,no_fix_record,,,,
5. RATING INFERRED — STAR RATING NOT DIRECTLY SCRAPED,"Review body is accurate but the star (1-5) was INFERRED from review sentiment — not extracted directly from Amazon's rating widget. FTC 16 CFR Part 255 prohibits displaying inferred ratings without disclosure, so it's held back.","Re-scrape this review_id directly from amazon.com — pull the star from the rating widget (look for a-icon-star class), not from sentiment. Verify the star matches across both the review-list and review-detail views.",RATING_VERIFIED:[N]   OR   RATING_DROP:[reason]   OR   RATING_KEEP_INFERRED,RATING_VERIFIED:5  |  RATING_DROP:review removed from Amazon  |  RATING_KEEP_INFERRED  (publishes with 'rating estimated' disclosure label),B07YH539CJ,fg-tit04-me-mb,Matte Black Mesh Front Hood Bumper Grill Grille Guard ABS Compatible With 04-07 Titan / 05-07 Armada,R2RRFMQHQ4X9AR,5,TRUE,TRUE,FALSE,0,2021-04-05,Child of GOD,,Great product for the money.. gave me the look I wanted,2004-2007-nissan-titan-armada-front-grille-matte-black,team,mapped_high_confidence,2004-2007-nissan-titan-armada-front-grille-matte-black,fg-tit04-me-mb=Titan 2004 mesh matte black; handle=04-07 Nissan Titan/Armada matte black; make/model/years/finish all match,,
5. RATING INFERRED — STAR RATING NOT DIRECTLY SCRAPED,"Review body is accurate but the star (1-5) was INFERRED from review sentiment — not extracted directly from Amazon's rating widget. FTC 16 CFR Part 255 prohibits displaying inferred ratings without disclosure, so it's held back.","Re-scrape this review_id directly from amazon.com — pull the star from the rating widget (look for a-icon-star class), not from sentiment. Verify the star matches across both the review-list and review-detail views.",RATING_VERIFIED:[N]   OR   RATING_DROP:[reason]   OR   RATING_KEEP_INFERRED,RATING_VERIFIED:5  |  RATING_DROP:review removed from Amazon  |  RATING_KEEP_INFERRED  (publishes with 'rating estimated' disclosure label),B085Z5J5LZ,fg-f15004-rvt-me-mb,Stehlen 642167821687 Compatible With 2004-2008 Ford F150 Rivet Bolt Steel Mesh Front Hood Bumper Grille - Matte Black,RLQGL50EK7SLQ,5,TRUE,TRUE,FALSE,0,2021-05-19,Placeholder,,Love the look of this grill on my F150. The only negative is there is a gap at the bottom where the contour follows the bumper and it does get stuck on the bumpstops from time to time.,2004-2008-ford-f-150-mesh-rivet-style-front-grille-matte-black,our_prior_resolution,no_fix_record,,,,
5. RATING INFERRED — STAR RATING NOT DIRECTLY SCRAPED,"Review body is accurate but the star (1-5) was INFERRED from review sentiment — not extracted directly from Amazon's rating widget. FTC 16 CFR Part 255 prohibits displaying inferred ratings without disclosure, so it's held back.","Re-scrape this review_id directly from amazon.com — pull the star from the rating widget (look for a-icon-star class), not from sentiment. Verify the star matches across both the review-list and review-detail views.",RATING_VERIFIED:[N]   OR   RATING_DROP:[reason]   OR   RATING_KEEP_INFERRED,RATING_VERIFIED:5  |  RATING_DROP:review removed from Amazon  |  RATING_KEEP_INFERRED  (publishes with 'rating estimated' disclosure label),B07T81XG6C,sbhd-tit04xc-4-bk,"Stehlen 733469496670 Compatible with 2004-2024 Titan / 2017-2019 Titan XD King (Extended) Cab 4"" Oval Side Step Nerf Bars - Black",R2YX23K6IEGYCI,5,TRUE,TRUE,FALSE,0,2021-06-18,Hillary D. Dodson,,Easy to install yourself and makes getting in and out of the truck so much nicer!,2004-2024-nissan-titan-crew-cab-4-oval-side-step-bars-matte-black,team,mapped_medium_confidence_pending_verify,2004-2024-nissan-titan-crew-cab-4-oval-side-step-bars-matte-black,sbhd-tit04xc-4-bk=Titan 2004 XC (extended/king cab) 4-inch black; handle=04-24 Nissan Titan crew cab 4-oval matte black; title confirms extended cab for 2017-19 Titan XD; note: jl_sku -bk means glossy black but handle says matte black — finish discrepancy; also xc may be extended cab not crew cab; medium until finish and cab-type confirmed,,
5. RATING INFERRED — STAR RATING NOT DIRECTLY SCRAPED,"Review body is accurate but the star (1-5) was INFERRED from review sentiment — not extracted directly from Amazon's rating widget. FTC 16 CFR Part 255 prohibits displaying inferred ratings without disclosure, so it's held back.","Re-scrape this review_id directly from amazon.com — pull the star from the rating widget (look for a-icon-star class), not from sentiment. Verify the star matches across both the review-list and review-detail views.",RATING_VERIFIED:[N]   OR   RATING_DROP:[reason]   OR   RATING_KEEP_INFERRED,RATING_VERIFIED:5  |  RATING_DROP:review removed from Amazon  |  RATING_KEEP_INFERRED  (publishes with 'rating estimated' disclosure label),B07SRF5SSL,sbhd-f15004sc-5-mb,"Stehlen 733469496953 Compatible with 2004-2008 Ford F150 Super (Extended) Cab 5"" Oval Side Step Nerf Bars - Matte Black",R13HJRZXGBWCGC,5,TRUE,TRUE,FALSE,0,2021-07-16,stephen,,They were easy to install and seems like a nice quality product,04-08-ford-f-150-super-cab-5-oval-side-step-bars-black,team,mapped_medium_confidence_pending_verify,04-08-ford-f-150-super-cab-5-oval-side-step-bars-black,sbhd-f15004sc-5-mb=F150 2004 Super Cab 5-inch oval matte black; closest handle is the glossy black 5-oval super cab variant (-bk not -mb); no dedicated matte black 5-inch super cab F150 04-08 handle exists — black handle is the best available match but finish differs,,
5. RATING INFERRED — STAR RATING NOT DIRECTLY SCRAPED,"Review body is accurate but the star (1-5) was INFERRED from review sentiment — not extracted directly from Amazon's rating widget. FTC 16 CFR Part 255 prohibits displaying inferred ratings without disclosure, so it's held back.","Re-scrape this review_id directly from amazon.com — pull the star from the rating widget (look for a-icon-star class), not from sentiment. Verify the star matches across both the review-list and review-detail views.",RATING_VERIFIED:[N]   OR   RATING_DROP:[reason]   OR   RATING_KEEP_INFERRED,RATING_VERIFIED:5  |  RATING_DROP:review removed from Amazon  |  RATING_KEEP_INFERRED  (publishes with 'rating estimated' disclosure label),B07RRSJ2KS,fggg-grz-f15004-h-mb,Matte Black Horizontal Front Hood Bumper Grill Grille Guard ABS Compatible With 04-08 Ford F150,R2XQK4XSAIJL75,5,TRUE,TRUE,FALSE,0,2021-07-24,Lobo,,Perfect fit for 2006 F150,2004-2008-ford-f-150-front-grille-matte-black-mesh-style,team,mapped_high_confidence,2004-2008-ford-f-150-front-grille-matte-black-mesh-style,fggg-grz-f15004-h-mb=F150 2004 horizontal mesh matte black; handle=04-08 F-150 matte black mesh style; make/model/years/finish all match,,
5. RATING INFERRED — STAR RATING NOT DIRECTLY SCRAPED,"Review body is accurate but the star (1-5) was INFERRED from review sentiment — not extracted directly from Amazon's rating widget. FTC 16 CFR Part 255 prohibits displaying inferred ratings without disclosure, so it's held back.","Re-scrape this review_id directly from amazon.com — pull the star from the rating widget (look for a-icon-star class), not from sentiment. Verify the star matches across both the review-list and review-detail views.",RATING_VERIFIED:[N]   OR   RATING_DROP:[reason]   OR   RATING_KEEP_INFERRED,RATING_VERIFIED:5  |  RATING_DROP:review removed from Amazon  |  RATING_KEEP_INFERRED  (publishes with 'rating estimated' disclosure label),B085Z52V3H,fggg-gr-camy10-me-bk,Stehlen 642167820161 Compatible With 2010-2011 Toyota Camry Mesh Front Hood Bumper Grille - Glossy Black,R1DA9W1SR018PR,5,TRUE,TRUE,FALSE,0,2021-08-02,Joe Collier,,It was a perfect fit and it looks great.,2010-2011-toyota-camry-mesh-front-grille-black,our_prior_resolution,no_fix_record,,,,
5. RATING INFERRED — STAR RATING NOT DIRECTLY SCRAPED,"Review body is accurate but the star (1-5) was INFERRED from review sentiment — not extracted directly from Amazon's rating widget. FTC 16 CFR Part 255 prohibits displaying inferred ratings without disclosure, so it's held back.","Re-scrape this review_id directly from amazon.com — pull the star from the rating widget (look for a-icon-star class), not from sentiment. Verify the star matches across both the review-list and review-detail views.",RATING_VERIFIED:[N]   OR   RATING_DROP:[reason]   OR   RATING_KEEP_INFERRED,RATING_VERIFIED:5  |  RATING_DROP:review removed from Amazon  |  RATING_KEEP_INFERRED  (publishes with 'rating estimated' disclosure label),B08PQB9V23,sbrs-sil19dc-rs2-tb,Textured Black Round Pattern Rock Slider Rocker Style Side Step Rail Nerf Bars Running Boards Compatible with 19-21 Chevy Silverado GMC Sierra 1500/2022 LTD Limited Double (Extended) Cab,R19W2JDMJH6WNP,5,TRUE,TRUE,FALSE,0,2021-08-31,Dick Jones,,"East to install, all hardware was compatible with my truck. Very sturdy. Great value.",2019-chevy-silverado-gmc-sierra-crew-cab-rock-sliders-texture-black,team,mapped_high_confidence,2019-chevy-silverado-gmc-sierra-crew-cab-rock-sliders-texture-black,sbrs-sil19dc=Silverado 2019 double/crew cab rock slider RS2 texture black; handle=2019 Chevy Silverado/GMC Sierra crew cab rock sliders texture black; make/model/year/cab-type/finish all match,,
5. RATING INFERRED — STAR RATING NOT DIRECTLY SCRAPED,"Review body is accurate but the star (1-5) was INFERRED from review sentiment — not extracted directly from Amazon's rating widget. FTC 16 CFR Part 255 prohibits displaying inferred ratings without disclosure, so it's held back.","Re-scrape this review_id directly from amazon.com — pull the star from the rating widget (look for a-icon-star class), not from sentiment. Verify the star matches across both the review-list and review-detail views.",RATING_VERIFIED:[N]   OR   RATING_DROP:[reason]   OR   RATING_KEEP_INFERRED,RATING_VERIFIED:5  |  RATING_DROP:review removed from Amazon  |  RATING_KEEP_INFERRED  (publishes with 'rating estimated' disclosure label),B085LX2Q7F,fg-tit04-me-mb,Stehlen 642167821984 Compatible With 2004-2007 Titan / 2005-2007 Armada Mesh Front Hood Bumper Grille - Matte Black,R1HZ2IJW0AADSS,5,TRUE,TRUE,FALSE,0,2021-10-21,ildegard sierra jr,,looks good but u have to cut a notch to make it fit 2007 nissan titan,2004-2007-nissan-titan-armada-front-grille-matte-black,team,mapped_high_confidence,2004-2007-nissan-titan-armada-front-grille-matte-black,same SKU as B07YH539CJ above; fg-tit04-me-mb=Titan 2004 mesh matte black; handle=04-07 Nissan Titan/Armada matte black; make/model/years/finish all match,,
5. RATING INFERRED — STAR RATING NOT DIRECTLY SCRAPED,"Review body is accurate but the star (1-5) was INFERRED from review sentiment — not extracted directly from Amazon's rating widget. FTC 16 CFR Part 255 prohibits displaying inferred ratings without disclosure, so it's held back.","Re-scrape this review_id directly from amazon.com — pull the star from the rating widget (look for a-icon-star class), not from sentiment. Verify the star matches across both the review-list and review-detail views.",RATING_VERIFIED:[N]   OR   RATING_DROP:[reason]   OR   RATING_KEEP_INFERRED,RATING_VERIFIED:5  |  RATING_DROP:review removed from Amazon  |  RATING_KEEP_INFERRED  (publishes with 'rating estimated' disclosure label),B081W1DY1Z,fg-f25005-rvt-me-mb,Matte Black RVT Rivet Bolt Steel Mesh Front Hood Bumper Grill Grille Guard ABS Compatible With 05-07 Ford F250 F350 F450 F550 Superduty / 2005 Excursion,R1IH6FN1FML7CO,5,TRUE,TRUE,FALSE,0,2021-12-31,Jasen atack,,"Love how this looks. Metal frame and nice quality.  Only thing negative I can say is the bottom clips were slightly off on my 05 f250. However I made it fit using my factory clips on the bottom instead of what came in the box. Fit nice and tight, seems solid. Great cosmetic upgrade for the f250 though",05-07-ford-f250-f350-f450-studded-mesh-rivet-grille-matte-black,our_prior_resolution,no_fix_record,,,,
5. RATING INFERRED — STAR RATING NOT DIRECTLY SCRAPED,"Review body is accurate but the star (1-5) was INFERRED from review sentiment — not extracted directly from Amazon's rating widget. FTC 16 CFR Part 255 prohibits displaying inferred ratings without disclosure, so it's held back.","Re-scrape this review_id directly from amazon.com — pull the star from the rating widget (look for a-icon-star class), not from sentiment. Verify the star matches across both the review-list and review-detail views.",RATING_VERIFIED:[N]   OR   RATING_DROP:[reason]   OR   RATING_KEEP_INFERRED,RATING_VERIFIED:5  |  RATING_DROP:review removed from Amazon  |  RATING_KEEP_INFERRED  (publishes with 'rating estimated' disclosure label),B07L7XSMVT,bghd-tit04-av-mb,Stehlen 714937183995 Compatible With 2004-2015 Titan/Armada Advance Series Bull Bar - Matte Black,R13819L1RO5L09,5,TRUE,TRUE,FALSE,0,2022-03-17,Sandy Hayward,,"Excellent product, custom look like it was made for the truck from the manufacturer. Highly recommend! Seller was great to work with! Responsive, timely and helpful!",2004-2015-nissan-titan-armada-bull-guard-w-skid-plate-matte-black,team,mapped_high_confidence,2004-2015-nissan-titan-armada-bull-guard-w-skid-plate-matte-black,bghd-tit04-av-mb=Titan/Armada 2004 AVT-style matte black bull bar; handle=04-15 Nissan Titan/Armada bull guard with skid plate matte black; make/model/years/finish all match,,
5. RATING INFERRED — STAR RATING NOT DIRECTLY SCRAPED,"Review body is accurate but the star (1-5) was INFERRED from review sentiment — not extracted directly from Amazon's rating widget. FTC 16 CFR Part 255 prohibits displaying inferred ratings without disclosure, so it's held back.","Re-scrape this review_id directly from amazon.com — pull the star from the rating widget (look for a-icon-star class), not from sentiment. Verify the star matches across both the review-list and review-detail views.",RATING_VERIFIED:[N]   OR   RATING_DROP:[reason]   OR   RATING_KEEP_INFERRED,RATING_VERIFIED:5  |  RATING_DROP:review removed from Amazon  |  RATING_KEEP_INFERRED  (publishes with 'rating estimated' disclosure label),B07SRF5SSL,sbhd-f15004sc-5-mb,"Stehlen 733469496953 Compatible with 2004-2008 Ford F150 Super (Extended) Cab 5"" Oval Side Step Nerf Bars - Matte Black",R3A74YFB0K0X38,5,TRUE,TRUE,FALSE,0,2022-04-18,rosa,,Fit good and easy to install,04-08-ford-f-150-super-cab-5-oval-side-step-bars-black,team,mapped_medium_confidence_pending_verify,04-08-ford-f-150-super-cab-5-oval-side-step-bars-black,sbhd-f15004sc-5-mb=F150 2004 Super Cab 5-inch oval matte black; closest handle is the glossy black 5-oval super cab variant (-bk not -mb); no dedicated matte black 5-inch super cab F150 04-08 handle exists — black handle is the best available match but finish differs,,
5. RATING INFERRED — STAR RATING NOT DIRECTLY SCRAPED,"Review body is accurate but the star (1-5) was INFERRED from review sentiment — not extracted directly from Amazon's rating widget. FTC 16 CFR Part 255 prohibits displaying inferred ratings without disclosure, so it's held back.","Re-scrape this review_id directly from amazon.com — pull the star from the rating widget (look for a-icon-star class), not from sentiment. Verify the star matches across both the review-list and review-detail views.",RATING_VERIFIED:[N]   OR   RATING_DROP:[reason]   OR   RATING_KEEP_INFERRED,RATING_VERIFIED:5  |  RATING_DROP:review removed from Amazon  |  RATING_KEEP_INFERRED  (publishes with 'rating estimated' disclosure label),B07YH539CJ,fg-tit04-me-mb,Matte Black Mesh Front Hood Bumper Grill Grille Guard ABS Compatible With 04-07 Titan / 05-07 Armada,RKWFCRSNPXV4T,5,TRUE,TRUE,FALSE,0,2022-05-06,Jared Schmidt,,Looks great with the headlights I installed. This fit my 08 Titan SE,2004-2007-nissan-titan-armada-front-grille-matte-black,team,mapped_high_confidence,2004-2007-nissan-titan-armada-front-grille-matte-black,fg-tit04-me-mb=Titan 2004 mesh matte black; handle=04-07 Nissan Titan/Armada matte black; make/model/years/finish all match,,
5. RATING INFERRED — STAR RATING NOT DIRECTLY SCRAPED,"Review body is accurate but the star (1-5) was INFERRED from review sentiment — not extracted directly from Amazon's rating widget. FTC 16 CFR Part 255 prohibits displaying inferred ratings without disclosure, so it's held back.","Re-scrape this review_id directly from amazon.com — pull the star from the rating widget (look for a-icon-star class), not from sentiment. Verify the star matches across both the review-list and review-detail views.",RATING_VERIFIED:[N]   OR   RATING_DROP:[reason]   OR   RATING_KEEP_INFERRED,RATING_VERIFIED:5  |  RATING_DROP:review removed from Amazon  |  RATING_KEEP_INFERRED  (publishes with 'rating estimated' disclosure label),B07YGNWMYJ,fg-ram14oe-me-mb,Matte Black OE Honeycomb Mesh Front Hood Bumper Grill Grille Guard ABS Compatible With 13-18 Dodge Ram 1500/19-24 Classic,R319P3P5UJ2U5U,5,TRUE,TRUE,FALSE,0,2022-07-18,Timothy R.,,"This grille gave me the look I was going for on my 2017 Ram 1500 and was very easy to install.





It took all of 10 minutes to unpack, install and close the hood.  Had it on the truck a couple months now and not only does it look great, but is holding up to rock chips and bugs just fine.",2013-2024-ram-1500-oem-mesh-style-front-grille-black,team,mapped_medium_confidence_pending_verify,2013-2024-ram-1500-oem-mesh-style-front-grille-black,fg-ram14oe-me-mb=Ram 1500 2014 OE mesh matte black; only matte black OE handle in catalog is labeled -black not -matte-black; product is likely the same but finish label discrepancy warrants owner confirmation,,
5. RATING INFERRED — STAR RATING NOT DIRECTLY SCRAPED,"Review body is accurate but the star (1-5) was INFERRED from review sentiment — not extracted directly from Amazon's rating widget. FTC 16 CFR Part 255 prohibits displaying inferred ratings without disclosure, so it's held back.","Re-scrape this review_id directly from amazon.com — pull the star from the rating widget (look for a-icon-star class), not from sentiment. Verify the star matches across both the review-list and review-detail views.",RATING_VERIFIED:[N]   OR   RATING_DROP:[reason]   OR   RATING_KEEP_INFERRED,RATING_VERIFIED:5  |  RATING_DROP:review removed from Amazon  |  RATING_KEEP_INFERRED  (publishes with 'rating estimated' disclosure label),B07LC18YJF,fggg-grzv-f25099-vt-ch,Chrome Vertical Front Hood Bumper Grill Grille Guard ABS Compatible With 99-04 Ford F250 F350 F450 F550 Superduty / 00-04 Excursion,R2E3YRSNYV0UBA,5,TRUE,TRUE,FALSE,0,2022-07-25,Tommy,,Great price and looks great made the front stand out.,1999-2004-ford-super-duty-excursion-front-grille-chrome,our_prior_resolution,no_fix_record,,,,
5. RATING INFERRED — STAR RATING NOT DIRECTLY SCRAPED,"Review body is accurate but the star (1-5) was INFERRED from review sentiment — not extracted directly from Amazon's rating widget. FTC 16 CFR Part 255 prohibits displaying inferred ratings without disclosure, so it's held back.","Re-scrape this review_id directly from amazon.com — pull the star from the rating widget (look for a-icon-star class), not from sentiment. Verify the star matches across both the review-list and review-detail views.",RATING_VERIFIED:[N]   OR   RATING_DROP:[reason]   OR   RATING_KEEP_INFERRED,RATING_VERIFIED:5  |  RATING_DROP:review removed from Amazon  |  RATING_KEEP_INFERRED  (publishes with 'rating estimated' disclosure label),B07KCS4SNJ,th-tran15-c193,"Stehlen 733469489108 Compatible with 2015-2021 Ford Transit 150/250 / 350 Class 3 Trailer Tow Hitch Receiver 2""",RVFHEM7PBVB43,5,TRUE,TRUE,FALSE,0,2022-08-03,Brent C.,,"Overall a great product.





Installation is easy and straightforward





Self tapping bolts struggle with an impact driver. I would recommend using an impact gun as it was a struggle to get them to bite and about halfway through it was too much the for my impact driver to handle. Finished them manually and torqued everything to spec.





Hitch itself came with a tiny bit of rust and some flaking paint about an inch long seller worked with me to correct the issue since I don’t have time to send it back",2015-2021-ford-transit-150-250-350-class-3-trailer-hitch-13193,our_prior_resolution,no_fix_record,,,,
5. RATING INFERRED — STAR RATING NOT DIRECTLY SCRAPED,"Review body is accurate but the star (1-5) was INFERRED from review sentiment — not extracted directly from Amazon's rating widget. FTC 16 CFR Part 255 prohibits displaying inferred ratings without disclosure, so it's held back.","Re-scrape this review_id directly from amazon.com — pull the star from the rating widget (look for a-icon-star class), not from sentiment. Verify the star matches across both the review-list and review-detail views.",RATING_VERIFIED:[N]   OR   RATING_DROP:[reason]   OR   RATING_KEEP_INFERRED,RATING_VERIFIED:5  |  RATING_DROP:review removed from Amazon  |  RATING_KEEP_INFERRED  (publishes with 'rating estimated' disclosure label),B07XSFBVTF,fg-ram06-me-mb,Matte Black Mesh Front Hood Bumper Grill Grille Guard ABS Compatible With 06-08 Dodge Ram 1500/06-09 2500 3500,RPOA94D1YJ4KU,5,TRUE,TRUE,FALSE,0,2022-09-30,Roland Hall,,"It was a direct swap for my 06, fits good with no wierd gaps or anything like that. Easily paintable if thats what you like. Overall great value and good fit",2006-2009-dodge-ram-1500-2500-3500-mesh-front-grille-matte-black,our_prior_resolution,no_fix_record,,,,
5. RATING INFERRED — STAR RATING NOT DIRECTLY SCRAPED,"Review body is accurate but the star (1-5) was INFERRED from review sentiment — not extracted directly from Amazon's rating widget. FTC 16 CFR Part 255 prohibits displaying inferred ratings without disclosure, so it's held back.","Re-scrape this review_id directly from amazon.com — pull the star from the rating widget (look for a-icon-star class), not from sentiment. Verify the star matches across both the review-list and review-detail views.",RATING_VERIFIED:[N]   OR   RATING_DROP:[reason]   OR   RATING_KEEP_INFERRED,RATING_VERIFIED:5  |  RATING_DROP:review removed from Amazon  |  RATING_KEEP_INFERRED  (publishes with 'rating estimated' disclosure label),B07XSFBVTF,fg-ram06-me-mb,Matte Black Mesh Front Hood Bumper Grill Grille Guard ABS Compatible With 06-08 Dodge Ram 1500/06-09 2500 3500,R23FERWWA45CWL,5,TRUE,TRUE,FALSE,0,2022-12-06,Andrew Roman,,"Nice grille, not gloss black so be aware. Easy install. Fits perfect for 3rd gen rams.",2006-2009-dodge-ram-1500-2500-3500-mesh-front-grille-matte-black,our_prior_resolution,no_fix_record,,,,
5. RATING INFERRED — STAR RATING NOT DIRECTLY SCRAPED,"Review body is accurate but the star (1-5) was INFERRED from review sentiment — not extracted directly from Amazon's rating widget. FTC 16 CFR Part 255 prohibits displaying inferred ratings without disclosure, so it's held back.","Re-scrape this review_id directly from amazon.com — pull the star from the rating widget (look for a-icon-star class), not from sentiment. Verify the star matches across both the review-list and review-detail views.",RATING_VERIFIED:[N]   OR   RATING_DROP:[reason]   OR   RATING_KEEP_INFERRED,RATING_VERIFIED:5  |  RATING_DROP:review removed from Amazon  |  RATING_KEEP_INFERRED  (publishes with 'rating estimated' disclosure label),B07XSFBVTF,fg-ram06-me-mb,Matte Black Mesh Front Hood Bumper Grill Grille Guard ABS Compatible With 06-08 Dodge Ram 1500/06-09 2500 3500,R6FBAFC3C6RY7,5,TRUE,TRUE,FALSE,0,2023-01-13,Adriano Policicchio,,Great product looks great,2006-2009-dodge-ram-1500-2500-3500-mesh-front-grille-matte-black,our_prior_resolution,no_fix_record,,,,
5. RATING INFERRED — STAR RATING NOT DIRECTLY SCRAPED,"Review body is accurate but the star (1-5) was INFERRED from review sentiment — not extracted directly from Amazon's rating widget. FTC 16 CFR Part 255 prohibits displaying inferred ratings without disclosure, so it's held back.","Re-scrape this review_id directly from amazon.com — pull the star from the rating widget (look for a-icon-star class), not from sentiment. Verify the star matches across both the review-list and review-detail views.",RATING_VERIFIED:[N]   OR   RATING_DROP:[reason]   OR   RATING_KEEP_INFERRED,RATING_VERIFIED:5  |  RATING_DROP:review removed from Amazon  |  RATING_KEEP_INFERRED  (publishes with 'rating estimated' disclosure label),B087LLSXQ7,tc-s1094-6-lth,"Low Profile Hard Tri Fold Aluminum Truck Bed Tonneau Cover Compatible with 94-03 Chevy S10 GMC S15 Sonoma / 96-00 Isuzu Hombre 6 Ft (72"") Bed",R2H2KCCE6YT2NT,5,TRUE,TRUE,FALSE,0,2023-01-25,Alex,,The bed cover was shipped well packaged and appears to be well made. Installation was fairly straightforward but instructions were confusing. The reason for 4 stars and not 5 is security. Anyone can simply slide a small hook or screwdriver in the center and push or pull to release the cable and open the cover even if your tailgate is locked. I had to fabricate and install a 3.5 foot aluminum plate to block the cable.,1994-2004-chevy-s10-gmc-sonoma-6ft-hard-tri-fold-tonneau-cover,team,mapped_high_confidence,1994-2004-chevy-s10-gmc-sonoma-6ft-hard-tri-fold-tonneau-cover,tc-s1094-6=S10 1994 6ft hard tri-fold; handle=94-04 Chevy S10/GMC Sonoma 6ft hard tri-fold; make/model/years/bed-length/style all match,,
5. RATING INFERRED — STAR RATING NOT DIRECTLY SCRAPED,"Review body is accurate but the star (1-5) was INFERRED from review sentiment — not extracted directly from Amazon's rating widget. FTC 16 CFR Part 255 prohibits displaying inferred ratings without disclosure, so it's held back.","Re-scrape this review_id directly from amazon.com — pull the star from the rating widget (look for a-icon-star class), not from sentiment. Verify the star matches across both the review-list and review-detail views.",RATING_VERIFIED:[N]   OR   RATING_DROP:[reason]   OR   RATING_KEEP_INFERRED,RATING_VERIFIED:5  |  RATING_DROP:review removed from Amazon  |  RATING_KEEP_INFERRED  (publishes with 'rating estimated' disclosure label),B07YGNWMYJ,fg-ram14oe-me-mb,Matte Black OE Honeycomb Mesh Front Hood Bumper Grill Grille Guard ABS Compatible With 13-18 Dodge Ram 1500/19-24 Classic,R1FLWF8CQDA8OL,5,TRUE,TRUE,FALSE,0,2023-04-25,Nancy B,,"Item came in a box, well protected. I easity installed this item on my 2014 Ram 1500. Looks great.",2013-2024-ram-1500-oem-mesh-style-front-grille-black,team,mapped_medium_confidence_pending_verify,2013-2024-ram-1500-oem-mesh-style-front-grille-black,fg-ram14oe-me-mb=Ram 1500 2014 OE mesh matte black; only matte black OE handle in catalog is labeled -black not -matte-black; product is likely the same but finish label discrepancy warrants owner confirmation,,
5. RATING INFERRED — STAR RATING NOT DIRECTLY SCRAPED,"Review body is accurate but the star (1-5) was INFERRED from review sentiment — not extracted directly from Amazon's rating widget. FTC 16 CFR Part 255 prohibits displaying inferred ratings without disclosure, so it's held back.","Re-scrape this review_id directly from amazon.com — pull the star from the rating widget (look for a-icon-star class), not from sentiment. Verify the star matches across both the review-list and review-detail views.",RATING_VERIFIED:[N]   OR   RATING_DROP:[reason]   OR   RATING_KEEP_INFERRED,RATING_VERIFIED:5  |  RATING_DROP:review removed from Amazon  |  RATING_KEEP_INFERRED  (publishes with 'rating estimated' disclosure label),B085LX2Q7F,fg-tit04-me-mb,Stehlen 642167821984 Compatible With 2004-2007 Titan / 2005-2007 Armada Mesh Front Hood Bumper Grille - Matte Black,R2GEUWBV16I8X5,5,TRUE,TRUE,FALSE,0,2023-12-21,Troy Marinelli,,"Fit my 2008 Nissan Titan. Did have to cut a piece off so hood release wasn’t in way, but east fox and fit perfect! (Dog is taking a nap after our installation)",2004-2007-nissan-titan-armada-front-grille-matte-black,team,mapped_high_confidence,2004-2007-nissan-titan-armada-front-grille-matte-black,same SKU as B07YH539CJ above; fg-tit04-me-mb=Titan 2004 mesh matte black; handle=04-07 Nissan Titan/Armada matte black; make/model/years/finish all match,,
5. RATING INFERRED — STAR RATING NOT DIRECTLY SCRAPED,"Review body is accurate but the star (1-5) was INFERRED from review sentiment — not extracted directly from Amazon's rating widget. FTC 16 CFR Part 255 prohibits displaying inferred ratings without disclosure, so it's held back.","Re-scrape this review_id directly from amazon.com — pull the star from the rating widget (look for a-icon-star class), not from sentiment. Verify the star matches across both the review-list and review-detail views.",RATING_VERIFIED:[N]   OR   RATING_DROP:[reason]   OR   RATING_KEEP_INFERRED,RATING_VERIFIED:5  |  RATING_DROP:review removed from Amazon  |  RATING_KEEP_INFERRED  (publishes with 'rating estimated' disclosure label),B086C4KQML,fg-grzd-dnl07-bk,Stehlen 642167821243 Compatible With 2007-2014 GMC Yukon/XL/Denali Round Hole Mesh Front Hood Bumper Grille - Glossy Black,R3PCNP43WJ980P,5,TRUE,TRUE,FALSE,0,2024-03-12,Dominic Clay,,Love it its what I wanted it's what I got.,2007-2014-gmc-yukon-yukon-xl-front-grille-matte-black,our_prior_resolution,no_fix_record,,,,
5. RATING INFERRED — STAR RATING NOT DIRECTLY SCRAPED,"Review body is accurate but the star (1-5) was INFERRED from review sentiment — not extracted directly from Amazon's rating widget. FTC 16 CFR Part 255 prohibits displaying inferred ratings without disclosure, so it's held back.","Re-scrape this review_id directly from amazon.com — pull the star from the rating widget (look for a-icon-star class), not from sentiment. Verify the star matches across both the review-list and review-detail views.",RATING_VERIFIED:[N]   OR   RATING_DROP:[reason]   OR   RATING_KEEP_INFERRED,RATING_VERIFIED:5  |  RATING_DROP:review removed from Amazon  |  RATING_KEEP_INFERRED  (publishes with 'rating estimated' disclosure label),B07XSFBVTF,fg-ram06-me-mb,Matte Black Mesh Front Hood Bumper Grill Grille Guard ABS Compatible With 06-08 Dodge Ram 1500/06-09 2500 3500,R1GLG5EQOUD7S3,5,TRUE,TRUE,FALSE,0,2024-05-22,Courtney Noonan,,Received exactly what we ordered. Fit perfectly on my husbands truck. Easy to install.,2006-2009-dodge-ram-1500-2500-3500-mesh-front-grille-matte-black,our_prior_resolution,no_fix_record,,,,
5. RATING INFERRED — STAR RATING NOT DIRECTLY SCRAPED,"Review body is accurate but the star (1-5) was INFERRED from review sentiment — not extracted directly from Amazon's rating widget. FTC 16 CFR Part 255 prohibits displaying inferred ratings without disclosure, so it's held back.","Re-scrape this review_id directly from amazon.com — pull the star from the rating widget (look for a-icon-star class), not from sentiment. Verify the star matches across both the review-list and review-detail views.",RATING_VERIFIED:[N]   OR   RATING_DROP:[reason]   OR   RATING_KEEP_INFERRED,RATING_VERIFIED:5  |  RATING_DROP:review removed from Amazon  |  RATING_KEEP_INFERRED  (publishes with 'rating estimated' disclosure label),B07HB9NL2V,fggg-grzt-impa00-me-ch,Chrome Mesh Front Hood Bumper Grill Grille Guard ABS Compatible With 00-05 Chevy Impala,R34SMJ4VHPWIE1,5,TRUE,TRUE,FALSE,0,2024-11-13,Jimmy E. McCollum Jr.,,Looks great on my 01 Impala the fit was off a little. I could only use the center clamps but it secured it and still tighten it enough for it not to come. Still very tight and looks great!,2000-2005-chevy-impala-front-grille-chrome-finish,our_prior_resolution,no_fix_record,,,,
5. RATING INFERRED — STAR RATING NOT DIRECTLY SCRAPED,"Review body is accurate but the star (1-5) was INFERRED from review sentiment — not extracted directly from Amazon's rating widget. FTC 16 CFR Part 255 prohibits displaying inferred ratings without disclosure, so it's held back.","Re-scrape this review_id directly from amazon.com — pull the star from the rating widget (look for a-icon-star class), not from sentiment. Verify the star matches across both the review-list and review-detail views.",RATING_VERIFIED:[N]   OR   RATING_DROP:[reason]   OR   RATING_KEEP_INFERRED,RATING_VERIFIED:5  |  RATING_DROP:review removed from Amazon  |  RATING_KEEP_INFERRED  (publishes with 'rating estimated' disclosure label),B07MNKNPG3,th-sona10-a025,"Class 1 I Black 1.25"" Receiver Tube Rear Bumper Trailer Tow Hitch Towing Mount Compatible with 11-14 Sonata/for 11-15 Optima",R26YP3PNI2K223,5,TRUE,TRUE,FALSE,0,2025-10-02,Amazon Customer,,It was a perfect fit for my car. Though I did have to enlarge the holes to get the parts inside,2011-2015-hyundai-sonata-kia-optima-class-1-trailer-hitch-black,our_prior_resolution,no_fix_record,,,,
5. RATING INFERRED — STAR RATING NOT DIRECTLY SCRAPED,"Review body is accurate but the star (1-5) was INFERRED from review sentiment — not extracted directly from Amazon's rating widget. FTC 16 CFR Part 255 prohibits displaying inferred ratings without disclosure, so it's held back.","Re-scrape this review_id directly from amazon.com — pull the star from the rating widget (look for a-icon-star class), not from sentiment. Verify the star matches across both the review-list and review-detail views.",RATING_VERIFIED:[N]   OR   RATING_DROP:[reason]   OR   RATING_KEEP_INFERRED,RATING_VERIFIED:5  |  RATING_DROP:review removed from Amazon  |  RATING_KEEP_INFERRED  (publishes with 'rating estimated' disclosure label),B086C4KQML,fg-grzd-dnl07-bk,Stehlen 642167821243 Compatible With 2007-2014 GMC Yukon/XL/Denali Round Hole Mesh Front Hood Bumper Grille - Glossy Black,RQ3OG5ACCFOK1,5,TRUE,TRUE,FALSE,0,2025-12-29,Sarah Coulson,,This improved the look of my car. It was so easy to assemble. I love the quality and color.,2007-2014-gmc-yukon-yukon-xl-front-grille-matte-black,our_prior_resolution,no_fix_record,,,,
