sku,image_filename,product_handle,product_title,image_url,status
ITEM-030272,hlnb-civ01lsq-jdma-2.jpg,01-03-honda-civic-crystal-headlights-sequential-led-bar-black,01-03 Honda Civic Crystal Headlights Sequential LED Bar - Black,https://cdn.shopify.com/s/files/1/0724/2638/9551/files/hlnb-civ01lsq-jdma-2.jpg?v=1776215809,ACTIVE
ITEM-026704,bghd-al-mb-2_92b53e06-b9c6-4268-bfa6-4b80ef0e5439.jpg,01-04-nissan-frontier-xterra-advanced-bull-guard-led-light-bar,01-04 Nissan Frontier Xterra Advanced Bull Guard LED Light Bar,https://cdn.shopify.com/s/files/1/0724/2638/9551/files/bghd-al-mb-2_92b53e06-b9c6-4268-bfa6-4b80ef0e5439.jpg?v=1776217372,ACTIVE
ITEM-030262,hlnb-taco016plbw-jdma-2.jpg,01-04-toyota-tacoma-crystal-headlights-6pc-led-light-bar-black,01-04 Toyota Tacoma Crystal Headlights 6PC LED Light Bar Black,https://cdn.shopify.com/s/files/1/0724/2638/9551/files/hlnb-taco016plbw-jdma-2.jpg?v=1776215811,ACTIVE
ITEM-030260,hlnb-taco014plbw-jdma-2.jpg,01-04-toyota-tacoma-crystal-headlights-w-led-light-bar-4pc-black,01-04 Toyota Tacoma Crystal Headlights w/ LED Light Bar 4PC Black,https://cdn.shopify.com/s/files/1/0724/2638/9551/files/hlnb-taco014plbw-jdma-2.jpg?v=1776215814,ACTIVE
ITEM-030261,hlnb-taco014plsq-jdma-2.jpg,01-04-toyota-tacoma-crystal-headlights-w-sequential-led-black,01-04 Toyota Tacoma Crystal Headlights w/ Sequential LED - Black,https://cdn.shopify.com/s/files/1/0724/2638/9551/files/hlnb-taco014plsq-jdma-2.jpg?v=1776215816,ACTIVE
ITEM-030263,hlnb-taco016plsq-jdma-2.jpg,01-04-toyota-tacoma-crystal-headlights-w-sequential-led-black-6pc,01-04 Toyota Tacoma Crystal Headlights w/ Sequential LED - Black 6PC,https://cdn.shopify.com/s/files/1/0724/2638/9551/files/hlnb-taco016plsq-jdma-2.jpg?v=1776215819,ACTIVE
ITEM-025364,th-bmount-l2-2_51056464-c428-41f9-892d-5c3f412c9349.jpg,01-10-silverado-sierra-2500-3500-class-4-hitch-ball-mount-combo,01-10 Silverado Sierra 2500/3500 Class 4 Hitch & Ball Mount Combo,https://cdn.shopify.com/s/files/1/0724/2638/9551/files/th-bmount-l2-2_51056464-c428-41f9-892d-5c3f412c9349.jpg?v=1776217374,ACTIVE
ITEM-023507,th-sil0125-d211-2.jpg,01-10-silverado-sierra-2500-3500-class-4-trailer-hitch-black,01-10 Silverado Sierra 2500/3500 Class 4 Trailer Hitch Black,https://cdn.shopify.com/s/files/1/0724/2638/9551/files/th-sil0125-d211-2.jpg?v=1776215821,ACTIVE
ITEM-030241,hlnb-rang014plbw-jdma-2.jpg,01-11-ford-ranger-crystal-headlights-4pc-led-light-bar-black-jdma,01-11 Ford Ranger Crystal Headlights 4PC LED Light Bar Black - JDMA,https://cdn.shopify.com/s/files/1/0724/2638/9551/files/hlnb-rang014plbw-jdma-2.jpg?v=1776215823,ACTIVE
ITEM-030259,hlnb-rang014plsq-jdma-2.jpg,01-11-ford-ranger-crystal-headlights-4pc-sequential-led-black,01-11 Ford Ranger Crystal Headlights 4PC Sequential LED - Black,https://cdn.shopify.com/s/files/1/0724/2638/9551/files/hlnb-rang014plsq-jdma-2.jpg?v=1776215825,ACTIVE
ITEM-030242,hlnb-rang014plsq-cha-2.jpg,01-11-ford-ranger-crystal-headlights-w-sequential-led-chrome-4pc,01-11 Ford Ranger Crystal Headlights w/ Sequential LED - Chrome 4PC,https://cdn.shopify.com/s/files/1/0724/2638/9551/files/hlnb-rang014plsq-cha-2.jpg?v=1776215828,ACTIVE
ITEM-000831,fggg-gr-wrx02-me-bk-2.jpg,02-03-subaru-impreza-wrx-front-grille-matte-black-mesh,02-03 Subaru Impreza WRX Front Grille - Matte Black Mesh,https://cdn.shopify.com/s/files/1/0724/2638/9551/files/fggg-gr-wrx02-me-bk-2.jpg?v=1776215830,ACTIVE
ITEM-000867,fggg-grz-ram02-h-ch-2.jpg,02-05-dodge-ram-1500-2500-3500-front-grille-chrome,02-05 Dodge Ram 1500 2500 3500 Front Grille Chrome,https://cdn.shopify.com/s/files/1/0724/2638/9551/files/fggg-grz-ram02-h-ch-2.jpg?v=1776215832,ACTIVE
ITEM-029674,hlpnb-ram02lbw-ac-2.jpg,02-05-dodge-ram-chrome-projector-headlights-w-led-light-bar,02-05 Dodge Ram Chrome Projector Headlights w/ LED Light Bar,https://cdn.shopify.com/s/files/1/0724/2638/9551/files/hlpnb-ram02lbw-ac-2.jpg?v=1776215834,ACTIVE
ITEM-029688,hlnb-ram02lsq-cha-2.jpg,02-05-dodge-ram-crystal-headlights-sequential-led-chrome,02-05 Dodge Ram Crystal Headlights Sequential LED Chrome,https://cdn.shopify.com/s/files/1/0724/2638/9551/files/hlnb-ram02lsq-cha-2.jpg?v=1776215836,ACTIVE
ITEM-029548,hlnb-ram02lbw-jdma-2.jpg,02-05-dodge-ram-crystal-headlights-w-led-light-bar-black,02-05 Dodge Ram Crystal Headlights w/ LED Light Bar - Black,https://cdn.shopify.com/s/files/1/0724/2638/9551/files/hlnb-ram02lbw-jdma-2.jpg?v=1776215838,ACTIVE
ITEM-029666,hlnb-ram02lbw-cha-2.jpg,02-05-dodge-ram-crystal-headlights-w-led-light-bar-chrome,02-05 Dodge Ram Crystal Headlights w/ LED Light Bar - Chrome,https://cdn.shopify.com/s/files/1/0724/2638/9551/files/hlnb-ram02lbw-cha-2.jpg?v=1776215841,ACTIVE
ITEM-029537,hlplnb-ram02flbw-ac-2.jpg,02-05-dodge-ram-full-led-projector-headlights-chrome-led-bar,02-05 Dodge Ram Full LED Projector Headlights Chrome - LED Bar,https://cdn.shopify.com/s/files/1/0724/2638/9551/files/hlplnb-ram02flbw-ac-2.jpg?v=1776215843,ACTIVE
ITEM-029692,hlplnb-ram02flsq-ab-2.jpg,02-05-dodge-ram-full-led-projector-headlights-sequential-signal-black,02-05 Dodge Ram Full LED Projector Headlights Sequential Signal - Black,https://cdn.shopify.com/s/files/1/0724/2638/9551/files/hlplnb-ram02flsq-ab-2.jpg?v=1776215845,ACTIVE
ITEM-029691,hlplnb-ram02flsq-ac-2.jpg,02-05-dodge-ram-full-led-projector-headlights-sequential-signal-chrome,02-05 Dodge Ram Full LED Projector Headlights Sequential Signal Chrome,https://cdn.shopify.com/s/files/1/0724/2638/9551/files/hlplnb-ram02flsq-ac-2.jpg?v=1776215847,ACTIVE
ITEM-029538,hlplnb-ram02flbw-ab-2.jpg,02-05-dodge-ram-full-led-projector-headlights-w-light-bar-black,02-05 Dodge Ram Full LED Projector Headlights w/ Light Bar - Black,https://cdn.shopify.com/s/files/1/0724/2638/9551/files/hlplnb-ram02flbw-ab-2.jpg?v=1776215850,ACTIVE
ITEM-029690,hlpnb-ram02lsq-ab-2.jpg,02-05-dodge-ram-projector-headlights-sequential-led-turn-signal-black,02-05 Dodge Ram Projector Headlights Sequential LED Turn Signal - Black,https://cdn.shopify.com/s/files/1/0724/2638/9551/files/hlpnb-ram02lsq-ab-2.jpg?v=1776215852,ACTIVE
ITEM-029693,hlpnb-ram02lsq-ac-2.jpg,02-05-dodge-ram-projector-headlights-sequential-led-turn-signal-chrome,02-05 Dodge Ram Projector Headlights Sequential LED Turn Signal Chrome,https://cdn.shopify.com/s/files/1/0724/2638/9551/files/hlpnb-ram02lsq-ac-2.jpg?v=1776215854,ACTIVE
ITEM-029673,hlpnb-ram02lbw-ab-2.jpg,02-05-dodge-ram-projector-headlights-w-led-light-bar-black,02-05 Dodge Ram Projector Headlights w/ LED Light Bar - Black,https://cdn.shopify.com/s/files/1/0724/2638/9551/files/hlpnb-ram02lbw-ab-2.jpg?v=1776215856,ACTIVE
ITEM-000731,fg-civ02si-abs-bk-2.jpg,02-05-honda-civic-si-ep3-front-grille-matte-black-abs,02-05 Honda Civic Si EP3 Front Grille - Matte Black ABS,https://cdn.shopify.com/s/files/1/0724/2638/9551/files/fg-civ02si-abs-bk-2.jpg?v=1776215859,ACTIVE
ITEM-000905,fggg-grzv-escl02-vt-ch-2.jpg,02-06-cadillac-escalade-front-grille-chrome-mesh-style,02-06 Cadillac Escalade Front Grille - Chrome Mesh Style,https://cdn.shopify.com/s/files/1/0724/2638/9551/files/fggg-grzv-escl02-vt-ch-2.jpg?v=1776215861,ACTIVE
ITEM-022433,LISTING_tc-lru_2btbl-16w8p-01-ws-1_5a7a5b8d-f1b4-4aef-a87c-c341cf9597e2.jpg,02-09-dodge-ram-1500-2500-3500-6-5-roll-up-tonneau-cover-w-led,02-09 Dodge Ram 1500/2500/3500 6.5 ft Bed Tonneau Cover & LED Kit,https://cdn.shopify.com/s/files/1/0724/2638/9551/files/LISTING_tc-lru_2btbl-16w8p-01-ws-1_5a7a5b8d-f1b4-4aef-a87c-c341cf9597e2.jpg?v=1773340264,ACTIVE
ITEM-031810,LISTING_tc-fru2_2btbl-16w8p-01-ws-1_f5d08632-ed2b-4bd2-bd52-48edcbd2565a.jpg,02-09-dodge-ram-1500-2500-3500-6-5-roll-up-tonneau-cover-led-kit,02-09 Dodge Ram 1500/2500/3500 6.5 ft Bed Tonneau Cover Combo,https://cdn.shopify.com/s/files/1/0724/2638/9551/files/LISTING_tc-fru2_2btbl-16w8p-01-ws-1_f5d08632-ed2b-4bd2-bd52-48edcbd2565a.jpg?v=1773340229,ACTIVE
ITEM-026702,bghd-al-mb-2_f1d1034a-c5d9-4dd3-92e1-3be4e953ccaa.jpg,02-09-dodge-ram-1500-2500-3500-advanced-bull-guard-led-p4s16004,02-09 Dodge Ram 1500/2500/3500 Advanced Bull Guard LED - P4S16004,https://cdn.shopify.com/s/files/1/0724/2638/9551/files/bghd-al-mb-2_f1d1034a-c5d9-4dd3-92e1-3be4e953ccaa.jpg?v=1776217375,ACTIVE
ITEM-027301,bghd-al-tb-2_27d5e582-8616-41d1-b670-b1f95b1af11a.jpg,02-09-dodge-ram-1500-2500-3500-advanced-bull-guard-w-led-texture-black,02-09 Dodge Ram 1500/2500/3500 Advanced Bull Guard w/ LED - Texture Black,https://cdn.shopify.com/s/files/1/0724/2638/9551/files/bghd-al-tb-2_27d5e582-8616-41d1-b670-b1f95b1af11a.jpg?v=1776217377,ACTIVE
ITEM-026422,bghd-av-tb-2_3695a51e-9860-4379-ac42-73f9873797b6.jpg,02-09-dodge-ram-1500-2500-3500-advanced-series-bull-guard-black,02-09 Dodge Ram 1500/2500/3500 Advanced Series Bull Guard - Black,https://cdn.shopify.com/s/files/1/0724/2638/9551/files/bghd-av-tb-2_3695a51e-9860-4379-ac42-73f9873797b6.jpg?v=1776217379,ACTIVE
ITEM-022435,LISTING_tc-tfs-ws-1_0e9bae94-3552-411b-ace0-42e6e1e63f92.jpg,02-09-dodge-ram-1500-2500-3500-tri-fold-tonneau-cover-w-led-lights,02-09 Dodge Ram 6.5 ft Bed Tri-Fold Tonneau Cover w/ LED Lights,https://cdn.shopify.com/s/files/1/0724/2638/9551/files/LISTING_tc-tfs-ws-1_0e9bae94-3552-411b-ace0-42e6e1e63f92.jpg?v=1773340296,ACTIVE
ITEM-029980,hlnb-acc03lbw-jdma-2.jpg,03-07-honda-accord-led-crystal-headlights-black-w-amber,03-07 Honda Accord LED Crystal Headlights Black w/ Amber,https://cdn.shopify.com/s/files/1/0724/2638/9551/files/hlnb-acc03lbw-jdma-2.jpg?v=1776215863,ACTIVE
ITEM-025054,bghd-av-mb-2_34e54a65-01eb-4be5-92a5-295ffeb6cfe1.jpg,2003-2009-toyota-4runner-lexus-gx470-bull-guard-matte-black,03-09 Toyota 4Runner Lexus GX470 Bull Guard Skid Plate Matte Black,https://cdn.shopify.com/s/files/1/0724/2638/9551/files/bghd-av-mb-2_34e54a65-01eb-4be5-92a5-295ffeb6cfe1.jpg?v=1776217380,ACTIVE
ITEM-026543,bghd-al-mb-2_c43ada1b-63ca-459e-a2f7-864435ccf505.jpg,03-14-honda-pilot-ridgeline-advanced-bull-guard-w-led-matte-black,03-14 Honda Pilot Ridgeline Advanced Bull Guard w/ LED - Matte Black,https://cdn.shopify.com/s/files/1/0724/2638/9551/files/bghd-al-mb-2_c43ada1b-63ca-459e-a2f7-864435ccf505.jpg?v=1776217382,ACTIVE
ITEM-030239,hlnb-civ04lsq-jdma-2.jpg,04-05-honda-civic-crystal-headlights-sequential-led-bar-black,04-05 Honda Civic Crystal Headlights Sequential LED Bar - Black,https://cdn.shopify.com/s/files/1/0724/2638/9551/files/hlnb-civ04lsq-jdma-2.jpg?v=1776215865,ACTIVE
ITEM-029987,hlnb-civ04lbw-jdma-2.jpg,04-05-honda-civic-crystal-headlights-w-led-light-bar-black,04-05 Honda Civic Crystal Headlights w/ LED Light Bar - Black,https://cdn.shopify.com/s/files/1/0724/2638/9551/files/hlnb-civ04lbw-jdma-2.jpg?v=1776215868,ACTIVE
ITEM-022948,th-bmount-l2-2_d0c69526-edb0-4a1f-9393-cadc6ec6e6cc.jpg,04-07-chrysler-town-country-class-3-trailer-hitch-ball-mount-curt,04-07 Chrysler Town & Country Class 3 Trailer Hitch + Ball Mount - CURT,https://cdn.shopify.com/s/files/1/0724/2638/9551/files/th-bmount-l2-2_d0c69526-edb0-4a1f-9393-cadc6ec6e6cc.jpg?v=1776217384,ACTIVE
ITEM-027907,tbm-rb-v2-2_88208cab-75cd-4a3d-b222-02a17517b8ab.jpg,04-07-silverado-sierra-5-8ft-rubber-truck-bed-mat-aa004-v2,04-07 Silverado Sierra 5.8 ft Fleetside Rubber Bed Mat V2,https://cdn.shopify.com/s/files/1/0724/2638/9551/files/tbm-rb-v2-2_88208cab-75cd-4a3d-b222-02a17517b8ab.jpg?v=1776217386,ACTIVE
ITEM-022463,LISTING_tc-lru-ws-1_be287ef4-01d5-42a8-9c0b-3fd1e869929b.jpg,04-07-chevy-silverado-gmc-sierra-5-8-roll-up-tonneau-cover-led-kit,04-07 Silverado/Sierra 5.8 ft Bed Roll-Up Tonneau Cover w/ LED Lights,https://cdn.shopify.com/s/files/1/0724/2638/9551/files/LISTING_tc-lru-ws-1_be287ef4-01d5-42a8-9c0b-3fd1e869929b.jpg?v=1773341169,ACTIVE
ITEM-030201,LISTING_tc-lth-ws-2_4cd8b59c-af91-4f98-b477-01c74bec5ff1.jpg,04-07-chevy-silverado-sierra-5-8-tri-fold-tonneau-cover-w-led-lights,04-07 Silverado/Sierra 5.8 ft Bed Tonneau Cover w/ LED Lights,https://cdn.shopify.com/s/files/1/0724/2638/9551/files/LISTING_tc-lth-ws-2_4cd8b59c-af91-4f98-b477-01c74bec5ff1.jpg?v=1773341205,ACTIVE
ITEM-029551,hlnb-f15004lsq-cha-2.jpg,04-08-ford-f-150-crystal-headlights-sequential-led-signal-chrome,04-08 Ford F-150 Crystal Headlights Sequential LED Signal - Chrome,https://cdn.shopify.com/s/files/1/0724/2638/9551/files/hlnb-f15004lsq-cha-2.jpg?v=1776215870,ACTIVE
ITEM-029664,hlnb-f15004lbw-cha-2.jpg,04-08-ford-f-150-crystal-led-headlights-w-amber-light-bar-chrome,04-08 Ford F-150 Crystal LED Headlights w/ Amber Light Bar - Chrome,https://cdn.shopify.com/s/files/1/0724/2638/9551/files/hlnb-f15004lbw-cha-2.jpg?v=1776215872,ACTIVE
ITEM-029668,hlplnb-f15004flbw-ab-2.jpg,04-08-ford-f-150-full-led-projector-headlights-black-hlplnb,04-08 Ford F-150 Full LED Projector Headlights Black - HLPLNB,https://cdn.shopify.com/s/files/1/0724/2638/9551/files/hlplnb-f15004flbw-ab-2.jpg?v=1776215874,ACTIVE
ITEM-029669,hlplnb-f15004flbw-ac-2.jpg,04-08-ford-f-150-full-led-projector-headlights-chrome-fdpu04d,04-08 Ford F-150 Full LED Projector Headlights Chrome - FDPU04D,https://cdn.shopify.com/s/files/1/0724/2638/9551/files/hlplnb-f15004flbw-ac-2.jpg?v=1776215877,ACTIVE
ITEM-029541,hlplnb-f15004flsq-ac-2.jpg,04-08-ford-f-150-full-led-projector-headlights-sequential-chrome,04-08 Ford F-150 Full LED Projector Headlights Sequential Chrome,https://cdn.shopify.com/s/files/1/0724/2638/9551/files/hlplnb-f15004flsq-ac-2.jpg?v=1776215879,ACTIVE
ITEM-029542,hlplnb-f15004flsq-ab-2.jpg,04-08-ford-f-150-full-led-projector-headlights-sequential-signal-black,04-08 Ford F-150 Full LED Projector Headlights Sequential Signal - Black,https://cdn.shopify.com/s/files/1/0724/2638/9551/files/hlplnb-f15004flsq-ab-2.jpg?v=1776215881,ACTIVE
ITEM-029552,hlnb-f15004lbw-jdma-2.jpg,04-08-ford-f-150-led-crystal-headlights-black-w-amber-light-bar,04-08 Ford F-150 LED Crystal Headlights Black w/ Amber Light Bar,https://cdn.shopify.com/s/files/1/0724/2638/9551/files/hlnb-f15004lbw-jdma-2.jpg?v=1776215883,ACTIVE
ITEM-029550,hlnb-f15004lsq-jdma-2.jpg,04-08-ford-f-150-led-crystal-headlights-sequential-signal-black,04-08 Ford F-150 LED Crystal Headlights Sequential Signal - Black,https://cdn.shopify.com/s/files/1/0724/2638/9551/files/hlnb-f15004lsq-jdma-2.jpg?v=1776215886,ACTIVE
ITEM-029924,hlpnb-f15004led-ab-2.jpg,04-08-ford-f-150-led-halo-projector-headlights-black-fdpu04b1-06,04-08 Ford F-150 LED Halo Projector Headlights Black - FDPU04B1.06,https://cdn.shopify.com/s/files/1/0724/2638/9551/files/hlpnb-f15004led-ab-2.jpg?v=1776215888,ACTIVE
ITEM-029783,hlpnb-f15004led-ac-2.jpg,04-08-ford-f-150-led-halo-projector-headlights-chrome-fdpu04b1,04-08 Ford F-150 LED Halo Projector Headlights Chrome - FDPU04B1,https://cdn.shopify.com/s/files/1/0724/2638/9551/files/hlpnb-f15004led-ac-2.jpg?v=1776215890,ACTIVE
ITEM-029670,hlpnb-f15004lbw-ab-2.jpg,04-08-ford-f-150-led-projector-headlights-black-w-amber-light-bar,04-08 Ford F-150 LED Projector Headlights Black w/ Amber Light Bar,https://cdn.shopify.com/s/files/1/0724/2638/9551/files/hlpnb-f15004lbw-ab-2.jpg?v=1776215892,ACTIVE
ITEM-029534,hlpnb-f15004lsq-ab-stl-2.jpg,04-08-ford-f-150-projector-headlights-sequential-led-black,04-08 Ford F-150 Projector Headlights Sequential LED - Black,https://cdn.shopify.com/s/files/1/0724/2638/9551/files/hlpnb-f15004lsq-ab-stl-2.jpg?v=1776215894,ACTIVE
ITEM-029672,hlpnb-f15004lsq-ac-2.jpg,04-08-ford-f-150-projector-headlights-sequential-led-chrome,04-08 Ford F-150 Projector Headlights Sequential LED Chrome,https://cdn.shopify.com/s/files/1/0724/2638/9551/files/hlpnb-f15004lsq-ac-2.jpg?v=1776215896,ACTIVE
ITEM-026712,bghd-al-mb-2_71f9f90c-a06f-4e2c-aabf-747d1bc4ffdc.jpg,04-09-dodge-durango-chrysler-aspen-bull-guard-led-light-bar-matte-black,04-09 Dodge Durango Chrysler Aspen Bull Guard LED Light Bar - Matte Black,https://cdn.shopify.com/s/files/1/0724/2638/9551/files/bghd-al-mb-2_71f9f90c-a06f-4e2c-aabf-747d1bc4ffdc.jpg?v=1776217387,ACTIVE
ITEM-026711,bghd-al-mbba-2_f88459bb-286f-498f-abfb-f3855e844bcf.jpg,04-09-dodge-durango-chrysler-aspen-bull-guard-w-led-gbu10023,04-09 Dodge Durango Chrysler Aspen Bull Guard w/ LED - GBU10023,https://cdn.shopify.com/s/files/1/0724/2638/9551/files/bghd-al-mbba-2_f88459bb-286f-498f-abfb-f3855e844bcf.jpg?v=1776217389,ACTIVE
ITEM-022644,th-high04-c530-2.jpg,04-09-toyota-highlander-lexus-rx-class-3-trailer-hitch-black,04-09 Toyota Highlander Lexus RX Class 3 Trailer Hitch - Black,https://cdn.shopify.com/s/files/1/0724/2638/9551/files/th-high04-c530-2.jpg?v=1776215899,ACTIVE
ITEM-022381,LISTING_tc-lru-ws-1_79072c25-da18-4799-b09f-61ceae593a10.jpg,04-12-chevy-colorado-gmc-canyon-6-roll-up-tonneau-cover-w-led-kit,04-12 Colorado/Canyon 6 ft Bed Roll-Up Tonneau Cover w/ LED Lights,https://cdn.shopify.com/s/files/1/0724/2638/9551/files/LISTING_tc-lru-ws-1_79072c25-da18-4799-b09f-61ceae593a10.jpg?v=1773338303,ACTIVE
ITEM-028919,LISTING_tc-lth-ws-2_cbf82baa-9cd0-481a-8c64-5bb3b2ca8349.jpg,04-14-chevy-colorado-gmc-canyon-6ft-tri-fold-tonneau-cover-w-led,04-12 Colorado/Canyon 6 ft Bed Tri-Fold Tonneau Cover + LED Kit,https://cdn.shopify.com/s/files/1/0724/2638/9551/files/LISTING_tc-lth-ws-2_cbf82baa-9cd0-481a-8c64-5bb3b2ca8349.jpg?v=1773338338,ACTIVE
ITEM-022407,LISTING_tc-lru_2btbl-16w8p-01-ws-1_1e420587-0605-4eaf-b0d0-6bafa03f0b4c.jpg,04-14-ford-f-150-5-5-roll-up-tonneau-cover-w-led-bed-lights,04-14 Ford F-150/Lincoln Mark LT 5.5 ft Bed Tonneau Cover + LED Kit,https://cdn.shopify.com/s/files/1/0724/2638/9551/files/LISTING_tc-lru_2btbl-16w8p-01-ws-1_1e420587-0605-4eaf-b0d0-6bafa03f0b4c.jpg?v=1773339130,ACTIVE
ITEM-022799,th-arm04-c188-2_0e49e26c-1c1d-4adc-b9d6-27628124ab92.jpg,04-15-nissan-armada-infiniti-qx56-trailer-hitch-kit-curt,04-15 Nissan Armada Infiniti QX56 Trailer Hitch Kit - CURT,https://cdn.shopify.com/s/files/1/0724/2638/9551/files/th-arm04-c188-2_0e49e26c-1c1d-4adc-b9d6-27628124ab92.jpg?v=1776217390,ACTIVE
ITEM-030206,LISTING_tc-lth-ws-2_a2186abb-7b0f-4999-b64a-e37fc74151df.jpg,2004-2015-nissan-titan-5-5ft-tri-fold-tonneau-cover-w-led-lights,04-15 Nissan Titan 5.5 ft Bed Tri-Fold Tonneau Cover w/ LED Lights,https://cdn.shopify.com/s/files/1/0724/2638/9551/files/LISTING_tc-lth-ws-2_a2186abb-7b0f-4999-b64a-e37fc74151df.jpg?v=1773342215,ACTIVE
ITEM-026693,bghd-al-mb-2_d64179d2-dfaa-4b65-8b89-53e5d02130d2.jpg,04-15-nissan-titan-armada-advanced-bull-guard-led-light-bar-matte-black,04-15 Nissan Titan Armada Advanced Bull Guard LED Light Bar - Matte Black,https://cdn.shopify.com/s/files/1/0724/2638/9551/files/bghd-al-mb-2_d64179d2-dfaa-4b65-8b89-53e5d02130d2.jpg?v=1776217392,ACTIVE
ITEM-029686,hlnb-tit04lsq-cha-2.jpg,04-15-nissan-titan-chrome-crystal-headlights-sequential-led-signal,04-15 Nissan Titan Chrome Crystal Headlights Sequential LED Signal,https://cdn.shopify.com/s/files/1/0724/2638/9551/files/hlnb-tit04lsq-cha-2.jpg?v=1776215901,ACTIVE
ITEM-029544,hlnb-tit04lbw-cha-2.jpg,04-15-nissan-titan-crystal-headlights-w-led-light-bar-chrome,04-15 Nissan Titan Crystal Headlights w/ LED Light Bar - Chrome,https://cdn.shopify.com/s/files/1/0724/2638/9551/files/hlnb-tit04lbw-cha-2.jpg?v=1776215903,ACTIVE
ITEM-029543,hlnb-tit04lbw-jdma-2.jpg,04-15-nissan-titan-led-crystal-headlights-black-jdma,04-15 Nissan Titan LED Crystal Headlights Black - JDMA,https://cdn.shopify.com/s/files/1/0724/2638/9551/files/hlnb-tit04lbw-jdma-2.jpg?v=1776215905,ACTIVE
ITEM-029687,hlnb-tit04lsq-jdma-2.jpg,04-15-nissan-titan-sequential-led-crystal-headlights-black,04-15 Nissan Titan Sequential LED Crystal Headlights - Black,https://cdn.shopify.com/s/files/1/0724/2638/9551/files/hlnb-tit04lsq-jdma-2.jpg?v=1776215908,ACTIVE
ITEM-030251,hlnb-tun054plbw-jdma-2.jpg,05-06-toyota-tundra-black-crystal-headlights-w-led-light-bar-4pc,05-06 Toyota Tundra Black Crystal Headlights w/ LED Light Bar 4PC,https://cdn.shopify.com/s/files/1/0724/2638/9551/files/hlnb-tun054plbw-jdma-2.jpg?v=1776215910,ACTIVE
ITEM-030250,hlnb-tun054plbw-cha-2.jpg,05-06-toyota-tundra-chrome-crystal-headlights-w-led-light-bar-4pc,05-06 Toyota Tundra Chrome Crystal Headlights w/ LED Light Bar 4PC,https://cdn.shopify.com/s/files/1/0724/2638/9551/files/hlnb-tun054plbw-cha-2.jpg?v=1776215912,ACTIVE
ITEM-030252,hlnb-tun054plsq-cha-2.jpg,05-06-toyota-tundra-chrome-crystal-headlights-w-sequential-led,05-06 Toyota Tundra Chrome Crystal Headlights w/ Sequential LED,https://cdn.shopify.com/s/files/1/0724/2638/9551/files/hlnb-tun054plsq-cha-2.jpg?v=1776215915,ACTIVE
ITEM-030253,hlnb-tun054plsq-jdma-2.jpg,05-06-toyota-tundra-crystal-headlights-w-sequential-led-black-4pc,05-06 Toyota Tundra Crystal Headlights w/ Sequential LED - Black 4PC,https://cdn.shopify.com/s/files/1/0724/2638/9551/files/hlnb-tun054plsq-jdma-2.jpg?v=1776215917,ACTIVE
ITEM-027422,fg-f25005-rvt-me-mb-2.jpg,05-07-ford-f250-f350-f450-studded-mesh-rivet-grille-matte-black,05-07 Ford F250 F350 F450 Studded Mesh Rivet Grille Matte Black,https://cdn.shopify.com/s/files/1/0724/2638/9551/files/fg-f25005-rvt-me-mb-2.jpg?v=1776215919,ACTIVE
ITEM-027315,bghd-al-tb-2_3b2016f5-4ad2-4fe8-93ee-e4619a9ab2d2.jpg,05-07-ford-super-duty-advanced-bull-guard-w-led-light-bar,05-07 Ford Super Duty Advanced Bull Guard w/ LED Light Bar,https://cdn.shopify.com/s/files/1/0724/2638/9551/files/bghd-al-tb-2_3b2016f5-4ad2-4fe8-93ee-e4619a9ab2d2.jpg?v=1776217393,ACTIVE
ITEM-026459,bghd-al-mb-2_85bf276a-0161-4a03-8d86-f61dd3055956.jpg,05-07-ford-super-duty-advanced-bull-guard-w-led-light-bar-matte-black,05-07 Ford Super Duty Advanced Bull Guard w/LED Light Bar - Matte Black,https://cdn.shopify.com/s/files/1/0724/2638/9551/files/bghd-al-mb-2_85bf276a-0161-4a03-8d86-f61dd3055956.jpg?v=1776217395,ACTIVE
ITEM-024957,bghd-av-mbba-2_d3e9512d-45c2-4f19-9610-e9d491b30583.jpg,05-07-ford-super-duty-advanced-series-bull-guard-matte-black,05-07 Ford Super Duty Advanced Series Bull Guard - Matte Black,https://cdn.shopify.com/s/files/1/0724/2638/9551/files/bghd-av-mbba-2_d3e9512d-45c2-4f19-9610-e9d491b30583.jpg?v=1776217397,ACTIVE
ITEM-027314,bghd-av-tb-2_113c04c7-4087-421c-96d8-31a76d36700b.jpg,05-07-ford-super-duty-advanced-series-bull-guard-texture-black,05-07 Ford Super Duty Advanced Series Bull Guard - Texture Black,https://cdn.shopify.com/s/files/1/0724/2638/9551/files/bghd-av-tb-2_113c04c7-4087-421c-96d8-31a76d36700b.jpg?v=1776217398,ACTIVE
ITEM-025255,bghd-am-mb_2bflbw-40cree-lb-wh-2_8045b625-abcd-4386-969f-30d09c2ed404.jpg,05-07-ford-super-duty-bull-guard-w-led-light-bar-matte-black,05-07 Ford Super Duty Bull Guard w/ LED Light Bar - Matte Black,https://cdn.shopify.com/s/files/1/0724/2638/9551/files/bghd-am-mb_2bflbw-40cree-lb-wh-2_8045b625-abcd-4386-969f-30d09c2ed404.jpg?v=1776217400,ACTIVE
ITEM-001181,fggg-grz-fron05-vt-ch-2.jpg,05-08-nissan-frontier-pathfinder-front-grille-chrome,05-08 Nissan Frontier Pathfinder Front Grille - Chrome,https://cdn.shopify.com/s/files/1/0724/2638/9551/files/fggg-grz-fron05-vt-ch-2.jpg?v=1776215921,ACTIVE
ITEM-009473,fggg-grz-fron05-vt-bk-2.jpg,05-08-nissan-frontier-pathfinder-front-grille-matte-black,05-08 Nissan Frontier Pathfinder Front Grille - Matte Black,https://cdn.shopify.com/s/files/1/0724/2638/9551/files/fggg-grz-fron05-vt-bk-2.jpg?v=1776215924,ACTIVE
ITEM-029665,hlnb-mus05lbw-jdm-2.jpg,05-09-ford-mustang-chrome-led-halo-crystal-headlights-fdmt05a1-03,05-09 Ford Mustang Chrome LED Halo Crystal Headlights - FDMT05A1.03,https://cdn.shopify.com/s/files/1/0724/2638/9551/files/hlnb-mus05lbw-jdm-2.jpg?v=1776215926,ACTIVE
ITEM-029549,hlnb-mus05lbw-ch-2.jpg,05-09-ford-mustang-led-halo-crystal-headlights-black-fdmt05a1,05-09 Ford Mustang LED Halo Crystal Headlights Black - FDMT05A1,https://cdn.shopify.com/s/files/1/0724/2638/9551/files/hlnb-mus05lbw-ch-2.jpg?v=1776215928,ACTIVE
ITEM-030285,hlpnb-taco05lbw-ab-2.jpg,05-11-toyota-tacoma-black-projector-headlights-w-led-light-bar,05-11 Toyota Tacoma Black Projector Headlights w/ LED Light Bar,https://cdn.shopify.com/s/files/1/0724/2638/9551/files/hlpnb-taco05lbw-ab-2.jpg?v=1776215930,ACTIVE
ITEM-030281,hlnb-taco05lbw-cha-2.jpg,05-11-toyota-tacoma-chrome-crystal-headlights-w-led-light-bar,05-11 Toyota Tacoma Chrome Crystal Headlights w/ LED Light Bar,https://cdn.shopify.com/s/files/1/0724/2638/9551/files/hlnb-taco05lbw-cha-2.jpg?v=1776215932,ACTIVE
ITEM-030284,hlnb-taco05lsq-jdma-2.jpg,05-11-toyota-tacoma-crystal-headlights-sequential-led-bar-black,05-11 Toyota Tacoma Crystal Headlights Sequential LED Bar - Black,https://cdn.shopify.com/s/files/1/0724/2638/9551/files/hlnb-taco05lsq-jdma-2.jpg?v=1776215935,ACTIVE
ITEM-030282,hlnb-taco05lbw-jdma-2.jpg,05-11-toyota-tacoma-led-crystal-headlights-black-w-light-bar,05-11 Toyota Tacoma LED Crystal Headlights Black w/ Light Bar,https://cdn.shopify.com/s/files/1/0724/2638/9551/files/hlnb-taco05lbw-jdma-2.jpg?v=1776215937,ACTIVE
ITEM-030287,hlpnb-taco05lsq-ab-2.jpg,05-11-toyota-tacoma-projector-headlights-sequential-led-black,05-11 Toyota Tacoma Projector Headlights Sequential LED - Black,https://cdn.shopify.com/s/files/1/0724/2638/9551/files/hlpnb-taco05lsq-ab-2.jpg?v=1776215939,ACTIVE
ITEM-030286,hlpnb-taco05lsq-ac-2.jpg,05-11-toyota-tacoma-projector-headlights-sequential-led-chrome,05-11 Toyota Tacoma Projector Headlights Sequential LED Chrome,https://cdn.shopify.com/s/files/1/0724/2638/9551/files/hlpnb-taco05lsq-ac-2.jpg?v=1776215941,ACTIVE
ITEM-022949,th-bmount-l2-2_9dd6b2c3-e4f8-41ff-ba9b-ee880978acad.jpg,05-12-ford-escape-class-3-trailer-hitch-ball-mount-combo-curt,05-12 Ford Escape Class 3 Trailer Hitch & Ball Mount Combo - CURT,https://cdn.shopify.com/s/files/1/0724/2638/9551/files/th-bmount-l2-2_9dd6b2c3-e4f8-41ff-ba9b-ee880978acad.jpg?v=1776217401,ACTIVE
ITEM-022424,LISTING_tc-lru-ws-1_577bf351-b040-45b9-9fa4-5ebb52d6665a.jpg,05-21-nissan-frontier-5-roll-up-tonneau-cover-led-bed-lights,05-21 Nissan Frontier 5 ft Bed Roll Up Tonneau Cover + LED Kit,https://cdn.shopify.com/s/files/1/0724/2638/9551/files/LISTING_tc-lru-ws-1_577bf351-b040-45b9-9fa4-5ebb52d6665a.jpg?v=1773339836,ACTIVE
ITEM-022423,LISTING_tc-hss_2btbl-16w8p-01-ws-1_22547aca-4e4c-44fc-93d0-9e0b9d43642b.jpg,05-21-nissan-frontier-5-tonneau-cover-led-light-combo-kit,05-21 Nissan Frontier 5 ft Bed Tonneau Cover Combo w/ LED Lights,https://cdn.shopify.com/s/files/1/0724/2638/9551/files/LISTING_tc-hss_2btbl-16w8p-01-ws-1_22547aca-4e4c-44fc-93d0-9e0b9d43642b.jpg?v=1773339806,ACTIVE
ITEM-030197,LISTING_tc-lth-ws-2_32d61cc2-0752-4ecf-96c9-6eb59f7a7cff.jpg,2005-2021-nissan-frontier-6ft-bed-hard-tri-fold-tonneau-cover-w-led,05-21 Nissan Frontier 6 ft Bed Hard Tri-Fold Tonneau Cover + LED,https://cdn.shopify.com/s/files/1/0724/2638/9551/files/LISTING_tc-lth-ws-2_32d61cc2-0752-4ecf-96c9-6eb59f7a7cff.jpg?v=1773339974,ACTIVE
ITEM-022428,LISTING_tc-lru-ws-1_029ae227-3f71-47fc-987f-2fabdbe44498.jpg,05-21-nissan-frontier-6-roll-up-tonneau-cover-with-led-bed-lights,05-21 Nissan Frontier 6 ft Bed Roll Up Tonneau Cover w/ LED Kit,https://cdn.shopify.com/s/files/1/0724/2638/9551/files/LISTING_tc-lru-ws-1_029ae227-3f71-47fc-987f-2fabdbe44498.jpg?v=1773339941,ACTIVE
ITEM-022427,LISTING_tc-hss_2btbl-16w8p-01-ws-1_2ec6d620-9009-44b7-8994-d7a3c481b701.jpg,05-21-nissan-frontier-6-tonneau-cover-combo-w-led-bed-lights,05-21 Nissan Frontier 6 ft Bed Tonneau Cover & LED Light Kit,https://cdn.shopify.com/s/files/1/0724/2638/9551/files/LISTING_tc-hss_2btbl-16w8p-01-ws-1_2ec6d620-9009-44b7-8994-d7a3c481b701.jpg?v=1773339906,ACTIVE
ITEM-026547,bghd-al-mb-2_41145f1e-86b2-4414-911f-fdffcec9bf80.jpg,05-21-nissan-frontier-advanced-bull-guard-w-led-light-bar-matte-black,05-21 Nissan Frontier Advanced Bull Guard w/ LED Light Bar - Matte Black,https://cdn.shopify.com/s/files/1/0724/2638/9551/files/bghd-al-mb-2_41145f1e-86b2-4414-911f-fdffcec9bf80.jpg?v=1776217403,ACTIVE
ITEM-027726,bghd-am-tb_2bflbw-40cree-lb-wh-2_a50c0513-4c8e-48ec-b803-667d7e1dd318.jpg,05-21-nissan-frontier-bull-guard-w-led-light-bar-combo,05-21 Nissan Frontier Bull Guard w/ LED Light Bar Combo,https://cdn.shopify.com/s/files/1/0724/2638/9551/files/bghd-am-tb_2bflbw-40cree-lb-wh-2_a50c0513-4c8e-48ec-b803-667d7e1dd318.jpg?v=1776217405,ACTIVE
ITEM-022814,th-bmount-l2-2_7cda5c41-c1fb-4f6d-bbf0-94d0cb29d949.jpg,05-26-nissan-frontier-class-3-trailer-hitch-ball-mount-kit,05-26 Nissan Frontier Class 3 Trailer Hitch & Ball Mount Kit,https://cdn.shopify.com/s/files/1/0724/2638/9551/files/th-bmount-l2-2_7cda5c41-c1fb-4f6d-bbf0-94d0cb29d949.jpg?v=1776217406,ACTIVE
ITEM-026700,bghd-al-mb-2_ec2f6fff-433b-4d51-aa69-b31d4e1bedd7.jpg,06-08-dodge-ram-1500-advanced-bull-guard-w-led-light-bar-matte-black,06-08 Dodge Ram 1500 Advanced Bull Guard w/ LED Light Bar - Matte Black,https://cdn.shopify.com/s/files/1/0724/2638/9551/files/bghd-al-mb-2_ec2f6fff-433b-4d51-aa69-b31d4e1bedd7.jpg?v=1776217408,ACTIVE
ITEM-029533,hlpnb-ram06lbw-ab-2.jpg,06-08-dodge-ram-black-projector-headlights-w-led-light-bar-amber,06-08 Dodge Ram Black Projector Headlights w/ LED Light Bar - Amber,https://cdn.shopify.com/s/files/1/0724/2638/9551/files/hlpnb-ram06lbw-ab-2.jpg?v=1776215944,ACTIVE
ITEM-029675,hlpnb-ram06lbw-ac-2.jpg,06-08-dodge-ram-chrome-projector-headlights-w-led-light-bar,06-08 Dodge Ram Chrome Projector Headlights w/ LED Light Bar,https://cdn.shopify.com/s/files/1/0724/2638/9551/files/hlpnb-ram06lbw-ac-2.jpg?v=1776215946,ACTIVE
ITEM-029536,hlplnb-ram06flbw-ab-2.jpg,06-08-dodge-ram-full-led-projector-headlights-black-dgpu06c-06,06-08 Dodge Ram Full LED Projector Headlights Black - DGPU06C.06,https://cdn.shopify.com/s/files/1/0724/2638/9551/files/hlplnb-ram06flbw-ab-2.jpg?v=1776215949,ACTIVE
ITEM-029535,hlplnb-ram06flbw-ac-2.jpg,06-08-dodge-ram-full-led-projector-headlights-chrome-dgpu06c,06-08 Dodge Ram Full LED Projector Headlights Chrome - DGPU06C,https://cdn.shopify.com/s/files/1/0724/2638/9551/files/hlplnb-ram06flbw-ac-2.jpg?v=1776215951,ACTIVE
ITEM-029989,hlplnb-ram06flsq-ab-2.jpg,06-08-dodge-ram-full-led-projector-headlights-sequential-signal-black,06-08 Dodge Ram Full LED Projector Headlights Sequential Signal - Black,https://cdn.shopify.com/s/files/1/0724/2638/9551/files/hlplnb-ram06flsq-ab-2.jpg?v=1776215953,ACTIVE
ITEM-029785,hlpnb-ram06lsq-ab-2.jpg,06-08-dodge-ram-sequential-led-projector-headlights-black,06-08 Dodge Ram Sequential LED Projector Headlights - Black,https://cdn.shopify.com/s/files/1/0724/2638/9551/files/hlpnb-ram06lsq-ab-2.jpg?v=1776215955,ACTIVE
ITEM-029784,hlpnb-ram06lsq-ac-2.jpg,06-08-dodge-ram-sequential-led-projector-headlights-chrome-dgpu06ds,06-08 Dodge Ram Sequential LED Projector Headlights Chrome - DGPU06DS,https://cdn.shopify.com/s/files/1/0724/2638/9551/files/hlpnb-ram06lsq-ac-2.jpg?v=1776215957,ACTIVE
ITEM-029780,hlnb-ram06lsq-jdma-2.jpg,06-09-dodge-ram-black-crystal-headlights-sequential-led-turn-signal,06-09 Dodge Ram Black Crystal Headlights Sequential LED Turn Signal,https://cdn.shopify.com/s/files/1/0724/2638/9551/files/hlnb-ram06lsq-jdma-2.jpg?v=1776215960,ACTIVE
ITEM-010569,fggg-gr-rover06-me-chsl-2.jpg,06-09-land-rover-range-rover-chrome-mesh-front-grille,06-09 Land Rover Range Rover Chrome Mesh Front Grille,https://cdn.shopify.com/s/files/1/0724/2638/9551/files/fggg-gr-rover06-me-chsl-2.jpg?v=1776215962,ACTIVE
ITEM-029933,hlnb-civ064dlbw-jdma-2.jpg,06-11-honda-civic-4dr-crystal-headlights-led-light-bar-black-jdma,06-11 Honda Civic 4DR Crystal Headlights LED Light Bar Black - JDMA,https://cdn.shopify.com/s/files/1/0724/2638/9551/files/hlnb-civ064dlbw-jdma-2.jpg?v=1776215964,ACTIVE
ITEM-030130,hlnb-civ064dlsq-jdma-2.jpg,06-11-honda-civic-4dr-sequential-led-crystal-headlights-black,06-11 Honda Civic 4DR Sequential LED Crystal Headlights - Black,https://cdn.shopify.com/s/files/1/0724/2638/9551/files/hlnb-civ064dlsq-jdma-2.jpg?v=1776215966,ACTIVE
ITEM-024975,bghd-av-mb-2_f87e16cb-6c03-4b71-9f9b-34a3b37d34dc.jpg,07-10-silverado-sierra-2500hd-3500hd-advanced-bull-guard-matte-black,07-10 Silverado/Sierra 2500HD 3500HD Advanced Bull Guard - Matte Black,https://cdn.shopify.com/s/files/1/0724/2638/9551/files/bghd-av-mb-2_f87e16cb-6c03-4b71-9f9b-34a3b37d34dc.jpg?v=1776217410,ACTIVE
ITEM-024567,bghd-am-mb-2_c2f0a924-e928-4a40-82f8-83415798dbed.jpg,07-10-silverado-sierra-2500hd-3500hd-bull-guard-mesh-skid-plate,07-10 Silverado/Sierra 2500HD 3500HD Bull Guard Mesh Skid Plate,https://cdn.shopify.com/s/files/1/0724/2638/9551/files/bghd-am-mb-2_c2f0a924-e928-4a40-82f8-83415798dbed.jpg?v=1776217411,ACTIVE
ITEM-030271,hlnb-sie07lsq-jdma-2.jpg,07-13-gmc-sierra-1500-2500-3500-black-crystal-led-headlights,07-13 GMC Sierra 1500/2500/3500 Black Crystal LED Headlights,https://cdn.shopify.com/s/files/1/0724/2638/9551/files/hlnb-sie07lsq-jdma-2.jpg?v=1776215968,ACTIVE
ITEM-030270,hlnb-sie07lsq-cha-2.jpg,07-13-gmc-sierra-1500-2500-3500-chrome-crystal-led-headlights,07-13 GMC Sierra 1500/2500/3500 Chrome Crystal LED Headlights,https://cdn.shopify.com/s/files/1/0724/2638/9551/files/hlnb-sie07lsq-cha-2.jpg?v=1776215970,ACTIVE
ITEM-029926,hlnb-sie07lbw-jdma-2.jpg,07-13-gmc-sierra-1500-2500-3500-led-crystal-headlights-black,07-13 GMC Sierra 1500/2500/3500 LED Crystal Headlights - Black,https://cdn.shopify.com/s/files/1/0724/2638/9551/files/hlnb-sie07lbw-jdma-2.jpg?v=1776215972,ACTIVE
ITEM-027544,hlplnb-tun07fled-ab-2.jpg,07-13-toyota-tundra-08-17-sequoia-full-led-projector-headlights-black,07-13 Toyota Tundra 08-17 Sequoia Full LED Projector Headlights Black,https://cdn.shopify.com/s/files/1/0724/2638/9551/files/hlplnb-tun07fled-ab-2.jpg?v=1776215975,ACTIVE
ITEM-029725,LISTING_tc-lth-ws-2_c31a0e92-ba2e-4fdb-b1f6-b081d258ee52.jpg,2007-2013-chevy-silverado-6-5ft-low-profile-hard-tri-fold-tonneau-cover,07-14 Silverado Sierra 6.5 ft Bed Hard Tri-Fold Tonneau Cover,https://cdn.shopify.com/s/files/1/0724/2638/9551/files/LISTING_tc-lth-ws-2_c31a0e92-ba2e-4fdb-b1f6-b081d258ee52.jpg?v=1773341386,ACTIVE
ITEM-029735,LISTING_tc-lth-ws-2_9af9edb3-cfd2-4f65-ab4d-b4f91e6d9a20.jpg,2007-2013-chevy-silverado-5-8ft-bed-hard-tri-fold-tonneau-cover,07-14 Silverado/Sierra 5.8 ft Bed Hard Tri-Fold Tonneau Cover,https://cdn.shopify.com/s/files/1/0724/2638/9551/files/LISTING_tc-lth-ws-2_9af9edb3-cfd2-4f65-ab4d-b4f91e6d9a20.jpg?v=1773341287,ACTIVE
ITEM-022467,LISTING_tc-lru-ws-1_986a3ad3-4f64-4804-bd58-e386b497d19a.jpg,07-14-silverado-sierra-5-8-roll-up-tonneau-cover-w-led-lights,07-14 Silverado/Sierra 5.8 ft Bed Roll-Up Tonneau Cover w/ LED Kit,https://cdn.shopify.com/s/files/1/0724/2638/9551/files/LISTING_tc-lru-ws-1_986a3ad3-4f64-4804-bd58-e386b497d19a.jpg?v=1773341273,ACTIVE
ITEM-022466,LISTING_tc-hss_2btbl-16w8p-01-ws-1_2b3a337b-6527-437d-82e1-c3850b967eda.jpg,07-14-silverado-sierra-5-8-tonneau-cover-w-led-bed-lights,07-14 Silverado/Sierra 5.8 ft Bed Tonneau Cover w/ LED Lights,https://cdn.shopify.com/s/files/1/0724/2638/9551/files/LISTING_tc-hss_2btbl-16w8p-01-ws-1_2b3a337b-6527-437d-82e1-c3850b967eda.jpg?v=1773341240,ACTIVE
ITEM-030202,LISTING_tc-lth-ws-2_785d4ab0-a512-4b0f-9734-f04505157da8.jpg,07-13-chevy-silverado-5-8ft-tri-fold-tonneau-cover-w-led-lights,07-14 Silverado/Sierra 5.8 ft Bed Tri-Fold Tonneau Cover w/ LED,https://cdn.shopify.com/s/files/1/0724/2638/9551/files/LISTING_tc-lth-ws-2_785d4ab0-a512-4b0f-9734-f04505157da8.jpg?v=1773341307,ACTIVE
ITEM-022472,LISTING_tc-lru-ws-1_12ca02ce-8611-43a9-bb26-b3a220c67401.jpg,07-14-silverado-sierra-6-5-roll-up-tonneau-cover-led-bed-lights,07-14 Silverado/Sierra 6.5 ft Bed Roll-Up Tonneau Cover w/ LED Kit,https://cdn.shopify.com/s/files/1/0724/2638/9551/files/LISTING_tc-lru-ws-1_12ca02ce-8611-43a9-bb26-b3a220c67401.jpg?v=1773341377,ACTIVE
ITEM-022471,LISTING_tc-hss_2btbl-16w8p-01-ws-1_dd0b767d-bb40-4f78-8954-58a3c3ee74b2.jpg,07-14-silverado-sierra-6-5-tonneau-cover-led-bed-light-kit,07-14 Silverado/Sierra 6.5 ft Bed Tonneau Cover + LED Light Kit,https://cdn.shopify.com/s/files/1/0724/2638/9551/files/LISTING_tc-hss_2btbl-16w8p-01-ws-1_dd0b767d-bb40-4f78-8954-58a3c3ee74b2.jpg?v=1773341343,ACTIVE
ITEM-030203,LISTING_tc-lth-ws-2_5ee51dc1-f2c4-414a-8dcc-f64524d80964.jpg,07-13-chevy-silverado-6-5ft-tri-fold-tonneau-cover-w-led-lights,07-14 Silverado/Sierra 6.5 ft Bed Tri-Fold Tonneau Cover + LED Kit,https://cdn.shopify.com/s/files/1/0724/2638/9551/files/LISTING_tc-lth-ws-2_5ee51dc1-f2c4-414a-8dcc-f64524d80964.jpg?v=1773341411,ACTIVE
ITEM-027887,tbm-rb-v2-2_16f82102-c540-43e8-967f-36c2054e5858.jpg,07-18-silverado-sierra-5-8ft-rubber-truck-bed-mat-v2,07-18 Silverado/Sierra 5.8 ft Bed Rubber Bed Mat - AA001-V2,https://cdn.shopify.com/s/files/1/0724/2638/9551/files/tbm-rb-v2-2_16f82102-c540-43e8-967f-36c2054e5858.jpg?v=1776217413,ACTIVE
ITEM-022204,tbm-rb-gy-2_fb0005a9-b062-49af-8bf8-6c897495a180.jpg,07-18-chevy-silverado-gmc-sierra-5-8-bed-rubber-mat-grey,07-18 Silverado/Sierra 5.8 ft Bed Rubber Truck Bed Mat - Grey,https://cdn.shopify.com/s/files/1/0724/2638/9551/files/tbm-rb-gy-2_fb0005a9-b062-49af-8bf8-6c897495a180.jpg?v=1776217415,ACTIVE
ITEM-027893,tbm-rb-v2-2_62d6a573-85c2-471e-a07c-7d323d2eebe0.jpg,07-18-silverado-sierra-8ft-bed-rubber-mat-lightweight-v2,07-18 Silverado/Sierra 8 ft Bed Rubber Bed Mat - AA034-V2,https://cdn.shopify.com/s/files/1/0724/2638/9551/files/tbm-rb-v2-2_62d6a573-85c2-471e-a07c-7d323d2eebe0.jpg?v=1776217416,ACTIVE
ITEM-026232,LISTING_sbms-sil07cc-mb-ws-1a.jpg,07-18-chevy-silverado-gmc-sierra-crew-cab-modular-step-bars-matte-black,07-18 Silverado/Sierra Crew Cab Modular Side Steps - Matte Black,https://cdn.shopify.com/s/files/1/0724/2638/9551/files/LISTING_sbms-sil07cc-mb-ws-1a.jpg?v=1773336228,ACTIVE
ITEM-022841,th-sil0715-c301-2.jpg,07-19-silverado-sierra-1500-class-3-trailer-hitch-ball-mount-curt,07-19 Silverado/Sierra 1500 Class 3 Trailer Hitch & Ball Mount - CURT,https://cdn.shopify.com/s/files/1/0724/2638/9551/files/th-sil0715-c301-2.jpg?v=1776215977,ACTIVE
ITEM-027888,tbm-rb-v2-2_e9427a0e-a666-4468-99df-e828c54685a7.jpg,07-19-silverado-sierra-6-5ft-rubber-truck-bed-mat-v2-aa003,07-19 Silverado/Sierra 6.5 ft Bed Rubber Bed Mat - AA003-V2,https://cdn.shopify.com/s/files/1/0724/2638/9551/files/tbm-rb-v2-2_e9427a0e-a666-4468-99df-e828c54685a7.jpg?v=1776217418,ACTIVE
ITEM-022203,tbm-rb-gy-2_218a6885-7307-4726-afde-38d11d8d713f.jpg,07-19-chevy-silverado-gmc-sierra-6-5-bed-rubber-mat-grey,07-19 Silverado/Sierra 6.5 ft Bed Rubber Truck Bed Mat - Grey,https://cdn.shopify.com/s/files/1/0724/2638/9551/files/tbm-rb-gy-2_218a6885-7307-4726-afde-38d11d8d713f.jpg?v=1776217419,ACTIVE
ITEM-026233,LISTING_sbms-sil07xc-mb-ws-1a.jpg,07-18-chevy-silverado-gmc-sierra-ext-cab-modular-step-bars-matte-black,07-19 Silverado/Sierra Extended Cab Modular Side Steps - Matte Black,https://cdn.shopify.com/s/files/1/0724/2638/9551/files/LISTING_sbms-sil07xc-mb-ws-1a.jpg?v=1773336248,ACTIVE
ITEM-026446,bghd-al-mb-2_881361b2-1d66-4b43-b3db-edd32e798057.jpg,07-21-toyota-tundra-sequoia-advanced-bull-guard-w-led-matte-black,07-21 Toyota Tundra Sequoia Advanced Bull Guard w/ LED - Matte Black,https://cdn.shopify.com/s/files/1/0724/2638/9551/files/bghd-al-mb-2_881361b2-1d66-4b43-b3db-edd32e798057.jpg?v=1776217421,ACTIVE
ITEM-024894,bghd-av-mb-2_caac1b06-c973-46b5-b442-4425708ac739.jpg,07-21-toyota-tundra-sequoia-bull-guard-w-skid-plate-matte-black,07-21 Toyota Tundra Sequoia Bull Guard w/ Skid Plate - Matte Black,https://cdn.shopify.com/s/files/1/0724/2638/9551/files/bghd-av-mb-2_caac1b06-c973-46b5-b442-4425708ac739.jpg?v=1776217423,ACTIVE
ITEM-024842,bghd-av-mbba-2_4494d7dc-ff6d-4204-87e6-3321063125fe.jpg,07-21-toyota-tundra-sequoia-advanced-bull-guard-matte-black,07-21 Toyota Tundra/Sequoia Advanced Bull Guard - Matte Black,https://cdn.shopify.com/s/files/1/0724/2638/9551/files/bghd-av-mbba-2_4494d7dc-ff6d-4204-87e6-3321063125fe.jpg?v=1776217424,ACTIVE
ITEM-030288,hlnb-f25008lsq-jdma-2.jpg,08-10-ford-f250-f350-super-duty-led-crystal-headlights-black,08-10 Ford F250 F350 Super Duty LED Crystal Headlights Black,https://cdn.shopify.com/s/files/1/0724/2638/9551/files/hlnb-f25008lsq-jdma-2.jpg?v=1776215979,ACTIVE
ITEM-025392,bghd-am-mb_2bflbw-40cree-lb-wh-2_48530384-2598-41af-8aac-8747232d75e0.jpg,08-10-ford-super-duty-bull-guard-w-led-light-bar-matte-black,08-10 Ford Super Duty Bull Guard w/ LED Light Bar - Matte Black,https://cdn.shopify.com/s/files/1/0724/2638/9551/files/bghd-am-mb_2bflbw-40cree-lb-wh-2_48530384-2598-41af-8aac-8747232d75e0.jpg?v=1776217426,ACTIVE
ITEM-029787,hlpnb-f15009lsq-ab-2.jpg,09-14-ford-f-150-black-projector-headlights-sequential-led-fdpu09ds-06,09-14 Ford F-150 Black Projector Headlights Sequential LED - FDPU09DS.06,https://cdn.shopify.com/s/files/1/0724/2638/9551/files/hlpnb-f15009lsq-ab-2.jpg?v=1776215981,ACTIVE
ITEM-029696,hlpnb-f15009lbw-ac-2.jpg,09-14-ford-f-150-chrome-led-projector-headlights-w-amber-light-bar,09-14 Ford F-150 Chrome LED Projector Headlights w/ Amber Light Bar,https://cdn.shopify.com/s/files/1/0724/2638/9551/files/hlpnb-f15009lbw-ac-2.jpg?v=1776215984,ACTIVE
ITEM-029786,hlpnb-f15009lsq-ac-2.jpg,09-14-ford-f-150-chrome-projector-headlights-sequential-led-signal,09-14 Ford F-150 Chrome Projector Headlights Sequential LED Signal,https://cdn.shopify.com/s/files/1/0724/2638/9551/files/hlpnb-f15009lsq-ac-2.jpg?v=1776215986,ACTIVE
ITEM-029781,hlnb-f15009lsq-cha-2.jpg,09-14-ford-f-150-crystal-led-headlights-sequential-signal-chrome,09-14 Ford F-150 Crystal LED Headlights Sequential Signal - Chrome,https://cdn.shopify.com/s/files/1/0724/2638/9551/files/hlnb-f15009lsq-cha-2.jpg?v=1776215988,ACTIVE
ITEM-029539,hlplnb-f15009flbw-ac-2.jpg,09-14-ford-f-150-full-led-projector-headlights-black-fdpu09c-00,09-14 Ford F-150 Full LED Projector Headlights Black - FDPU09C.00,https://cdn.shopify.com/s/files/1/0724/2638/9551/files/hlplnb-f15009flbw-ac-2.jpg?v=1776215990,ACTIVE
ITEM-029788,hlplnb-f15009flsq-ac-2.jpg,09-14-ford-f-150-full-led-projector-headlights-sequential-chrome,09-14 Ford F-150 Full LED Projector Headlights Sequential Chrome,https://cdn.shopify.com/s/files/1/0724/2638/9551/files/hlplnb-f15009flsq-ac-2.jpg?v=1776215993,ACTIVE
ITEM-029789,hlplnb-f15009flsq-ab-2.jpg,09-14-ford-f-150-full-led-projector-headlights-sequential-signal-black,09-14 Ford F-150 Full LED Projector Headlights Sequential Signal - Black,https://cdn.shopify.com/s/files/1/0724/2638/9551/files/hlplnb-f15009flsq-ab-2.jpg?v=1776215995,ACTIVE
ITEM-029540,hlplnb-f15009flbw-ab-2.jpg,09-14-ford-f-150-full-led-projector-headlights-w-light-bar-black,09-14 Ford F-150 Full LED Projector Headlights w/ Light Bar - Black,https://cdn.shopify.com/s/files/1/0724/2638/9551/files/hlplnb-f15009flbw-ab-2.jpg?v=1776215997,ACTIVE
ITEM-029695,hlnb-f15009lbw-jdma-2.jpg,09-14-ford-f-150-led-crystal-headlights-black-w-amber-light-bar,09-14 Ford F-150 LED Crystal Headlights Black w/ Amber Light Bar,https://cdn.shopify.com/s/files/1/0724/2638/9551/files/hlnb-f15009lbw-jdma-2.jpg?v=1776215999,ACTIVE
ITEM-029694,hlnb-f15009lbw-cha-2.jpg,09-14-ford-f-150-led-crystal-headlights-chrome-w-amber-light-bar,09-14 Ford F-150 LED Crystal Headlights Chrome w/ Amber Light Bar,https://cdn.shopify.com/s/files/1/0724/2638/9551/files/hlnb-f15009lbw-cha-2.jpg?v=1776216002,ACTIVE
ITEM-029782,hlnb-f15009lsq-jdma-2.jpg,09-14-ford-f-150-led-crystal-headlights-sequential-signal-black,09-14 Ford F-150 LED Crystal Headlights Sequential Signal - Black,https://cdn.shopify.com/s/files/1/0724/2638/9551/files/hlnb-f15009lsq-jdma-2.jpg?v=1776216004,ACTIVE
ITEM-029697,hlpnb-f15009lbw-ab-2.jpg,09-14-ford-f-150-led-projector-headlights-black-w-amber-light-bar,09-14 Ford F-150 LED Projector Headlights Black w/ Amber Light Bar,https://cdn.shopify.com/s/files/1/0724/2638/9551/files/hlpnb-f15009lbw-ab-2.jpg?v=1776216006,ACTIVE
ITEM-026695,bghd-al-mb-2_d73526d6-71fe-4643-8223-c7fd52e23a70.jpg,11-19-silverado-sierra-2500-3500-advanced-bull-guard-led-matte-black,11-19 Silverado/Sierra 2500/3500 Advanced Bull Guard LED - Matte Black,https://cdn.shopify.com/s/files/1/0724/2638/9551/files/bghd-al-mb-2_d73526d6-71fe-4643-8223-c7fd52e23a70.jpg?v=1776217427,ACTIVE
ITEM-028901,LISTING_tc-lth-ws-2_1a511bfc-e92e-46a9-9993-482011b10f41.jpg,2014-2018-silverado-sierra-6-5ft-hard-tri-fold-tonneau-cover-w-led,14-19 Silverado/Sierra 6.5 ft Bed Tri-Fold Tonneau Cover + LED Kit,https://cdn.shopify.com/s/files/1/0724/2638/9551/files/LISTING_tc-lth-ws-2_1a511bfc-e92e-46a9-9993-482011b10f41.jpg?v=1773341617,ACTIVE
ITEM-030135,hlnb-tun14lsq-cha-2.jpg,14-21-toyota-tundra-chrome-crystal-headlights-sequential-led-tytd14ds,14-21 Toyota Tundra Chrome Crystal Headlights Sequential LED - TYTD14DS,https://cdn.shopify.com/s/files/1/0724/2638/9551/files/hlnb-tun14lsq-cha-2.jpg?v=1776216008,ACTIVE
ITEM-030136,hlnb-tun14lsq-jdma-2.jpg,14-21-toyota-tundra-crystal-headlights-sequential-led-signal-black,14-21 Toyota Tundra Crystal Headlights Sequential LED Signal - Black,https://cdn.shopify.com/s/files/1/0724/2638/9551/files/hlnb-tun14lsq-jdma-2.jpg?v=1776216011,ACTIVE
ITEM-029982,hlpnb-tun14lbw-ab-2.jpg,14-21-toyota-tundra-projector-headlights-led-halo-light-bar-black,14-21 Toyota Tundra Projector Headlights LED Halo & Light Bar - Black,https://cdn.shopify.com/s/files/1/0724/2638/9551/files/hlpnb-tun14lbw-ab-2.jpg?v=1776216013,ACTIVE
ITEM-032491,th-c1073-c028-st-2.jpg,curt-13028-class-3-trailer-hitch-2-receiver-for-ford-chevy-gmc,"1973-2007 Ford Chevrolet C/K 2"" Class 3 Trailer Hitch Receiver - Black",https://cdn.shopify.com/s/files/1/0724/2638/9551/files/th-c1073-c028-st-2.jpg?v=1776216015,ACTIVE
ITEM-030200,LISTING_tc-lth-ws-2_850e59fa-6f74-4d81-9db4-610dcc6cf9e5.jpg,1982-1993-chevy-s10-gmc-s15-sonoma-6-tri-fold-tonneau-cover-w-led,1982-1993 Chevrolet S10 GMC S15 Sonoma 6 ft Bed Tri-Fold Tonneau Cover,https://cdn.shopify.com/s/files/1/0724/2638/9551/files/LISTING_tc-lth-ws-2_850e59fa-6f74-4d81-9db4-610dcc6cf9e5.jpg?v=1773340995,ACTIVE
ITEM-029463,LISTING_tc-lth-ws-2_dddea137-a1be-40cf-a055-9596f18b3bc2.jpg,1982-1993-chevy-s-10-gmc-sonoma-6-bed-hard-tri-fold-tonneau-cover,1982-1993 Chevrolet S10/GMC S15 6 ft Bed Hard Tri-Fold Tonneau Cover,https://cdn.shopify.com/s/files/1/0724/2638/9551/files/LISTING_tc-lth-ws-2_dddea137-a1be-40cf-a055-9596f18b3bc2.jpg?v=1773340979,ACTIVE
ITEM-022455,LISTING_tc-lru-ws-1_1fce4fb3-761d-4a0c-8602-2db58127ff6a.jpg,82-93-chevy-s10-gmc-s15-sonoma-6-roll-up-tonneau-cover-led-kit,1982-1993 Chevy/GMC S10 S15 Sonoma 6 ft Bed Roll-Up Tonneau Cover,https://cdn.shopify.com/s/files/1/0724/2638/9551/files/LISTING_tc-lru-ws-1_1fce4fb3-761d-4a0c-8602-2db58127ff6a.jpg?v=1773340960,ACTIVE
ITEM-014857,tc-lru-2_dfe13915-62dc-49ad-a80b-cd50152176f3.jpg,1982-1993-chevy-s10-gmc-s15-sonoma-6-bed-roll-up-tonneau-cover,1982-1993 Chevy/GMC S10/S15/Sonoma 6 ft Bed Tonneau Cover - Roll-Up,https://cdn.shopify.com/s/files/1/0724/2638/9551/files/tc-lru-2_dfe13915-62dc-49ad-a80b-cd50152176f3.jpg?v=1776217429,ACTIVE
ITEM-029466,LISTING_tc-lth-ws-2_d04b8e58-d073-4ed3-a497-5b6667ea1673.jpg,1993-2011-ford-ranger-6-bed-hard-tri-fold-tonneau-cover-243315,1983-2011 Ford Ranger 6 ft Bed Hard Tri-Fold Tonneau Cover,https://cdn.shopify.com/s/files/1/0724/2638/9551/files/LISTING_tc-lth-ws-2_d04b8e58-d073-4ed3-a497-5b6667ea1673.jpg?v=1773340878,ACTIVE
ITEM-014330,tc-lru-2_fbe8e6bd-3745-4b16-91d1-00ceb5ae819d.jpg,1983-2011-ford-ranger-mazda-b-series-6-roll-up-tonneau-cover,1983-2011 Ford Ranger 6 ft Bed Roll-Up Tonneau Cover,https://cdn.shopify.com/s/files/1/0724/2638/9551/files/tc-lru-2_fbe8e6bd-3745-4b16-91d1-00ceb5ae819d.jpg?v=1776217431,ACTIVE
ITEM-022452,LISTING_tc-lru_2btbl-16w8p-01-ws-1_37d098bf-63a2-4752-9d01-8dc9c51bcafc.jpg,roll-up-tonneau-cover-w-led-bed-lights-6-bed-ranger-b-series,1983-2011 Ford Ranger 6 ft Bed Roll-Up Tonneau Cover Combo w/ LED,https://cdn.shopify.com/s/files/1/0724/2638/9551/files/LISTING_tc-lru_2btbl-16w8p-01-ws-1_37d098bf-63a2-4752-9d01-8dc9c51bcafc.jpg?v=1773340926,ACTIVE
ITEM-030199,LISTING_tc-lth-ws-2_90317ca9-b9a3-4f90-b4e0-2de347fc34a5.jpg,1993-2011-ford-ranger-6-bed-tri-fold-tonneau-cover-w-led-lights,1983-2011 Ford Ranger 6 ft Bed Tri-Fold Tonneau Cover with LED Lights,https://cdn.shopify.com/s/files/1/0724/2638/9551/files/LISTING_tc-lth-ws-2_90317ca9-b9a3-4f90-b4e0-2de347fc34a5.jpg?v=1773340892,ACTIVE
ITEM-025352,tbm-rb-gy-2_89da50eb-90b2-42fe-819b-ae6b86cceb71.jpg,1983-2012-ford-ranger-7-long-bed-pvc-bed-mat-black,1983-2012 Ford Ranger 7 ft Bed PVC Bed Mat - Black,https://cdn.shopify.com/s/files/1/0724/2638/9551/files/tbm-rb-gy-2_89da50eb-90b2-42fe-819b-ae6b86cceb71.jpg?v=1776217433,ACTIVE
ITEM-027884,tbm-rb-v2-2_decbc6ec-cef9-49c9-b168-e9a2bee9c792.jpg,1983-2012-ford-ranger-7-ft-bed-rubber-mat-lightweight-v2,1983-2012 Ford Ranger 7 ft Bed Rubber Truck Bed Mat - AA027-V2,https://cdn.shopify.com/s/files/1/0724/2638/9551/files/tbm-rb-v2-2_decbc6ec-cef9-49c9-b168-e9a2bee9c792.jpg?v=1776217435,ACTIVE
ITEM-021815,th-jc84-c084-2.jpg,1984-2001-jeep-cherokee-class-3-trailer-hitch-black,1984-2001 Jeep Cherokee Class 3 Trailer Hitch - Black,https://cdn.shopify.com/s/files/1/0724/2638/9551/files/th-jc84-c084-2.jpg?v=1776216017,ACTIVE
ITEM-022818,th-bmount-l2-2_1650b228-a32e-44d4-87e4-8c5ec1233311.jpg,1984-2001-jeep-cherokee-class-3-trailer-hitch-w-ball-mount-curt,1984-2001 Jeep Cherokee Class 3 Trailer Hitch w/ Ball Mount - CURT,https://cdn.shopify.com/s/files/1/0724/2638/9551/files/th-bmount-l2-2_1650b228-a32e-44d4-87e4-8c5ec1233311.jpg?v=1776217436,ACTIVE
ITEM-028162,thw-rang86-4w-ef314-2.jpg,1986-1992-ford-ranger-trailer-wiring-harness-t-connector-55314,1986-1992 Ford Ranger Trailer Wiring Harness T-Connector - 55314,https://cdn.shopify.com/s/files/1/0724/2638/9551/files/thw-rang86-4w-ef314-2.jpg?v=1776216019,ACTIVE
ITEM-027892,tbm-rb-v2-2_ccbb9360-2394-47c7-b9bd-72c32b63687a.jpg,1987-2011-dodge-dakota-rubber-truck-bed-mat-6-5-ft-aa023-v2,1987-2011 Dodge Dakota 6.5 ft Bed Rubber Bed Mat - AA023-V2,https://cdn.shopify.com/s/files/1/0724/2638/9551/files/tbm-rb-v2-2_ccbb9360-2394-47c7-b9bd-72c32b63687a.jpg?v=1776217439,ACTIVE
ITEM-022225,tbm-rb-gy-2_3595a05c-130b-4464-9ecd-269ddd88e589.jpg,rubber-truck-bed-mat-for-dakota-raider-6-5-bed-grey,1987-2011 Dodge Dakota 6.5 ft Bed Rubber Bed Mat - Grey,https://cdn.shopify.com/s/files/1/0724/2638/9551/files/tbm-rb-gy-2_3595a05c-130b-4464-9ecd-269ddd88e589.jpg?v=1776217440,ACTIVE
ITEM-029775,hlnb-c1088lbw-ch-2.jpg,88-98-chevy-gmc-c10-ck-crystal-headlights-w-led-light-bar-chrome,1988-2000 Chevrolet C/K Pickup Crystal Headlights w/ LED Bar - Chrome,https://cdn.shopify.com/s/files/1/0724/2638/9551/files/hlnb-c1088lbw-ch-2.jpg?v=1776216022,ACTIVE
ITEM-029776,hlnb-c1088lbw-jdm-2.jpg,88-98-chevy-gmc-c10-ck-crystal-headlights-w-led-light-bar-black,1988-2000 Chevrolet C/K Pickup Crystal Headlights w/LED Bar - Black,https://cdn.shopify.com/s/files/1/0724/2638/9551/files/hlnb-c1088lbw-jdm-2.jpg?v=1776216024,ACTIVE
ITEM-011209,tc-hss-2.jpg,88-00-gmc-c-k-1500-2500-3500-6-5-hidden-snap-tonneau-cover,1988-2000 GMC C/K 6.5 ft Bed Hidden Snap Tonneau Cover,https://cdn.shopify.com/s/files/1/0724/2638/9551/files/tc-hss-2.jpg?v=1776216027,ACTIVE
ITEM-014319,tc-lru-2.jpg,1988-2000-gmc-c-k-1500-3500-6-5-roll-up-tonneau-cover-503301,1988-2000 GMC C/K 6.5 ft Bed Roll-Up Tonneau Cover,https://cdn.shopify.com/s/files/1/0724/2638/9551/files/tc-lru-2.jpg?v=1776216029,ACTIVE
ITEM-023501,th-c1088-d081-2.jpg,1988-2000-gmc-c-k-series-class-4-trailer-hitch-14081,1988-2000 GMC C/K Series Class 4 Trailer Hitch - 14081,https://cdn.shopify.com/s/files/1/0724/2638/9551/files/th-c1088-d081-2.jpg?v=1776216031,ACTIVE
ITEM-025556,th-bmount-l2-2_3852dab5-dad0-49df-a0e1-a8a4f3ac3c69.jpg,1988-2000-gmc-c-k-series-class-4-trailer-hitch-w-ball-mount,1988-2000 GMC C/K Series Class 4 Trailer Hitch w/ Ball Mount,https://cdn.shopify.com/s/files/1/0724/2638/9551/files/th-bmount-l2-2_3852dab5-dad0-49df-a0e1-a8a4f3ac3c69.jpg?v=1776217442,ACTIVE
ITEM-023721,th-vit88-a128-2.jpg,1989-1998-sidekick-tracker-class-1-trailer-hitch-11128,1989-1998 Sidekick Tracker Class 1 Trailer Hitch - 11128,https://cdn.shopify.com/s/files/1/0724/2638/9551/files/th-vit88-a128-2.jpg?v=1776216033,ACTIVE
ITEM-014335,tc-lru-2_10b4ab7e-3de6-47fc-8d71-724020e3df18.jpg,1989-2004-toyota-tacoma-pickup-6-bed-roll-up-tonneau-cover,1989-2004 Toyota Tacoma/Pickup 6 ft Bed Roll-Up Tonneau Cover,https://cdn.shopify.com/s/files/1/0724/2638/9551/files/tc-lru-2_10b4ab7e-3de6-47fc-8d71-724020e3df18.jpg?v=1776217443,ACTIVE
ITEM-022501,LISTING_tc-lru-ws-1_1b91c959-6412-4c84-9743-d1abed4dc487.jpg,1989-2004-toyota-tacoma-pickup-6-roll-up-tonneau-cover-led-lights,1989-2004 Toyota Tacoma/Pickup 6 ft Bed Roll-Up Tonneau Cover Combo,https://cdn.shopify.com/s/files/1/0724/2638/9551/files/LISTING_tc-lru-ws-1_1b91c959-6412-4c84-9743-d1abed4dc487.jpg?v=1773342113,ACTIVE
ITEM-028022,LISTING_tc-lth-ws-2_ac571a49-66e4-49ee-8871-43549a442565.jpg,1995-2004-toyota-tacoma-6ft-bed-hard-tri-fold-tonneau-cover,1989-2004 Toyota Tacoma/Pickup 6 ft Bed Tonneau Cover - Hard Tri-Fold,https://cdn.shopify.com/s/files/1/0724/2638/9551/files/LISTING_tc-lth-ws-2_ac571a49-66e4-49ee-8871-43549a442565.jpg?v=1773342144,ACTIVE
ITEM-028904,LISTING_tc-lth-ws-2_04db488f-e441-4576-9b4a-be9833185043.jpg,1995-2004-toyota-tacoma-6ft-bed-hard-tri-fold-tonneau-cover-w-led,1989-2004 Toyota Tacoma/Pickup 6 ft Bed Tri-Fold Tonneau Cover Combo,https://cdn.shopify.com/s/files/1/0724/2638/9551/files/LISTING_tc-lth-ws-2_04db488f-e441-4576-9b4a-be9833185043.jpg?v=1773342146,ACTIVE
ITEM-010330,fg-acc90-abs-ch-2.jpg,1990-1993-honda-accord-front-grille-chrome-trim,1990-1993 Honda Accord Front Grille - Chrome Trim,https://cdn.shopify.com/s/files/1/0724/2638/9551/files/fg-acc90-abs-ch-2.jpg?v=1776216036,ACTIVE
ITEM-024059,th-escort90-a105-2.jpg,1991-2002-ford-escort-mercury-tracer-class-1-trailer-hitch,1991-2002 Ford Escort & Mercury Tracer Class 1 Trailer Hitch,https://cdn.shopify.com/s/files/1/0724/2638/9551/files/th-escort90-a105-2.jpg?v=1776216038,ACTIVE
ITEM-025056,bghd-av-mb-2_6b09c4ed-42b6-4303-8bb0-4bc849dce454.jpg,1992-1999-chevy-gmc-suburban-tahoe-yukon-bull-guard-matte-black-1,1992-1999 Chevrolet GMC Advanced Bull Guard w/Skid Plate - Matte Black,https://cdn.shopify.com/s/files/1/0724/2638/9551/files/bghd-av-mb-2_6b09c4ed-42b6-4303-8bb0-4bc849dce454.jpg?v=1776217445,ACTIVE
ITEM-026761,bghd-al-mb-2_bd22ec24-df5f-4719-9a7e-7235a4227d67.jpg,92-99-chevy-gmc-suburban-tahoe-yukon-bull-guard-led-light-bar,1992-1999 Chevrolet GMC Bull Guard LED Light Bar Matte Black,https://cdn.shopify.com/s/files/1/0724/2638/9551/files/bghd-al-mb-2_bd22ec24-df5f-4719-9a7e-7235a4227d67.jpg?v=1776217447,ACTIVE
ITEM-027399,bghd-am-tb-2.jpg,1992-1999-chevy-gmc-suburban-tahoe-yukon-studded-mesh-bull-guard,1992-1999 Chevrolet GMC Studded Mesh Bull Guard Texture Black,https://cdn.shopify.com/s/files/1/0724/2638/9551/files/bghd-am-tb-2.jpg?v=1776216040,ACTIVE
ITEM-019955,bg_2b40cree-2.jpg,92-99-chevy-gmc-suburban-tahoe-yukon-bull-guard-w-led-light-bar-1,1992-1999 Chevrolet GMC SUV Bull Bar w/ LED Light Bar - Matte Black,https://cdn.shopify.com/s/files/1/0724/2638/9551/files/bg_2b40cree-2.jpg?v=1776216042,ACTIVE
ITEM-024563,bghd-am-mb-2_ab062605-7749-4b8c-9051-7eb545d22237.jpg,1992-1999-chevy-gmc-suburban-tahoe-yukon-bull-guard-matte-black,1992-1999 Chevrolet GMC SUV Bull Guard Mesh Skid Plate - Matte Black,https://cdn.shopify.com/s/files/1/0724/2638/9551/files/bghd-am-mb-2_ab062605-7749-4b8c-9051-7eb545d22237.jpg?v=1776217449,ACTIVE
ITEM-010308,hlpk2-c1088hled-cb-2.jpg,92-99-chevy-gmc-suburban-tahoe-yukon-halo-led-projector-headlights,1992-1999 Chevy/GMC Full Size SUV Halo Projector Headlights Chrome,https://cdn.shopify.com/s/files/1/0724/2638/9551/files/hlpk2-c1088hled-cb-2.jpg?v=1776216044,ACTIVE
ITEM-027327,bghd-av-tb-2.jpg,1992-1999-chevy-gmc-suburban-tahoe-yukon-bull-guard-texture-black,1992-1999 Chevy/GMC SUV Advanced Series Bull Guard - Texture Black,https://cdn.shopify.com/s/files/1/0724/2638/9551/files/bghd-av-tb-2.jpg?v=1776216047,ACTIVE
ITEM-027775,bghd-am-tb_2bflbw-40cree-lb-wh-2.jpg,92-99-chevy-gmc-suburban-tahoe-yukon-studded-mesh-bull-guard-combo,1992-1999 Chevy/GMC SUV Bull Guard & 120W LED Light Bar Combo,https://cdn.shopify.com/s/files/1/0724/2638/9551/files/bghd-am-tb_2bflbw-40cree-lb-wh-2.jpg?v=1776216049,ACTIVE
ITEM-025243,bghd-am-mb_2bflbw-40cree-lb-wh-2_f8f23414-1322-4b05-b567-dd25362f91f5.jpg,92-99-chevy-gmc-suburban-tahoe-yukon-bull-guard-w-led-light-bar,1992-1999 Chevy/GMC SUV Bull Guard Mesh Skid Plate & LED Bar,https://cdn.shopify.com/s/files/1/0724/2638/9551/files/bghd-am-mb_2bflbw-40cree-lb-wh-2_f8f23414-1322-4b05-b567-dd25362f91f5.jpg?v=1776217450,ACTIVE
ITEM-019516,bghd-mbba-2.jpg,chevrolet-gmc-suburban-tahoe-yukon-bull-guard-gbu10050,1992-1999 Chevy/GMC SUV Bull Guard w/ Chrome Skid Plate - Matte Black,https://cdn.shopify.com/s/files/1/0724/2638/9551/files/bghd-mbba-2.jpg?v=1776216051,ACTIVE
ITEM-021499,fg-golf93-h-bk-2.jpg,1993-1999-volkswagen-golf-cabrio-abs-front-grille-black-horizontal,1993-1999 Volkswagen Golf/Cabrio Upper Grille Black - Horizontal,https://cdn.shopify.com/s/files/1/0724/2638/9551/files/fg-golf93-h-bk-2.jpg?v=1776216054,ACTIVE
ITEM-024486,th-acc94-a203-2.jpg,1994-1997-honda-accord-class-1-trailer-hitch-black,1994-1997 Honda Accord Class 1 Trailer Hitch - Black | MPN 11203,https://cdn.shopify.com/s/files/1/0724/2638/9551/files/th-acc94-a203-2.jpg?v=1776216056,ACTIVE
ITEM-029778,hlnb-c1088lbw8p-jdma-2.jpg,88-98-chevy-c10-ck-crystal-headlights-led-bar-bumper-corners-8pc-black,1994-2000 Chevrolet C/K Pickup Crystal Headlights LED 8pc Set - Black,https://cdn.shopify.com/s/files/1/0724/2638/9551/files/hlnb-c1088lbw8p-jdma-2.jpg?v=1776216058,ACTIVE
ITEM-029777,hlnb-c1088lbw8p-cha-2.jpg,88-98-chevy-c10-ck-crystal-headlights-w-led-bar-8pc-chrome-set,1994-2000 Chevrolet C/K Pickup Crystal Headlights LED 8pc Set - Chrome,https://cdn.shopify.com/s/files/1/0724/2638/9551/files/hlnb-c1088lbw8p-cha-2.jpg?v=1776216060,ACTIVE
ITEM-030254,hlpnb-c10888plbw-ab-2.jpg,88-98-chevy-gmc-c10-projector-headlights-8pc-set-led-bar-black,1994-2000 Chevrolet C/K Series Projector Headlights 8PC Set - Black,https://cdn.shopify.com/s/files/1/0724/2638/9551/files/hlpnb-c10888plbw-ab-2.jpg?v=1776216063,ACTIVE
ITEM-030255,hlpnb-c10888plbw-ac-2.jpg,88-98-chevy-gmc-c10-projector-headlights-8pc-set-chrome-led-bar,1994-2000 Chevrolet C/K Series Projector Headlights 8PC Set - Chrome,https://cdn.shopify.com/s/files/1/0724/2638/9551/files/hlpnb-c10888plbw-ac-2.jpg?v=1776216066,ACTIVE
ITEM-000922,fggg-grzv-ram94-vt-bk-2.jpg,1994-2002-dodge-ram-1500-2500-3500-front-grille-black,1994-2002 Dodge Ram 1500 2500 3500 Front Grille - Black,https://cdn.shopify.com/s/files/1/0724/2638/9551/files/fggg-grzv-ram94-vt-bk-2.jpg?v=1776216069,ACTIVE
ITEM-027418,fg-ram94-h-mb-2.jpg,1994-2002-dodge-ram-1500-2500-3500-horizontal-front-grille-matte-black,1994-2002 Dodge Ram 1500 2500 3500 Horizontal Front Grille Matte Black,https://cdn.shopify.com/s/files/1/0724/2638/9551/files/fg-ram94-h-mb-2.jpg?v=1776216071,ACTIVE
ITEM-020854,fg-ram94-h-bk-2.jpg,1994-2002-dodge-ram-1500-2500-3500-horizontal-grille-black,1994-2002 Dodge Ram 1500 2500 3500 Horizontal Grille - Black,https://cdn.shopify.com/s/files/1/0724/2638/9551/files/fg-ram94-h-bk-2.jpg?v=1776216073,ACTIVE
ITEM-024434,fg-ram94-me-bk-2.jpg,1994-2002-dodge-ram-1500-2500-3500-mesh-front-grille-black,1994-2002 Dodge Ram 1500 2500 3500 Mesh Front Grille - Black,https://cdn.shopify.com/s/files/1/0724/2638/9551/files/fg-ram94-me-bk-2.jpg?v=1776216076,ACTIVE
ITEM-027417,fg-ram94-me-mb-2.jpg,1994-2002-dodge-ram-1500-2500-3500-mesh-front-grille-matte-black,1994-2002 Dodge Ram 1500 2500 3500 Mesh Front Grille Matte Black,https://cdn.shopify.com/s/files/1/0724/2638/9551/files/fg-ram94-me-mb-2.jpg?v=1776216078,ACTIVE
ITEM-021793,fggg-grzv-ram94-vt-mb-2.jpg,1994-2002-dodge-ram-1500-2500-3500-vertical-front-grille-matte-black,1994-2002 Dodge Ram 1500 2500 3500 Vertical Front Grille Matte Black,https://cdn.shopify.com/s/files/1/0724/2638/9551/files/fggg-grzv-ram94-vt-mb-2.jpg?v=1776216080,ACTIVE
ITEM-014325,tc-lru-2_759bb9d5-c31f-4c1d-80b7-c92ff9a4484a.jpg,1994-2002-dodge-ram-1500-2500-3500-roll-up-tonneau-cover-6-5-bed,1994-2002 Dodge Ram 1500/2500/3500 6.5 ft Bed Roll-Up Tonneau Cover,https://cdn.shopify.com/s/files/1/0724/2638/9551/files/tc-lru-2_759bb9d5-c31f-4c1d-80b7-c92ff9a4484a.jpg?v=1776217452,ACTIVE
ITEM-029465,LISTING_tc-lth-ws-2_8b5455f7-38a8-4e4f-a5d6-babdaa3ee63b.jpg,1994-2001-dodge-ram-1500-2500-3500-6-5-bed-hard-tri-fold-cover,1994-2002 Dodge Ram 1500/2500/3500 6.5 ft Bed Tonneau Cover,https://cdn.shopify.com/s/files/1/0724/2638/9551/files/LISTING_tc-lth-ws-2_8b5455f7-38a8-4e4f-a5d6-babdaa3ee63b.jpg?v=1773340704,ACTIVE
ITEM-026539,bghd-al-mb-2_66bfdca4-0b53-46e7-bcdd-c78a3b562461.jpg,1994-2002-dodge-ram-1500-2500-3500-bull-guard-w-led-light-bar,1994-2002 Dodge Ram 1500/2500/3500 Bull Guard w/ LED Light Bar,https://cdn.shopify.com/s/files/1/0724/2638/9551/files/bghd-al-mb-2_66bfdca4-0b53-46e7-bcdd-c78a3b562461.jpg?v=1776217454,ACTIVE
ITEM-024973,bghd-av-mb-2_65b1a4ba-7ec8-4997-9912-24a2c87caaf7.jpg,1994-2002-dodge-ram-advanced-series-bull-guard-w-skid-plate-matte-black,1994-2002 Dodge Ram Advanced Series Bull Guard w/ Skid Plate - Matte Black,https://cdn.shopify.com/s/files/1/0724/2638/9551/files/bghd-av-mb-2_65b1a4ba-7ec8-4997-9912-24a2c87caaf7.jpg?v=1776217455,ACTIVE
ITEM-028028,LISTING_tc-lth-ws-2_a94a5a4f-0672-4fad-a65d-97c80d3fd726.jpg,1994-2004-chevy-s10-gmc-sonoma-6ft-hard-tri-fold-tonneau-cover,1994-2003 Chevy S10 GMC Sonoma 6 ft Bed Tonneau Cover - Hard Tri-Fold,https://cdn.shopify.com/s/files/1/0724/2638/9551/files/LISTING_tc-lth-ws-2_a94a5a4f-0672-4fad-a65d-97c80d3fd726.jpg?v=1773341082,ACTIVE
ITEM-014308,tc-tfs-2_10864b77-ff58-491c-a779-e6b3607533e3.jpg,94-03-chevy-s10-gmc-sonoma-isuzu-hombre-6-tri-fold-tonneau-cover,1994-2003 Chevy S10 GMC Sonoma 6 ft Bed Tri-Fold Tonneau Cover,https://cdn.shopify.com/s/files/1/0724/2638/9551/files/tc-tfs-2_10864b77-ff58-491c-a779-e6b3607533e3.jpg?v=1776217457,ACTIVE
ITEM-028899,LISTING_tc-lth-ws-2_667c4b22-841f-4887-a0f6-f05a269412f5.jpg,1994-2004-chevy-s10-gmc-sonoma-6ft-tri-fold-tonneau-cover-w-led,1994-2003 Chevy S10/GMC Sonoma 6 ft Bed Hard Tri-Fold Tonneau Cover,https://cdn.shopify.com/s/files/1/0724/2638/9551/files/LISTING_tc-lth-ws-2_667c4b22-841f-4887-a0f6-f05a269412f5.jpg?v=1773341097,ACTIVE
ITEM-022458,LISTING_tc-lru-ws-1_71e68712-84d8-4f4c-aa2f-e986d279b5ca.jpg,94-03-chevy-s10-gmc-sonoma-6-roll-up-tonneau-cover-led-lights,1994-2003 Chevy S10/GMC Sonoma 6 ft Bed Roll-Up Tonneau Cover,https://cdn.shopify.com/s/files/1/0724/2638/9551/files/LISTING_tc-lru-ws-1_71e68712-84d8-4f4c-aa2f-e986d279b5ca.jpg?v=1773341063,ACTIVE
ITEM-022457,LISTING_tc-hss_2btbl-16w8p-01-ws-1_df005686-cdd0-4dea-8146-32e23c4aa1b8.jpg,94-03-chevy-s10-gmc-sonoma-6-tonneau-cover-led-bed-light-kit,1994-2003 Chevy S10/GMC Sonoma 6 ft Bed Soft Roll-Up Tonneau Cover,https://cdn.shopify.com/s/files/1/0724/2638/9551/files/LISTING_tc-hss_2btbl-16w8p-01-ws-1_df005686-cdd0-4dea-8146-32e23c4aa1b8.jpg?v=1773341030,ACTIVE
ITEM-011211,tc-hss-2_dbdfedca-d4c9-4104-8d59-0f58a39ee8cf.jpg,94-03-chevy-s10-gmc-sonoma-isuzu-hombre-6-tonneau-cover,1994-2003 Chevy S10/GMC Sonoma 6 ft Bed Tonneau Cover - Roll-Up,https://cdn.shopify.com/s/files/1/0724/2638/9551/files/tc-hss-2_dbdfedca-d4c9-4104-8d59-0f58a39ee8cf.jpg?v=1776217459,ACTIVE
ITEM-022460,LISTING_tc-tfs-ws-1_73e94cc6-fb4e-4e42-9217-2576db2a0dea.jpg,94-03-chevy-s10-gmc-sonoma-6-tri-fold-tonneau-cover-led-light-kit,1994-2003 Chevy S10/GMC Sonoma 6 ft Bed Tri-Fold Tonneau Cover Combo,https://cdn.shopify.com/s/files/1/0724/2638/9551/files/LISTING_tc-tfs-ws-1_73e94cc6-fb4e-4e42-9217-2576db2a0dea.jpg?v=1773341134,ACTIVE
ITEM-014321,tc-lru-2_92a547db-5d5a-4246-96cf-4026b504ca30.jpg,1994-2003-gmc-sonoma-isuzu-hombre-6-roll-up-tonneau-cover,1994-2003 GMC Sonoma / Isuzu Hombre 6 ft Bed Roll-Up Tonneau Cover,https://cdn.shopify.com/s/files/1/0724/2638/9551/files/tc-lru-2_92a547db-5d5a-4246-96cf-4026b504ca30.jpg?v=1776217460,ACTIVE
ITEM-023719,th-mus94-a041-2.jpg,1994-2004-ford-mustang-class-1-trailer-hitch-black,1994-2004 Ford Mustang Class 1 Trailer Hitch - Black,https://cdn.shopify.com/s/files/1/0724/2638/9551/files/th-mus94-a041-2.jpg?v=1776216083,ACTIVE
ITEM-022833,th-rang83-c138-2.jpg,1994-2009-mazda-b-series-class-3-trailer-hitch-combo-curt,1994-2009 Mazda B-Series Class 3 Trailer Hitch Combo - CURT,https://cdn.shopify.com/s/files/1/0724/2638/9551/files/th-rang83-c138-2.jpg?v=1776216085,ACTIVE
ITEM-021824,th-taco95-c013-2.jpg,1995-2004-toyota-tacoma-class-3-trailer-hitch-black-13013,1995-2004 Toyota Tacoma Class 3 Trailer Hitch - Black | 13013,https://cdn.shopify.com/s/files/1/0724/2638/9551/files/th-taco95-c013-2.jpg?v=1776216087,ACTIVE
ITEM-022847,th-bmount-l2-2_ffcc7520-008e-4c71-9a54-be6b7a4b56db.jpg,1995-2004-toyota-tacoma-class-3-trailer-hitch-w-ball-mount,1995-2004 Toyota Tacoma Class 3 Trailer Hitch w/ Ball Mount,https://cdn.shopify.com/s/files/1/0724/2638/9551/files/th-bmount-l2-2_ffcc7520-008e-4c71-9a54-be6b7a4b56db.jpg?v=1776217462,ACTIVE
ITEM-024488,th-cav95-a109-2.jpg,1995-2005-chevrolet-cavalier-pontiac-sunfire-class-1-trailer-hitch,1995-2005 Chevrolet Cavalier & Pontiac Sunfire Trailer Hitch - Class 1,https://cdn.shopify.com/s/files/1/0724/2638/9551/files/th-cav95-a109-2.jpg?v=1776216090,ACTIVE
ITEM-000799,fggg-gr-a495-h-bk-2.jpg,1996-2002-audi-a4-s4-b5-front-grille-black-mesh-style,1996-2002 Audi A4 S4 B5 Front Grille - Black Mesh Style,https://cdn.shopify.com/s/files/1/0724/2638/9551/files/fggg-gr-a495-h-bk-2.jpg?v=1776216092,ACTIVE
ITEM-021980,th-pat96-c088-2.jpg,1996-2004-nissan-pathfinder-infiniti-qx4-class-3-trailer-hitch,1996-2004 Nissan Pathfinder Infiniti QX4 Class 3 Trailer Hitch,https://cdn.shopify.com/s/files/1/0724/2638/9551/files/th-pat96-c088-2.jpg?v=1776216094,ACTIVE
ITEM-024491,th-cara04v2-c362-2.jpg,1996-2007-chrysler-town-country-class-3-trailer-hitch-13362,1996-2007 Chrysler Town & Country Class 3 Trailer Hitch - 13362,https://cdn.shopify.com/s/files/1/0724/2638/9551/files/th-cara04v2-c362-2.jpg?v=1776216097,ACTIVE
ITEM-023531,th-exp96-c040-2.jpg,1996-2026-gmc-savana-class-3-trailer-hitch-black-13040,1996-2026 GMC Savana Class 3 Trailer Hitch Black - 13040,https://cdn.shopify.com/s/files/1/0724/2638/9551/files/th-exp96-c040-2.jpg?v=1776216099,ACTIVE
ITEM-023478,th-exp96-d090-2.jpg,1996-2026-gmc-savana-class-4-trailer-hitch-black-14090,1996-2026 GMC Savana Class 4 Trailer Hitch - Black - 14090,https://cdn.shopify.com/s/files/1/0724/2638/9551/files/th-exp96-d090-2.jpg?v=1776216101,ACTIVE
ITEM-027913,tbm-rb-v2-2.jpg,97-00-chevy-gmc-c-k-truck-6-5ft-bed-rubber-mat-lightweight-v2,1997-2000 Chevy/GMC C/K Truck 6.5 ft Fleetside Bed Mat - AA041-V2,https://cdn.shopify.com/s/files/1/0724/2638/9551/files/tbm-rb-v2-2.jpg?v=1776216103,ACTIVE
ITEM-023297,th-crv97-a014-2.jpg,1997-2001-honda-cr-v-class-1-trailer-hitch-black,1997-2001 Honda CR-V Class 1 Trailer Hitch - Black | MPN 11014,https://cdn.shopify.com/s/files/1/0724/2638/9551/files/th-crv97-a014-2.jpg?v=1776216106,ACTIVE
ITEM-014861,tc-lru-2_07c39739-847d-4f29-a461-c412ef2729e6.jpg,1997-2004-dodge-dakota-6-5-bed-roll-up-vinyl-tonneau-cover,1997-2004 Dodge Dakota 6.5 ft Bed Roll-Up Tonneau Cover,https://cdn.shopify.com/s/files/1/0724/2638/9551/files/tc-lru-2_07c39739-847d-4f29-a461-c412ef2729e6.jpg?v=1776217463,ACTIVE
ITEM-022401,LISTING_tc-lru-ws-1_0c7045b3-bfdd-4e6e-9cd4-dda72d9e5814.jpg,1997-2004-dodge-dakota-6-5-roll-up-tonneau-cover-w-led-bed-lights,1997-2004 Dodge Dakota 6.5 ft Bed Roll-Up Tonneau Cover Combo w/ LED,https://cdn.shopify.com/s/files/1/0724/2638/9551/files/LISTING_tc-lru-ws-1_0c7045b3-bfdd-4e6e-9cd4-dda72d9e5814.jpg?v=1773338960,ACTIVE
ITEM-022400,LISTING_tc-hss_2btbl-16w8p-01-ws-1_69f501dd-d387-40c5-b7e2-640811b75460.jpg,97-04-dodge-dakota-6-5-tonneau-cover-led-bed-light-kit,1997-2004 Dodge Dakota 6.5 ft Bed Tonneau Cover & LED Light Kit,https://cdn.shopify.com/s/files/1/0724/2638/9551/files/LISTING_tc-hss_2btbl-16w8p-01-ws-1_69f501dd-d387-40c5-b7e2-640811b75460.jpg?v=1773338925,ACTIVE
ITEM-029467,LISTING_tc-lth-ws-2_d58f083c-23b8-4a22-a55b-b17fa8b65476.jpg,1997-2004-dodge-dakota-6-5-hard-tri-fold-tonneau-cover,1997-2004 Dodge Dakota 6.5 ft Bed Tonneau Cover - Hard Tri-Fold,https://cdn.shopify.com/s/files/1/0724/2638/9551/files/LISTING_tc-lth-ws-2_d58f083c-23b8-4a22-a55b-b17fa8b65476.jpg?v=1773338960,ACTIVE
ITEM-011222,tc-hss-2_caac590f-1f52-41d0-9a9b-7261f14196a7.jpg,1997-2004-dodge-dakota-6-5-hidden-snap-roll-up-tonneau-cover,1997-2004 Dodge Dakota 6.5 ft Bed Tonneau Cover - Hidden Snap,https://cdn.shopify.com/s/files/1/0724/2638/9551/files/tc-hss-2_caac590f-1f52-41d0-9a9b-7261f14196a7.jpg?v=1776217465,ACTIVE
ITEM-030194,LISTING_tc-lth-ws-2_32d67446-d205-41d5-8288-c9e212348472.jpg,1997-2004-dodge-dakota-6-5-tri-fold-tonneau-cover-w-led-lights,1997-2004 Dodge Dakota 6.5 ft Bed Tri-Fold Tonneau Cover Combo,https://cdn.shopify.com/s/files/1/0724/2638/9551/files/LISTING_tc-lth-ws-2_32d67446-d205-41d5-8288-c9e212348472.jpg?v=1773338993,ACTIVE
ITEM-025059,bghd-av-mbba-2_816908da-fbed-430b-b1e3-6e703d828ca0.jpg,1997-2004-dodge-dakota-durango-advanced-bull-guard-matte-black,1997-2004 Dodge Dakota Durango Advanced Bull Guard - Matte Black,https://cdn.shopify.com/s/files/1/0724/2638/9551/files/bghd-av-mbba-2_816908da-fbed-430b-b1e3-6e703d828ca0.jpg?v=1776217467,ACTIVE
ITEM-025058,bghd-av-mb-2_161eba98-4b23-48b3-856d-fbbd2aa587af.jpg,1997-2004-dodge-dakota-durango-advanced-bull-guard-w-skid-plate,1997-2004 Dodge Dakota Durango Advanced Bull Guard w/Skid Plate,https://cdn.shopify.com/s/files/1/0724/2638/9551/files/bghd-av-mb-2_161eba98-4b23-48b3-856d-fbbd2aa587af.jpg?v=1776217469,ACTIVE
ITEM-000839,fggg-grz-dak97-bl-bk-2.jpg,1997-2004-dodge-dakota-durango-front-grille-black,1997-2004 Dodge Dakota Durango Front Grille - Black,https://cdn.shopify.com/s/files/1/0724/2638/9551/files/fggg-grz-dak97-bl-bk-2.jpg?v=1776216108,ACTIVE
ITEM-000840,fggg-grz-dak97-bl-ch-2.jpg,1997-2004-dodge-dakota-durango-front-grille-chrome,1997-2004 Dodge Dakota Durango Front Grille - Chrome,https://cdn.shopify.com/s/files/1/0724/2638/9551/files/fggg-grz-dak97-bl-ch-2.jpg?v=1776216110,ACTIVE
ITEM-025187,tc-lru-2_6199acc2-c718-4897-8743-284defd59cfd.jpg,1997-2004-ford-f-150-f-250-6-5-bed-roll-up-tonneau-cover-503306,1997-2004 Ford F-150 6.5 ft Bed Roll-Up Tonneau Cover - MPN 503306,https://cdn.shopify.com/s/files/1/0724/2638/9551/files/tc-lru-2_6199acc2-c718-4897-8743-284defd59cfd.jpg?v=1776217470,ACTIVE
ITEM-025684,LISTING_tc-lru_2btbl-16w8p-01-ws-1_7eb40aca-c893-4971-82f8-f2e0e04c471a.jpg,1997-2004-ford-f-150-roll-up-tonneau-cover-w-led-bed-lights,1997-2004 Ford F-150 6.5 ft Bed Roll-Up Tonneau Cover w/ LED Lights,https://cdn.shopify.com/s/files/1/0724/2638/9551/files/LISTING_tc-lru_2btbl-16w8p-01-ws-1_7eb40aca-c893-4971-82f8-f2e0e04c471a.jpg?v=1773339557,ACTIVE
ITEM-022417,LISTING_tc-hss_2btbl-16w8p-01-ws-1_a673d204-3b0d-48bd-803f-15bc833ddba3.jpg,97-04-ford-f-150-f-250-6-5-tonneau-cover-led-bed-light-combo,1997-2004 Ford F-150 6.5 ft Bed Tonneau Cover & LED Light Kit,https://cdn.shopify.com/s/files/1/0724/2638/9551/files/LISTING_tc-hss_2btbl-16w8p-01-ws-1_a673d204-3b0d-48bd-803f-15bc833ddba3.jpg?v=1773339628,ACTIVE
ITEM-029461,LISTING_tc-lth-ws-2_84df58e2-f6fe-417f-9acb-2dcbf7fcb6cb.jpg,1997-2003-ford-f-150-6-5-bed-hard-tri-fold-tonneau-cover,1997-2004 Ford F-150 6.5 ft Bed Tonneau Cover - Hard Tri-Fold,https://cdn.shopify.com/s/files/1/0724/2638/9551/files/LISTING_tc-lth-ws-2_84df58e2-f6fe-417f-9acb-2dcbf7fcb6cb.jpg?v=1773339560,ACTIVE
ITEM-030195,LISTING_tc-lth-ws-2_f5e144f9-fc89-4740-be23-e171203c7a04.jpg,1997-2003-ford-f-150-6-5-tri-fold-tonneau-cover-w-led-bed-lights,1997-2004 Ford F-150 6.5 ft Bed Tri-Fold Tonneau Cover w/ LED Lights,https://cdn.shopify.com/s/files/1/0724/2638/9551/files/LISTING_tc-lth-ws-2_f5e144f9-fc89-4740-be23-e171203c7a04.jpg?v=1773339589,ACTIVE
ITEM-025988,tbm-rb-gy-2_0e33c932-0f12-4e69-bc0d-51580d2c987e.jpg,1997-2004-ford-f-150-flareside-6-5-pvc-truck-bed-mat-black,1997-2004 Ford F-150 6.5 ft Flareside Bed Mat - PVC Truck Bed Mat,https://cdn.shopify.com/s/files/1/0724/2638/9551/files/tbm-rb-gy-2_0e33c932-0f12-4e69-bc0d-51580d2c987e.jpg?v=1776217472,ACTIVE
ITEM-027894,tbm-rb-v2-2_350a8c0e-0f29-42bc-930d-de062723cf61.jpg,1997-2004-ford-f-150-flareside-6-5-ft-rubber-bed-mat-aa038-v2,1997-2004 Ford F-150 6.5 ft Flareside Bed Mat - Rubber,https://cdn.shopify.com/s/files/1/0724/2638/9551/files/tbm-rb-v2-2_350a8c0e-0f29-42bc-930d-de062723cf61.jpg?v=1776217474,ACTIVE
ITEM-011227,tc-hss-2_d177a0fe-c121-4ef4-9460-4bbf4e346d02.jpg,1997-2004-ford-f-150-f-250-6-5-hidden-snap-tonneau-cover-403307,1997-2004 Ford F-150 6.5 ft Flareside Bed Tonneau Cover - Hidden Snap,https://cdn.shopify.com/s/files/1/0724/2638/9551/files/tc-hss-2_d177a0fe-c121-4ef4-9460-4bbf4e346d02.jpg?v=1776217475,ACTIVE
ITEM-025993,tbm-rb-gy-2_a5792258-a1eb-4be9-8aad-0d41255bb970.jpg,1997-2004-ford-f-150-f-250-6-5-bed-pvc-truck-bed-mat-black,1997-2004 Ford F-150 6.5 ft Styleside Bed Mat - PVC Truck Bed Mat,https://cdn.shopify.com/s/files/1/0724/2638/9551/files/tbm-rb-gy-2_a5792258-a1eb-4be9-8aad-0d41255bb970.jpg?v=1776217477,ACTIVE
ITEM-027912,tbm-rb-v2-2_5102f30a-7e95-47ed-9f10-a4a92fe5d67a.jpg,1997-2004-ford-f-150-f-250-6-5-ft-bed-rubber-truck-bed-mat-v2,1997-2004 Ford F-150 6.5 ft Styleside Bed Rubber Bed Mat - V2,https://cdn.shopify.com/s/files/1/0724/2638/9551/files/tbm-rb-v2-2_5102f30a-7e95-47ed-9f10-a4a92fe5d67a.jpg?v=1776217479,ACTIVE
ITEM-024868,bghd-av-mb-2_25115641-8b2b-4e23-b405-58dcce3cba43.jpg,1997-2004-ford-f-150-advanced-series-bull-guard-w-skid-plate-matte-black,1997-2004 Ford F-150 Advanced Series Bull Guard w/ Skid Plate - Matte Black,https://cdn.shopify.com/s/files/1/0724/2638/9551/files/bghd-av-mb-2_25115641-8b2b-4e23-b405-58dcce3cba43.jpg?v=1776217480,ACTIVE
ITEM-025254,bghd-am-mb_2bflbw-40cree-lb-wh-2_76f7136f-ed61-4aae-aaa9-8d5ae3ec420a.jpg,1997-2004-ford-f-150-bull-guard-w-led-light-bar-matte-black,1997-2004 Ford F-150 Bull Guard w/ LED Light Bar - Matte Black,https://cdn.shopify.com/s/files/1/0724/2638/9551/files/bghd-am-mb_2bflbw-40cree-lb-wh-2_76f7136f-ed61-4aae-aaa9-8d5ae3ec420a.jpg?v=1776217482,ACTIVE
ITEM-024555,bghd-am-mb-2_8405762d-087e-4a3f-8a5b-008052227b83.jpg,1997-2004-ford-f-150-bull-guard-w-mesh-skid-plate-matte-black,1997-2004 Ford F-150 Bull Guard w/ Mesh Skid Plate - Matte Black,https://cdn.shopify.com/s/files/1/0724/2638/9551/files/bghd-am-mb-2_8405762d-087e-4a3f-8a5b-008052227b83.jpg?v=1776217484,ACTIVE
ITEM-025571,th-bmount-l2-2_cda2fa9e-d056-45e0-a068-0a80826b2d07.jpg,1997-2004-ford-f-150-class-3-trailer-hitch-ball-mount-kit-curt,1997-2004 Ford F-150 Class 3 Trailer Hitch & Ball Mount Kit - CURT,https://cdn.shopify.com/s/files/1/0724/2638/9551/files/th-bmount-l2-2_cda2fa9e-d056-45e0-a068-0a80826b2d07.jpg?v=1776217486,ACTIVE
ITEM-023480,th-f15097-c038-2.jpg,1997-2004-ford-f-150-f-250-class-3-trailer-hitch-13038,1997-2004 Ford F-150 F-250 Class 3 Trailer Hitch - 13038,https://cdn.shopify.com/s/files/1/0724/2638/9551/files/th-f15097-c038-2.jpg?v=1776216113,ACTIVE
ITEM-026423,bghd-av-tb-2_4b16f2d3-64ea-44af-a2ae-c68dfa9208c2.jpg,1997-2004-ford-f-150-f-250-expedition-advanced-bull-guard-black,1997-2004 Ford F-150 F-250 Expedition Advanced Bull Guard - Black,https://cdn.shopify.com/s/files/1/0724/2638/9551/files/bghd-av-tb-2_4b16f2d3-64ea-44af-a2ae-c68dfa9208c2.jpg?v=1776217487,ACTIVE
ITEM-027396,bghd-am-tb-2_94dd31ed-7c6b-4afe-90e5-fba809731701.jpg,1997-2004-ford-f-150-f-250-expedition-studded-mesh-bull-guard,1997-2004 Ford F-150 F-250 Expedition Studded Mesh Bull Guard,https://cdn.shopify.com/s/files/1/0724/2638/9551/files/bghd-am-tb-2_94dd31ed-7c6b-4afe-90e5-fba809731701.jpg?v=1776217489,ACTIVE
ITEM-022851,th-wran97-c408-2.jpg,1997-2006-jeep-wrangler-class-3-trailer-hitch-ball-mount-kit-curt,1997-2006 Jeep Wrangler Class 3 Trailer Hitch & Ball Mount Kit - CURT,https://cdn.shopify.com/s/files/1/0724/2638/9551/files/th-wran97-c408-2.jpg?v=1776216115,ACTIVE
ITEM-023630,th-wran97v2-c430-2.jpg,1997-2006-jeep-wrangler-class-3-trailer-hitch-black,1997-2006 Jeep Wrangler Class 3 Trailer Hitch - Black,https://cdn.shopify.com/s/files/1/0724/2638/9551/files/th-wran97v2-c430-2.jpg?v=1776216118,ACTIVE
ITEM-025191,th-bmount-l2-2_ab6862b4-a096-463c-bd2b-c382a12c1423.jpg,1997-2006-jeep-wrangler-class-3-trailer-hitch-w-ball-mount-curt,1997-2006 Jeep Wrangler Class 3 Trailer Hitch w/ Ball Mount - CURT,https://cdn.shopify.com/s/files/1/0724/2638/9551/files/th-bmount-l2-2_ab6862b4-a096-463c-bd2b-c382a12c1423.jpg?v=1776217490,ACTIVE
ITEM-023639,th-prix97-b225-2.jpg,1997-2007-pontiac-grand-prix-buick-regal-class-2-trailer-hitch,1997-2007 Pontiac Grand Prix / Buick Regal Class 2 Trailer Hitch,https://cdn.shopify.com/s/files/1/0724/2638/9551/files/th-prix97-b225-2.jpg?v=1776216120,ACTIVE
ITEM-029462,LISTING_tc-lth-ws-2_f617faa4-74a7-4083-9e44-e1b7fa3882a4.jpg,1999-2015-ford-f-250-f-350-f-450-6-5-hard-tri-fold-tonneau-cover,1997-2016 Ford Super Duty 6.5 ft Bed Hard Tri-Fold Tonneau Cover,https://cdn.shopify.com/s/files/1/0724/2638/9551/files/LISTING_tc-lth-ws-2_f617faa4-74a7-4083-9e44-e1b7fa3882a4.jpg?v=1773339734,ACTIVE
ITEM-000819,fggg-gr-pas98-h-bk-2.jpg,1998-2001-volkswagen-passat-b5-front-grille-matte-black,1998-2001 Volkswagen Passat B5 Front Grille - FGGG,https://cdn.shopify.com/s/files/1/0724/2638/9551/files/fggg-gr-pas98-h-bk-2.jpg?v=1776216122,ACTIVE
ITEM-000724,fg-acc98-am-bk-2.jpg,1998-2002-honda-accord-coupe-front-grill-grille-black,1998-2002 Honda Accord Coupe Front Grill Grille - Black,https://cdn.shopify.com/s/files/1/0724/2638/9551/files/fg-acc98-am-bk-2.jpg?v=1776216125,ACTIVE
ITEM-021821,th-dur98-c056-2.jpg,1998-2003-dodge-durango-class-3-trailer-hitch-black,1998-2003 Dodge Durango Class 3 Trailer Hitch - Black | 13056,https://cdn.shopify.com/s/files/1/0724/2638/9551/files/th-dur98-c056-2.jpg?v=1776216127,ACTIVE
ITEM-022806,th-bmount-l2-2_2eee0d4f-7eb0-4e01-86b9-b18668b9fbfd.jpg,1998-2003-dodge-durango-class-3-trailer-hitch-w-ball-mount-curt,1998-2003 Dodge Durango Class 3 Trailer Hitch w/ Ball Mount - CURT,https://cdn.shopify.com/s/files/1/0724/2638/9551/files/th-bmount-l2-2_2eee0d4f-7eb0-4e01-86b9-b18668b9fbfd.jpg?v=1776217492,ACTIVE
ITEM-013638,fg-nav98-vt-ch-2.jpg,1998-2003-lincoln-navigator-blackwood-chrome-vertical-front-grille,1998-2003 Lincoln Navigator Blackwood Chrome Vertical Front Grille,https://cdn.shopify.com/s/files/1/0724/2638/9551/files/fg-nav98-vt-ch-2.jpg?v=1776216129,ACTIVE
ITEM-008852,fggg-grz-s1098-h-ch-2.jpg,1998-2004-chevy-s10-blazer-s10-pickup-front-grille-chrome,1998-2004 Chevrolet Blazer S10 Front Grille - GRZ,https://cdn.shopify.com/s/files/1/0724/2638/9551/files/fggg-grz-s1098-h-ch-2.jpg?v=1776216131,ACTIVE
ITEM-021978,th-ml98-c018-2.jpg,1998-2005-mercedes-benz-ml-class-3-trailer-hitch-black,1998-2005 Mercedes-Benz ML Class 3 Trailer Hitch - Black,https://cdn.shopify.com/s/files/1/0724/2638/9551/files/th-ml98-c018-2.jpg?v=1776216133,ACTIVE
ITEM-022827,th-bmount-l2-2_ddf94e13-f6bd-41f5-89bd-e532046ff0fb.jpg,1998-2005-mercedes-benz-ml-class-3-trailer-hitch-w-ball-mount-curt,1998-2005 Mercedes-Benz ML Class 3 Trailer Hitch w/ Ball Mount - CURT,https://cdn.shopify.com/s/files/1/0724/2638/9551/files/th-bmount-l2-2_ddf94e13-f6bd-41f5-89bd-e532046ff0fb.jpg?v=1776217493,ACTIVE
ITEM-023718,th-acc98-a290-2.jpg,1998-2007-honda-accord-acura-tl-cl-class-1-trailer-hitch,1998-2007 Honda Accord & Acura TL CL Class 1 Trailer Hitch - 11290,https://cdn.shopify.com/s/files/1/0724/2638/9551/files/th-acc98-a290-2.jpg?v=1776216136,ACTIVE
ITEM-000738,fg-civ99-am-bk-2.jpg,1999-2000-honda-civic-front-grille-matte-black-abs,1999-2000 Honda Civic Front Grille - Matte Black ABS,https://cdn.shopify.com/s/files/1/0724/2638/9551/files/fg-civ99-am-bk-2.jpg?v=1776216138,ACTIVE
ITEM-024856,bghd-av-mb-2_22cb0529-4061-41ac-84e6-2a6a62490584.jpg,1999-2004-ford-super-duty-advanced-series-bull-guard-matte-black,1999-2004 Ford Super Duty Advanced Series Bull Guard - Matte Black,https://cdn.shopify.com/s/files/1/0724/2638/9551/files/bghd-av-mb-2_22cb0529-4061-41ac-84e6-2a6a62490584.jpg?v=1776217495,ACTIVE
ITEM-024553,bghd-am-mb-2_f6037df8-885f-4f0a-bbda-b1772aa4798e.jpg,1999-2004-ford-super-duty-bull-guard-w-mesh-skid-plate-matte-black,1999-2004 Ford Super Duty Bull Guard w/ Mesh Skid Plate - Matte Black,https://cdn.shopify.com/s/files/1/0724/2638/9551/files/bghd-am-mb-2_f6037df8-885f-4f0a-bbda-b1772aa4798e.jpg?v=1776217497,ACTIVE
ITEM-025394,bghd-am-mb_2bflbw-40cree-lb-wh-2_6968b49e-3ea7-4e8d-a046-bdc05921708d.jpg,1999-2004-ford-super-duty-bull-guard-w-led-light-bar-matte-black,1999-2004 Ford Super Duty Bull Guard w/LED Light Bar - Matte Black,https://cdn.shopify.com/s/files/1/0724/2638/9551/files/bghd-am-mb_2bflbw-40cree-lb-wh-2_6968b49e-3ea7-4e8d-a046-bdc05921708d.jpg?v=1776217498,ACTIVE
ITEM-027311,bghd-al-tb-2_374fb686-eac5-40e1-9fef-4fd7e7172180.jpg,1999-2004-ford-super-duty-excursion-bull-guard-w-led-light-bar,1999-2004 Ford Super Duty Excursion Bull Guard w/ LED Light Bar,https://cdn.shopify.com/s/files/1/0724/2638/9551/files/bghd-al-tb-2_374fb686-eac5-40e1-9fef-4fd7e7172180.jpg?v=1776217500,ACTIVE
ITEM-000916,fggg-grzv-f25099-vt-bk-2.jpg,1999-2004-ford-super-duty-excursion-front-grille-black,1999-2004 Ford Super Duty Excursion Front Grille - Black,https://cdn.shopify.com/s/files/1/0724/2638/9551/files/fggg-grzv-f25099-vt-bk-2.jpg?v=1776216140,ACTIVE
ITEM-000917,fggg-grzv-f25099-vt-ch-2.jpg,1999-2004-ford-super-duty-excursion-front-grille-chrome,1999-2004 Ford Super Duty Excursion Front Grille - Chrome,https://cdn.shopify.com/s/files/1/0724/2638/9551/files/fggg-grzv-f25099-vt-ch-2.jpg?v=1776216142,ACTIVE
ITEM-021579,th-jgc99-c051-2.jpg,1999-2004-jeep-grand-cherokee-class-3-trailer-hitch-black,1999-2004 Jeep Grand Cherokee Class 3 Trailer Hitch - Black,https://cdn.shopify.com/s/files/1/0724/2638/9551/files/th-jgc99-c051-2.jpg?v=1776216144,ACTIVE
ITEM-022820,th-bmount-l2-2_97e0608f-5a8a-4d2b-911a-6a0f57afae52.jpg,1999-2004-jeep-grand-cherokee-class-3-trailer-hitch-combo-curt,1999-2004 Jeep Grand Cherokee Class 3 Trailer Hitch Combo - CURT,https://cdn.shopify.com/s/files/1/0724/2638/9551/files/th-bmount-l2-2_97e0608f-5a8a-4d2b-911a-6a0f57afae52.jpg?v=1776217501,ACTIVE
ITEM-026748,bghd-al-mbba-2_5b7d4621-b904-4ed5-87ab-8f872b972250.jpg,1999-2004-nissan-pathfinder-advanced-series-bull-guard-w-led-bar,1999-2004 Nissan Pathfinder Advanced Series Bull Guard w/ LED Bar,https://cdn.shopify.com/s/files/1/0724/2638/9551/files/bghd-al-mbba-2_5b7d4621-b904-4ed5-87ab-8f872b972250.jpg?v=1776217503,ACTIVE
ITEM-024058,th-mx599-a749-2.jpg,1999-2005-mazda-miata-mx-5-class-1-trailer-hitch-black,1999-2005 Mazda Miata MX-5 Class 1 Trailer Hitch - Black,https://cdn.shopify.com/s/files/1/0724/2638/9551/files/th-mx599-a749-2.jpg?v=1776216147,ACTIVE
ITEM-008983,fggg-gr-jet99-me-bk-2.jpg,1999-2005-volkswagen-jetta-mk4-front-grille-matte-black,1999-2005 Volkswagen Jetta MK4 Front Grille - FGGG,https://cdn.shopify.com/s/files/1/0724/2638/9551/files/fggg-gr-jet99-me-bk-2.jpg?v=1776216149,ACTIVE
ITEM-022975,fggg-gr-jet99-me-mb-2.jpg,1999-2005-volkswagen-jetta-mk4-front-grille-matte-black-1,1999-2005 Volkswagen Jetta MK4 Front Grille - Matte Black,https://cdn.shopify.com/s/files/1/0724/2638/9551/files/fggg-gr-jet99-me-mb-2.jpg?v=1776216151,ACTIVE
ITEM-027653,fggg-gr-jet99-h-bk-2.jpg,1999-2005-volkswagen-jetta-mk4-horizontal-front-grille-black,1999-2005 Volkswagen Jetta MK4 Horizontal Front Grille - FG,https://cdn.shopify.com/s/files/1/0724/2638/9551/files/fggg-gr-jet99-h-bk-2.jpg?v=1776216153,ACTIVE
ITEM-022530,fggg-gr-jet99-h-mb-2.jpg,1999-2005-volkswagen-jetta-mk4-front-bumper-grille-matte-black,1999-2005 Volkswagen Jetta MK4 Horizontal Front Grille - Matte Black,https://cdn.shopify.com/s/files/1/0724/2638/9551/files/fggg-gr-jet99-h-mb-2.jpg?v=1776216156,ACTIVE
ITEM-024054,th-jet99-a070-2.jpg,1999-2005-volkswagen-jetta-class-1-trailer-hitch-black,1999-2005 Volkswagen Jetta Sedan Class 1 Trailer Hitch - Black,https://cdn.shopify.com/s/files/1/0724/2638/9551/files/th-jet99-a070-2.jpg?v=1776216158,ACTIVE
ITEM-030289,hlnb-sil994plbw-jdma-2.jpg,99-02-silverado-00-06-suburban-tahoe-led-headlights-bumper-lights-black,1999-2006 Chevrolet Silverado Suburban Tahoe Crystal Headlights & Bumper Lights Set - Black,https://cdn.shopify.com/s/files/1/0724/2638/9551/files/hlnb-sil994plbw-jdma-2.jpg?v=1776216160,ACTIVE
ITEM-000926,fggg-grzv-sil99-vt-bk-2.jpg,1999-2006-chevy-silverado-tahoe-suburban-front-grille-black,1999-2006 Chevrolet Silverado Tahoe Suburban Front Grille - Black,https://cdn.shopify.com/s/files/1/0724/2638/9551/files/fggg-grzv-sil99-vt-bk-2.jpg?v=1776216162,ACTIVE
ITEM-020556,fg-sil99-h-bk-2.jpg,99-06-chevy-silverado-tahoe-suburban-black-horizontal-grille,1999-2006 Chevrolet Silverado Tahoe Suburban Front Grille Black,https://cdn.shopify.com/s/files/1/0724/2638/9551/files/fg-sil99-h-bk-2.jpg?v=1776216165,ACTIVE
ITEM-027416,fg-sil99-h-mb-2.jpg,1999-2006-chevy-silverado-tahoe-suburban-front-grille-matte-black,1999-2006 Chevrolet Silverado Tahoe Suburban Grille Horizontal Matte Black,https://cdn.shopify.com/s/files/1/0724/2638/9551/files/fg-sil99-h-mb-2.jpg?v=1776216167,ACTIVE
ITEM-030196,LISTING_tc-lth-ws-2_b0dfd990-aea1-41f9-92b6-a5e04bdf3026.jpg,1999-2016-ford-f-250-f-350-6-5-bed-tri-fold-tonneau-cover-led-kit,1999-2006 Ford F-250/F-350/F-450 6.5 ft Bed Tonneau Cover Combo,https://cdn.shopify.com/s/files/1/0724/2638/9551/files/LISTING_tc-lth-ws-2_b0dfd990-aea1-41f9-92b6-a5e04bdf3026.jpg?v=1773339767,ACTIVE
ITEM-030047,hlnb-sie99lsq-cha-2.jpg,1999-2006-gmc-sierra-yukon-crystal-headlights-sequential-led-chrome,1999-2006 GMC Sierra Yukon Crystal Headlights Sequential LED Chrome,https://cdn.shopify.com/s/files/1/0724/2638/9551/files/hlnb-sie99lsq-cha-2.jpg?v=1776216169,ACTIVE
ITEM-030046,hlnb-sie99lbw-jdma-2.jpg,1999-2006-gmc-sierra-yukon-xl-led-crystal-headlights-black,1999-2006 GMC Sierra Yukon XL LED Crystal Headlights Black,https://cdn.shopify.com/s/files/1/0724/2638/9551/files/hlnb-sie99lbw-jdma-2.jpg?v=1776216171,ACTIVE
ITEM-030045,hlnb-sie99lbw-cha-2.jpg,1999-2006-gmc-sierra-yukon-xl-led-crystal-headlights-chrome,1999-2006 GMC Sierra Yukon XL LED Crystal Headlights Chrome,https://cdn.shopify.com/s/files/1/0724/2638/9551/files/hlnb-sie99lbw-cha-2.jpg?v=1776216173,ACTIVE
ITEM-022657,fggg-gr-golf99-h-mb-2.jpg,1999-2006-vw-mk4-golf-gti-r32-horizontal-front-grille-matte-black,1999-2006 Volkswagen Golf MK4 Horizontal Front Grille Matte Black,https://cdn.shopify.com/s/files/1/0724/2638/9551/files/fggg-gr-golf99-h-mb-2.jpg?v=1776216176,ACTIVE
ITEM-026786,bghd-al-mb-2.jpg,99-07-silverado-sierra-bull-guard-led-light-bar-matte-black,1999-2007 Chevrolet GMC 1500 Bull Guard LED Light Bar - Matte Black,https://cdn.shopify.com/s/files/1/0724/2638/9551/files/bghd-al-mb-2.jpg?v=1776216178,ACTIVE
ITEM-014320,tc-lru-2_4c5757c1-10ba-45cb-bcdf-ae15d00fd22f.jpg,99-07-chevy-silverado-gmc-sierra-6-5-roll-up-tonneau-cover,1999-2007 Chevrolet/GMC Silverado/Sierra 6.5 ft Bed Roll-Up Tonneau Cover,https://cdn.shopify.com/s/files/1/0724/2638/9551/files/tc-lru-2_4c5757c1-10ba-45cb-bcdf-ae15d00fd22f.jpg?v=1776217504,ACTIVE
ITEM-024884,bghd-av-mb-2_86da6d59-02e8-47cd-918a-63de0add71d1.jpg,99-07-silverado-sierra-1500-advanced-bull-guard-w-skid-plate-matte-black,1999-2007 Chevy Silverado/GMC Sierra 1500 Bull Guard Skid Plate - Matte Black,https://cdn.shopify.com/s/files/1/0724/2638/9551/files/bghd-av-mb-2_86da6d59-02e8-47cd-918a-63de0add71d1.jpg?v=1776217506,ACTIVE
ITEM-027286,bghd-av-tb-2_54b6a8e9-abec-42f1-973e-e638d3a525fb.jpg,1999-2007-chevy-gmc-1500-advanced-series-bull-guard-texture-black,1999-2007 Chevy/GMC 1500 Advanced Series Bull Guard - Texture Black,https://cdn.shopify.com/s/files/1/0724/2638/9551/files/bghd-av-tb-2_54b6a8e9-abec-42f1-973e-e638d3a525fb.jpg?v=1776217508,ACTIVE
ITEM-025351,tbm-rb-gy-2_8b46961f-9c06-4ea4-ace9-5c3551970749.jpg,1999-2007-silverado-sierra-8-long-bed-pvc-bed-mat-black,1999-2007 Chevy/GMC Silverado Sierra 8 ft Fleetside PVC Bed Mat,https://cdn.shopify.com/s/files/1/0724/2638/9551/files/tbm-rb-gy-2_8b46961f-9c06-4ea4-ace9-5c3551970749.jpg?v=1776217509,ACTIVE
ITEM-022227,tbm-rb-gy-2_ec42628d-ec14-4854-bd8a-3010f243850b.jpg,1999-2007-chevy-silverado-gmc-sierra-6-5-rubber-bed-mat-grey,1999-2007 Chevy/GMC Silverado/Sierra 6.5 ft Bed Rubber Bed Mat - Grey,https://cdn.shopify.com/s/files/1/0724/2638/9551/files/tbm-rb-gy-2_ec42628d-ec14-4854-bd8a-3010f243850b.jpg?v=1776217511,ACTIVE
ITEM-025987,tbm-rb-gy-2_c4e6c2d5-2659-41be-862f-4006ac8d22e4.jpg,99-07-chevy-silverado-gmc-sierra-stepside-6-5-pvc-bed-mat,1999-2007 Chevy/GMC Stepside 6.5 ft Bed PVC Truck Bed Mat - Black,https://cdn.shopify.com/s/files/1/0724/2638/9551/files/tbm-rb-gy-2_c4e6c2d5-2659-41be-862f-4006ac8d22e4.jpg?v=1776217513,ACTIVE
ITEM-027885,tbm-rb-v2-2_c2321070-b7d7-4711-8d3f-e7040c587a4d.jpg,1999-2007-silverado-sierra-stepside-6-5-ft-rubber-bed-mat-v2,1999-2007 Chevy/GMC Stepside 6.5 ft Bed Rubber Bed Mat - AA036-V2,https://cdn.shopify.com/s/files/1/0724/2638/9551/files/tbm-rb-v2-2_c2321070-b7d7-4711-8d3f-e7040c587a4d.jpg?v=1776217514,ACTIVE
ITEM-026783,bghd-al-mb-2_917f5fcb-def9-48da-9e00-ac78da126c4c.jpg,1999-2007-gmc-sierra-advanced-bull-guard-w-led-light-bar-matte-black,1999-2007 GMC Sierra Advanced Bull Guard w/ LED Light Bar - Matte Black,https://cdn.shopify.com/s/files/1/0724/2638/9551/files/bghd-al-mb-2_917f5fcb-def9-48da-9e00-ac78da126c4c.jpg?v=1776217516,ACTIVE
ITEM-027910,tbm-rb-v2-2_09a9ba08-7bfb-42f4-8615-3f743048ad55.jpg,1999-2007-silverado-sierra-6-5ft-rubber-truck-bed-mat-aa025-v2,1999-2007 Silverado/Sierra 6.5 ft Bed Rubber Bed Mat - V2,https://cdn.shopify.com/s/files/1/0724/2638/9551/files/tbm-rb-v2-2_09a9ba08-7bfb-42f4-8615-3f743048ad55.jpg?v=1776217517,ACTIVE
ITEM-027902,tbm-rb-v2-2_05c948bf-d057-4d60-9b34-7f006bf01512.jpg,1999-2007-silverado-sierra-8ft-bed-rubber-mat-lightweight-v2,1999-2007 Silverado/Sierra 8 ft Bed Rubber Bed Mat - Lightweight V2,https://cdn.shopify.com/s/files/1/0724/2638/9551/files/tbm-rb-v2-2_05c948bf-d057-4d60-9b34-7f006bf01512.jpg?v=1776217519,ACTIVE
ITEM-023479,th-f25099-c014-2.jpg,1999-2016-ford-f-250-f-350-super-duty-class-3-trailer-hitch,1999-2016 Ford F-250 F-350 Super Duty Class 3 Trailer Hitch,https://cdn.shopify.com/s/files/1/0724/2638/9551/files/th-f25099-c014-2.jpg?v=1776216180,ACTIVE
ITEM-025572,th-bmount-l2-2_35415e17-51d9-4346-ad57-7432ec44b5f4.jpg,1999-2016-ford-f-250-f-350-class-3-trailer-hitch-ball-mount-kit,1999-2016 Ford F-250/F-350 Class 3 Trailer Hitch & Ball Mount Kit,https://cdn.shopify.com/s/files/1/0724/2638/9551/files/th-bmount-l2-2_35415e17-51d9-4346-ad57-7432ec44b5f4.jpg?v=1776217521,ACTIVE
ITEM-025349,tbm-rb-gy-2_02ca34a9-5633-4181-b1f0-13017148c489.jpg,1999-2016-ford-super-duty-f-250-f-350-f-450-6-5-pvc-bed-mat,1999-2016 Ford Super Duty 6.5 ft Bed PVC Bed Mat - Black,https://cdn.shopify.com/s/files/1/0724/2638/9551/files/tbm-rb-gy-2_02ca34a9-5633-4181-b1f0-13017148c489.jpg?v=1776217522,ACTIVE
ITEM-014327,tc-lru-2_9f8d53d2-cb56-4fba-83e5-e8e7e61447a7.jpg,1999-2016-ford-super-duty-6-5-roll-up-tonneau-cover-503308,1999-2016 Ford Super Duty 6.5 ft Bed Roll-Up Tonneau Cover,https://cdn.shopify.com/s/files/1/0724/2638/9551/files/tc-lru-2_9f8d53d2-cb56-4fba-83e5-e8e7e61447a7.jpg?v=1776217524,ACTIVE
ITEM-027901,tbm-rb-v2-2_dc50d706-aa93-478f-be89-94d402171421.jpg,1999-2016-ford-super-duty-6-5-ft-rubber-bed-mat-lightweight-v2,1999-2016 Ford Super Duty 6.5 ft Bed Rubber Bed Mat - AA028-V2,https://cdn.shopify.com/s/files/1/0724/2638/9551/files/tbm-rb-v2-2_dc50d706-aa93-478f-be89-94d402171421.jpg?v=1776217525,ACTIVE
ITEM-027904,tbm-rb-v2-2_0f140edb-f146-4d07-81aa-86148bd44e53.jpg,1999-2016-ford-super-duty-8-ft-rubber-truck-bed-mat-aa032-v2,1999-2016 Ford Super Duty 8 ft Bed Rubber Truck Bed Mat - AA032-V2,https://cdn.shopify.com/s/files/1/0724/2638/9551/files/tbm-rb-v2-2_0f140edb-f146-4d07-81aa-86148bd44e53.jpg?v=1776217527,ACTIVE
ITEM-021390,th-odys99-c068-2.jpg,1999-2017-honda-odyssey-class-3-trailer-hitch-black-13068,1999-2017 Honda Odyssey Class 3 Trailer Hitch - Black | 13068,https://cdn.shopify.com/s/files/1/0724/2638/9551/files/th-odys99-c068-2.jpg?v=1776216183,ACTIVE
ITEM-022830,th-bmount-l2-2_00129725-aa7f-4b56-9400-9855935fac8a.jpg,1999-2017-honda-odyssey-class-3-trailer-hitch-w-ball-mount-curt,1999-2017 Honda Odyssey Class 3 Trailer Hitch w/ Ball Mount - CURT,https://cdn.shopify.com/s/files/1/0724/2638/9551/files/th-bmount-l2-2_00129725-aa7f-4b56-9400-9855935fac8a.jpg?v=1776217529,ACTIVE
ITEM-022886,th-ft2-60-2.jpg,2-hitch-cargo-carrier-300-lb-tray-style-fold-up-23x59-black,"2"" Hitch Cargo Carrier 300 LBS 23x59 Fold-Up Tray - Black",https://cdn.shopify.com/s/files/1/0724/2638/9551/files/th-ft2-60-2.jpg?v=1776216185,ACTIVE
ITEM-022888,th-fb2-60-2.jpg,2-hitch-cargo-carrier-500-lbs-20x58-fold-up-basket-black,"2"" Hitch Cargo Carrier 500 lb 20x58 Fold-Up Basket - Black",https://cdn.shopify.com/s/files/1/0724/2638/9551/files/th-fb2-60-2.jpg?v=1776216187,ACTIVE
ITEM-031829,LISTING_tc-fru2_2btbl-16w8p-01-ws-1_a7ca8915-b93e-47cf-b297-d4487b69df72.jpg,2000-2004-dodge-dakota-5-5-flush-roll-up-tonneau-cover-led-kit,2000-2004 Dodge Dakota 5.5 ft Bed Roll Up Tonneau Cover w/ LED Lights,https://cdn.shopify.com/s/files/1/0724/2638/9551/files/LISTING_tc-fru2_2btbl-16w8p-01-ws-1_a7ca8915-b93e-47cf-b297-d4487b69df72.jpg?v=1773338685,ACTIVE
ITEM-014860,tc-lru-2_5e5bf4a8-ea04-4138-9481-2d7633a05edb.jpg,2000-2004-dodge-dakota-roll-up-vinyl-tonneau-cover-5-5-bed,2000-2004 Dodge Dakota 5.5 ft Bed Roll-Up Tonneau Cover,https://cdn.shopify.com/s/files/1/0724/2638/9551/files/tc-lru-2_5e5bf4a8-ea04-4138-9481-2d7633a05edb.jpg?v=1776217530,ACTIVE
ITEM-022394,LISTING_tc-lru-ws-1_186c6227-4d9e-4991-be6d-4bc30e83781e.jpg,00-04-dodge-dakota-roll-up-tonneau-cover-led-bed-light-kit-5-5,2000-2004 Dodge Dakota 5.5 ft Bed Roll-Up Tonneau Cover Combo w/ LED,https://cdn.shopify.com/s/files/1/0724/2638/9551/files/LISTING_tc-lru-ws-1_186c6227-4d9e-4991-be6d-4bc30e83781e.jpg?v=1773338753,ACTIVE
ITEM-022393,LISTING_tc-hss_2btbl-16w8p-01-ws-1_18faf2cb-b81b-4821-bf61-2c74818147b1.jpg,00-04-dodge-dakota-5-5-tonneau-cover-led-bed-light-kit-combo,2000-2004 Dodge Dakota 5.5 ft Bed Tonneau Cover & LED Light Kit,https://cdn.shopify.com/s/files/1/0724/2638/9551/files/LISTING_tc-hss_2btbl-16w8p-01-ws-1_18faf2cb-b81b-4821-bf61-2c74818147b1.jpg?v=1773338719,ACTIVE
ITEM-029464,LISTING_tc-lth-ws-2_f6ba2b7e-c171-41fc-a9a0-e39e5af647cc.jpg,2000-2004-dodge-dakota-5-5-hard-tri-fold-tonneau-cover-243312,2000-2004 Dodge Dakota 5.5 ft Bed Tonneau Cover - Hard Tri-Fold,https://cdn.shopify.com/s/files/1/0724/2638/9551/files/LISTING_tc-lth-ws-2_f6ba2b7e-c171-41fc-a9a0-e39e5af647cc.jpg?v=1773338755,ACTIVE
ITEM-011221,tc-hss-2_4233c3db-e836-4616-b7b7-30f67e60b603.jpg,2000-2004-dodge-dakota-5-5-bed-hidden-snap-tonneau-cover-403312,2000-2004 Dodge Dakota 5.5 ft Bed Tonneau Cover - Hidden Snap,https://cdn.shopify.com/s/files/1/0724/2638/9551/files/tc-hss-2_4233c3db-e836-4616-b7b7-30f67e60b603.jpg?v=1776217532,ACTIVE
ITEM-030192,LISTING_tc-lth-ws-2_c5a8b174-a59a-421f-ade2-7d51725ee5ce.jpg,2000-2004-dodge-dakota-5-5-bed-tri-fold-tonneau-cover-w-led-lights,2000-2004 Dodge Dakota 5.5 ft Bed Tonneau Cover with LED Lights,https://cdn.shopify.com/s/files/1/0724/2638/9551/files/LISTING_tc-lth-ws-2_c5a8b174-a59a-421f-ade2-7d51725ee5ce.jpg?v=1773338790,ACTIVE
ITEM-023505,th-fron00-c841-2.jpg,2000-2004-nissan-frontier-class-3-trailer-hitch-13841,2000-2004 Nissan Frontier Class 3 Trailer Hitch - 13841,https://cdn.shopify.com/s/files/1/0724/2638/9551/files/th-fron00-c841-2.jpg?v=1776216189,ACTIVE
ITEM-025573,th-bmount-l2-2_5cadd876-477d-4b66-8d8c-e6861c0c70a1.jpg,2000-2004-nissan-frontier-class-3-trailer-hitch-combo-curt,2000-2004 Nissan Frontier Class 3 Trailer Hitch Combo - CURT,https://cdn.shopify.com/s/files/1/0724/2638/9551/files/th-bmount-l2-2_5cadd876-477d-4b66-8d8c-e6861c0c70a1.jpg?v=1776217534,ACTIVE
ITEM-000841,fggg-grz-dev00-me-bk-2.jpg,2000-2005-cadillac-deville-front-grille-matte-black,2000-2005 Cadillac DeVille Front Grille - Matte Black,https://cdn.shopify.com/s/files/1/0724/2638/9551/files/fggg-grz-dev00-me-bk-2.jpg?v=1776216192,ACTIVE
ITEM-000897,fggg-grzt-impa00-me-ch-2.jpg,2000-2005-chevy-impala-front-grille-chrome-finish,2000-2005 Chevrolet Impala Front Grille - Pegasus,https://cdn.shopify.com/s/files/1/0724/2638/9551/files/fggg-grzt-impa00-me-ch-2.jpg?v=1776216194,ACTIVE
ITEM-000896,fggg-grzt-impa00-me-bk-2.jpg,2000-2005-chevy-impala-front-grille-matte-black-replacement,2000-2005 Chevrolet Impala Front Grille - Replacement,https://cdn.shopify.com/s/files/1/0724/2638/9551/files/fggg-grzt-impa00-me-bk-2.jpg?v=1776216196,ACTIVE
ITEM-022978,fggg-grzt-impa00-me-mb-2.jpg,2000-2005-chevy-impala-front-grille-matte-black-replacement-1,2000-2005 Chevrolet Impala Matte Black Front Grille - FGGG,https://cdn.shopify.com/s/files/1/0724/2638/9551/files/fggg-grzt-impa00-me-mb-2.jpg?v=1776216198,ACTIVE
ITEM-029723,LISTING_tc-lth-ws-2_a85ac319-ee38-4084-821f-abd0942043d2.jpg,2000-2006-toyota-tundra-6-2-hard-tri-fold-tonneau-cover-243326,2000-2006 Toyota Tundra 6.2 ft Bed Tonneau Cover - Hard Tri-Fold,https://cdn.shopify.com/s/files/1/0724/2638/9551/files/LISTING_tc-lth-ws-2_a85ac319-ee38-4084-821f-abd0942043d2.jpg?v=1773342579,ACTIVE
ITEM-030208,LISTING_tc-lth-ws-2_622aef7b-a2b4-4c03-83b2-738d2b441448.jpg,2000-2006-toyota-tundra-6-2ft-tri-fold-tonneau-cover-w-led-lights,2000-2006 Toyota Tundra 6.2 ft Bed Tonneau Cover with LED Lights,https://cdn.shopify.com/s/files/1/0724/2638/9551/files/LISTING_tc-lth-ws-2_622aef7b-a2b4-4c03-83b2-738d2b441448.jpg?v=1773342591,ACTIVE
ITEM-024465,th-foc005d-a296-2.jpg,2000-2007-ford-focus-wagon-class-1-trailer-hitch-black-11296,2000-2007 Ford Focus Wagon Class 1 Trailer Hitch - Black | 11296,https://cdn.shopify.com/s/files/1/0724/2638/9551/files/th-foc005d-a296-2.jpg?v=1776216201,ACTIVE
ITEM-024979,bghd-av-mb-2_073ec118-b8ac-4a4d-bde0-4458c215650f.jpg,2000-2007-toyota-tundra-sequoia-advanced-bull-guard-matte-black,2000-2007 Toyota Tundra Sequoia Advanced Bull Guard - Matte Black,https://cdn.shopify.com/s/files/1/0724/2638/9551/files/bghd-av-mb-2_073ec118-b8ac-4a4d-bde0-4458c215650f.jpg?v=1776217535,ACTIVE
ITEM-027889,tbm-rb-v2-2_940cb1c1-82a6-420c-bf6a-592588bf849e.jpg,2000-2011-dodge-ram-dakota-5-5-ft-rubber-bed-mat-aa006-v2,2000-2011 Dodge Dakota 5.5 ft Bed Rubber Bed Mat - AA006-V2,https://cdn.shopify.com/s/files/1/0724/2638/9551/files/tbm-rb-v2-2_940cb1c1-82a6-420c-bf6a-592588bf849e.jpg?v=1776217537,ACTIVE
ITEM-022208,tbm-rb-gy-2_aef9daad-6f06-41d5-a692-e221f05fed04.jpg,2000-2011-dodge-ram-dakota-5-5-rubber-truck-bed-mat-grey,2000-2011 Dodge Dakota 5.5 ft Bed Rubber Truck Bed Mat - Grey,https://cdn.shopify.com/s/files/1/0724/2638/9551/files/tbm-rb-gy-2_aef9daad-6f06-41d5-a692-e221f05fed04.jpg?v=1776217538,ACTIVE
ITEM-023503,th-e3500-d055-2.jpg,2000-2014-ford-e-series-class-4-trailer-hitch-14055,2000-2014 Ford E-Series Class 4 Trailer Hitch - Black 14055,https://cdn.shopify.com/s/files/1/0724/2638/9551/files/th-e3500-d055-2.jpg?v=1776216203,ACTIVE
ITEM-025560,th-bmount-l2-2_29e9c07f-8938-4114-8e35-7abc2bac6dec.jpg,2000-2014-ford-e-series-class-4-trailer-hitch-w-ball-mount-curt,2000-2014 Ford E-Series Class 4 Trailer Hitch w/ Ball Mount - CURT,https://cdn.shopify.com/s/files/1/0724/2638/9551/files/th-bmount-l2-2_29e9c07f-8938-4114-8e35-7abc2bac6dec.jpg?v=1776217540,ACTIVE
ITEM-014329,tc-lru-2_f26bda5d-9fe4-40e0-b404-b7fa6e786f1b.jpg,2001-2003-ford-f-150-5-5-bed-roll-up-tonneau-cover-mpn-503311,2001-2003 Ford F-150 5.5 ft Bed Roll-Up Tonneau Cover - Vinyl,https://cdn.shopify.com/s/files/1/0724/2638/9551/files/tc-lru-2_f26bda5d-9fe4-40e0-b404-b7fa6e786f1b.jpg?v=1776217541,ACTIVE
ITEM-022404,LISTING_tc-lru_2btbl-16w8p-01-ws-1_21170c53-34de-4c9b-b2d1-c236a6fd53aa.jpg,2001-2003-ford-f-150-5-5-roll-up-tonneau-cover-w-led-bed-lights,2001-2003 Ford F-150 5.5 ft Bed Roll-Up Tonneau Cover w/ LED Lights,https://cdn.shopify.com/s/files/1/0724/2638/9551/files/LISTING_tc-lru_2btbl-16w8p-01-ws-1_21170c53-34de-4c9b-b2d1-c236a6fd53aa.jpg?v=1773339058,ACTIVE
ITEM-027895,tbm-rb-v2-2_50b96551-8699-4bad-bb70-ff00fce7bc65.jpg,2001-2003-ford-f-150-5-5ft-bed-rubber-mat-lightweight-v2-aa039,2001-2003 Ford F-150 5.5 ft Bed Rubber Truck Bed Mat - V2,https://cdn.shopify.com/s/files/1/0724/2638/9551/files/tbm-rb-v2-2_50b96551-8699-4bad-bb70-ff00fce7bc65.jpg?v=1776217543,ACTIVE
ITEM-022403,LISTING_tc-hss_2btbl-16w8p-01-ws-1_e81c583b-c909-4727-ab20-5307d375f19d.jpg,2001-2003-ford-f-150-5-5-tonneau-cover-led-bed-light-combo-kit,2001-2003 Ford F-150 5.5 ft Bed Tonneau Cover & LED Light Kit,https://cdn.shopify.com/s/files/1/0724/2638/9551/files/LISTING_tc-hss_2btbl-16w8p-01-ws-1_e81c583b-c909-4727-ab20-5307d375f19d.jpg?v=1773339024,ACTIVE
ITEM-011230,tc-hss-2_e33e7fd1-c2c8-4b78-b226-e030a852d122.jpg,2001-2003-ford-f-150-5-5-bed-hidden-snap-roll-up-tonneau-cover,2001-2003 Ford F-150 5.5 ft Bed Tonneau Cover - Hidden Snap,https://cdn.shopify.com/s/files/1/0724/2638/9551/files/tc-hss-2_e33e7fd1-c2c8-4b78-b226-e030a852d122.jpg?v=1776217545,ACTIVE
ITEM-025989,tbm-rb-gy-2_42043dba-7526-427d-8425-b95cbe4c6cc7.jpg,2001-2003-ford-f-150-styleside-5-5-bed-pvc-truck-bed-mat-black,2001-2003 Ford F-150 5.5 ft Bed Truck Bed Mat - PVC,https://cdn.shopify.com/s/files/1/0724/2638/9551/files/tbm-rb-gy-2_42043dba-7526-427d-8425-b95cbe4c6cc7.jpg?v=1776217546,ACTIVE
ITEM-027307,bghd-al-tb-2_24e90d67-0c7a-4cc0-b8cb-2ff142f909b8.jpg,2001-2004-nissan-frontier-xterra-advanced-bull-guard-w-led-bar,2001-2004 Nissan Frontier Xterra Advanced Bull Guard w/ LED Bar,https://cdn.shopify.com/s/files/1/0724/2638/9551/files/bghd-al-tb-2_24e90d67-0c7a-4cc0-b8cb-2ff142f909b8.jpg?v=1776217548,ACTIVE
ITEM-027305,bghd-av-tb-2_8510c474-ba56-476b-8d21-7a2ef87f8d00.jpg,2001-2004-nissan-frontier-xterra-advanced-series-bull-guard,2001-2004 Nissan Frontier Xterra Advanced Series Bull Guard,https://cdn.shopify.com/s/files/1/0724/2638/9551/files/bghd-av-tb-2_8510c474-ba56-476b-8d21-7a2ef87f8d00.jpg?v=1776217549,ACTIVE
ITEM-025077,bghd-av-mb-2_8da19ecf-d4f7-4140-8b97-67e8891da08d.jpg,2001-2004-nissan-frontier-xterra-bull-guard-skid-plate-matte-black,2001-2004 Nissan Frontier Xterra Bull Guard Skid Plate Matte Black,https://cdn.shopify.com/s/files/1/0724/2638/9551/files/bghd-av-mb-2_8da19ecf-d4f7-4140-8b97-67e8891da08d.jpg?v=1776217551,ACTIVE
ITEM-023499,LISTING_hlnb-taco016p-jdma-ws-1.jpg,2001-2004-toyota-tacoma-crystal-headlights-black-6pc-set-jdma,2001-2004 Toyota Tacoma Crystal Headlights Black 6PC Set - JDMA,https://cdn.shopify.com/s/files/1/0724/2638/9551/files/LISTING_hlnb-taco016p-jdma-ws-1.jpg?v=1773334165,ACTIVE
ITEM-024064,th-is30001-a762-2.jpg,2001-2005-lexus-is300-class-1-trailer-hitch-black-mpn-11762,2001-2005 Lexus IS300 Class 1 Trailer Hitch - Black | MPN 11762,https://cdn.shopify.com/s/files/1/0724/2638/9551/files/th-is30001-a762-2.jpg?v=1776216205,ACTIVE
ITEM-022531,fggg-gr-pas03-h-mb-2.jpg,2001-2005-volkswagen-passat-horizontal-front-bumper-grille-matte-black,2001-2005 Volkswagen Passat B5.5 Facelift Grille - Matte Black,https://cdn.shopify.com/s/files/1/0724/2638/9551/files/fggg-gr-pas03-h-mb-2.jpg?v=1776216208,ACTIVE
ITEM-000817,fggg-gr-pas03-h-bk-2.jpg,2001-2005-volkswagen-passat-b5-5-front-grille-matte-black,2001-2005 Volkswagen Passat B5.5 Front Grille - FGGG,https://cdn.shopify.com/s/files/1/0724/2638/9551/files/fggg-gr-pas03-h-bk-2.jpg?v=1776216210,ACTIVE
ITEM-022083,th-pilot03-c328-2.jpg,2001-2008-honda-pilot-acura-mdx-class-3-trailer-hitch-13328,2001-2008 Honda Pilot & Acura MDX Class 3 Trailer Hitch - 13328,https://cdn.shopify.com/s/files/1/0724/2638/9551/files/th-pilot03-c328-2.jpg?v=1776216212,ACTIVE
ITEM-022734,th-bmount-l2-2_b642fe7c-b787-4e2e-9acf-42f294935cf6.jpg,2001-2008-honda-pilot-acura-mdx-class-3-trailer-hitch-combo-curt,2001-2008 Honda Pilot & Acura MDX Class 3 Trailer Hitch Combo - CURT,https://cdn.shopify.com/s/files/1/0724/2638/9551/files/th-bmount-l2-2_b642fe7c-b787-4e2e-9acf-42f294935cf6.jpg?v=1776217552,ACTIVE
ITEM-022971,fggg-gr-wrx02sti-me-mb-2.jpg,2002-2003-subaru-impreza-wrx-matte-black-front-grille,2002-2003 Subaru Impreza WRX Matte Black Front Grille,https://cdn.shopify.com/s/files/1/0724/2638/9551/files/fggg-gr-wrx02sti-me-mb-2.jpg?v=1776216214,ACTIVE
ITEM-000793,fggg-gr-a401-h-bk-2.jpg,2002-2005-audi-a4-s4-b6-front-grille-black,2002-2005 Audi A4 S4 B6 Front Grille - Black,https://cdn.shopify.com/s/files/1/0724/2638/9551/files/fggg-gr-a401-h-bk-2.jpg?v=1776216216,ACTIVE
ITEM-029203,fggg-gr-a401-rs-mb_2bem-audi-s1-2.jpg,2002-2005-audi-a4-s4-b6-rs-style-honeycomb-front-grille-matte-black,2002-2005 Audi A4 S4 B6 RS Style Honeycomb Front Grille - Matte Black,https://cdn.shopify.com/s/files/1/0724/2638/9551/files/fggg-gr-a401-rs-mb_2bem-audi-s1-2.jpg?v=1776216219,ACTIVE
ITEM-000866,fggg-grz-ram02-h-bk-2.jpg,2002-2005-dodge-ram-1500-2500-3500-front-grille-black,2002-2005 Dodge Ram 1500 2500 3500 Front Grille - Black,https://cdn.shopify.com/s/files/1/0724/2638/9551/files/fggg-grz-ram02-h-bk-2.jpg?v=1776216221,ACTIVE
ITEM-021794,fggg-grz-ram02-h-mb-2.jpg,2002-2005-dodge-ram-1500-2500-3500-horizontal-front-grille-matte-black,2002-2005 Dodge Ram 1500 2500 3500 Horizontal Front Grille Matte Black,https://cdn.shopify.com/s/files/1/0724/2638/9551/files/fggg-grz-ram02-h-mb-2.jpg?v=1776216223,ACTIVE
ITEM-027421,fg-ram02-rvt-me-mb-2.jpg,2002-2005-dodge-ram-1500-2500-3500-rivet-mesh-grille-matte-black,2002-2005 Dodge Ram 1500 2500 3500 Rivet Mesh Grille Matte Black,https://cdn.shopify.com/s/files/1/0724/2638/9551/files/fg-ram02-rvt-me-mb-2.jpg?v=1776216225,ACTIVE
ITEM-026817,fg-ram02-rvt-me-bk-2.jpg,2002-2005-dodge-ram-rivet-style-mesh-front-grille-black-abs,2002-2005 Dodge Ram Rivet Style Mesh Front Grille - Black ABS,https://cdn.shopify.com/s/files/1/0724/2638/9551/files/fg-ram02-rvt-me-bk-2.jpg?v=1776216227,ACTIVE
ITEM-022529,fg-civ02si-abs-mb-2.jpg,2002-2005-honda-civic-si-ep3-matte-black-front-grille-hatchback,2002-2005 Honda Civic Si EP3 Matte Black Front Grille - Hatchback,https://cdn.shopify.com/s/files/1/0724/2638/9551/files/fg-civ02si-abs-mb-2.jpg?v=1776216230,ACTIVE
ITEM-023529,th-crv02-c535-2.jpg,2002-2006-honda-cr-v-class-3-trailer-hitch-black,2002-2006 Honda CR-V Class 3 Trailer Hitch - Black | MPN 13535,https://cdn.shopify.com/s/files/1/0724/2638/9551/files/th-crv02-c535-2.jpg?v=1776216232,ACTIVE
ITEM-025558,th-bmount-l2-2_a6fc9523-6f40-4266-821b-a2d3ab1150a9.jpg,2002-2006-honda-cr-v-class-3-trailer-hitch-w-ball-mount-curt,2002-2006 Honda CR-V Class 3 Trailer Hitch w/ Ball Mount - CURT,https://cdn.shopify.com/s/files/1/0724/2638/9551/files/th-bmount-l2-2_a6fc9523-6f40-4266-821b-a2d3ab1150a9.jpg?v=1776217554,ACTIVE
ITEM-030050,hlnb-sil034plbw-jdma-2.jpg,03-06-chevy-silverado-avalanche-led-crystal-headlights-black-4pc,2002-2007 Chevrolet Silverado Avalanche Crystal Headlights Set - Black,https://cdn.shopify.com/s/files/1/0724/2638/9551/files/hlnb-sil034plbw-jdma-2.jpg?v=1776216234,ACTIVE
ITEM-030247,hlnb-sil034plsq-cha-2.jpg,03-06-chevy-silverado-avalanche-chrome-led-sequential-headlights-4pc,2002-2007 Chevrolet Silverado Avalanche Crystal Headlights Set - Chrome,https://cdn.shopify.com/s/files/1/0724/2638/9551/files/hlnb-sil034plsq-cha-2.jpg?v=1776216236,ACTIVE
ITEM-030268,hlpnb-sil034plsq-ac-2.jpg,03-06-chevy-silverado-avalanche-projector-headlights-chrome-4pc-set,2002-2007 Chevrolet Silverado Avalanche Projector Headlights Chrome,https://cdn.shopify.com/s/files/1/0724/2638/9551/files/hlpnb-sil034plsq-ac-2.jpg?v=1776216238,ACTIVE
ITEM-030257,hlpnb-sil034plbw-ab-2.jpg,03-06-chevy-silverado-avalanche-projector-headlights-led-bar-black-4pc,2002-2007 Chevrolet Silverado Avalanche Projector Headlights LED Black,https://cdn.shopify.com/s/files/1/0724/2638/9551/files/hlpnb-sil034plbw-ab-2.jpg?v=1776216240,ACTIVE
ITEM-022914,LISTING_hlnb-sil034p-jdm-ws-1.jpg,02-07-chevy-silverado-avalanche-crystal-headlights-4pc-black,2002-2007 Chevrolet Silverado Crystal Headlight 4PC Set - Black,https://cdn.shopify.com/s/files/1/0724/2638/9551/files/LISTING_hlnb-sil034p-jdm-ws-1.jpg?v=1773333919,ACTIVE
ITEM-030279,hlnb-sil03v24plsq-cha-2.jpg,03-06-chevy-silverado-avalanche-chrome-led-headlights-4pc-set,2002-2007 Chevrolet Silverado/Avalanche Crystal Headlights & Signal Lights Set - Chrome,https://cdn.shopify.com/s/files/1/0724/2638/9551/files/hlnb-sil03v24plsq-cha-2.jpg?v=1776216242,ACTIVE
ITEM-030248,hlnb-sil034plsq-jdma-2.jpg,03-06-chevy-silverado-avalanche-black-led-sequential-headlights-4pc,2002-2007 Chevrolet Silverado/Avalanche Crystal Headlights Set - Black,https://cdn.shopify.com/s/files/1/0724/2638/9551/files/hlnb-sil034plsq-jdma-2.jpg?v=1776216244,ACTIVE
ITEM-030049,hlnb-sil034plbw-cha-2.jpg,03-06-chevy-silverado-avalanche-led-crystal-headlights-chrome-4pc,2002-2007 Chevrolet Silverado/Avalanche Crystal Headlights Set - Chrome,https://cdn.shopify.com/s/files/1/0724/2638/9551/files/hlnb-sil034plbw-cha-2.jpg?v=1776216246,ACTIVE
ITEM-030258,hlpnb-sil034plbw-ac-2.jpg,03-06-chevy-silverado-avalanche-projector-headlights-chrome-4pc-led,2002-2007 Chevrolet Silverado/Avalanche Projector Headlights & Parking Lights Chrome,https://cdn.shopify.com/s/files/1/0724/2638/9551/files/hlpnb-sil034plbw-ac-2.jpg?v=1776216249,ACTIVE
ITEM-021576,th-lib02-c244-2.jpg,2002-2007-jeep-liberty-class-3-trailer-hitch-black-13244,2002-2007 Jeep Liberty Class 3 Trailer Hitch - Black | 13244,https://cdn.shopify.com/s/files/1/0724/2638/9551/files/th-lib02-c244-2.jpg?v=1776216251,ACTIVE
ITEM-022823,th-bmount-l2-2_ee4a36c1-ab16-4eee-823c-402d3340440c.jpg,2002-2007-jeep-liberty-class-3-trailer-hitch-w-ball-mount-curt,2002-2007 Jeep Liberty Class 3 Trailer Hitch w/ Ball Mount - CURT,https://cdn.shopify.com/s/files/1/0724/2638/9551/files/th-bmount-l2-2_ee4a36c1-ab16-4eee-823c-402d3340440c.jpg?v=1776217556,ACTIVE
ITEM-023298,th-a401-a164-2.jpg,2002-2008-audi-a4-s4-vw-passat-w8-class-1-trailer-hitch-11164,2002-2008 Audi A4 S4 VW Passat Class 1 Trailer Hitch - Black,https://cdn.shopify.com/s/files/1/0724/2638/9551/files/th-a401-a164-2.jpg?v=1776216253,ACTIVE
ITEM-000889,fggg-grzt-envo02-me-bk-2.jpg,2002-2008-gmc-envoy-front-grille-matte-black-replacement-grill,2002-2008 GMC Envoy Front Grille - Matte Black Replacement Grill,https://cdn.shopify.com/s/files/1/0724/2638/9551/files/fggg-grzt-envo02-me-bk-2.jpg?v=1776216256,ACTIVE
ITEM-026465,bghd-al-mb-2_058596ab-5002-4ac8-af8e-50103555300a.jpg,02-09-chevy-trailblazer-gmc-envoy-bull-guard-w-led-matte-black,2002-2009 Chevrolet Trailblazer & GMC Envoy Bull Guard w/LED - Matte Black,https://cdn.shopify.com/s/files/1/0724/2638/9551/files/bghd-al-mb-2_058596ab-5002-4ac8-af8e-50103555300a.jpg?v=1776217557,ACTIVE
ITEM-030824,tc-fru2-2_91105f0a-edb0-4c77-b284-6db9777c69a7.jpg,02-08-dodge-ram-1500-6-5-bed-flush-roll-up-tonneau-cover-133304,2002-2009 Dodge Ram 1500/2500/3500 6.5 ft Bed Tonneau Cover,https://cdn.shopify.com/s/files/1/0724/2638/9551/files/tc-fru2-2_91105f0a-edb0-4c77-b284-6db9777c69a7.jpg?v=1776217559,ACTIVE
ITEM-014324,tc-lru-2_c3d81ebe-205a-4217-b451-da057f114c33.jpg,02-09-dodge-ram-1500-2500-3500-roll-up-tonneau-cover-6-5-bed,2002-2009 Dodge Ram 1500/2500/3500 6.5 ft Bed Tonneau Cover,https://cdn.shopify.com/s/files/1/0724/2638/9551/files/tc-lru-2_c3d81ebe-205a-4217-b451-da057f114c33.jpg?v=1776217560,ACTIVE
ITEM-014310,tc-tfs-2_e92d0c52-a09a-4e76-b240-f7c77465391c.jpg,02-09-dodge-ram-1500-2500-3500-tri-fold-tonneau-cover-6-5-bed,2002-2009 Dodge Ram 1500/2500/3500 6.5 ft Bed Tri-Fold Tonneau Cover,https://cdn.shopify.com/s/files/1/0724/2638/9551/files/tc-tfs-2_e92d0c52-a09a-4e76-b240-f7c77465391c.jpg?v=1776217562,ACTIVE
ITEM-027899,tbm-rb-v2-2_78e38c8e-f190-40ab-a971-93ecdddff79a.jpg,02-22-dodge-ram-1500-2500-3500-5-7-ft-rubber-bed-mat-v2,2002-2022 Dodge Ram 1500/2500/3500 5.7 ft Bed Mat - AA010-V2,https://cdn.shopify.com/s/files/1/0724/2638/9551/files/tbm-rb-v2-2_78e38c8e-f190-40ab-a971-93ecdddff79a.jpg?v=1776217564,ACTIVE
ITEM-027882,tbm-rb-v2-2_d7a00171-a54d-4c34-9152-5fa8d7b5dea2.jpg,02-22-dodge-ram-1500-2500-3500-5-7-bed-mat-w-rambox-v2,2002-2022 Dodge Ram 1500/2500/3500 5.7 ft Bed RamBox Rubber Bed Mat V2,https://cdn.shopify.com/s/files/1/0724/2638/9551/files/tbm-rb-v2-2_d7a00171-a54d-4c34-9152-5fa8d7b5dea2.jpg?v=1776217565,ACTIVE
ITEM-027911,tbm-rb-v2-2_837a55a9-3f12-47c5-bbf1-f2a53dd7cbb4.jpg,02-22-dodge-ram-1500-2500-3500-6-5-ft-rubber-bed-mat-v2,2002-2022 Dodge Ram 1500/2500/3500 6.5 ft Bed Mat - AA035-V2,https://cdn.shopify.com/s/files/1/0724/2638/9551/files/tbm-rb-v2-2_837a55a9-3f12-47c5-bbf1-f2a53dd7cbb4.jpg?v=1776217567,ACTIVE
ITEM-022224,tbm-rb-gy-2_e4382d27-1dd7-4c8e-9933-8c60aead7cb4.jpg,02-22-dodge-ram-1500-2500-3500-6-5-bed-pvc-truck-bed-mat,2002-2022 Dodge Ram 1500/2500/3500 6.5 ft Bed Mat PVC - TBM,https://cdn.shopify.com/s/files/1/0724/2638/9551/files/tbm-rb-gy-2_e4382d27-1dd7-4c8e-9933-8c60aead7cb4.jpg?v=1776217568,ACTIVE
ITEM-027881,tbm-rb-v2-2_1cbdf018-39c0-4210-ba59-1d3aba35a587.jpg,02-22-dodge-ram-1500-2500-3500-6-5-ft-bed-mat-w-rambox,2002-2022 Dodge Ram 1500/2500/3500 6.5 ft Bed RamBox Rubber Bed Mat V2,https://cdn.shopify.com/s/files/1/0724/2638/9551/files/tbm-rb-v2-2_1cbdf018-39c0-4210-ba59-1d3aba35a587.jpg?v=1776217570,ACTIVE
ITEM-027903,tbm-rb-v2-2_ad1e7efc-74c7-45e5-ac56-9c40ad4b9ef6.jpg,02-22-dodge-ram-1500-2500-3500-8ft-bed-rubber-mat-aa031-v2,2002-2022 Dodge Ram 1500/2500/3500 8 ft Bed Mat Rubber - AA031-V2,https://cdn.shopify.com/s/files/1/0724/2638/9551/files/tbm-rb-v2-2_ad1e7efc-74c7-45e5-ac56-9c40ad4b9ef6.jpg?v=1776217571,ACTIVE
ITEM-025350,tbm-rb-gy-2_1b50e12e-d103-4a7c-9138-db84701abcf6.jpg,2002-2022-dodge-ram-1500-2500-3500-8-long-bed-pvc-mat-black,2002-2022 Dodge Ram 1500/2500/3500 8 ft Bed PVC Bed Mat - Black,https://cdn.shopify.com/s/files/1/0724/2638/9551/files/tbm-rb-gy-2_1b50e12e-d103-4a7c-9138-db84701abcf6.jpg?v=1776217573,ACTIVE
ITEM-022222,tbm-rb-gy-2_5eb05461-0dff-4f9a-83b3-bd068d143c9b.jpg,02-22-dodge-ram-rubber-bed-mat-57-rambox-grey,2002-2022 Dodge Ram 5.7 ft Bed Mat RamBox Only - Grey Rubber,https://cdn.shopify.com/s/files/1/0724/2638/9551/files/tbm-rb-gy-2_5eb05461-0dff-4f9a-83b3-bd068d143c9b.jpg?v=1776217575,ACTIVE
ITEM-022211,tbm-rb-gy-2_d2139804-f8e3-4f2e-84ba-723f9791faee.jpg,02-22-dodge-ram-5-7-short-bed-rubber-truck-bed-mat-grey,2002-2022 Dodge Ram 5.7 ft Bed Rubber Truck Bed Mat - Grey,https://cdn.shopify.com/s/files/1/0724/2638/9551/files/tbm-rb-gy-2_d2139804-f8e3-4f2e-84ba-723f9791faee.jpg?v=1776217576,ACTIVE
ITEM-022221,tbm-rb-gy-2_36701bc6-5459-4ade-9d78-bdf801f0afc5.jpg,02-22-dodge-ram-6-4-bed-rubber-mat-rambox-grey,2002-2022 Dodge Ram 6.4 ft Bed Mat RamBox Grey Rubber,https://cdn.shopify.com/s/files/1/0724/2638/9551/files/tbm-rb-gy-2_36701bc6-5459-4ade-9d78-bdf801f0afc5.jpg?v=1776217578,ACTIVE
ITEM-000739,fg-cor03-abs-bk-2.jpg,2003-2004-toyota-corolla-front-grille-matte-black,2003-2004 Toyota Corolla Front Grille - Matte Black,https://cdn.shopify.com/s/files/1/0724/2638/9551/files/fg-cor03-abs-bk-2.jpg?v=1776216258,ACTIVE
ITEM-013829,fg-exped03-vt-ch-2.jpg,2003-2006-ford-expedition-vertical-style-chrome-front-grille-abs,2003-2006 Ford Expedition Vertical Style Chrome Front Grille - ABS,https://cdn.shopify.com/s/files/1/0724/2638/9551/files/fg-exped03-vt-ch-2.jpg?v=1776216260,ACTIVE
ITEM-013640,fg-exped03-vt-bk-2.jpg,2003-2006-ford-expedition-vertical-style-front-grille-black-abs,2003-2006 Ford Expedition Vertical Style Front Grille - Black ABS,https://cdn.shopify.com/s/files/1/0724/2638/9551/files/fg-exped03-vt-bk-2.jpg?v=1776216262,ACTIVE
ITEM-030280,hlnb-sil03v24plsq-jdma-2.jpg,03-06-chevy-silverado-avalanche-led-crystal-headlights-4pc-set-black,2003-2007 Chevrolet Silverado/Avalanche Crystal Headlights Set - Black,https://cdn.shopify.com/s/files/1/0724/2638/9551/files/hlnb-sil03v24plsq-jdma-2.jpg?v=1776216265,ACTIVE
ITEM-022523,th-mur03-c571-2.jpg,2003-2007-nissan-murano-class-3-trailer-hitch-black-13571,2003-2007 Nissan Murano Class 3 Trailer Hitch - Black | 13571,https://cdn.shopify.com/s/files/1/0724/2638/9551/files/th-mur03-c571-2.jpg?v=1776216267,ACTIVE
ITEM-022828,th-bmount-l2-2_98a521ce-15b3-417c-bead-363f1e8945a3.jpg,2003-2007-nissan-murano-class-3-trailer-hitch-w-ball-mount-curt,2003-2007 Nissan Murano Class 3 Trailer Hitch w/ Ball Mount - CURT,https://cdn.shopify.com/s/files/1/0724/2638/9551/files/th-bmount-l2-2_98a521ce-15b3-417c-bead-363f1e8945a3.jpg?v=1776217580,ACTIVE
ITEM-023535,th-vibe03-b234-2.jpg,2003-2008-pontiac-vibe-class-2-trailer-hitch-black-12234,2003-2008 Pontiac Vibe Class 2 Trailer Hitch Black - 12234,https://cdn.shopify.com/s/files/1/0724/2638/9551/files/th-vibe03-b234-2.jpg?v=1776216270,ACTIVE
ITEM-023303,th-mat03-b013-2.jpg,2003-2008-toyota-matrix-class-2-trailer-hitch-black-12013,2003-2008 Toyota Matrix Class 2 Trailer Hitch Black - 12013,https://cdn.shopify.com/s/files/1/0724/2638/9551/files/th-mat03-b013-2.jpg?v=1776216272,ACTIVE
ITEM-024541,bghd-am-mb-2_589d636e-8d45-4eb3-9e24-666566635a7c.jpg,2003-2009-dodge-ram-2500-3500-bull-guard-matte-black-mesh-skid,2003-2009 Dodge Ram 2500/3500 Bull Guard Matte Black Mesh Skid,https://cdn.shopify.com/s/files/1/0724/2638/9551/files/bghd-am-mb-2_589d636e-8d45-4eb3-9e24-666566635a7c.jpg?v=1776217581,ACTIVE
ITEM-024877,bghd-av-mbba-2_eca2eb91-bbe5-4e5a-bd3d-8e5585da43a9.jpg,2003-2009-dodge-ram-2500-3500-bull-guard-matte-black-w-skid-plate,2003-2009 Dodge Ram 2500/3500 Bull Guard Matte Black w/Skid Plate,https://cdn.shopify.com/s/files/1/0724/2638/9551/files/bghd-av-mbba-2_eca2eb91-bbe5-4e5a-bd3d-8e5585da43a9.jpg?v=1776217583,ACTIVE
ITEM-024876,bghd-av-mb-2_c5559c5e-4031-418c-bba9-b2f4fd733273.jpg,2003-2009-dodge-ram-2500-3500-bull-guard-w-skid-plate-matte-black,2003-2009 Dodge Ram 2500/3500 Bull Guard w/ Skid Plate - Matte Black,https://cdn.shopify.com/s/files/1/0724/2638/9551/files/bghd-av-mb-2_c5559c5e-4031-418c-bba9-b2f4fd733273.jpg?v=1776217585,ACTIVE
ITEM-021574,th-sore03-c513-2.jpg,2003-2009-kia-sorento-class-3-trailer-hitch-black-13513,2003-2009 Kia Sorento Class 3 Trailer Hitch - Black | 13513,https://cdn.shopify.com/s/files/1/0724/2638/9551/files/th-sore03-c513-2.jpg?v=1776216274,ACTIVE
ITEM-022843,th-bmount-l2-2_b962523c-02ce-4d3a-b312-9687d67d00d1.jpg,2003-2009-kia-sorento-class-3-trailer-hitch-kit-w-ball-mount,2003-2009 Kia Sorento Class 3 Trailer Hitch Kit w/ Ball Mount,https://cdn.shopify.com/s/files/1/0724/2638/9551/files/th-bmount-l2-2_b962523c-02ce-4d3a-b312-9687d67d00d1.jpg?v=1776217586,ACTIVE
ITEM-024060,th-eclass03-a701-2.jpg,2003-2009-mercedes-benz-e-class-trailer-hitch-class-1,2003-2009 Mercedes-Benz E-Class Class 1 Trailer Hitch - 11701,https://cdn.shopify.com/s/files/1/0724/2638/9551/files/th-eclass03-a701-2.jpg?v=1776216276,ACTIVE
ITEM-026766,bghd-al-mb-2_14e29b02-6220-4e69-b399-cd3cbe1fa799.jpg,2003-2009-toyota-4runner-lexus-gx470-bull-guard-led-light-bar,2003-2009 Toyota 4Runner Lexus GX470 Bull Guard LED Light Bar,https://cdn.shopify.com/s/files/1/0724/2638/9551/files/bghd-al-mb-2_14e29b02-6220-4e69-b399-cd3cbe1fa799.jpg?v=1776217588,ACTIVE
ITEM-024061,th-ele03-a700-2.jpg,2003-2011-honda-element-class-1-trailer-hitch-11700,2003-2011 Honda Element Class 1 Trailer Hitch - Black 11700,https://cdn.shopify.com/s/files/1/0724/2638/9551/files/th-ele03-a700-2.jpg?v=1776216279,ACTIVE
ITEM-025252,bghd-am-mb_2bflbw-40cree-lb-wh-2_382ef4c7-5cf0-4322-890a-b0cc9cab0854.jpg,2003-2014-lincoln-navigator-mark-lt-bull-guard-matte-black-led-bar,2003-2014 Lincoln Navigator/Mark LT Bull Guard Matte Black + LED Bar,https://cdn.shopify.com/s/files/1/0724/2638/9551/files/bghd-am-mb_2bflbw-40cree-lb-wh-2_382ef4c7-5cf0-4322-890a-b0cc9cab0854.jpg?v=1776217589,ACTIVE
ITEM-023918,th-bmount-l2-2_5a23ecfb-ccb6-4ca8-a511-7e3bc1bb7264.jpg,2003-2014-volvo-xc90-class-3-trailer-hitch-ball-mount-combo,2003-2014 Volvo XC90 Class 3 Trailer Hitch & Ball Mount Combo,https://cdn.shopify.com/s/files/1/0724/2638/9551/files/th-bmount-l2-2_5a23ecfb-ccb6-4ca8-a511-7e3bc1bb7264.jpg?v=1776217591,ACTIVE
ITEM-023083,th-xc9003-c559-2.jpg,2003-2014-volvo-xc90-class-3-trailer-hitch-black-mpn-13559,2003-2014 Volvo XC90 Class 3 Trailer Hitch - Black | MPN 13559,https://cdn.shopify.com/s/files/1/0724/2638/9551/files/th-xc9003-c559-2.jpg?v=1776216281,ACTIVE
ITEM-022532,fggg-gr-imp04-me-mb-2.jpg,2004-2005-subaru-impreza-aluminum-mesh-grille-matte-black,2004-2005 Subaru Impreza Aluminum Mesh Grille - Matte Black,https://cdn.shopify.com/s/files/1/0724/2638/9551/files/fggg-gr-imp04-me-mb-2.jpg?v=1776216283,ACTIVE
ITEM-000873,fggg-grz-seb04-me-bk-2.jpg,2004-2006-chrysler-sebring-front-grille-black-replacement,2004-2006 Chrysler Sebring Front Grille - Black Replacement,https://cdn.shopify.com/s/files/1/0724/2638/9551/files/fggg-grz-seb04-me-bk-2.jpg?v=1776216285,ACTIVE
ITEM-000874,fggg-grz-seb04-me-ch-2.jpg,2004-2006-chrysler-sebring-front-grille-chrome-mesh-style,2004-2006 Chrysler Sebring Front Grille - Chrome Mesh Style,https://cdn.shopify.com/s/files/1/0724/2638/9551/files/fggg-grz-seb04-me-ch-2.jpg?v=1776216287,ACTIVE
ITEM-000959,fg-maz34d-am-bk-2.jpg,2004-2006-mazda-3-sedan-front-grille-matte-black,2004-2006 Mazda 3 Sedan Front Grille - Matte Black,https://cdn.shopify.com/s/files/1/0724/2638/9551/files/fg-maz34d-am-bk-2.jpg?v=1776216289,ACTIVE
ITEM-022127,fg-maz34d-am-mb-2.jpg,2004-2006-mazda-3-sedan-matte-black-front-grille-replacement,2004-2006 Mazda 3 Sedan Matte Black Front Grille Replacement,https://cdn.shopify.com/s/files/1/0724/2638/9551/files/fg-maz34d-am-mb-2.jpg?v=1776216291,ACTIVE
ITEM-025189,tc-lru-2_fd0c0619-aa5e-40ed-bc32-b6801bfe0a89.jpg,2004-2006-toyota-tundra-6-5-bed-roll-up-tonneau-cover-503325,2004-2006 Toyota Tundra 6.2 ft Bed Roll-Up Tonneau Cover - 503325,https://cdn.shopify.com/s/files/1/0724/2638/9551/files/tc-lru-2_fd0c0619-aa5e-40ed-bc32-b6801bfe0a89.jpg?v=1776217593,ACTIVE
ITEM-025690,LISTING_tc-lru-ws-1_d580ab5f-c7cd-442a-823d-accf368e81c8.jpg,2004-2006-toyota-tundra-roll-up-tonneau-cover-w-led-bed-lights,2004-2006 Toyota Tundra 6.2 ft Bed Roll-Up Tonneau Cover w/ LED Lights,https://cdn.shopify.com/s/files/1/0724/2638/9551/files/LISTING_tc-lru-ws-1_d580ab5f-c7cd-442a-823d-accf368e81c8.jpg?v=1773342629,ACTIVE
ITEM-029468,LISTING_tc-lth-ws-2_6148b8c6-a5e4-4be0-8e59-08e9a65e34b1.jpg,04-07-chevy-silverado-sierra-5-8-hard-tri-fold-tonneau-cover,2004-2007 Chevy Silverado GMC Sierra 5.8 ft Bed Tonneau Cover - Hard Tri-Fold,https://cdn.shopify.com/s/files/1/0724/2638/9551/files/LISTING_tc-lth-ws-2_6148b8c6-a5e4-4be0-8e59-08e9a65e34b1.jpg?v=1773341187,ACTIVE
ITEM-014858,tc-lru-2_cd4a3bc7-a9e4-49f8-b798-3b4bc0712d2a.jpg,04-07-chevy-silverado-gmc-sierra-5-8-roll-up-tonneau-cover,2004-2007 Chevy/GMC Silverado/Sierra 5.8 ft Bed Roll-Up Tonneau Cover,https://cdn.shopify.com/s/files/1/0724/2638/9551/files/tc-lru-2_cd4a3bc7-a9e4-49f8-b798-3b4bc0712d2a.jpg?v=1776217594,ACTIVE
ITEM-022207,tbm-rb-gy-2_f7c1e7d3-3262-4bfe-a458-11e2b094fee1.jpg,04-07-chevy-silverado-gmc-sierra-5-8-bed-rubber-mat-grey,2004-2007 Chevy/GMC Silverado/Sierra 5.8 ft Fleetside Bed Mat - Grey,https://cdn.shopify.com/s/files/1/0724/2638/9551/files/tbm-rb-gy-2_f7c1e7d3-3262-4bfe-a458-11e2b094fee1.jpg?v=1776217596,ACTIVE
ITEM-022595,th-cara04-c389-2.jpg,2004-2007-chrysler-town-country-class-3-trailer-hitch-13389,2004-2007 Chrysler Town & Country Class 3 Trailer Hitch - 13389,https://cdn.shopify.com/s/files/1/0724/2638/9551/files/th-cara04-c389-2.jpg?v=1776216293,ACTIVE
ITEM-001403,fggg-grz-tit04-vt-bk-2.jpg,2004-2007-nissan-titan-armada-front-grille-matte-black,2004-2007 Nissan Titan Armada Front Grille - Matte Black,https://cdn.shopify.com/s/files/1/0724/2638/9551/files/fggg-grz-tit04-vt-bk-2.jpg?v=1776216296,ACTIVE
ITEM-026968,thw-high02-4w-ee400-2.jpg,2004-2007-toyota-highlander-class-3-trailer-hitch-wiring-combo,2004-2007 Toyota Highlander Class 3 Trailer Hitch & Wiring Combo,https://cdn.shopify.com/s/files/1/0724/2638/9551/files/thw-high02-4w-ee400-2.jpg?v=1776216298,ACTIVE
ITEM-020819,fg-tor03-h-bk-2.jpg,2004-2007-volkswagen-touareg-front-grille-black-torg-0206-bk,2004-2007 Volkswagen Touareg Front Grille - Black | TORG-0206-BK,https://cdn.shopify.com/s/files/1/0724/2638/9551/files/fg-tor03-h-bk-2.jpg?v=1776216300,ACTIVE
ITEM-000847,fggg-grz-f15004-h-ch-2.jpg,2004-2008-ford-f-150-front-grille-chrome-mesh-style,2004-2008 Ford F-150 Front Grille - Chrome Mesh Style,https://cdn.shopify.com/s/files/1/0724/2638/9551/files/fggg-grz-f15004-h-ch-2.jpg?v=1776216302,ACTIVE
ITEM-000893,fggg-grzt-f15004-me-bk-2.jpg,2004-2008-ford-f-150-front-grille-matte-black-mesh-style,2004-2008 Ford F-150 Front Grille - Matte Black Mesh Style,https://cdn.shopify.com/s/files/1/0724/2638/9551/files/fggg-grzt-f15004-me-bk-2.jpg?v=1776216305,ACTIVE
ITEM-000910,fggg-grzv-f15004-vt-bk-2.jpg,2004-2008-ford-f-150-front-grille-vertical-style-matte-black,2004-2008 Ford F-150 Front Grille - Vertical Style Matte Black,https://cdn.shopify.com/s/files/1/0724/2638/9551/files/fggg-grzv-f15004-vt-bk-2.jpg?v=1776216307,ACTIVE
ITEM-000911,fggg-grzv-f15004-vt-ch-2.jpg,2004-2008-ford-f-150-front-grille-chrome-vertical-style,2004-2008 Ford F-150 Front Grille Chrome Vertical Style,https://cdn.shopify.com/s/files/1/0724/2638/9551/files/fggg-grzv-f15004-vt-ch-2.jpg?v=1776216309,ACTIVE
ITEM-027423,fg-f15004-rvt-me-mb-2.jpg,2004-2008-ford-f-150-mesh-rivet-style-front-grille-matte-black,2004-2008 Ford F-150 Mesh Rivet Style Front Grille - Matte Black,https://cdn.shopify.com/s/files/1/0724/2638/9551/files/fg-f15004-rvt-me-mb-2.jpg?v=1776216311,ACTIVE
ITEM-014243,sbhd-f15004sc-4-mb-2.jpg,2004-2008-ford-f-150-super-cab-4-oval-side-step-bars-matte-black,"2004-2008 Ford F-150 Super Cab 4"" Oval Side Step Bars - Matte Black",https://cdn.shopify.com/s/files/1/0724/2638/9551/files/sbhd-f15004sc-4-mb-2.jpg?v=1776216314,ACTIVE
ITEM-010315,sbhd-f15004sc-4-20-ch-2.jpg,2004-2008-ford-f-150-4-oval-nerf-bars-stainless-steel,"2004-2008 Ford F-150 Super Cab 4"" Side Step Nerf Bars - Chrome",https://cdn.shopify.com/s/files/1/0724/2638/9551/files/sbhd-f15004sc-4-20-ch-2.jpg?v=1776216316,ACTIVE
ITEM-016097,sbhd-f15004sc-5-bk-2.jpg,04-08-ford-f-150-super-cab-5-oval-side-step-bars-black,"2004-2008 Ford F-150 Super Cab 5"" Oval Side Step Bars - Black",https://cdn.shopify.com/s/files/1/0724/2638/9551/files/sbhd-f15004sc-5-bk-2.jpg?v=1776216318,ACTIVE
ITEM-021798,fggg-grzv-f15004-vt-mb-2.jpg,2004-2008-ford-f-150-vertical-style-front-grille-matte-black,2004-2008 Ford F-150 Vertical Style Front Grille - Matte Black,https://cdn.shopify.com/s/files/1/0724/2638/9551/files/fggg-grzv-f15004-vt-mb-2.jpg?v=1776216321,ACTIVE
ITEM-024947,bghd-av-mb-2_3054fabe-ddff-4d24-a7b8-2a6f5c62f03f.jpg,2004-2009-dodge-durango-advanced-series-bull-guard-matte-black,2004-2009 Dodge Durango Advanced Series Bull Guard - Matte Black,https://cdn.shopify.com/s/files/1/0724/2638/9551/files/bghd-av-mb-2_3054fabe-ddff-4d24-a7b8-2a6f5c62f03f.jpg?v=1776217598,ACTIVE
ITEM-025247,bghd-am-mb_2bflbw-40cree-lb-wh-2_ef55248c-5029-41d6-a622-2ad0f62205ce.jpg,2004-2009-dodge-durango-bull-guard-w-led-light-bar-matte-black,2004-2009 Dodge Durango Bull Guard w/ LED Light Bar - Matte Black,https://cdn.shopify.com/s/files/1/0724/2638/9551/files/bghd-am-mb_2bflbw-40cree-lb-wh-2_ef55248c-5029-41d6-a622-2ad0f62205ce.jpg?v=1776217599,ACTIVE
ITEM-019112,bghd-ch_2bflbw-40cree-lb-wh-2.jpg,2004-2009-dodge-durango-chrome-bull-guard-with-led-light-bar,2004-2009 Dodge Durango Chrome Bull Guard with LED Light Bar,https://cdn.shopify.com/s/files/1/0724/2638/9551/files/bghd-ch_2bflbw-40cree-lb-wh-2.jpg?v=1776216323,ACTIVE
ITEM-016331,bghd-ch-2.jpg,2004-2009-dodge-durango-chrysler-aspen-bull-guard-chrome-a070309a,2004-2009 Dodge Durango Chrysler Aspen Bull Guard Chrome - A070309A,https://cdn.shopify.com/s/files/1/0724/2638/9551/files/bghd-ch-2.jpg?v=1776216325,ACTIVE
ITEM-024546,bghd-am-mb-2_01380d17-9e64-4da3-bce0-16c5c1bf48d6.jpg,2004-2009-dodge-durango-chrysler-aspen-bull-guard-matte-black-mesh,2004-2009 Dodge Durango Chrysler Aspen Bull Guard Matte Black Mesh,https://cdn.shopify.com/s/files/1/0724/2638/9551/files/bghd-am-mb-2_01380d17-9e64-4da3-bce0-16c5c1bf48d6.jpg?v=1776217601,ACTIVE
ITEM-021977,th-dur04-c072-2.jpg,2004-2009-dodge-durango-chrysler-aspen-class-3-trailer-hitch,2004-2009 Dodge Durango Chrysler Aspen Class 3 Trailer Hitch,https://cdn.shopify.com/s/files/1/0724/2638/9551/files/th-dur04-c072-2.jpg?v=1776216327,ACTIVE
ITEM-022804,th-bmount-l2-2_78f84c9f-429f-48c6-acda-22fb1fcf405f.jpg,2004-2009-dodge-durango-chrysler-aspen-class-3-trailer-hitch-kit,2004-2009 Dodge Durango Chrysler Aspen Class 3 Trailer Hitch Kit,https://cdn.shopify.com/s/files/1/0724/2638/9551/files/th-bmount-l2-2_78f84c9f-429f-48c6-acda-22fb1fcf405f.jpg?v=1776217603,ACTIVE
ITEM-022852,th-bmount-l2-2_58813405-e2ee-4cff-a4ee-25b37374093b.jpg,2004-2010-bmw-x3-class-3-trailer-hitch-ball-mount-kit-curt,2004-2010 BMW X3 Class 3 Trailer Hitch & Ball Mount Kit - CURT,https://cdn.shopify.com/s/files/1/0724/2638/9551/files/th-bmount-l2-2_58813405-e2ee-4cff-a4ee-25b37374093b.jpg?v=1776217604,ACTIVE
ITEM-021813,th-x304-c573-2.jpg,2004-2010-bmw-x3-class-3-trailer-hitch-black-mpn-13573,2004-2010 BMW X3 Class 3 Trailer Hitch - Black | MPN 13573,https://cdn.shopify.com/s/files/1/0724/2638/9551/files/th-x304-c573-2.jpg?v=1776216330,ACTIVE
ITEM-024062,th-cob05-a447-2.jpg,2004-2011-chevrolet-cobalt-hhr-trailer-hitch-class-1,2004-2011 Chevrolet Cobalt/HHR Saturn Ion Pontiac G5 Trailer Hitch - Class 1,https://cdn.shopify.com/s/files/1/0724/2638/9551/files/th-cob05-a447-2.jpg?v=1776216332,ACTIVE
ITEM-024897,bghd-av-mb-2_2acfbfae-57c2-4514-b6c7-535c791245ba.jpg,04-12-chevy-colorado-gmc-canyon-bull-guard-w-skid-plate-matte-black,2004-2012 Chevrolet Colorado & GMC Canyon Bull Guard w/ Skid Plate - Matte Black,https://cdn.shopify.com/s/files/1/0724/2638/9551/files/bghd-av-mb-2_2acfbfae-57c2-4514-b6c7-535c791245ba.jpg?v=1776217606,ACTIVE
ITEM-025244,bghd-am-mb_2bflbw-40cree-lb-wh-2_06863da8-0d15-4be6-ade2-b3e4e5d1fd46.jpg,04-12-chevy-colorado-gmc-canyon-bull-guard-w-led-light-bar,2004-2012 Chevrolet Colorado & GMC Canyon Bull Guard w/Mesh Skid Plate & LED Light Bar - Matte Black,https://cdn.shopify.com/s/files/1/0724/2638/9551/files/bghd-am-mb_2bflbw-40cree-lb-wh-2_06863da8-0d15-4be6-ade2-b3e4e5d1fd46.jpg?v=1776217607,ACTIVE
ITEM-024569,bghd-am-mb-2_55b4bfc6-728c-447f-b49f-a9cef90d866c.jpg,04-12-chevy-colorado-gmc-canyon-bull-guard-mesh-skid-plate,2004-2012 Chevrolet Colorado & GMC Canyon Bull Guard w/Mesh Skid Plate - Matte Black,https://cdn.shopify.com/s/files/1/0724/2638/9551/files/bghd-am-mb-2_55b4bfc6-728c-447f-b49f-a9cef90d866c.jpg?v=1776217609,ACTIVE
ITEM-019094,bghd-bk_2bflbw-40cree-lb-wh-2.jpg,04-12-chevy-colorado-gmc-canyon-bull-bar-w-120w-led-light-bar,2004-2012 Chevrolet Colorado GMC Canyon Bull Bar + LED Light Bar Combo - Black,https://cdn.shopify.com/s/files/1/0724/2638/9551/files/bghd-bk_2bflbw-40cree-lb-wh-2.jpg?v=1776216334,ACTIVE
ITEM-022223,tbm-rb-gy-2.jpg,2004-2012-chevy-colorado-gmc-canyon-5-bed-rubber-truck-bed-mat-grey,2004-2012 Chevrolet Colorado/GMC Canyon 5 ft Bed Rubber Bed Mat - Grey,https://cdn.shopify.com/s/files/1/0724/2638/9551/files/tbm-rb-gy-2.jpg?v=1776216336,ACTIVE
ITEM-027883,tbm-rb-v2-2_0001b40d-ece6-47cf-acde-fed3c2ff19c4.jpg,2004-2012-chevy-colorado-gmc-canyon-5ft-bed-rubber-mat-v2,2004-2012 Chevrolet Colorado/GMC Canyon 5 ft Bed Rubber Bed Mat - V2,https://cdn.shopify.com/s/files/1/0724/2638/9551/files/tbm-rb-v2-2_0001b40d-ece6-47cf-acde-fed3c2ff19c4.jpg?v=1776217610,ACTIVE
ITEM-027325,bghd-av-tb-2_85d3ad7a-a166-4146-8dd0-6327d7c84085.jpg,2004-2012-chevy-colorado-gmc-canyon-advanced-bull-guard-black,2004-2012 Chevrolet Colorado/GMC Canyon Bull Guard Advanced - Textured Black,https://cdn.shopify.com/s/files/1/0724/2638/9551/files/bghd-av-tb-2_85d3ad7a-a166-4146-8dd0-6327d7c84085.jpg?v=1776217612,ACTIVE
ITEM-027326,bghd-al-tb-2.jpg,04-12-chevy-colorado-gmc-canyon-advanced-bull-guard-w-led-bar,2004-2012 Chevrolet Colorado/GMC Canyon Bull Guard w/LED Light Bar - Advanced Series,https://cdn.shopify.com/s/files/1/0724/2638/9551/files/bghd-al-tb-2.jpg?v=1776216339,ACTIVE
ITEM-014859,tc-lru-2_d4c4e054-4cd4-43a6-81ab-a0b1df3e43f2.jpg,04-12-chevy-colorado-gmc-canyon-6-bed-roll-up-tonneau-cover,2004-2012 Chevy Colorado/GMC Canyon 6 ft Bed Roll-Up Tonneau Cover,https://cdn.shopify.com/s/files/1/0724/2638/9551/files/tc-lru-2_d4c4e054-4cd4-43a6-81ab-a0b1df3e43f2.jpg?v=1776217614,ACTIVE
ITEM-022217,tbm-rb-gy-2_4bf14df0-b9ef-4f9d-81f3-6d1bea0567a4.jpg,2004-2012-chevy-colorado-gmc-canyon-6-bed-rubber-mat-grey,2004-2012 Chevy Colorado/GMC Canyon 6 ft Bed Rubber Bed Mat - Grey,https://cdn.shopify.com/s/files/1/0724/2638/9551/files/tbm-rb-gy-2_4bf14df0-b9ef-4f9d-81f3-6d1bea0567a4.jpg?v=1776217615,ACTIVE
ITEM-027879,tbm-rb-v2-2_001e9a58-153f-46af-bc55-64b228769131.jpg,04-12-chevy-colorado-gmc-canyon-6ft-bed-rubber-mat-aa016-v2,2004-2012 Chevy Colorado/GMC Canyon 6 ft Bed Rubber Bed Mat - V2,https://cdn.shopify.com/s/files/1/0724/2638/9551/files/tbm-rb-v2-2_001e9a58-153f-46af-bc55-64b228769131.jpg?v=1776217617,ACTIVE
ITEM-028042,LISTING_tc-lth-ws-2.jpg,2004-2014-chevy-colorado-gmc-canyon-6-bed-hard-tri-fold-tonneau-cover,2004-2012 Chevy Colorado/GMC Canyon 6 ft Bed Tonneau Cover,https://cdn.shopify.com/s/files/1/0724/2638/9551/files/LISTING_tc-lth-ws-2.jpg?v=1773338312,ACTIVE
ITEM-024052,th-s4004-a438-2.jpg,2004-2012-volvo-s40-v50-class-1-trailer-hitch-black,2004-2012 Volvo S40 & V50 Class 1 Trailer Hitch - Black,https://cdn.shopify.com/s/files/1/0724/2638/9551/files/th-s4004-a438-2.jpg?v=1776216341,ACTIVE
ITEM-030827,tc-fru2-2_a1a564a0-89e1-42e6-8a23-2d15db2a1433.jpg,2004-2014-ford-f-150-5-5-bed-flush-roll-up-tonneau-cover,2004-2014 Ford F-150 5.5 ft Bed Flush Roll Up Tonneau Cover,https://cdn.shopify.com/s/files/1/0724/2638/9551/files/tc-fru2-2_a1a564a0-89e1-42e6-8a23-2d15db2a1433.jpg?v=1776217618,ACTIVE
ITEM-028039,LISTING_tc-lth-ws-2_9cd64ae2-7fa9-4818-909b-98df6d39cfd3.jpg,2004-2014-ford-f-150-5-5ft-bed-hard-tri-fold-tonneau-cover,2004-2014 Ford F-150 5.5 ft Bed Hard Tri-Fold Tonneau Cover,https://cdn.shopify.com/s/files/1/0724/2638/9551/files/LISTING_tc-lth-ws-2_9cd64ae2-7fa9-4818-909b-98df6d39cfd3.jpg?v=1773339130,ACTIVE
ITEM-028921,LISTING_tc-lth-ws-2_af460780-a303-4fcf-a456-916d2e2f2b53.jpg,2004-2014-ford-f-150-5-5ft-tri-fold-tonneau-cover-w-led-bed-lights,2004-2014 Ford F-150 5.5 ft Bed Hard Tri-Fold Tonneau Cover Combo,https://cdn.shopify.com/s/files/1/0724/2638/9551/files/LISTING_tc-lth-ws-2_af460780-a303-4fcf-a456-916d2e2f2b53.jpg?v=1773339166,ACTIVE
ITEM-014331,tc-lru-2_26eec204-7f74-49e3-8ce7-719e33960d38.jpg,04-14-ford-f-150-lincoln-mark-lt-5-5-roll-up-tonneau-cover,2004-2014 Ford F-150 5.5 ft Bed Roll-Up Tonneau Cover - 503321,https://cdn.shopify.com/s/files/1/0724/2638/9551/files/tc-lru-2_26eec204-7f74-49e3-8ce7-719e33960d38.jpg?v=1776217620,ACTIVE
ITEM-031828,LISTING_tc-fru2_2btbl-16w8p-01-ws-1_8ba7636a-7951-4e43-980a-f4efc5cd047c.jpg,2004-2014-ford-f-150-5-5-flush-roll-up-tonneau-cover-w-led-lights,2004-2014 Ford F-150 5.5 ft Bed Roll-Up Tonneau Cover Combo w/ LED,https://cdn.shopify.com/s/files/1/0724/2638/9551/files/LISTING_tc-fru2_2btbl-16w8p-01-ws-1_8ba7636a-7951-4e43-980a-f4efc5cd047c.jpg?v=1773339096,ACTIVE
ITEM-027897,tbm-rb-v2-2_b6698e02-8baf-431e-b3d3-8472652a626e.jpg,2004-2014-ford-f-150-lincoln-mark-lt-5-5ft-bed-rubber-mat,2004-2014 Ford F-150 5.5 ft Bed Rubber Bed Mat - AA008-V2,https://cdn.shopify.com/s/files/1/0724/2638/9551/files/tbm-rb-v2-2_b6698e02-8baf-431e-b3d3-8472652a626e.jpg?v=1776217621,ACTIVE
ITEM-014312,tc-tfs-2_e0e9c0c4-d8de-40f8-b0a9-b6ed1fa6a26f.jpg,04-14-ford-f-150-lincoln-mark-lt-5-5-tri-fold-tonneau-cover,2004-2014 Ford F-150 5.5 ft Bed Tri-Fold Tonneau Cover,https://cdn.shopify.com/s/files/1/0724/2638/9551/files/tc-tfs-2_e0e9c0c4-d8de-40f8-b0a9-b6ed1fa6a26f.jpg?v=1776217623,ACTIVE
ITEM-028038,LISTING_tc-lth-ws-2_d732a29d-fee5-4957-a73e-46b5c399f0fa.jpg,2004-2014-ford-f-150-6-5ft-bed-hard-tri-fold-tonneau-cover,2004-2014 Ford F-150 6.5 ft Bed Hard Tri-Fold Tonneau Cover,https://cdn.shopify.com/s/files/1/0724/2638/9551/files/LISTING_tc-lth-ws-2_d732a29d-fee5-4957-a73e-46b5c399f0fa.jpg?v=1773339231,ACTIVE
ITEM-014328,tc-lru-2_91611b06-3c5d-4c7f-8d32-fa1ee51b86a8.jpg,2004-2014-ford-f-150-6-5-roll-up-tonneau-cover-mpn-503309,2004-2014 Ford F-150 6.5 ft Bed Roll-Up Tonneau Cover,https://cdn.shopify.com/s/files/1/0724/2638/9551/files/tc-lru-2_91611b06-3c5d-4c7f-8d32-fa1ee51b86a8.jpg?v=1776217625,ACTIVE
ITEM-022412,LISTING_tc-lru-ws-1_636c055e-0a48-4747-a253-a225fbf14229.jpg,04-14-ford-f-150-6-5-roll-up-tonneau-cover-w-led-bed-lights,2004-2014 Ford F-150 6.5 ft Bed Roll-Up Tonneau Cover w/ LED Lights,https://cdn.shopify.com/s/files/1/0724/2638/9551/files/LISTING_tc-lru-ws-1_636c055e-0a48-4747-a253-a225fbf14229.jpg?v=1773339247,ACTIVE
ITEM-027896,tbm-rb-v2-2_e5a7726a-7e3f-482f-bc8e-8468c48781ea.jpg,2004-2014-ford-f-150-lincoln-mark-lt-6-5ft-rubber-bed-mat,2004-2014 Ford F-150 6.5 ft Bed Rubber Bed Mat - AA005-V2,https://cdn.shopify.com/s/files/1/0724/2638/9551/files/tbm-rb-v2-2_e5a7726a-7e3f-482f-bc8e-8468c48781ea.jpg?v=1776217626,ACTIVE
ITEM-028917,LISTING_tc-lth-ws-2_ea6cf979-25a3-40ac-93d4-26664a0322b4.jpg,2004-2014-ford-f-150-6-5ft-tri-fold-tonneau-cover-w-led-bed-lights,2004-2014 Ford F-150 6.5 ft Bed Tri-Fold Tonneau Cover w/ LED Lights,https://cdn.shopify.com/s/files/1/0724/2638/9551/files/LISTING_tc-lth-ws-2_ea6cf979-25a3-40ac-93d4-26664a0322b4.jpg?v=1773339266,ACTIVE
ITEM-025354,tbm-rb-gy-2_57481d5d-1800-48e1-851b-11bfde4b81a1.jpg,2004-2014-ford-f-150-long-bed-8-pvc-bed-mat-black,2004-2014 Ford F-150 8 ft Bed PVC Bed Mat - Black,https://cdn.shopify.com/s/files/1/0724/2638/9551/files/tbm-rb-gy-2_57481d5d-1800-48e1-851b-11bfde4b81a1.jpg?v=1776217628,ACTIVE
ITEM-027905,tbm-rb-v2-2_5440d254-5152-40d8-a35f-73fb1ce2fe36.jpg,2004-2014-ford-f-150-8ft-bed-rubber-mat-lightweight-v2-aa033,2004-2014 Ford F-150 8 ft Bed Rubber Truck Bed Mat - Lightweight V2,https://cdn.shopify.com/s/files/1/0724/2638/9551/files/tbm-rb-v2-2_5440d254-5152-40d8-a35f-73fb1ce2fe36.jpg?v=1776217630,ACTIVE
ITEM-021820,th-arm04-c188-2.jpg,2004-2015-nissan-armada-infiniti-qx56-class-3-trailer-hitch,2004-2015 Nissan Armada Infiniti QX56 Class 3 Trailer Hitch,https://cdn.shopify.com/s/files/1/0724/2638/9551/files/th-arm04-c188-2.jpg?v=1776216344,ACTIVE
ITEM-029720,LISTING_tc-lth-ws-2_cf349b9a-c23f-4cf4-af8c-776b068b8158.jpg,2004-2015-nissan-titan-5-5ft-hard-tri-fold-tonneau-cover,2004-2015 Nissan Titan 5.5 ft Bed Hard Tri-Fold Tonneau Cover,https://cdn.shopify.com/s/files/1/0724/2638/9551/files/LISTING_tc-lth-ws-2_cf349b9a-c23f-4cf4-af8c-776b068b8158.jpg?v=1773342206,ACTIVE
ITEM-014332,tc-lru-2_35aa85dc-6693-4b1c-8a9c-24942ec47298.jpg,2004-2015-nissan-titan-5-5-roll-up-vinyl-tonneau-cover,2004-2015 Nissan Titan 5.5 ft Bed Roll-Up Tonneau Cover,https://cdn.shopify.com/s/files/1/0724/2638/9551/files/tc-lru-2_35aa85dc-6693-4b1c-8a9c-24942ec47298.jpg?v=1776217631,ACTIVE
ITEM-022505,LISTING_tc-lru-ws-1_62238fdf-fa05-4219-a46d-6908da83e148.jpg,04-15-nissan-titan-5-5-roll-up-tonneau-cover-w-led-bed-lights,2004-2015 Nissan Titan 5.5 ft Bed Roll-Up Tonneau Cover w/ LED Lights,https://cdn.shopify.com/s/files/1/0724/2638/9551/files/LISTING_tc-lru-ws-1_62238fdf-fa05-4219-a46d-6908da83e148.jpg?v=1773342181,ACTIVE
ITEM-025188,tc-lru-2_e565eccc-7ba1-4bb8-95dd-4e4be4b23581.jpg,2004-2015-nissan-titan-6-5-bed-roll-up-vinyl-tonneau-cover,2004-2015 Nissan Titan 6.5 ft Bed Roll-Up Tonneau Cover,https://cdn.shopify.com/s/files/1/0724/2638/9551/files/tc-lru-2_e565eccc-7ba1-4bb8-95dd-4e4be4b23581.jpg?v=1776217633,ACTIVE
ITEM-025688,LISTING_tc-lru-ws-1_6b24c444-37f6-47eb-9e86-edcee079ed1e.jpg,2004-2015-nissan-titan-6-5-roll-up-tonneau-cover-w-led-bed-lights,2004-2015 Nissan Titan 6.5 ft Bed Roll-Up Tonneau Cover w/ LED Lights,https://cdn.shopify.com/s/files/1/0724/2638/9551/files/LISTING_tc-lru-ws-1_6b24c444-37f6-47eb-9e86-edcee079ed1e.jpg?v=1773342283,ACTIVE
ITEM-025145,tc-tfs-2_69822aee-1087-4761-9b82-d4e78bb6601a.jpg,2004-2015-nissan-titan-6-5-bed-soft-tri-fold-tonneau-cover,2004-2015 Nissan Titan 6.5 ft Bed Soft Tri-Fold Tonneau Cover,https://cdn.shopify.com/s/files/1/0724/2638/9551/files/tc-tfs-2_69822aee-1087-4761-9b82-d4e78bb6601a.jpg?v=1776217635,ACTIVE
ITEM-025689,LISTING_tc-tfs-ws-1_ce09563a-0b8c-4a8e-98e9-0c3ee21eaf3d.jpg,2004-2015-nissan-titan-6-5-soft-tri-fold-tonneau-cover-w-led-kit,2004-2015 Nissan Titan 6.5 ft Bed Soft Tri-Fold Tonneau Cover Combo,https://cdn.shopify.com/s/files/1/0724/2638/9551/files/LISTING_tc-tfs-ws-1_ce09563a-0b8c-4a8e-98e9-0c3ee21eaf3d.jpg?v=1773342351,ACTIVE
ITEM-029721,LISTING_tc-lth-ws-2_45976cc4-d6f8-43c9-9474-bac058dcd974.jpg,2004-2015-nissan-titan-6-5ft-low-profile-hard-tri-fold-tonneau-cover,2004-2015 Nissan Titan 6.5 ft Bed Tonneau Cover - Hard Tri-Fold,https://cdn.shopify.com/s/files/1/0724/2638/9551/files/LISTING_tc-lth-ws-2_45976cc4-d6f8-43c9-9474-bac058dcd974.jpg?v=1773342310,ACTIVE
ITEM-011234,tc-hss-2_9b3137c1-7068-4ca5-90c1-750c7c8c8bfa.jpg,2004-2015-nissan-titan-6-5-hidden-snap-soft-roll-up-tonneau-cover,2004-2015 Nissan Titan 6.5 ft Bed Tonneau Cover - Hidden Snap,https://cdn.shopify.com/s/files/1/0724/2638/9551/files/tc-hss-2_9b3137c1-7068-4ca5-90c1-750c7c8c8bfa.jpg?v=1776217636,ACTIVE
ITEM-022508,LISTING_tc-hss_2btbl-16w8p-01-ws-1_07c29e04-88fd-4adb-a2cb-b0d788a69c27.jpg,04-15-nissan-titan-6-5-tonneau-cover-led-bed-light-combo,2004-2015 Nissan Titan 6.5 ft Bed Tonneau Cover Combo w/ LED Lights,https://cdn.shopify.com/s/files/1/0724/2638/9551/files/LISTING_tc-hss_2btbl-16w8p-01-ws-1_07c29e04-88fd-4adb-a2cb-b0d788a69c27.jpg?v=1773342249,ACTIVE
ITEM-030207,LISTING_tc-lth-ws-2_29b8e537-5d86-4e30-b9f0-e791c7f10a01.jpg,2004-2015-nissan-titan-6-5-hard-tri-fold-tonneau-cover-w-led,2004-2015 Nissan Titan 6.5 ft Bed Tonneau Cover with LED Lights,https://cdn.shopify.com/s/files/1/0724/2638/9551/files/LISTING_tc-lth-ws-2_29b8e537-5d86-4e30-b9f0-e791c7f10a01.jpg?v=1773342315,ACTIVE
ITEM-024538,bghd-am-mb-2_0dafc470-ccd1-41b5-9798-b65266d8b146.jpg,2004-2015-nissan-titan-armada-bull-guard-mesh-skid-plate-matte-black,2004-2015 Nissan Titan Armada Bull Guard Mesh Skid Plate Matte Black,https://cdn.shopify.com/s/files/1/0724/2638/9551/files/bghd-am-mb-2_0dafc470-ccd1-41b5-9798-b65266d8b146.jpg?v=1776217638,ACTIVE
ITEM-024892,bghd-av-mb-2_81a3fc2e-9d98-45cd-904a-6ff152cde701.jpg,2004-2015-nissan-titan-armada-bull-guard-w-skid-plate-matte-black,2004-2015 Nissan Titan Armada Bull Guard w/ Skid Plate - Matte Black,https://cdn.shopify.com/s/files/1/0724/2638/9551/files/bghd-av-mb-2_81a3fc2e-9d98-45cd-904a-6ff152cde701.jpg?v=1776217640,ACTIVE
ITEM-025263,bghd-am-mb_2bflbw-40cree-lb-wh-2_c50a564c-08e1-4549-af16-56c8b13173c4.jpg,2004-2015-nissan-titan-armada-bull-guard-w-led-light-bar-matte-black,2004-2015 Nissan Titan Armada Bull Guard w/LED Light Bar - Matte Black,https://cdn.shopify.com/s/files/1/0724/2638/9551/files/bghd-am-mb_2bflbw-40cree-lb-wh-2_c50a564c-08e1-4549-af16-56c8b13173c4.jpg?v=1776217641,ACTIVE
ITEM-021816,th-tit04-c199-2.jpg,2004-2015-nissan-titan-class-3-trailer-hitch-black-13199,2004-2015 Nissan Titan Class 3 Trailer Hitch - Black | 13199,https://cdn.shopify.com/s/files/1/0724/2638/9551/files/th-tit04-c199-2.jpg?v=1776216346,ACTIVE
ITEM-022848,th-bmount-l2-2_bf01fab5-34c9-4ca6-835f-00ea5d8ed936.jpg,2004-2015-nissan-titan-class-3-trailer-hitch-w-ball-mount-curt,2004-2015 Nissan Titan Class 3 Trailer Hitch w/ Ball Mount - CURT,https://cdn.shopify.com/s/files/1/0724/2638/9551/files/th-bmount-l2-2_bf01fab5-34c9-4ca6-835f-00ea5d8ed936.jpg?v=1776217643,ACTIVE
ITEM-021391,th-sien05-c105-2.jpg,2004-2020-toyota-sienna-class-3-trailer-hitch-black-13105,2004-2020 Toyota Sienna Class 3 Trailer Hitch - Black | 13105,https://cdn.shopify.com/s/files/1/0724/2638/9551/files/th-sien05-c105-2.jpg?v=1776216348,ACTIVE
ITEM-022840,th-bmount-l2-2_ef5fab04-d673-4eed-84d0-691c1986915f.jpg,2004-2020-toyota-sienna-class-3-trailer-hitch-w-ball-mount-curt,2004-2020 Toyota Sienna Class 3 Trailer Hitch w/ Ball Mount - CURT,https://cdn.shopify.com/s/files/1/0724/2638/9551/files/th-bmount-l2-2_ef5fab04-d673-4eed-84d0-691c1986915f.jpg?v=1776217645,ACTIVE
ITEM-028898,LISTING_tc-lth-ws-2_30260282-951c-426d-82c9-c1ac069e7b85.jpg,2014-2021-toyota-tundra-5-5-bed-tri-fold-tonneau-cover-w-led-lights,2004-2021 Toyota Tundra 5.5 ft Bed Tonneau Cover Combo w/ LED Lights,https://cdn.shopify.com/s/files/1/0724/2638/9551/files/LISTING_tc-lth-ws-2_30260282-951c-426d-82c9-c1ac069e7b85.jpg?v=1773342960,ACTIVE
ITEM-028910,LISTING_tc-lth-ws-2_ca550746-3098-47df-8ff7-f7a24fa0dfea.jpg,2014-toyota-tundra-6-5-bed-low-profile-hard-tri-fold-tonneau-cover-w-led,2004-2021 Toyota Tundra 6.5 ft Bed Tri-Fold Tonneau Cover with LED,https://cdn.shopify.com/s/files/1/0724/2638/9551/files/LISTING_tc-lth-ws-2_ca550746-3098-47df-8ff7-f7a24fa0dfea.jpg?v=1773343059,ACTIVE
ITEM-022209,tbm-rb-gy-2_029feebc-4217-497b-a322-58149207d38f.jpg,2004-2024-nissan-titan-5-7-bed-rubber-truck-bed-mat-grey,2004-2024 Nissan Titan 5.7 ft Bed Rubber Bed Mat - Grey,https://cdn.shopify.com/s/files/1/0724/2638/9551/files/tbm-rb-gy-2_029feebc-4217-497b-a322-58149207d38f.jpg?v=1776217646,ACTIVE
ITEM-027898,tbm-rb-v2-2_5bb31c51-4877-464c-be82-bc6c5befcc31.jpg,2004-2024-nissan-titan-5-7-ft-rubber-truck-bed-mat-aa009-v2,2004-2024 Nissan Titan 5.7 ft Bed Rubber Bed Mat - Lightweight V2,https://cdn.shopify.com/s/files/1/0724/2638/9551/files/tbm-rb-v2-2_5bb31c51-4877-464c-be82-bc6c5befcc31.jpg?v=1776217648,ACTIVE
ITEM-022228,tbm-rb-gy-2_869d3395-6cf5-46ca-b1f2-283023dc582f.jpg,2004-2024-nissan-titan-6-5-bed-rubber-truck-bed-mat-grey,2004-2024 Nissan Titan 6.5 ft Bed Rubber Bed Mat - Grey,https://cdn.shopify.com/s/files/1/0724/2638/9551/files/tbm-rb-gy-2_869d3395-6cf5-46ca-b1f2-283023dc582f.jpg?v=1776217649,ACTIVE
ITEM-027900,tbm-rb-v2-2_8a4657ac-ec49-4cf3-851b-177252867dc8.jpg,2004-2024-nissan-titan-6-5-ft-rubber-bed-mat-lightweight-v2,2004-2024 Nissan Titan 6.5 ft Bed Rubber Bed Mat - V2,https://cdn.shopify.com/s/files/1/0724/2638/9551/files/tbm-rb-v2-2_8a4657ac-ec49-4cf3-851b-177252867dc8.jpg?v=1776217651,ACTIVE
ITEM-014299,sbhd-tit04cc-4-mb-2.jpg,2004-2024-nissan-titan-crew-cab-4-oval-side-step-bars-matte-black,"2004-2024 Nissan Titan Crew Cab 4"" Oval Side Step Bars - Matte Black",https://cdn.shopify.com/s/files/1/0724/2638/9551/files/sbhd-tit04cc-4-mb-2.jpg?v=1776216350,ACTIVE
ITEM-027704,thw-equi05-ee560-2_381ccd1e-c372-4d57-958c-08906e613586.jpg,2005-2006-chevy-equinox-pontiac-torrent-trailer-wiring-harness,2005-2006 Chevrolet Equinox & Pontiac Torrent Trailer Wire Harness - 55560,https://cdn.shopify.com/s/files/1/0724/2638/9551/files/thw-equi05-ee560-2_381ccd1e-c372-4d57-958c-08906e613586.jpg?v=1776217653,ACTIVE
ITEM-028204,thw-equi05-ee560-2.jpg,2005-2006-chevy-equinox-class-3-trailer-hitch-wiring-combo,2005-2006 Chevy Equinox & Pontiac Torrent Trailer Hitch & Wiring Kit,https://cdn.shopify.com/s/files/1/0724/2638/9551/files/thw-equi05-ee560-2.jpg?v=1776216352,ACTIVE
ITEM-029214,fggg-gr-a605-rs-chbk_2bem-audi-s3-2.jpg,2005-2007-audi-a6-rs-style-honeycomb-mesh-front-grille-chrome-black,2005-2007 Audi A6 RS Style Honeycomb Mesh Front Grille - Chrome/Black,https://cdn.shopify.com/s/files/1/0724/2638/9551/files/fggg-gr-a605-rs-chbk_2bem-audi-s3-2.jpg?v=1776216355,ACTIVE
ITEM-000885,fggg-grzt-dak05-me-bk-2.jpg,2005-2007-dodge-dakota-front-grille-matte-black-mesh-style,2005-2007 Dodge Dakota Front Grille - Matte Black Mesh Style,https://cdn.shopify.com/s/files/1/0724/2638/9551/files/fggg-grzt-dak05-me-bk-2.jpg?v=1776216357,ACTIVE
ITEM-000853,fggg-grz-mag05-me-bk-2.jpg,2005-2007-dodge-magnum-front-grille-matte-black-gts-style,2005-2007 Dodge Magnum Front Grille - Matte Black GTS Style,https://cdn.shopify.com/s/files/1/0724/2638/9551/files/fggg-grz-mag05-me-bk-2.jpg?v=1776216360,ACTIVE
ITEM-023101,fg-f25005-rvt-me-bk-2.jpg,2005-2007-ford-f250-f350-black-mesh-grille-w-chrome-rivets,2005-2007 Ford F250 F350 Black Mesh Grille w/ Chrome Rivets,https://cdn.shopify.com/s/files/1/0724/2638/9551/files/fg-f25005-rvt-me-bk-2.jpg?v=1776216362,ACTIVE
ITEM-024956,bghd-av-mb-2_244ae005-dd35-4759-b396-8d1090bc6642.jpg,2005-2007-ford-super-duty-advanced-series-bull-guard-matte-black,2005-2007 Ford Super Duty Advanced Series Bull Guard - Matte Black,https://cdn.shopify.com/s/files/1/0724/2638/9551/files/bghd-av-mb-2_244ae005-dd35-4759-b396-8d1090bc6642.jpg?v=1776217655,ACTIVE
ITEM-024566,bghd-am-mb-2_fe5a606f-1bfe-4762-b43d-b6944e040aa9.jpg,2005-2007-ford-super-duty-bull-guard-w-mesh-skid-plate-matte-black,2005-2007 Ford Super Duty Bull Guard w/ Mesh Skid Plate - Matte Black,https://cdn.shopify.com/s/files/1/0724/2638/9551/files/bghd-am-mb-2_fe5a606f-1bfe-4762-b43d-b6944e040aa9.jpg?v=1776217656,ACTIVE
ITEM-025162,hlnb-tun054p-jdm-2.jpg,2005-2007-toyota-tundra-sequoia-crystal-headlights-black,2005-2007 Toyota Tundra Sequoia Crystal Headlights Black,https://cdn.shopify.com/s/files/1/0724/2638/9551/files/hlnb-tun054p-jdm-2.jpg?v=1776216364,ACTIVE
ITEM-021805,fggg-grz-fron05-vt-mb-2.jpg,2005-2008-nissan-frontier-pathfinder-vertical-front-grille-matte-black,2005-2008 Nissan Frontier Pathfinder Vertical Front Grille Matte Black,https://cdn.shopify.com/s/files/1/0724/2638/9551/files/fggg-grz-fron05-vt-mb-2.jpg?v=1776216366,ACTIVE
ITEM-020917,hlnb-mus05hled-ch-2.jpg,2005-2009-ford-mustang-crystal-headlights-w-led-halo-chrome,2005-2009 Ford Mustang Crystal Headlights w/ LED Halo - Chrome,https://cdn.shopify.com/s/files/1/0724/2638/9551/files/hlnb-mus05hled-ch-2.jpg?v=1776216369,ACTIVE
ITEM-022128,fggg-grz-mus05gt-me-mb-2.jpg,2005-2009-ford-mustang-gt-front-grille-matte-black,2005-2009 Ford Mustang GT Front Grille - Matte Black,https://cdn.shopify.com/s/files/1/0724/2638/9551/files/fggg-grz-mus05gt-me-mb-2.jpg?v=1776216371,ACTIVE
ITEM-000857,fggg-grz-mus05gt-me-bk-2.jpg,2005-2009-ford-mustang-gt-front-grille-matte-black-1,2005-2009 Ford Mustang GT Front Grille - Matte Black,https://cdn.shopify.com/s/files/1/0724/2638/9551/files/fggg-grz-mus05gt-me-bk-2.jpg?v=1776216373,ACTIVE
ITEM-010571,fg-zh-mus05gt-me-bk-2.jpg,2005-2009-ford-mustang-gt-honeycomb-mesh-front-grille-black,2005-2009 Ford Mustang GT Honeycomb Mesh Front Grille - Black,https://cdn.shopify.com/s/files/1/0724/2638/9551/files/fg-zh-mus05gt-me-bk-2.jpg?v=1776216375,ACTIVE
ITEM-000135,fggg-grb-mus05v6lo-h-bk-2.jpg,2005-2009-ford-mustang-v6-pony-package-front-lower-bumper-grille,2005-2009 Ford Mustang V6 Pony Package Front Lower Bumper Grille,https://cdn.shopify.com/s/files/1/0724/2638/9551/files/fggg-grb-mus05v6lo-h-bk-2.jpg?v=1776216378,ACTIVE
ITEM-000801,fggg-gra-disc05-me-gy-2.jpg,2005-2009-land-rover-lr3-discovery-3-front-grille-replacement,2005-2009 Land Rover LR3 Discovery 3 Front Grille - Replacement,https://cdn.shopify.com/s/files/1/0724/2638/9551/files/fggg-gra-disc05-me-gy-2.jpg?v=1776216380,ACTIVE
ITEM-010980,fggg-gra-disc05-me-chbk-2.jpg,2005-2009-land-rover-lr3-honeycomb-mesh-front-grille-chrome-black,2005-2009 Land Rover LR3 Honeycomb Mesh Front Grille Chrome/Black,https://cdn.shopify.com/s/files/1/0724/2638/9551/files/fggg-gra-disc05-me-chbk-2.jpg?v=1776216382,ACTIVE
ITEM-000710,fg-300c05-me-bk-2.jpg,2005-2010-chrysler-300-front-grille-matte-black-replacement,2005-2010 Chrysler 300 Front Grille - Matte Black Replacement,https://cdn.shopify.com/s/files/1/0724/2638/9551/files/fg-300c05-me-bk-2.jpg?v=1776216384,ACTIVE
ITEM-021800,fg-300c05-me-mb-2.jpg,2005-2010-chrysler-300-honeycomb-mesh-front-grille-matte-black,2005-2010 Chrysler 300 Honeycomb Mesh Front Grille - Matte Black,https://cdn.shopify.com/s/files/1/0724/2638/9551/files/fg-300c05-me-mb-2.jpg?v=1776216386,ACTIVE
ITEM-024544,bghd-am-mb-2_02154784-2719-4694-930a-de2af01c0657.jpg,2005-2010-jeep-commander-grand-cherokee-bull-guard-matte-black,2005-2010 Jeep Commander Grand Cherokee Bull Guard Matte Black,https://cdn.shopify.com/s/files/1/0724/2638/9551/files/bghd-am-mb-2_02154784-2719-4694-930a-de2af01c0657.jpg?v=1776217658,ACTIVE
ITEM-021976,th-jgc05-c251-2.jpg,2005-2010-jeep-grand-cherokee-class-3-trailer-hitch-black,2005-2010 Jeep Grand Cherokee Class 3 Trailer Hitch - Black,https://cdn.shopify.com/s/files/1/0724/2638/9551/files/th-jgc05-c251-2.jpg?v=1776216389,ACTIVE
ITEM-022819,th-bmount-l2-2_6da08410-93d7-47e9-89a3-a90417959275.jpg,2005-2010-jeep-grand-cherokee-class-3-trailer-hitch-kit-curt,2005-2010 Jeep Grand Cherokee Class 3 Trailer Hitch Kit - CURT,https://cdn.shopify.com/s/files/1/0724/2638/9551/files/th-bmount-l2-2_6da08410-93d7-47e9-89a3-a90417959275.jpg?v=1776217659,ACTIVE
ITEM-023537,th-g605-b333-2.jpg,2005-2010-pontiac-g6-class-2-trailer-hitch-black-mpn-12333,2005-2010 Pontiac G6 Class 2 Trailer Hitch - Black | MPN 12333,https://cdn.shopify.com/s/files/1/0724/2638/9551/files/th-g605-b333-2.jpg?v=1776216391,ACTIVE
ITEM-024053,th-tc05-a330-2.jpg,2005-2010-scion-tc-class-1-trailer-hitch-black-mpn-11330,2005-2010 Scion tC Class 1 Trailer Hitch - Black | MPN 11330,https://cdn.shopify.com/s/files/1/0724/2638/9551/files/th-tc05-a330-2.jpg?v=1776216393,ACTIVE
ITEM-014862,tc-lru-2_37283fc3-ed61-4f45-952f-08506298bd60.jpg,05-11-dodge-dakota-ram-raider-6-5-roll-up-tonneau-cover,2005-2011 Dodge Dakota 6.5 ft Bed Roll-Up Tonneau Cover - Vinyl,https://cdn.shopify.com/s/files/1/0724/2638/9551/files/tc-lru-2_37283fc3-ed61-4f45-952f-08506298bd60.jpg?v=1776217661,ACTIVE
ITEM-022397,LISTING_tc-lru-ws-1_1baa4eba-5865-42cf-b639-0e5d5fa23461.jpg,05-11-dakota-raider-6-5-roll-up-tonneau-cover-led-bed-lights,2005-2011 Dodge Dakota 6.5 ft Bed Roll-Up Tonneau Cover - Vinyl with LED Bed Lights,https://cdn.shopify.com/s/files/1/0724/2638/9551/files/LISTING_tc-lru-ws-1_1baa4eba-5865-42cf-b639-0e5d5fa23461.jpg?v=1773338860,ACTIVE
ITEM-011223,tc-hss-2_faed2abc-b821-4889-9244-31c4aa8b6fda.jpg,05-11-dakota-raider-6-5-bed-hidden-snap-tonneau-cover-403327,2005-2011 Dodge Dakota 6.5 ft Bed Tonneau Cover - Hidden Snap,https://cdn.shopify.com/s/files/1/0724/2638/9551/files/tc-hss-2_faed2abc-b821-4889-9244-31c4aa8b6fda.jpg?v=1776217662,ACTIVE
ITEM-029724,LISTING_tc-lth-ws-2_c9548697-6f44-4b59-a011-e6b9fe83f3ee.jpg,2005-2011-dodge-dakota-6-5-ft-hard-tri-fold-tonneau-cover,2005-2011 Dodge Dakota 6.5 ft Bed Tonneau Cover - Low Profile Hard Tri-Fold,https://cdn.shopify.com/s/files/1/0724/2638/9551/files/LISTING_tc-lth-ws-2_c9548697-6f44-4b59-a011-e6b9fe83f3ee.jpg?v=1773338858,ACTIVE
ITEM-030193,LISTING_tc-lth-ws-2_1347d2c6-fc6f-4d81-b952-e3a9110707aa.jpg,2005-2011-dodge-dakota-6-5ft-tri-fold-tonneau-cover-w-led-lights,2005-2011 Dodge Dakota 6.5 ft Bed Tonneau Cover - Low Profile Hard Tri-Fold with LED Lights,https://cdn.shopify.com/s/files/1/0724/2638/9551/files/LISTING_tc-lth-ws-2_1347d2c6-fc6f-4d81-b952-e3a9110707aa.jpg?v=1773338892,ACTIVE
ITEM-022396,LISTING_tc-hss_2btbl-16w8p-01-ws-1_a44d5164-9298-4985-9edf-ad64f76790ac.jpg,05-11-dakota-raider-6-5-tonneau-cover-led-bed-light-kit,2005-2011 Dodge Dakota 6.5 ft Bed Tonneau Cover w/ LED Lights,https://cdn.shopify.com/s/files/1/0724/2638/9551/files/LISTING_tc-hss_2btbl-16w8p-01-ws-1_a44d5164-9298-4985-9edf-ad64f76790ac.jpg?v=1773338824,ACTIVE
ITEM-019101,bg_2b40cree-2_31aeb912-f72b-47ee-9c94-ece860092513.jpg,05-11-dodge-dakota-bull-bar-w-21-5-120w-led-light-bar,"2005-2011 Dodge Dakota Bull Bar + 21.5"" LED Light Bar - Black",https://cdn.shopify.com/s/files/1/0724/2638/9551/files/bg_2b40cree-2_31aeb912-f72b-47ee-9c94-ece860092513.jpg?v=1776217664,ACTIVE
ITEM-025245,bghd-am-mb_2bflbw-40cree-lb-wh-2_09556102-e094-4bbe-a354-04e23eafb69d.jpg,2005-2011-dodge-dakota-bull-guard-w-led-light-bar-matte-black,2005-2011 Dodge Dakota Bull Bar Mesh Skid Plate Matte Black - Combo,https://cdn.shopify.com/s/files/1/0724/2638/9551/files/bghd-am-mb_2bflbw-40cree-lb-wh-2_09556102-e094-4bbe-a354-04e23eafb69d.jpg?v=1776217666,ACTIVE
ITEM-024946,bghd-av-mbba-2.jpg,2005-2011-dodge-dakota-advanced-series-bull-guard-matte-black,2005-2011 Dodge Dakota Bull Guard Skid Plate Matte Black - Advanced,https://cdn.shopify.com/s/files/1/0724/2638/9551/files/bghd-av-mbba-2.jpg?v=1776216396,ACTIVE
ITEM-024571,bghd-am-mb-2_0f432e78-9d22-4f70-ae94-00f5c8a1eeb9.jpg,2005-2011-dodge-dakota-bull-guard-w-mesh-skid-plate-matte-black,2005-2011 Dodge Dakota Bull Guard w/Mesh Skid Plate - Matte Black,https://cdn.shopify.com/s/files/1/0724/2638/9551/files/bghd-am-mb-2_0f432e78-9d22-4f70-ae94-00f5c8a1eeb9.jpg?v=1776217667,ACTIVE
ITEM-009941,bghd-bk-2.jpg,05-11-dodge-dakota-ram-mitsubishi-raider-front-bull-bar-black,2005-2011 Dodge Dakota Mitsubishi Raider Bull Bar Guard - Black,https://cdn.shopify.com/s/files/1/0724/2638/9551/files/bghd-bk-2.jpg?v=1776216398,ACTIVE
ITEM-026714,bghd-al-mb-2_42906d14-104a-4fff-8b44-acf84919ae76.jpg,05-11-dodge-dakota-ram-mitsubishi-raider-bull-guard-matte-black,2005-2011 Dodge Dakota Mitsubishi Raider Bull Guard LED - BGHD,https://cdn.shopify.com/s/files/1/0724/2638/9551/files/bghd-al-mb-2_42906d14-104a-4fff-8b44-acf84919ae76.jpg?v=1776217669,ACTIVE
ITEM-020910,hlnb-taco05-cha-2.jpg,2005-2011-toyota-tacoma-crystal-headlights-chrome-w-amber,2005-2011 Toyota Tacoma Crystal Headlights Chrome w/Amber,https://cdn.shopify.com/s/files/1/0724/2638/9551/files/hlnb-taco05-cha-2.jpg?v=1776216400,ACTIVE
ITEM-028729,fmr-3p-hb-2_3c6a3502-2e31-43a5-a345-b3341faf0fd8.jpg,05-11-toyota-tacoma-double-cab-hex-rubber-floor-mats-3pc-black,2005-2011 Toyota Tacoma Double Cab Rubber Floor Mats 3PC - Black,https://cdn.shopify.com/s/files/1/0724/2638/9551/files/fmr-3p-hb-2_3c6a3502-2e31-43a5-a345-b3341faf0fd8.jpg?v=1776217670,ACTIVE
ITEM-001233,fggg-grz-taco05-h-ch-2.jpg,2005-2011-toyota-tacoma-front-grille-chrome-finish,2005-2011 Toyota Tacoma Front Grille - Chrome Finish,https://cdn.shopify.com/s/files/1/0724/2638/9551/files/fggg-grz-taco05-h-ch-2.jpg?v=1776216402,ACTIVE
ITEM-001182,fggg-grzq-taco05-me-ch-2.jpg,2005-2011-toyota-tacoma-front-grille-chrome-mesh-style,2005-2011 Toyota Tacoma Front Grille - Chrome Mesh Style,https://cdn.shopify.com/s/files/1/0724/2638/9551/files/fggg-grzq-taco05-me-ch-2.jpg?v=1776216404,ACTIVE
ITEM-009394,fggg-grzq-taco05-me-bk-2.jpg,2005-2011-toyota-tacoma-front-grille-matte-black,2005-2011 Toyota Tacoma Front Grille - Matte Black,https://cdn.shopify.com/s/files/1/0724/2638/9551/files/fggg-grzq-taco05-me-bk-2.jpg?v=1776216407,ACTIVE
ITEM-001231,fggg-grz-taco05-h-bk-2.jpg,2005-2011-toyota-tacoma-front-grille-matte-black-mesh-style,2005-2011 Toyota Tacoma Front Grille - Matte Black Mesh Style,https://cdn.shopify.com/s/files/1/0724/2638/9551/files/fggg-grz-taco05-h-bk-2.jpg?v=1776216409,ACTIVE
ITEM-021833,fggg-grzq-taco05-me-mb-2.jpg,2005-2011-toyota-tacoma-honeycomb-mesh-front-grille-matte-black,2005-2011 Toyota Tacoma Honeycomb Mesh Front Grille - Matte Black,https://cdn.shopify.com/s/files/1/0724/2638/9551/files/fggg-grzq-taco05-me-mb-2.jpg?v=1776216411,ACTIVE
ITEM-021806,fggg-grz-taco05-h-mb-2.jpg,2005-2011-toyota-tacoma-horizontal-front-grille-matte-black,2005-2011 Toyota Tacoma Horizontal Front Grille - Matte Black,https://cdn.shopify.com/s/files/1/0724/2638/9551/files/fggg-grz-taco05-h-mb-2.jpg?v=1776216413,ACTIVE
ITEM-027414,fg-taco05-rvt-me-mb-2.jpg,2005-2011-toyota-tacoma-studded-mesh-rivet-style-front-grille-matte-black,2005-2011 Toyota Tacoma Studded Mesh Rivet Style Front Grille - Matte Black,https://cdn.shopify.com/s/files/1/0724/2638/9551/files/fg-taco05-rvt-me-mb-2.jpg?v=1776216415,ACTIVE
ITEM-022593,th-escp05-c650-2.jpg,class-3-trailer-hitch-for-ford-escape-mazda-tribute-mercury-mariner,2005-2012 Ford Escape Class 3 Trailer Hitch - Black - 13650,https://cdn.shopify.com/s/files/1/0724/2638/9551/files/th-escp05-c650-2.jpg?v=1776216418,ACTIVE
ITEM-022953,th-bmount-l2-2_8ca55f5b-6ee2-48d8-bd11-854f6ce9cdf8.jpg,2005-2015-nissan-xterra-class-3-trailer-hitch-ball-mount-kit,2005-2015 Nissan Xterra Class 3 Trailer Hitch & Ball Mount Kit,https://cdn.shopify.com/s/files/1/0724/2638/9551/files/th-bmount-l2-2_8ca55f5b-6ee2-48d8-bd11-854f6ce9cdf8.jpg?v=1776217672,ACTIVE
ITEM-022594,th-xte05-c514-2_43819e3b-bcf9-4bdf-9b9b-4efd5400f8d3.jpg,2005-2015-nissan-xterra-class-3-trailer-hitch-black-13514,2005-2015 Nissan Xterra Class 3 Trailer Hitch - Black | 13514,https://cdn.shopify.com/s/files/1/0724/2638/9551/files/th-xte05-c514-2_43819e3b-bcf9-4bdf-9b9b-4efd5400f8d3.jpg?v=1776217674,ACTIVE
ITEM-014336,tc-lru-2_d3625318-2e2b-4955-936e-09f2c7dfccb3.jpg,2005-2015-toyota-tacoma-5-bed-roll-up-tonneau-cover-503322,2005-2015 Toyota Tacoma 5 ft Bed Roll-Up Tonneau Cover,https://cdn.shopify.com/s/files/1/0724/2638/9551/files/tc-lru-2_d3625318-2e2b-4955-936e-09f2c7dfccb3.jpg?v=1776217675,ACTIVE
ITEM-022494,LISTING_tc-lru-ws-1_d9cf8e48-75c4-4a1e-a70a-09874a4da396.jpg,05-15-toyota-tacoma-5-bed-tonneau-cover-led-light-kit-combo,2005-2015 Toyota Tacoma 5 ft Bed Roll-Up Tonneau Cover Combo w/ LED,https://cdn.shopify.com/s/files/1/0724/2638/9551/files/LISTING_tc-lru-ws-1_d9cf8e48-75c4-4a1e-a70a-09874a4da396.jpg?v=1773341829,ACTIVE
ITEM-014317,tc-tfs-2_28ef5f83-1c64-442e-b283-3a306433c638.jpg,2005-2015-toyota-tacoma-6-bed-tri-fold-tonneau-cover-303345,2005-2015 Toyota Tacoma 6 ft Bed Tri-Fold Tonneau Cover,https://cdn.shopify.com/s/files/1/0724/2638/9551/files/tc-tfs-2_28ef5f83-1c64-442e-b283-3a306433c638.jpg?v=1776217677,ACTIVE
ITEM-022499,LISTING_tc-tfs-ws-1_b299179d-824a-46ec-a1f9-d3de80143115.jpg,2005-2015-toyota-tacoma-6-tri-fold-tonneau-cover-led-bed-lights,2005-2015 Toyota Tacoma 6 ft Bed Tri-Fold Tonneau Cover w/ LED Lights,https://cdn.shopify.com/s/files/1/0724/2638/9551/files/LISTING_tc-tfs-ws-1_b299179d-824a-46ec-a1f9-d3de80143115.jpg?v=1773341859,ACTIVE
ITEM-024890,bghd-av-mb-2_1eb1f30c-4b93-40a0-932a-69dffc058f2b.jpg,2005-2015-toyota-tacoma-advanced-series-bull-guard-w-skid-plate,2005-2015 Toyota Tacoma Advanced Series Bull Guard w/ Skid Plate,https://cdn.shopify.com/s/files/1/0724/2638/9551/files/bghd-av-mb-2_1eb1f30c-4b93-40a0-932a-69dffc058f2b.jpg?v=1776217678,ACTIVE
ITEM-026448,bghd-al-mb-2_e01b0e8a-22bb-4537-91e4-c640373b3a20.jpg,2005-2015-toyota-tacoma-advanced-series-bull-guard-w-led-bar,2005-2015 Toyota Tacoma Advanced Series Bull Guard w/LED Bar,https://cdn.shopify.com/s/files/1/0724/2638/9551/files/bghd-al-mb-2_e01b0e8a-22bb-4537-91e4-c640373b3a20.jpg?v=1776217680,ACTIVE
ITEM-025262,bghd-am-mb_2bflbw-40cree-lb-wh-2_1d4029cc-a6a5-4fff-b368-693f3dbab389.jpg,2005-2015-toyota-tacoma-bull-guard-w-led-light-bar-matte-black,2005-2015 Toyota Tacoma Bull Guard w/ LED Light Bar - Matte Black,https://cdn.shopify.com/s/files/1/0724/2638/9551/files/bghd-am-mb_2bflbw-40cree-lb-wh-2_1d4029cc-a6a5-4fff-b368-693f3dbab389.jpg?v=1776217681,ACTIVE
ITEM-024534,bghd-am-mb-2_5de7a02c-c1e2-4f16-9624-0cd408bceb7c.jpg,2005-2015-toyota-tacoma-bull-guard-w-mesh-skid-plate-matte-black,2005-2015 Toyota Tacoma Bull Guard w/ Mesh Skid Plate - Matte Black,https://cdn.shopify.com/s/files/1/0724/2638/9551/files/bghd-am-mb-2_5de7a02c-c1e2-4f16-9624-0cd408bceb7c.jpg?v=1776217683,ACTIVE
ITEM-014333,tc-lru-2_d644e390-3b64-4124-bcf6-a1868d48db22.jpg,05-21-nissan-frontier-5-bed-roll-up-tonneau-cover-503340,2005-2021 Nissan Frontier 5 ft Bed Roll-Up Tonneau Cover,https://cdn.shopify.com/s/files/1/0724/2638/9551/files/tc-lru-2_d644e390-3b64-4124-bcf6-a1868d48db22.jpg?v=1776217685,ACTIVE
ITEM-027890,tbm-rb-v2-2_197b6455-ee6f-480b-ae26-3c8d819239d7.jpg,2005-2021-nissan-frontier-5ft-bed-rubber-mat-lightweight-v2,2005-2021 Nissan Frontier 5 ft Bed Rubber Bed Mat - AA012-V2,https://cdn.shopify.com/s/files/1/0724/2638/9551/files/tbm-rb-v2-2_197b6455-ee6f-480b-ae26-3c8d819239d7.jpg?v=1776217686,ACTIVE
ITEM-022210,tbm-rb-gy-2_af86832f-252d-44cf-9402-c7b84e3bd115.jpg,2005-2021-nissan-frontier-rubber-truck-bed-mat-grey-5ft-bed,2005-2021 Nissan Frontier 5 ft Bed Rubber Bed Mat - Grey,https://cdn.shopify.com/s/files/1/0724/2638/9551/files/tbm-rb-gy-2_af86832f-252d-44cf-9402-c7b84e3bd115.jpg?v=1776217688,ACTIVE
ITEM-011235,tc-hss-2_ab96256c-30ed-4ec1-b5af-22733d0bec74.jpg,05-21-nissan-frontier-5-bed-hidden-snap-roll-up-tonneau-cover,2005-2021 Nissan Frontier 5 ft Bed Soft Roll-Up Tonneau Cover,https://cdn.shopify.com/s/files/1/0724/2638/9551/files/tc-hss-2_ab96256c-30ed-4ec1-b5af-22733d0bec74.jpg?v=1776217690,ACTIVE
ITEM-028034,LISTING_tc-lth-ws-2_6ad80f9b-bbc1-4569-981c-0774492b9221.jpg,2005-nissan-frontier-5ft-bed-hard-tri-fold-tonneau-cover-243340,2005-2021 Nissan Frontier 5 ft Bed Tonneau Cover - Hard Tri-Fold,https://cdn.shopify.com/s/files/1/0724/2638/9551/files/LISTING_tc-lth-ws-2_6ad80f9b-bbc1-4569-981c-0774492b9221.jpg?v=1773339837,ACTIVE
ITEM-028913,LISTING_tc-lth-ws-2_1bcfa72f-3c70-4ad1-a7ae-1c7b22a14f2f.jpg,2005-2021-nissan-frontier-5ft-bed-tri-fold-tonneau-cover-led-kit,2005-2021 Nissan Frontier 5 ft Bed Tri-Fold Tonneau Cover w/ LED,https://cdn.shopify.com/s/files/1/0724/2638/9551/files/LISTING_tc-lth-ws-2_1bcfa72f-3c70-4ad1-a7ae-1c7b22a14f2f.jpg?v=1773339868,ACTIVE
ITEM-029728,LISTING_tc-lth-ws-2_0ca28e1d-9581-4039-b411-96a41c8973e1.jpg,2005-2021-nissan-frontier-6ft-bed-hard-tri-fold-tonneau-cover,2005-2021 Nissan Frontier 6 ft Bed Hard Tri-Fold Tonneau Cover,https://cdn.shopify.com/s/files/1/0724/2638/9551/files/LISTING_tc-lth-ws-2_0ca28e1d-9581-4039-b411-96a41c8973e1.jpg?v=1773339942,ACTIVE
ITEM-014334,tc-lru-2_fa7ad7b6-559c-40fa-9e89-dae648cc31e6.jpg,05-21-nissan-frontier-6-bed-roll-up-vinyl-tonneau-cover-503341,2005-2021 Nissan Frontier 6 ft Bed Roll-Up Tonneau Cover,https://cdn.shopify.com/s/files/1/0724/2638/9551/files/tc-lru-2_fa7ad7b6-559c-40fa-9e89-dae648cc31e6.jpg?v=1776217691,ACTIVE
ITEM-027891,tbm-rb-v2-2_3e0a4d58-0adf-4fca-bf5a-804df180ab09.jpg,2005-2021-nissan-frontier-6ft-bed-rubber-mat-lightweight-v2,2005-2021 Nissan Frontier 6 ft Bed Rubber Bed Mat - AA017-V2,https://cdn.shopify.com/s/files/1/0724/2638/9551/files/tbm-rb-v2-2_3e0a4d58-0adf-4fca-bf5a-804df180ab09.jpg?v=1776217693,ACTIVE
ITEM-022218,tbm-rb-gy-2_9353ff3a-3ea5-453c-977a-c623c247239e.jpg,2005-2021-nissan-frontier-6-bed-rubber-truck-bed-mat-grey,2005-2021 Nissan Frontier 6 ft Bed Rubber Truck Bed Mat - Grey,https://cdn.shopify.com/s/files/1/0724/2638/9551/files/tbm-rb-gy-2_9353ff3a-3ea5-453c-977a-c623c247239e.jpg?v=1776217694,ACTIVE
ITEM-011236,tc-hss-2_b220c91c-0cae-4dfa-a7bc-095aec70232f.jpg,05-21-nissan-frontier-6-bed-hidden-snap-roll-up-tonneau-cover,2005-2021 Nissan Frontier 6 ft Bed Soft Roll-Up Tonneau Cover,https://cdn.shopify.com/s/files/1/0724/2638/9551/files/tc-hss-2_b220c91c-0cae-4dfa-a7bc-095aec70232f.jpg?v=1776217696,ACTIVE
ITEM-020771,rbwb-vp-2.jpg,2005-2021-nissan-frontier-crew-cab-viewpoint-running-boards-chrome,2005-2021 Nissan Frontier Crew Cab Running Boards - Viewpoint Chrome,https://cdn.shopify.com/s/files/1/0724/2638/9551/files/rbwb-vp-2.jpg?v=1776216420,ACTIVE
ITEM-027392,bghd-am-tb-2_a4d98204-dd15-4579-a5e4-e5474094f53e.jpg,2005-2021-nissan-frontier-studded-mesh-bull-guard-texture-black,2005-2021 Nissan Frontier Studded Mesh Bull Guard - Texture Black,https://cdn.shopify.com/s/files/1/0724/2638/9551/files/bghd-am-tb-2_a4d98204-dd15-4579-a5e4-e5474094f53e.jpg?v=1776217698,ACTIVE
ITEM-027876,tbm-rb-v2-2_92727e8e-d710-4564-984b-2dd2c9346137.jpg,2005-2022-toyota-tacoma-5ft-bed-rubber-mat-lightweight-v2,2005-2022 Toyota Tacoma 5 ft Bed Rubber Bed Mat - Lightweight V2,https://cdn.shopify.com/s/files/1/0724/2638/9551/files/tbm-rb-v2-2_92727e8e-d710-4564-984b-2dd2c9346137.jpg?v=1776217699,ACTIVE
ITEM-022213,tbm-rb-gy-2_317985aa-f7ba-4029-81ca-54e843f23898.jpg,2005-2022-toyota-tacoma-5-bed-rubber-truck-bed-mat-grey,2005-2022 Toyota Tacoma 5 ft Bed Rubber Truck Bed Mat - Grey,https://cdn.shopify.com/s/files/1/0724/2638/9551/files/tbm-rb-gy-2_317985aa-f7ba-4029-81ca-54e843f23898.jpg?v=1776217701,ACTIVE
ITEM-027878,tbm-rb-v2-2_99d7b257-0875-4560-b6b8-db09952f2f63.jpg,2005-2022-toyota-tacoma-6ft-bed-rubber-mat-lightweight-v2,2005-2022 Toyota Tacoma 6 ft Bed Rubber Bed Mat - AA013-V2,https://cdn.shopify.com/s/files/1/0724/2638/9551/files/tbm-rb-v2-2_99d7b257-0875-4560-b6b8-db09952f2f63.jpg?v=1776217703,ACTIVE
ITEM-022212,tbm-rb-gy-2_e4e83666-d1a6-4c72-9113-e9c3b96510fb.jpg,2005-2022-toyota-tacoma-6-bed-rubber-truck-bed-mat-grey,2005-2022 Toyota Tacoma 6 ft Bed Rubber Bed Mat - Grey,https://cdn.shopify.com/s/files/1/0724/2638/9551/files/tbm-rb-gy-2_e4e83666-d1a6-4c72-9113-e9c3b96510fb.jpg?v=1776217704,ACTIVE
ITEM-026950,rbjz-ti-mb-uni-stl-2.jpg,2005-2022-toyota-tacoma-5-aluminum-running-boards-matte-black,"2005-2022 Toyota Tacoma Access Cab 5"" Running Boards - RBJZ",https://cdn.shopify.com/s/files/1/0724/2638/9551/files/rbjz-ti-mb-uni-stl-2.jpg?v=1776216422,ACTIVE
ITEM-026951,rbjz-oe-sl-uni-stl-2.jpg,2005-2022-toyota-tacoma-6-oe-style-running-boards-polished,"2005-2022 Toyota Tacoma Access Cab 6"" Running Boards - Polish",https://cdn.shopify.com/s/files/1/0724/2638/9551/files/rbjz-oe-sl-uni-stl-2.jpg?v=1776216424,ACTIVE
ITEM-027044,rbjz-oe-mb-uni-stl-2_3dce39a2-f361-4975-8652-bebbbc4af620.jpg,2005-2022-toyota-tacoma-access-cab-oe-style-running-boards-matte-black,2005-2022 Toyota Tacoma Access Cab OE Style Running Boards - RBJZ,https://cdn.shopify.com/s/files/1/0724/2638/9551/files/rbjz-oe-mb-uni-stl-2_3dce39a2-f361-4975-8652-bebbbc4af620.jpg?v=1776217706,ACTIVE
ITEM-026953,rbjz-oe-mb-uni-stl-2_420bf0cf-2a4d-4ece-ae53-05112fe23546.jpg,2005-2022-toyota-tacoma-oe-style-running-boards-matte-black,2005-2022 Toyota Tacoma Crew Cab OE Style Running Boards - RBJZ,https://cdn.shopify.com/s/files/1/0724/2638/9551/files/rbjz-oe-mb-uni-stl-2_420bf0cf-2a4d-4ece-ae53-05112fe23546.jpg?v=1776217708,ACTIVE
ITEM-026954,rbjz-oe-sl-uni-stl-2_c147b089-3393-4fab-8f39-041a79dad701.jpg,2005-2022-toyota-tacoma-oe-style-aluminum-running-boards-silver,2005-2022 Toyota Tacoma Crew Cab OE Style Running Boards - Silver,https://cdn.shopify.com/s/files/1/0724/2638/9551/files/rbjz-oe-sl-uni-stl-2_c147b089-3393-4fab-8f39-041a79dad701.jpg?v=1776217709,ACTIVE
ITEM-026952,rbjz-ti-mb-uni-stl-2_91077228-5685-46d9-87ae-a2b4a93d4644.jpg,2005-2022-toyota-tacoma-86-aluminum-running-boards-matte-black,2005-2022 Toyota Tacoma Crew Cab Running Boards - RBJZ,https://cdn.shopify.com/s/files/1/0724/2638/9551/files/rbjz-ti-mb-uni-stl-2_91077228-5685-46d9-87ae-a2b4a93d4644.jpg?v=1776217711,ACTIVE
ITEM-026236,LISTING_sbms-taco05dc-mb-ws-1a.jpg,2005-2018-toyota-tacoma-double-cab-modular-step-bars-matte-black,2005-2023 Toyota Tacoma Double Cab Modular Side Steps - Matte Black,https://cdn.shopify.com/s/files/1/0724/2638/9551/files/LISTING_sbms-taco05dc-mb-ws-1a.jpg?v=1773336277,ACTIVE
ITEM-021575,th-fron05-c241-2.jpg,2005-2026-nissan-frontier-class-3-trailer-hitch-13241,2005-2026 Nissan Frontier Class 3 Trailer Hitch - 13241,https://cdn.shopify.com/s/files/1/0724/2638/9551/files/th-fron05-c241-2.jpg?v=1776216426,ACTIVE
ITEM-029205,fggg-gr-a405-rs-mb_2bem-a05-mb-s2-2.jpg,2006-2008-audi-a4-rs-style-front-grille-w-emblem-matte-black,2006-2008 Audi A4 RS Style Front Grille w/ Emblem - Matte Black,https://cdn.shopify.com/s/files/1/0724/2638/9551/files/fggg-gr-a405-rs-mb_2bem-a05-mb-s2-2.jpg?v=1776216429,ACTIVE
ITEM-027299,bghd-al-tb-2_9d4d7331-1e41-4a37-92b5-db87040569ad.jpg,2006-2008-dodge-ram-1500-advanced-bull-guard-w-led-light-bar,2006-2008 Dodge Ram 1500 Advanced Bull Guard w/ LED Light Bar,https://cdn.shopify.com/s/files/1/0724/2638/9551/files/bghd-al-tb-2_9d4d7331-1e41-4a37-92b5-db87040569ad.jpg?v=1776217712,ACTIVE
ITEM-024878,bghd-av-mb-2_e5e91939-2c46-44ce-bfc8-5d6af46b830f.jpg,2006-2008-dodge-ram-1500-advanced-bull-guard-w-skid-plate-matte-black,2006-2008 Dodge Ram 1500 Advanced Bull Guard w/ Skid Plate - Matte Black,https://cdn.shopify.com/s/files/1/0724/2638/9551/files/bghd-av-mb-2_e5e91939-2c46-44ce-bfc8-5d6af46b830f.jpg?v=1776217714,ACTIVE
ITEM-027297,bghd-av-tb-2_9cdd5f10-6048-43d8-843b-b8ebb455f2d5.jpg,2006-2008-dodge-ram-1500-advanced-series-bull-guard-texture-black,2006-2008 Dodge Ram 1500 Advanced Series Bull Guard - Texture Black,https://cdn.shopify.com/s/files/1/0724/2638/9551/files/bghd-av-tb-2_9cdd5f10-6048-43d8-843b-b8ebb455f2d5.jpg?v=1776217716,ACTIVE
ITEM-024879,bghd-av-mbba-2_57e201de-6e78-4b7e-9675-15ef0b92d4ff.jpg,2006-2008-dodge-ram-1500-bull-guard-w-chrome-skid-plate-matte-black,2006-2008 Dodge Ram 1500 Bull Guard w/ Chrome Skid Plate - Matte Black,https://cdn.shopify.com/s/files/1/0724/2638/9551/files/bghd-av-mbba-2_57e201de-6e78-4b7e-9675-15ef0b92d4ff.jpg?v=1776217717,ACTIVE
ITEM-024543,bghd-am-mb-2_98c71ffa-928d-4f7f-abf5-4a26d4f19ded.jpg,2006-2008-dodge-ram-1500-bull-guard-w-mesh-skid-plate-matte-black,2006-2008 Dodge Ram 1500 Bull Guard w/ Mesh Skid Plate - Matte Black,https://cdn.shopify.com/s/files/1/0724/2638/9551/files/bghd-am-mb-2_98c71ffa-928d-4f7f-abf5-4a26d4f19ded.jpg?v=1776217719,ACTIVE
ITEM-027298,bghd-am-tb-2_50c466ee-0c78-45af-9d2f-f67157602180.jpg,2006-2008-dodge-ram-1500-studded-mesh-bull-guard-texture-black,2006-2008 Dodge Ram 1500 Studded Mesh Bull Guard - Texture Black,https://cdn.shopify.com/s/files/1/0724/2638/9551/files/bghd-am-tb-2_50c466ee-0c78-45af-9d2f-f67157602180.jpg?v=1776217720,ACTIVE
ITEM-010336,fg-civ062d-abs-ch-2.jpg,2006-2008-honda-civic-coupe-front-grille-chrome-trim,2006-2008 Honda Civic Coupe Front Grille - Chrome Trim,https://cdn.shopify.com/s/files/1/0724/2638/9551/files/fg-civ062d-abs-ch-2.jpg?v=1776216431,ACTIVE
ITEM-029194,fggg-grzf-is06-me-bk_2bem-is06-bk-2.jpg,2006-2008-lexus-is250-is350-front-grille-emblem-matte-black,2006-2008 Lexus IS250 IS350 Front Grille Emblem - Matte Black,https://cdn.shopify.com/s/files/1/0724/2638/9551/files/fggg-grzf-is06-me-bk_2bem-is06-bk-2.jpg?v=1776216433,ACTIVE
ITEM-029196,fggg-grzf-is06-me-mb_2bem-is06-mb-2.jpg,2006-2008-lexus-is250-is350-mesh-front-grille-emblem-matte-black,2006-2008 Lexus IS250 IS350 Mesh Front Grille & Emblem - Matte Black,https://cdn.shopify.com/s/files/1/0724/2638/9551/files/fggg-grzf-is06-me-mb_2bem-is06-mb-2.jpg?v=1776216435,ACTIVE
ITEM-022205,tbm-rb-gy-2_2a4830c1-16a8-4d67-8b0d-8183de447ca6.jpg,2006-2008-lincoln-mark-lt-5-5-bed-rubber-truck-bed-mat-grey,2006-2008 Lincoln Mark LT 5.5 ft Bed Rubber Bed Mat - Grey,https://cdn.shopify.com/s/files/1/0724/2638/9551/files/tbm-rb-gy-2_2a4830c1-16a8-4d67-8b0d-8183de447ca6.jpg?v=1776217722,ACTIVE
ITEM-022409,LISTING_tc-tfs-ws-1_eaeecc99-7350-471d-90ae-a9517a9d8feb.jpg,06-08-lincoln-mark-lt-5-5-tri-fold-tonneau-cover-w-led-bed-lights,2006-2008 Lincoln Mark LT 5.5 ft Bed Tri-Fold Tonneau Cover Combo,https://cdn.shopify.com/s/files/1/0724/2638/9551/files/LISTING_tc-tfs-ws-1_eaeecc99-7350-471d-90ae-a9517a9d8feb.jpg?v=1773339196,ACTIVE
ITEM-022206,tbm-rb-gy-2_07f5b6bf-4a0c-402b-b30a-4a675eb0bf8a.jpg,2006-2008-lincoln-mark-lt-6-5-bed-rubber-truck-bed-mat-grey,2006-2008 Lincoln Mark LT 6.5 ft Bed Rubber Bed Mat - Grey,https://cdn.shopify.com/s/files/1/0724/2638/9551/files/tbm-rb-gy-2_07f5b6bf-4a0c-402b-b30a-4a675eb0bf8a.jpg?v=1776217723,ACTIVE
ITEM-022414,LISTING_tc-tfs-ws-1_8571f10f-7fb3-4817-a933-6bee3e015c80.jpg,2006-2008-lincoln-mark-lt-6-5-tri-fold-tonneau-cover-led-light-kit,2006-2008 Lincoln Mark LT 6.5 ft Bed Tri-Fold Tonneau Cover Combo,https://cdn.shopify.com/s/files/1/0724/2638/9551/files/LISTING_tc-tfs-ws-1_8571f10f-7fb3-4817-a933-6bee3e015c80.jpg?v=1773339281,ACTIVE
ITEM-000882,fggg-grzt-blaz06lt-me-ch-2.jpg,2006-2009-chevy-trailblazer-lt-front-grille-chrome-mesh,2006-2009 Chevrolet Trailblazer LT 4-Door Front Grille - Chrome Mesh,https://cdn.shopify.com/s/files/1/0724/2638/9551/files/fggg-grzt-blaz06lt-me-ch-2.jpg?v=1776216437,ACTIVE
ITEM-000881,fggg-grzt-blaz06lt-me-bk-2.jpg,06-09-chevy-trailblazer-lt-front-grille-matte-black,2006-2009 Chevrolet Trailblazer LT 4-Door Front Grille - Matte Black,https://cdn.shopify.com/s/files/1/0724/2638/9551/files/fggg-grzt-blaz06lt-me-bk-2.jpg?v=1776216440,ACTIVE
ITEM-000921,fggg-grzv-ram06-vt-ch-2.jpg,2006-2009-dodge-ram-1500-2500-3500-front-grille-chrome,2006-2009 Dodge Ram 1500 2500 3500 Front Grille - Chrome,https://cdn.shopify.com/s/files/1/0724/2638/9551/files/fggg-grzv-ram06-vt-ch-2.jpg?v=1776216442,ACTIVE
ITEM-000920,fggg-grzv-ram06-vt-bk-2.jpg,2006-2009-dodge-ram-1500-2500-3500-front-grille-matte-black,2006-2009 Dodge Ram 1500 2500 3500 Front Grille - Matte Black,https://cdn.shopify.com/s/files/1/0724/2638/9551/files/fggg-grzv-ram06-vt-bk-2.jpg?v=1776216444,ACTIVE
ITEM-024987,fg-ram06-me-bk-2.jpg,2006-2009-dodge-ram-1500-2500-3500-mesh-front-grille-black,2006-2009 Dodge Ram 1500 2500 3500 Mesh Front Grille - Black,https://cdn.shopify.com/s/files/1/0724/2638/9551/files/fg-ram06-me-bk-2.jpg?v=1776216446,ACTIVE
ITEM-027420,fg-ram06-me-mb-2.jpg,2006-2009-dodge-ram-1500-2500-3500-mesh-front-grille-matte-black,2006-2009 Dodge Ram 1500 2500 3500 Mesh Front Grille - Matte Black,https://cdn.shopify.com/s/files/1/0724/2638/9551/files/fg-ram06-me-mb-2.jpg?v=1776216448,ACTIVE
ITEM-027543,LISTING_hlplnb-ram06fled-ab-ws-1.jpg,2006-2009-dodge-ram-full-led-projector-headlights-black,2006-2009 Dodge Ram Full LED Projector Headlights Black,https://cdn.shopify.com/s/files/1/0724/2638/9551/files/LISTING_hlplnb-ram06fled-ab-ws-1.jpg?v=1773334844,ACTIVE
ITEM-000821,fggg-gr-rover06-me-chbk-2.jpg,2006-2009-land-rover-range-rover-front-grille-chrome-black,2006-2009 Land Rover Range Rover Front Grille - Chrome Black,https://cdn.shopify.com/s/files/1/0724/2638/9551/files/fggg-gr-rover06-me-chbk-2.jpg?v=1776216451,ACTIVE
ITEM-000820,fggg-gr-rab06-me-bk-2.jpg,2006-2009-volkswagen-rabbit-front-grille-matte-black-mk5,2006-2009 Volkswagen Rabbit Front Grille - FGGG,https://cdn.shopify.com/s/files/1/0724/2638/9551/files/fggg-gr-rab06-me-bk-2.jpg?v=1776216453,ACTIVE
ITEM-000730,fg-cha06-me-ch-2.jpg,2006-2010-dodge-charger-front-grille-chrome-mesh-style,2006-2010 Dodge Charger Front Grille - Chrome Mesh Style,https://cdn.shopify.com/s/files/1/0724/2638/9551/files/fg-cha06-me-ch-2.jpg?v=1776216455,ACTIVE
ITEM-000729,fg-cha06-me-bk-2.jpg,2006-2010-dodge-charger-front-grille-mesh-style-matte-black,2006-2010 Dodge Charger Front Grille - Mesh Style Matte Black,https://cdn.shopify.com/s/files/1/0724/2638/9551/files/fg-cha06-me-bk-2.jpg?v=1776216457,ACTIVE
ITEM-026460,bghd-al-mbba-2_b19fc951-af2b-474d-be15-d6c4a5063787.jpg,2006-2010-ford-explorer-advanced-series-bull-guard-w-led-light-bar,2006-2010 Ford Explorer Advanced Series Bull Guard w/ LED Light Bar,https://cdn.shopify.com/s/files/1/0724/2638/9551/files/bghd-al-mbba-2_b19fc951-af2b-474d-be15-d6c4a5063787.jpg?v=1776217725,ACTIVE
ITEM-027302,bghd-av-tb-2_e9ee8354-1f2f-43c5-a59f-bf20ef616bfb.jpg,2006-2010-hummer-h3-advanced-series-bull-guard-texture-black,2006-2010 Hummer H3 Advanced Series Bull Guard - Texture Black,https://cdn.shopify.com/s/files/1/0724/2638/9551/files/bghd-av-tb-2_e9ee8354-1f2f-43c5-a59f-bf20ef616bfb.jpg?v=1776217727,ACTIVE
ITEM-027303,bghd-al-tb-2_22225cce-cf13-4021-8942-c2f99c77d502.jpg,2006-2010-hummer-h3-advanced-series-bull-guard-w-led-light-bar,2006-2010 Hummer H3 Advanced Series Bull Guard w/ LED Light Bar,https://cdn.shopify.com/s/files/1/0724/2638/9551/files/bghd-al-tb-2_22225cce-cf13-4021-8942-c2f99c77d502.jpg?v=1776217729,ACTIVE
ITEM-024962,bghd-av-mb-2_4ada74a1-a8c5-4164-a5df-59be3d79585e.jpg,2006-2010-hummer-h3-advanced-series-bull-guard-w-skid-plate-matte-black,2006-2010 Hummer H3 Advanced Series Bull Guard w/ Skid Plate - Matte Black,https://cdn.shopify.com/s/files/1/0724/2638/9551/files/bghd-av-mb-2_4ada74a1-a8c5-4164-a5df-59be3d79585e.jpg?v=1776217730,ACTIVE
ITEM-024564,bghd-am-mb-2_ddc0ee7f-c660-4a34-85c2-5b6c4779f62e.jpg,2006-2010-hummer-h3-bull-guard-w-mesh-skid-plate-matte-black,2006-2010 Hummer H3 Bull Guard w/ Mesh Skid Plate - Matte Black,https://cdn.shopify.com/s/files/1/0724/2638/9551/files/bghd-am-mb-2_ddc0ee7f-c660-4a34-85c2-5b6c4779f62e.jpg?v=1776217732,ACTIVE
ITEM-025397,bghd-am-mb_2bflbw-40cree-lb-wh-2_d01c9e8c-1d80-47b4-9516-c5bd83d607de.jpg,2006-2010-hummer-h3-bull-guard-w-skid-plate-led-light-bar,2006-2010 Hummer H3 Bull Guard w/ Skid Plate & LED Light Bar,https://cdn.shopify.com/s/files/1/0724/2638/9551/files/bghd-am-mb_2bflbw-40cree-lb-wh-2_d01c9e8c-1d80-47b4-9516-c5bd83d607de.jpg?v=1776217733,ACTIVE
ITEM-022565,th-h306-c270-2.jpg,2006-2010-hummer-h3-class-3-trailer-hitch-black-mpn-13270,2006-2010 Hummer H3 Class 3 Trailer Hitch - Black | MPN 13270,https://cdn.shopify.com/s/files/1/0724/2638/9551/files/th-h306-c270-2.jpg?v=1776216459,ACTIVE
ITEM-022815,th-bmount-l2-2_8d8b5140-d05a-4475-b67c-1b47a90d014e.jpg,2006-2010-hummer-h3-class-3-trailer-hitch-w-ball-mount-curt,2006-2010 Hummer H3 Class 3 Trailer Hitch w/ Ball Mount - CURT,https://cdn.shopify.com/s/files/1/0724/2638/9551/files/th-bmount-l2-2_8d8b5140-d05a-4475-b67c-1b47a90d014e.jpg?v=1776217735,ACTIVE
ITEM-013828,fg-dts06-vt-ch-2.jpg,2006-2011-cadillac-dts-chrome-vertical-front-grille-custom,2006-2011 Cadillac DTS Chrome Vertical Front Grille - Custom,https://cdn.shopify.com/s/files/1/0724/2638/9551/files/fg-dts06-vt-ch-2.jpg?v=1776216462,ACTIVE
ITEM-013827,fg-dts06-vt-bk-2.jpg,2006-2011-cadillac-dts-vertical-front-grille-black,2006-2011 Cadillac DTS Vertical Front Grille - Black,https://cdn.shopify.com/s/files/1/0724/2638/9551/files/fg-dts06-vt-bk-2.jpg?v=1776216464,ACTIVE
ITEM-023632,th-azer06-a080-2.jpg,2006-2011-hyundai-azera-class-1-trailer-hitch-11080,2006-2011 Hyundai Azera Class 1 Trailer Hitch - Black | MPN 11080,https://cdn.shopify.com/s/files/1/0724/2638/9551/files/th-azer06-a080-2.jpg?v=1776216466,ACTIVE
ITEM-021822,th-ml06-c342-2.jpg,2006-2011-mercedes-benz-ml-class-3-trailer-hitch-13342,2006-2011 Mercedes-Benz ML Class 3 Trailer Hitch - 13342,https://cdn.shopify.com/s/files/1/0724/2638/9551/files/th-ml06-c342-2.jpg?v=1776216468,ACTIVE
ITEM-022826,th-bmount-l2-2_76a07e02-4fc4-4924-946d-dfb843b840eb.jpg,2006-2011-mercedes-benz-ml-class-3-trailer-hitch-w-ball-mount,2006-2011 Mercedes-Benz ML Class 3 Trailer Hitch w/ Ball Mount,https://cdn.shopify.com/s/files/1/0724/2638/9551/files/th-bmount-l2-2_76a07e02-4fc4-4924-946d-dfb843b840eb.jpg?v=1776217737,ACTIVE
ITEM-026970,thw-rav406-4w-ef165-2.jpg,2006-2012-toyota-rav4-class-3-trailer-hitch-wiring-combo,2006-2012 Toyota RAV4 Class 3 Trailer Hitch & Wiring Combo,https://cdn.shopify.com/s/files/1/0724/2638/9551/files/thw-rav406-4w-ef165-2.jpg?v=1776216471,ACTIVE
ITEM-026819,thw-rav406-4w-ef165-2_b1b730e6-0801-4c3e-9b99-9f1cee9d5423.jpg,2006-2012-toyota-rav4-trailer-wire-harness-t-connector-56165,2006-2012 Toyota RAV4 Trailer Wire Harness T-Connector - 56165,https://cdn.shopify.com/s/files/1/0724/2638/9551/files/thw-rav406-4w-ef165-2_b1b730e6-0801-4c3e-9b99-9f1cee9d5423.jpg?v=1776217738,ACTIVE
ITEM-024981,bghd-av-mb-2_5b26a7a2-452d-45fb-9880-301e58567bed.jpg,2006-2014-honda-ridgeline-advanced-bull-guard-w-skid-plate-matte-black,2006-2014 Honda Ridgeline Advanced Bull Guard w/ Skid Plate - Matte Black,https://cdn.shopify.com/s/files/1/0724/2638/9551/files/bghd-av-mb-2_5b26a7a2-452d-45fb-9880-301e58567bed.jpg?v=1776217740,ACTIVE
ITEM-022158,th-ridg05-c385-2.jpg,2006-2014-honda-ridgeline-class-3-trailer-hitch-13385,2006-2014 Honda Ridgeline Class 3 Trailer Hitch - 13385,https://cdn.shopify.com/s/files/1/0724/2638/9551/files/th-ridg05-c385-2.jpg?v=1776216473,ACTIVE
ITEM-022835,th-bmount-l2-2_d497b55e-6dcd-4d05-b2da-c44bf2bd4d87.jpg,2006-2014-honda-ridgeline-class-3-trailer-hitch-combo-curt,2006-2014 Honda Ridgeline Class 3 Trailer Hitch Combo - CURT,https://cdn.shopify.com/s/files/1/0724/2638/9551/files/th-bmount-l2-2_d497b55e-6dcd-4d05-b2da-c44bf2bd4d87.jpg?v=1776217741,ACTIVE
ITEM-027844,thw-sedo06-4w-ee503-2.jpg,2006-2014-kia-sedona-hyundai-entourage-class-3-hitch-wiring-kit,2006-2014 Kia Sedona & Hyundai Entourage Class 3 Hitch + Wiring Kit,https://cdn.shopify.com/s/files/1/0724/2638/9551/files/thw-sedo06-4w-ee503-2.jpg?v=1776216476,ACTIVE
ITEM-023019,th-sedona06-c345-2.jpg,2006-2014-kia-sedona-hyundai-entourage-class-3-trailer-hitch,2006-2014 Kia Sedona & Hyundai Entourage Class 3 Trailer Hitch,https://cdn.shopify.com/s/files/1/0724/2638/9551/files/th-sedona06-c345-2.jpg?v=1776216478,ACTIVE
ITEM-023912,th-bmount-l2-2_7343a3ab-04df-4a5e-982e-17c335e59e40.jpg,2006-2014-kia-sedona-hyundai-entourage-class-3-trailer-hitch-combo,2006-2014 Kia Sedona & Hyundai Entourage Class 3 Trailer Hitch Combo,https://cdn.shopify.com/s/files/1/0724/2638/9551/files/th-bmount-l2-2_7343a3ab-04df-4a5e-982e-17c335e59e40.jpg?v=1776217743,ACTIVE
ITEM-027507,thw-sedo06-4w-ee503-2_3d222a6f-2ac1-4efb-a11c-e190daaa99ad.jpg,2006-2014-kia-sedona-hyundai-entourage-trailer-wiring-harness-55503,2006-2014 Kia Sedona Hyundai Entourage Trailer Wiring Harness 55503,https://cdn.shopify.com/s/files/1/0724/2638/9551/files/thw-sedo06-4w-ee503-2_3d222a6f-2ac1-4efb-a11c-e190daaa99ad.jpg?v=1776217745,ACTIVE
ITEM-009396,fggg-grzt-impa06-me-bk-2.jpg,2006-2016-chevy-impala-monte-carlo-front-grille-black,2006-2016 Chevrolet Impala & Monte Carlo Front Grille - Black,https://cdn.shopify.com/s/files/1/0724/2638/9551/files/fggg-grzt-impa06-me-bk-2.jpg?v=1776216480,ACTIVE
ITEM-008851,fggg-grzt-impa06-me-ch-2.jpg,2006-2016-chevy-impala-monte-carlo-front-grille-chrome,2006-2016 Chevrolet Impala & Monte Carlo Front Grille - GRZT,https://cdn.shopify.com/s/files/1/0724/2638/9551/files/fggg-grzt-impa06-me-ch-2.jpg?v=1776216483,ACTIVE
ITEM-022125,fggg-grbt-impa06lo-me-mb-2.jpg,2006-2016-chevy-impala-front-grille-matte-black,2006-2016 Chevrolet Impala Front Grille - Matte Black,https://cdn.shopify.com/s/files/1/0724/2638/9551/files/fggg-grbt-impa06lo-me-mb-2.jpg?v=1776216485,ACTIVE
ITEM-009387,fggg-grbt-impa06lo-me-bk-2.jpg,2006-2016-chevy-impala-front-lower-bumper-grille-matte-black,2006-2016 Chevrolet Impala Front Lower Bumper Grille - Black,https://cdn.shopify.com/s/files/1/0724/2638/9551/files/fggg-grbt-impa06lo-me-bk-2.jpg?v=1776216487,ACTIVE
ITEM-029927,hlnb-impa06lbw-cha-2.jpg,06-15-chevy-impala-monte-carlo-led-crystal-headlights-chrome,2006-2016 Chevrolet Impala Monte Carlo LED Crystal Headlights - Chrome,https://cdn.shopify.com/s/files/1/0724/2638/9551/files/hlnb-impa06lbw-cha-2.jpg?v=1776216489,ACTIVE
ITEM-029929,hlnb-impa06lsq-cha-2.jpg,06-13-chevy-impala-sequential-led-crystal-headlights-chrome,2006-2016 Chevrolet Impala Monte Carlo LED Headlights - CVIP06AS,https://cdn.shopify.com/s/files/1/0724/2638/9551/files/hlnb-impa06lsq-cha-2.jpg?v=1776216492,ACTIVE
ITEM-029930,hlnb-impa06lsq-jdma-2.jpg,06-13-chevy-impala-sequential-led-crystal-headlights-black,2006-2016 Chevrolet Impala Monte Carlo LED Headlights - JDMA,https://cdn.shopify.com/s/files/1/0724/2638/9551/files/hlnb-impa06lsq-jdma-2.jpg?v=1776216499,ACTIVE
ITEM-029928,hlnb-impa06lbw-jdma-2.jpg,06-13-chevy-impala-led-crystal-headlights-black-cvip06a-06,2006-2016 Chevrolet Impala/Monte Carlo LED Crystal Headlights - Black,https://cdn.shopify.com/s/files/1/0724/2638/9551/files/hlnb-impa06lbw-jdma-2.jpg?v=1776216502,ACTIVE
ITEM-030933,LISTING_th-rav406-b108-ws-2.jpg,2006-2018-toyota-rav4-1-25-trailer-hitch-receiver-class-2,"2006-2018 Toyota RAV4 1.25"" Trailer Hitch Receiver Class 2",https://cdn.shopify.com/s/files/1/0724/2638/9551/files/LISTING_th-rav406-b108-ws-2.jpg?v=1773345831,ACTIVE
ITEM-022834,th-bmount-l2-2_b83e04be-6530-4f86-9192-40d96221e663.jpg,2006-2018-toyota-rav4-class-3-trailer-hitch-ball-mount-combo,2006-2018 Toyota RAV4 Class 3 Trailer Hitch & Ball Mount Combo,https://cdn.shopify.com/s/files/1/0724/2638/9551/files/th-bmount-l2-2_b83e04be-6530-4f86-9192-40d96221e663.jpg?v=1776217746,ACTIVE
ITEM-021338,th-rav406-c149-2.jpg,2006-2018-toyota-rav4-class-3-trailer-hitch-black-13149,2006-2018 Toyota RAV4 Class 3 Trailer Hitch - Black | 13149,https://cdn.shopify.com/s/files/1/0724/2638/9551/files/th-rav406-c149-2.jpg?v=1776216504,ACTIVE
ITEM-026770,bghd-al-mb-2_cfe3690e-de74-4b7e-b5d9-655d27cff4c3.jpg,2007-2009-jeep-wrangler-jk-advanced-bull-guard-w-led-light-bar,2007-2009 Jeep Wrangler JK Advanced Bull Guard w/ LED Light Bar,https://cdn.shopify.com/s/files/1/0724/2638/9551/files/bghd-al-mb-2_cfe3690e-de74-4b7e-b5d9-655d27cff4c3.jpg?v=1776217748,ACTIVE
ITEM-026739,bghd-av-mbba-2_4fb6af8a-acfa-4df2-a557-79f377b5913f.jpg,2007-2009-jeep-wrangler-jk-advanced-series-bull-guard-matte-black,2007-2009 Jeep Wrangler JK Advanced Series Bull Guard - Matte Black,https://cdn.shopify.com/s/files/1/0724/2638/9551/files/bghd-av-mbba-2_4fb6af8a-acfa-4df2-a557-79f377b5913f.jpg?v=1776217749,ACTIVE
ITEM-026740,bghd-av-mb-2_6d940c5a-a568-428b-918e-74765cead992.jpg,2007-2009-jeep-wrangler-jk-advanced-series-bull-guard-w-skid-plate,2007-2009 Jeep Wrangler JK Advanced Series Bull Guard w/ Skid Plate,https://cdn.shopify.com/s/files/1/0724/2638/9551/files/bghd-av-mb-2_6d940c5a-a568-428b-918e-74765cead992.jpg?v=1776217751,ACTIVE
ITEM-026769,bghd-am-mb-2_a0fd1681-aeaa-41a7-aa3e-b2210535eec6.jpg,2007-2009-jeep-wrangler-jk-bull-guard-w-studded-mesh-skid-plate,2007-2009 Jeep Wrangler JK Bull Guard w/ Studded Mesh Skid Plate,https://cdn.shopify.com/s/files/1/0724/2638/9551/files/bghd-am-mb-2_a0fd1681-aeaa-41a7-aa3e-b2210535eec6.jpg?v=1776217753,ACTIVE
ITEM-027080,bghd-am-mb_2bflbw-40cree-lb-wh-2_e3369496-7099-41a5-884c-1e46da6b38a3.jpg,2007-2009-jeep-wrangler-jk-bull-guard-w-led-light-bar-matte-black,2007-2009 Jeep Wrangler JK Bull Guard w/LED Light Bar - Matte Black,https://cdn.shopify.com/s/files/1/0724/2638/9551/files/bghd-am-mb_2bflbw-40cree-lb-wh-2_e3369496-7099-41a5-884c-1e46da6b38a3.jpg?v=1776217754,ACTIVE
ITEM-023633,th-sky07-a114-2.jpg,2007-2009-saturn-sky-class-1-trailer-hitch-black,2007-2009 Saturn Sky Class 1 Trailer Hitch - Black,https://cdn.shopify.com/s/files/1/0724/2638/9551/files/th-sky07-a114-2.jpg?v=1776216506,ACTIVE
ITEM-000865,fggg-grzq-tun07-me-ch-2.jpg,2007-2009-toyota-tundra-front-grille-chrome-mesh-style,2007-2009 Toyota Tundra Front Grille - Chrome Mesh Style,https://cdn.shopify.com/s/files/1/0724/2638/9551/files/fggg-grzq-tun07-me-ch-2.jpg?v=1776216508,ACTIVE
ITEM-010818,fggg-grzq-tun07-me-bk-2.jpg,2007-2009-toyota-tundra-mesh-front-grille-black,2007-2009 Toyota Tundra Mesh Front Grille - Black,https://cdn.shopify.com/s/files/1/0724/2638/9551/files/fggg-grzq-tun07-me-bk-2.jpg?v=1776216510,ACTIVE
ITEM-024976,bghd-av-mbba-2_258cf9c8-48fd-4995-a273-26a2b449a610.jpg,07-10-silverado-sierra-2500hd-3500hd-advanced-bull-guard-matte-black-1,2007-2010 Chevrolet GMC HD Advanced Bull Guard Skid Plate - Matte Black,https://cdn.shopify.com/s/files/1/0724/2638/9551/files/bghd-av-mbba-2_258cf9c8-48fd-4995-a273-26a2b449a610.jpg?v=1776217756,ACTIVE
ITEM-026536,bghd-al-mb-2_6cc3d01d-c618-45d1-a5e6-38adc9069a0b.jpg,07-10-chevy-gmc-silverado-sierra-2500-3500-bull-guard-led-dera,2007-2010 Chevrolet/GMC 2500HD/3500HD Bull Guard LED Light Bar - Matte Black,https://cdn.shopify.com/s/files/1/0724/2638/9551/files/bghd-al-mb-2_6cc3d01d-c618-45d1-a5e6-38adc9069a0b.jpg?v=1776217757,ACTIVE
ITEM-013825,fg-seb08-me-ch-2.jpg,2007-2010-chrysler-sebring-bentley-style-chrome-mesh-grille-abs,2007-2010 Chrysler Sebring Bentley Style Chrome Mesh Grille - ABS,https://cdn.shopify.com/s/files/1/0724/2638/9551/files/fg-seb08-me-ch-2.jpg?v=1776216513,ACTIVE
ITEM-000892,fggg-grzt-expl07st-me-ch-2.jpg,2007-2010-ford-explorer-sport-trac-front-grille-chrome,2007-2010 Ford Explorer Sport Trac Front Grille - Chrome,https://cdn.shopify.com/s/files/1/0724/2638/9551/files/fggg-grzt-expl07st-me-ch-2.jpg?v=1776216515,ACTIVE
ITEM-024055,th-elant07-a467-2.jpg,2007-2010-hyundai-elantra-class-1-trailer-hitch-11467,2007-2010 Hyundai Elantra Class 1 Trailer Hitch - Black,https://cdn.shopify.com/s/files/1/0724/2638/9551/files/th-elant07-a467-2.jpg?v=1776216518,ACTIVE
ITEM-023636,th-mini07-a130-2.jpg,2007-2010-mini-cooper-s-class-1-trailer-hitch-black,2007-2010 Mini Cooper S Class 1 Trailer Hitch - Black,https://cdn.shopify.com/s/files/1/0724/2638/9551/files/th-mini07-a130-2.jpg?v=1776216520,ACTIVE
ITEM-022968,th-nitr07-c334-2.jpg,2007-2011-dodge-nitro-class-3-trailer-hitch-black,2007-2011 Dodge Nitro Class 3 Trailer Hitch - Black,https://cdn.shopify.com/s/files/1/0724/2638/9551/files/th-nitr07-c334-2.jpg?v=1776216522,ACTIVE
ITEM-026969,th-xte05-c514-2.jpg,2007-2011-dodge-nitro-class-3-trailer-hitch-w-ball-mount-curt,2007-2011 Dodge Nitro Class 3 Trailer Hitch w/ Ball Mount - CURT,https://cdn.shopify.com/s/files/1/0724/2638/9551/files/th-xte05-c514-2.jpg?v=1776216525,ACTIVE
ITEM-024065,th-crv07-a555-2.jpg,2007-2011-honda-cr-v-class-1-trailer-hitch-black,2007-2011 Honda CR-V Class 1 Trailer Hitch - Black | MPN 11555,https://cdn.shopify.com/s/files/1/0724/2638/9551/files/th-crv07-a555-2.jpg?v=1776216527,ACTIVE
ITEM-021691,th-crv07-c555-2.jpg,2007-2011-honda-cr-v-class-3-trailer-hitch-mpn-13555,2007-2011 Honda CR-V Class 3 Trailer Hitch - Black | MPN 13555,https://cdn.shopify.com/s/files/1/0724/2638/9551/files/th-crv07-c555-2.jpg?v=1776216529,ACTIVE
ITEM-022801,th-bmount-l2-2_87785bbf-31d3-46bb-9164-6eabfa518531.jpg,2007-2011-honda-cr-v-class-3-trailer-hitch-w-ball-mount-curt,2007-2011 Honda CR-V Class 3 Trailer Hitch w/ Ball Mount - CURT,https://cdn.shopify.com/s/files/1/0724/2638/9551/files/th-bmount-l2-2_87785bbf-31d3-46bb-9164-6eabfa518531.jpg?v=1776217759,ACTIVE
ITEM-023304,th-cali06-a006-2.jpg,2007-2012-dodge-caliber-class-1-trailer-hitch-black,2007-2012 Dodge Caliber Class 1 Trailer Hitch - Black,https://cdn.shopify.com/s/files/1/0724/2638/9551/files/th-cali06-a006-2.jpg?v=1776216531,ACTIVE
ITEM-000883,fggg-grzt-cali06-me-bk-2.jpg,2007-2012-dodge-caliber-front-grille-matte-black-replacement,2007-2012 Dodge Caliber Front Grille - Matte Black Replacement,https://cdn.shopify.com/s/files/1/0724/2638/9551/files/fggg-grzt-cali06-me-bk-2.jpg?v=1776216533,ACTIVE
ITEM-027847,LISTING_th-mdx07-c354_2bthw-mdx07-4w-ef038-ws-1.jpg,2007-2013-acura-mdx-class-3-trailer-hitch-wiring-harness-combo,2007-2013 Acura MDX Class 3 Trailer Hitch & Wiring Harness Combo,https://cdn.shopify.com/s/files/1/0724/2638/9551/files/LISTING_th-mdx07-c354_2bthw-mdx07-4w-ef038-ws-1.jpg?v=1773345179,ACTIVE
ITEM-021573,LISTING_th-mdx07-c354-ws-1.jpg,2007-2013-acura-mdx-class-3-trailer-hitch-black-mpn-13354,2007-2013 Acura MDX Class 3 Trailer Hitch - Black | MPN 13354,https://cdn.shopify.com/s/files/1/0724/2638/9551/files/LISTING_th-mdx07-c354-ws-1.jpg?v=1773345155,ACTIVE
ITEM-022825,LISTING_th-mdx07-c354_2bth-bmount-l2-ws-1.jpg,2007-2013-acura-mdx-class-3-trailer-hitch-w-ball-mount-curt,2007-2013 Acura MDX Class 3 Trailer Hitch w/ Ball Mount - CURT,https://cdn.shopify.com/s/files/1/0724/2638/9551/files/LISTING_th-mdx07-c354_2bth-bmount-l2-ws-1.jpg?v=1773345177,ACTIVE
ITEM-027532,thw-mdx07-4w-ef038-2.jpg,2007-2013-acura-mdx-trailer-wiring-harness-t-connector-56038,2007-2013 Acura MDX Trailer Wiring Harness T-Connector - 56038,https://cdn.shopify.com/s/files/1/0724/2638/9551/files/thw-mdx07-4w-ef038-2.jpg?v=1776216535,ACTIVE
ITEM-000947,fg-grzv-sil07-bk-2.jpg,07-13-chevy-silverado-1500-front-grille-matte-black,2007-2013 Chevrolet Silverado 1500 Front Grille - Black,https://cdn.shopify.com/s/files/1/0724/2638/9551/files/fg-grzv-sil07-bk-2.jpg?v=1776216537,ACTIVE
ITEM-021792,fg-grzv-sil07-mb-2.jpg,2007-2013-chevy-silverado-1500-vertical-front-grille-matte-black,2007-2013 Chevrolet Silverado 1500 Vertical Style Front Grille - Matte Black,https://cdn.shopify.com/s/files/1/0724/2638/9551/files/fg-grzv-sil07-mb-2.jpg?v=1776216539,ACTIVE
ITEM-008848,fggg-grzd-sie07-ro-ch-2.jpg,2007-2013-gmc-sierra-1500-front-grille-replacement-grill,2007-2013 GMC Sierra 1500 Front Grille - Replacement Grill,https://cdn.shopify.com/s/files/1/0724/2638/9551/files/fggg-grzd-sie07-ro-ch-2.jpg?v=1776216542,ACTIVE
ITEM-023089,th-outl07-c581-2.jpg,2007-2013-mitsubishi-outlander-class-3-trailer-hitch-black,2007-2013 Mitsubishi Outlander Class 3 Trailer Hitch - Black,https://cdn.shopify.com/s/files/1/0724/2638/9551/files/th-outl07-c581-2.jpg?v=1776216544,ACTIVE
ITEM-023909,th-bmount-l2-2_0ecad1bf-b3c0-475d-a05a-8029f7f1f41a.jpg,2007-2013-mitsubishi-outlander-class-3-trailer-hitch-w-ball-mount-curt,2007-2013 Mitsubishi Outlander Class 3 Trailer Hitch w/ Ball Mount - CURT,https://cdn.shopify.com/s/files/1/0724/2638/9551/files/th-bmount-l2-2_0ecad1bf-b3c0-475d-a05a-8029f7f1f41a.jpg?v=1776217760,ACTIVE
ITEM-028110,thw-outl07-4w-ef102-2.jpg,2007-2013-mitsubishi-outlander-trailer-wiring-harness-56102,2007-2013 Mitsubishi Outlander Trailer Wiring Harness - 56102,https://cdn.shopify.com/s/files/1/0724/2638/9551/files/thw-outl07-4w-ef102-2.jpg?v=1776216546,ACTIVE
ITEM-020825,fg-grz-escl07-mb-2.jpg,2007-2014-cadillac-escalade-diamond-mesh-front-grille-matte-black,2007-2014 Cadillac Escalade Diamond Mesh Front Grille - Matte Black,https://cdn.shopify.com/s/files/1/0724/2638/9551/files/fg-grz-escl07-mb-2.jpg?v=1776216548,ACTIVE
ITEM-000946,fg-grz-escl07-ch-2.jpg,2007-2014-cadillac-escalade-front-grille-chrome-mesh-style,2007-2014 Cadillac Escalade Front Grille - Chrome Mesh Style,https://cdn.shopify.com/s/files/1/0724/2638/9551/files/fg-grz-escl07-ch-2.jpg?v=1776216550,ACTIVE
ITEM-000945,fg-grz-escl07-bk-2.jpg,2007-2014-cadillac-escalade-front-grille-matte-black,2007-2014 Cadillac Escalade Front Grille - Matte Black,https://cdn.shopify.com/s/files/1/0724/2638/9551/files/fg-grz-escl07-bk-2.jpg?v=1776216553,ACTIVE
ITEM-022919,hlnb-sil07-jdm-2.jpg,07-14-chevy-silverado-crystal-black-headlights-no-amber,2007-2014 Chevrolet Silverado Crystal Headlights No Amber - Black,https://cdn.shopify.com/s/files/1/0724/2638/9551/files/hlnb-sil07-jdm-2.jpg?v=1776216555,ACTIVE
ITEM-030132,hlnb-sil07lsq-jdma-2.jpg,07-13-chevy-silverado-1500-led-crystal-headlights-sequential-signal,2007-2014 Chevrolet Silverado Crystal Headlights Sequential LED - JDMA,https://cdn.shopify.com/s/files/1/0724/2638/9551/files/hlnb-sil07lsq-jdma-2.jpg?v=1776216557,ACTIVE
ITEM-027542,LISTING_hlplnb-sil07fled-ab-ws-1.jpg,07-14-chevy-silverado-full-led-projector-headlights-black-amber,2007-2014 Chevrolet Silverado Full LED Projector Headlights w/Amber - Black,https://cdn.shopify.com/s/files/1/0724/2638/9551/files/LISTING_hlplnb-sil07fled-ab-ws-1.jpg?v=1773334880,ACTIVE
ITEM-029935,hlnb-sil07lbw-jdma-2.jpg,07-13-chevy-silverado-1500-led-crystal-headlights-black-jdma,2007-2014 Chevrolet Silverado LED Crystal Headlights w/ Light Bar - Black,https://cdn.shopify.com/s/files/1/0724/2638/9551/files/hlnb-sil07lbw-jdma-2.jpg?v=1776216559,ACTIVE
ITEM-029934,hlnb-sil07lbw-cha-2.jpg,07-13-chevy-silverado-1500-08-14-2500-3500-led-crystal-headlights-chrome,2007-2014 Chevrolet Silverado LED Crystal Headlights w/Light Bar - Chrome,https://cdn.shopify.com/s/files/1/0724/2638/9551/files/hlnb-sil07lbw-cha-2.jpg?v=1776216562,ACTIVE
ITEM-000899,fggg-grzt-taho07-me-bk-2.jpg,07-14-chevy-tahoe-suburban-avalanche-front-grille-matte-black,2007-2014 Chevrolet Tahoe/Suburban/Avalanche Front Grille - Black,https://cdn.shopify.com/s/files/1/0724/2638/9551/files/fggg-grzt-taho07-me-bk-2.jpg?v=1776216564,ACTIVE
ITEM-011217,tc-hss-2_359d1877-fd5f-4395-a2d9-84d8d20c3522.jpg,07-14-chevy-silverado-gmc-sierra-6-5-hidden-snap-tonneau-cover,2007-2014 Chevrolet/GMC Silverado/Sierra 6.5 ft Bed Tonneau Cover,https://cdn.shopify.com/s/files/1/0724/2638/9551/files/tc-hss-2_359d1877-fd5f-4395-a2d9-84d8d20c3522.jpg?v=1776217762,ACTIVE
ITEM-014323,tc-lru-2_a07c1ac9-6c70-4ecb-86cf-d849d03c270e.jpg,07-14-chevy-silverado-gmc-sierra-5-8-roll-up-tonneau-cover,2007-2014 Chevy/GMC Silverado/Sierra 5.8 ft Bed Roll-Up Tonneau Cover,https://cdn.shopify.com/s/files/1/0724/2638/9551/files/tc-lru-2_a07c1ac9-6c70-4ecb-86cf-d849d03c270e.jpg?v=1776217764,ACTIVE
ITEM-011218,tc-hss-2_68444595-2709-4815-a604-fe434c2cbc3b.jpg,07-14-silverado-sierra-5-8-bed-hidden-snap-tonneau-cover,2007-2014 Chevy/GMC Silverado/Sierra 5.8 ft Bed Tonneau Cover - Soft Roll-Up,https://cdn.shopify.com/s/files/1/0724/2638/9551/files/tc-hss-2_68444595-2709-4815-a604-fe434c2cbc3b.jpg?v=1776217765,ACTIVE
ITEM-014322,tc-lru-2_6674f4e2-f7dc-4cba-a5ae-a1c11af0737a.jpg,07-14-chevy-silverado-gmc-sierra-6-5-roll-up-tonneau-cover,2007-2014 Chevy/GMC Silverado/Sierra 6.5 ft Bed Roll-Up Tonneau Cover,https://cdn.shopify.com/s/files/1/0724/2638/9551/files/tc-lru-2_6674f4e2-f7dc-4cba-a5ae-a1c11af0737a.jpg?v=1776217767,ACTIVE
ITEM-000906,fggg-grzv-exped07-vt-bk-2.jpg,2007-2014-ford-expedition-vertical-front-grille-black,2007-2014 Ford Expedition Vertical Front Grille - Black,https://cdn.shopify.com/s/files/1/0724/2638/9551/files/fggg-grzv-exped07-vt-bk-2.jpg?v=1776216566,ACTIVE
ITEM-024912,hlnb-sie07-bk-2.jpg,2007-2014-gmc-sierra-oem-crystal-headlights-black-gmsr07-03,2007-2014 GMC Sierra OEM Crystal Headlights Black - GMSR07.03,https://cdn.shopify.com/s/files/1/0724/2638/9551/files/hlnb-sie07-bk-2.jpg?v=1776216568,ACTIVE
ITEM-024913,hlnb-sie07-ch-2.jpg,2007-2014-gmc-sierra-oem-crystal-headlights-chrome-gmsr07-04,2007-2014 GMC Sierra OEM Crystal Headlights Chrome - GMSR07.04,https://cdn.shopify.com/s/files/1/0724/2638/9551/files/hlnb-sie07-ch-2.jpg?v=1776216570,ACTIVE
ITEM-001184,fggg-grzt-dnl07-me-ch-2.jpg,2007-2014-gmc-yukon-yukon-xl-front-grille-chrome,2007-2014 GMC Yukon / Yukon XL Front Grille - Chrome,https://cdn.shopify.com/s/files/1/0724/2638/9551/files/fggg-grzt-dnl07-me-ch-2.jpg?v=1776216572,ACTIVE
ITEM-000943,fg-grzd-dnl07-bk-stl-2.jpg,2007-2014-gmc-yukon-yukon-xl-front-grille-matte-black,2007-2014 GMC Yukon / Yukon XL Front Grille - Matte Black,https://cdn.shopify.com/s/files/1/0724/2638/9551/files/fg-grzd-dnl07-bk-stl-2.jpg?v=1776216574,ACTIVE
ITEM-000805,fggg-grbt-dnl07lo-me-bk-2.jpg,2007-2014-gmc-yukon-yukon-xl-front-lower-bumper-grille-black,2007-2014 GMC Yukon / Yukon XL Front Lower Bumper Grille - Black,https://cdn.shopify.com/s/files/1/0724/2638/9551/files/fggg-grbt-dnl07lo-me-bk-2.jpg?v=1776216577,ACTIVE
ITEM-021808,fggg-grbt-dnl07lo-me-mb-2.jpg,2007-2014-gmc-yukon-honeycomb-mesh-lower-front-grille-matte-black,2007-2014 GMC Yukon Honeycomb Mesh Lower Front Grille - Matte Black,https://cdn.shopify.com/s/files/1/0724/2638/9551/files/fggg-grbt-dnl07lo-me-mb-2.jpg?v=1776216579,ACTIVE
ITEM-000941,fg-grbd-dnl07lower-bk-2.jpg,2007-2014-gmc-yukon-xl-front-lower-bumper-grille-black,2007-2014 GMC Yukon XL Front Lower Bumper Grille - Black,https://cdn.shopify.com/s/files/1/0724/2638/9551/files/fg-grbd-dnl07lower-bk-2.jpg?v=1776216581,ACTIVE
ITEM-000806,fggg-grbt-dnl07lo-me-ch-2.jpg,2007-2014-gmc-yukon-xl-front-lower-bumper-grille-chrome,2007-2014 GMC Yukon XL Front Lower Bumper Grille - Chrome,https://cdn.shopify.com/s/files/1/0724/2638/9551/files/fggg-grbt-dnl07lo-me-ch-2.jpg?v=1776216584,ACTIVE
ITEM-000942,fg-grbd-dnl07lower-ch-2.jpg,2007-2014-gmc-yukon-xl-front-lower-bumper-grille-chrome-1,2007-2014 GMC Yukon XL Front Lower Bumper Grille - Chrome,https://cdn.shopify.com/s/files/1/0724/2638/9551/files/fg-grbd-dnl07lower-ch-2.jpg?v=1776216586,ACTIVE
ITEM-000944,fg-grzd-dnl07-ch-2.jpg,2007-2014-gmc-yukon-yukon-xl-front-grille-chrome-1,2007-2014 GMC Yukon Yukon XL Front Grille - Chrome,https://cdn.shopify.com/s/files/1/0724/2638/9551/files/fg-grzd-dnl07-ch-2.jpg?v=1776216588,ACTIVE
ITEM-022161,LISTING_th-fj07-c367-ws-1.jpg,2007-2014-toyota-fj-cruiser-class-3-trailer-hitch-black,2007-2014 Toyota FJ Cruiser Class 3 Trailer Hitch - Black,https://cdn.shopify.com/s/files/1/0724/2638/9551/files/LISTING_th-fj07-c367-ws-1.jpg?v=1773344386,ACTIVE
ITEM-022812,th-fj07-c367-2.jpg,2007-2014-toyota-fj-cruiser-class-3-trailer-hitch-kit-black,2007-2014 Toyota FJ Cruiser Class 3 Trailer Hitch Kit - Black,https://cdn.shopify.com/s/files/1/0724/2638/9551/files/th-fj07-c367-2.jpg?v=1776216590,ACTIVE
ITEM-001175,fggg-grz2-fj07-vt-bk-2.jpg,2007-2014-toyota-fj-cruiser-front-grille-matte-black,2007-2014 Toyota FJ Cruiser Front Grille - Matte Black,https://cdn.shopify.com/s/files/1/0724/2638/9551/files/fggg-grz2-fj07-vt-bk-2.jpg?v=1776216592,ACTIVE
ITEM-022084,th-tou04-c220-2.jpg,2007-2015-audi-q7-quattro-class-3-trailer-hitch-black,2007-2015 Audi Q7 Quattro Class 3 Trailer Hitch - Black,https://cdn.shopify.com/s/files/1/0724/2638/9551/files/th-tou04-c220-2.jpg?v=1776216594,ACTIVE
ITEM-022849,th-bmount-l2-2_bbceffa4-f5be-405c-bd5e-3ba746a0757d.jpg,2007-2015-audi-q7-quattro-class-3-trailer-hitch-combo-curt,2007-2015 Audi Q7 Quattro Class 3 Trailer Hitch Combo - CURT,https://cdn.shopify.com/s/files/1/0724/2638/9551/files/th-bmount-l2-2_bbceffa4-f5be-405c-bd5e-3ba746a0757d.jpg?v=1776217768,ACTIVE
ITEM-022183,th-edge07-c067-2.jpg,2007-2015-ford-edge-lincoln-mkx-class-3-trailer-hitch-13067,2007-2015 Ford Edge & Lincoln MKX Class 3 Trailer Hitch - 13067,https://cdn.shopify.com/s/files/1/0724/2638/9551/files/th-edge07-c067-2.jpg?v=1776216597,ACTIVE
ITEM-019434,sbhd-edge07-4-bk-2.jpg,2007-2015-ford-edge-lincoln-mkx-4-side-step-bars-black,"2007-2015 Ford Edge / Lincoln MKX 4"" Side Step Bars - Black",https://cdn.shopify.com/s/files/1/0724/2638/9551/files/sbhd-edge07-4-bk-2.jpg?v=1776216599,ACTIVE
ITEM-022807,th-bmount-l2-2_04dffe94-41a8-4484-81eb-167316c5f5e0.jpg,2007-2015-ford-edge-lincoln-mkx-class-3-trailer-hitch-ball-mount,2007-2015 Ford Edge Lincoln MKX Class 3 Trailer Hitch & Ball Mount,https://cdn.shopify.com/s/files/1/0724/2638/9551/files/th-bmount-l2-2_04dffe94-41a8-4484-81eb-167316c5f5e0.jpg?v=1776217770,ACTIVE
ITEM-014338,tc-lru-2_465da9a4-2e17-4053-87da-aef4a66c9911.jpg,2007-2016-toyota-tundra-5-5-bed-roll-up-tonneau-cover-503337,2007-2016 Toyota Tundra 5.5 ft Bed Roll-Up Tonneau Cover,https://cdn.shopify.com/s/files/1/0724/2638/9551/files/tc-lru-2_465da9a4-2e17-4053-87da-aef4a66c9911.jpg?v=1776217772,ACTIVE
ITEM-022513,LISTING_tc-lru-ws-1_0cd49ba5-3ea9-46b9-9626-02ff8b9946f7.jpg,2007-2016-toyota-tundra-roll-up-tonneau-cover-w-led-bed-lights,2007-2016 Toyota Tundra 5.5 ft Bed Roll-Up Tonneau Cover w/ LED Lights,https://cdn.shopify.com/s/files/1/0724/2638/9551/files/LISTING_tc-lru-ws-1_0cd49ba5-3ea9-46b9-9626-02ff8b9946f7.jpg?v=1773342697,ACTIVE
ITEM-011242,tc-hss-2_d9a9837b-8e13-4006-85f1-7fb26e4e56b9.jpg,2007-2016-toyota-tundra-5-5-bed-soft-roll-up-tonneau-cover,2007-2016 Toyota Tundra 5.5 ft Bed Soft Roll-Up Tonneau Cover,https://cdn.shopify.com/s/files/1/0724/2638/9551/files/tc-hss-2_d9a9837b-8e13-4006-85f1-7fb26e4e56b9.jpg?v=1776217773,ACTIVE
ITEM-022512,LISTING_tc-hss_2btbl-16w8p-01-ws-1_90d4ec19-5bbb-455f-9bf2-ba34ecc487a2.jpg,07-16-toyota-tundra-5-5-bed-tonneau-cover-w-led-lights-kit,2007-2016 Toyota Tundra 5.5 ft Bed Tonneau Cover & LED Light Kit,https://cdn.shopify.com/s/files/1/0724/2638/9551/files/LISTING_tc-hss_2btbl-16w8p-01-ws-1_90d4ec19-5bbb-455f-9bf2-ba34ecc487a2.jpg?v=1773342664,ACTIVE
ITEM-029726,LISTING_tc-lth-ws-2_be5dd8b9-327d-4844-a3ba-4242ea07809c.jpg,2007-2013-toyota-tundra-5-5ft-bed-hard-tri-fold-tonneau-cover,2007-2016 Toyota Tundra 5.5 ft Bed Tonneau Cover - Hard Tri-Fold,https://cdn.shopify.com/s/files/1/0724/2638/9551/files/LISTING_tc-lth-ws-2_be5dd8b9-327d-4844-a3ba-4242ea07809c.jpg?v=1773342707,ACTIVE
ITEM-030210,LISTING_tc-lth-ws-2_96b8989c-7266-4868-99fd-594732d887ed.jpg,2007-2013-toyota-tundra-5-5ft-bed-hard-tri-fold-tonneau-cover-leds,2007-2016 Toyota Tundra 5.5 ft Bed Tonneau Cover Combo w/ LED Lights,https://cdn.shopify.com/s/files/1/0724/2638/9551/files/LISTING_tc-lth-ws-2_96b8989c-7266-4868-99fd-594732d887ed.jpg?v=1773342729,ACTIVE
ITEM-014318,tc-tfs-2_7f1a2149-383a-4de2-9f64-f37c4f1fe193.jpg,2007-2016-toyota-tundra-5-5-bed-tri-fold-tonneau-cover-303337,2007-2016 Toyota Tundra 5.5 ft Bed Tri-Fold Tonneau Cover,https://cdn.shopify.com/s/files/1/0724/2638/9551/files/tc-tfs-2_7f1a2149-383a-4de2-9f64-f37c4f1fe193.jpg?v=1776217775,ACTIVE
ITEM-022515,LISTING_tc-tfs-ws-1_f0fb7907-ed0b-4800-b76d-b45735435549.jpg,2007-2016-toyota-tundra-tri-fold-tonneau-cover-w-led-bed-lights,2007-2016 Toyota Tundra 5.5 ft Bed Tri-Fold Tonneau Cover Combo,https://cdn.shopify.com/s/files/1/0724/2638/9551/files/LISTING_tc-tfs-ws-1_f0fb7907-ed0b-4800-b76d-b45735435549.jpg?v=1773342764,ACTIVE
ITEM-014864,tc-lru-2_af0f9790-7256-41a7-9b4e-33edf191938c.jpg,2007-2016-toyota-tundra-6-5-bed-roll-up-vinyl-tonneau-cover,2007-2016 Toyota Tundra 6.5 ft Bed Roll-Up Tonneau Cover,https://cdn.shopify.com/s/files/1/0724/2638/9551/files/tc-lru-2_af0f9790-7256-41a7-9b4e-33edf191938c.jpg?v=1776217777,ACTIVE
ITEM-022517,LISTING_tc-lru-ws-1_af336416-d5f3-4bc8-a75c-0635ab71f6a0.jpg,07-16-toyota-tundra-6-5-roll-up-tonneau-cover-led-bed-lights,2007-2016 Toyota Tundra 6.5 ft Bed Roll-Up Tonneau Cover w/ LED Lights,https://cdn.shopify.com/s/files/1/0724/2638/9551/files/LISTING_tc-lru-ws-1_af336416-d5f3-4bc8-a75c-0635ab71f6a0.jpg?v=1773342829,ACTIVE
ITEM-011243,tc-hss-2_0ae8bb21-65e5-408d-bdce-170a097dd1f7.jpg,2007-2016-toyota-tundra-6-5-bed-soft-roll-up-tonneau-cover,2007-2016 Toyota Tundra 6.5 ft Bed Soft Roll-Up Tonneau Cover,https://cdn.shopify.com/s/files/1/0724/2638/9551/files/tc-hss-2_0ae8bb21-65e5-408d-bdce-170a097dd1f7.jpg?v=1776217778,ACTIVE
ITEM-022516,LISTING_tc-hss_2btbl-16w8p-01-ws-1_3a531613-f188-4883-b1d8-c7cb9d9893b6.jpg,2007-2016-toyota-tundra-6-5-tonneau-cover-led-bed-light-kit,2007-2016 Toyota Tundra 6.5 ft Bed Tonneau Cover & LED Light Kit,https://cdn.shopify.com/s/files/1/0724/2638/9551/files/LISTING_tc-hss_2btbl-16w8p-01-ws-1_3a531613-f188-4883-b1d8-c7cb9d9893b6.jpg?v=1773342796,ACTIVE
ITEM-029727,LISTING_tc-lth-ws-2_64b65602-2298-41e4-9ed9-fe4774ee2de0.jpg,2007-2013-toyota-tundra-6-5-ft-bed-hard-tri-fold-tonneau-cover,2007-2016 Toyota Tundra 6.5 ft Bed Tonneau Cover - Hard Tri-Fold,https://cdn.shopify.com/s/files/1/0724/2638/9551/files/LISTING_tc-lth-ws-2_64b65602-2298-41e4-9ed9-fe4774ee2de0.jpg?v=1773342835,ACTIVE
ITEM-030211,LISTING_tc-lth-ws-2_4fa05baf-9846-4b1e-b3ef-faf568054fa2.jpg,2007-2013-toyota-tundra-6-5ft-tri-fold-tonneau-cover-w-led-lights,2007-2016 Toyota Tundra 6.5 ft Bed Tonneau Cover Combo w/ LED Lights,https://cdn.shopify.com/s/files/1/0724/2638/9551/files/LISTING_tc-lth-ws-2_4fa05baf-9846-4b1e-b3ef-faf568054fa2.jpg?v=1773342861,ACTIVE
ITEM-029936,hlnb-tun07lbw-cha-2.jpg,07-13-toyota-tundra-08-15-sequoia-chrome-led-crystal-headlights,2007-2017 Toyota Tundra & Sequoia LED Crystal Headlights - Chrome,https://cdn.shopify.com/s/files/1/0724/2638/9551/files/hlnb-tun07lbw-cha-2.jpg?v=1776216601,ACTIVE
ITEM-030133,hlnb-tun07lsq-cha-2.jpg,07-13-toyota-tundra-08-15-sequoia-chrome-led-headlights-sequential,2007-2017 Toyota Tundra Sequoia Crystal LED Headlights - Chrome,https://cdn.shopify.com/s/files/1/0724/2638/9551/files/hlnb-tun07lsq-cha-2.jpg?v=1776216603,ACTIVE
ITEM-029937,hlnb-tun07lbw-jdma-2.jpg,07-13-toyota-tundra-08-15-sequoia-led-crystal-headlights-black,2007-2017 Toyota Tundra Sequoia LED Crystal Headlights - Black,https://cdn.shopify.com/s/files/1/0724/2638/9551/files/hlnb-tun07lbw-jdma-2.jpg?v=1776216605,ACTIVE
ITEM-030140,hlpnb-tun07lsq-ac-2.jpg,07-13-toyota-tundra-08-15-sequoia-projector-headlights-chrome-led,2007-2017 Toyota Tundra Sequoia Projector Headlights LED - TYTD07DS,https://cdn.shopify.com/s/files/1/0724/2638/9551/files/hlpnb-tun07lsq-ac-2.jpg?v=1776216608,ACTIVE
ITEM-029939,hlpnb-tun07lbw-ab-2.jpg,07-13-toyota-tundra-08-15-sequoia-projector-headlights-black-led-halo,2007-2017 Toyota Tundra Sequoia Projector Headlights LED Halo - Black,https://cdn.shopify.com/s/files/1/0724/2638/9551/files/hlpnb-tun07lbw-ab-2.jpg?v=1776216610,ACTIVE
ITEM-030134,hlnb-tun07lsq-jdma-2.jpg,07-13-toyota-tundra-08-15-sequoia-led-crystal-headlights-black-1,2007-2017 Toyota Tundra/Sequoia Crystal Headlights LED Turn Signal - Black,https://cdn.shopify.com/s/files/1/0724/2638/9551/files/hlnb-tun07lsq-jdma-2.jpg?v=1776216612,ACTIVE
ITEM-025356,tbm-rb-gy-2_66bb1d97-1cfa-49fc-96cc-e4e94c16bdbe.jpg,07-18-silverado-sierra-8-long-bed-pvc-bed-mat-black,2007-2018 Chevy Silverado/GMC Sierra 8 ft Bed PVC Bed Mat,https://cdn.shopify.com/s/files/1/0724/2638/9551/files/tbm-rb-gy-2_66bb1d97-1cfa-49fc-96cc-e4e94c16bdbe.jpg?v=1776217780,ACTIVE
ITEM-021979,th-wran07-c432-2.jpg,2007-2018-jeep-wrangler-class-3-trailer-hitch-black-13432,2007-2018 Jeep Wrangler Class 3 Trailer Hitch - Black | 13432,https://cdn.shopify.com/s/files/1/0724/2638/9551/files/th-wran07-c432-2.jpg?v=1776216615,ACTIVE
ITEM-022850,th-bmount-l2-2_cbf0b0d9-647e-40eb-9205-6620c0c7a3f2.jpg,2007-2018-jeep-wrangler-class-3-trailer-hitch-w-ball-mount-curt,2007-2018 Jeep Wrangler Class 3 Trailer Hitch w/ Ball Mount - CURT,https://cdn.shopify.com/s/files/1/0724/2638/9551/files/th-bmount-l2-2_cbf0b0d9-647e-40eb-9205-6620c0c7a3f2.jpg?v=1776217782,ACTIVE
ITEM-026241,LISTING_sbms-wran074d-mb-ws-1a.jpg,2007-2018-jeep-wrangler-jk-4-door-modular-side-step-bars-matte-black,2007-2018 Jeep Wrangler JK 4-Door Modular Side Step Bars - Matte Black,https://cdn.shopify.com/s/files/1/0724/2638/9551/files/LISTING_sbms-wran074d-mb-ws-1a.jpg?v=1773336314,ACTIVE
ITEM-022854,th-bmount-l2-2_97047ae9-4429-45fb-b22e-d77d06edbf1e.jpg,2007-2019-bmw-x5-x6-class-3-trailer-hitch-ball-mount-kit-curt,2007-2019 BMW X5 X6 Class 3 Trailer Hitch & Ball Mount Kit - CURT,https://cdn.shopify.com/s/files/1/0724/2638/9551/files/th-bmount-l2-2_97047ae9-4429-45fb-b22e-d77d06edbf1e.jpg?v=1776217783,ACTIVE
ITEM-021349,th-x507-c077-2.jpg,2007-2019-bmw-x5-x6-class-3-trailer-hitch-black-13077,2007-2019 BMW X5 X6 Class 3 Trailer Hitch - Black | 13077,https://cdn.shopify.com/s/files/1/0724/2638/9551/files/th-x507-c077-2.jpg?v=1776216617,ACTIVE
ITEM-027906,tbm-rb-v2-2_449e03a9-a59f-481a-9015-fca61473d26c.jpg,2007-2021-toyota-tundra-5-5ft-bed-rubber-mat-lightweight-v2-aa002,2007-2021 Toyota Tundra 5.6 ft Bed Rubber Bed Mat - AA002-V2,https://cdn.shopify.com/s/files/1/0724/2638/9551/files/tbm-rb-v2-2_449e03a9-a59f-481a-9015-fca61473d26c.jpg?v=1776217785,ACTIVE
ITEM-022214,tbm-rb-gy-2_45fe31f9-9541-49c3-b733-8a46bad932af.jpg,2007-2021-toyota-tundra-5-5-bed-rubber-truck-bed-mat-grey,2007-2021 Toyota Tundra 5.6 ft Bed Rubber Bed Mat - Grey,https://cdn.shopify.com/s/files/1/0724/2638/9551/files/tbm-rb-gy-2_45fe31f9-9541-49c3-b733-8a46bad932af.jpg?v=1776217787,ACTIVE
ITEM-027914,tbm-rb-v2-2_ba7a1275-344a-45b7-a26c-1f7022641f7b.jpg,2007-2021-toyota-tundra-6-5ft-bed-rubber-mat-lightweight-v2,2007-2021 Toyota Tundra 6.5 ft Bed Rubber Bed Mat - V2,https://cdn.shopify.com/s/files/1/0724/2638/9551/files/tbm-rb-v2-2_ba7a1275-344a-45b7-a26c-1f7022641f7b.jpg?v=1776217788,ACTIVE
ITEM-022216,tbm-rb-gy-2_f9703be0-fc77-48a2-98a7-c30195dd981f.jpg,2007-2021-toyota-tundra-6-5-bed-rubber-truck-bed-mat-grey,2007-2021 Toyota Tundra 6.5 ft Bed Rubber Truck Bed Mat - Grey,https://cdn.shopify.com/s/files/1/0724/2638/9551/files/tbm-rb-gy-2_f9703be0-fc77-48a2-98a7-c30195dd981f.jpg?v=1776217790,ACTIVE
ITEM-025355,tbm-rb-gy-2_2eecda71-3030-45a6-9d3c-0ad9d25490b9.jpg,2007-2021-toyota-tundra-8-long-bed-pvc-bed-mat-black,2007-2021 Toyota Tundra 8 ft Bed PVC Bed Mat - Black,https://cdn.shopify.com/s/files/1/0724/2638/9551/files/tbm-rb-gy-2_2eecda71-3030-45a6-9d3c-0ad9d25490b9.jpg?v=1776217792,ACTIVE
ITEM-027915,tbm-rb-v2-2_e4bb80fb-c5be-43c1-8edc-6f1948abbd92.jpg,2007-2021-toyota-tundra-8ft-bed-rubber-mat-lightweight-v2-aa030,2007-2021 Toyota Tundra 8 ft Bed Rubber Bed Mat - AA030-V2,https://cdn.shopify.com/s/files/1/0724/2638/9551/files/tbm-rb-v2-2_e4bb80fb-c5be-43c1-8edc-6f1948abbd92.jpg?v=1776217793,ACTIVE
ITEM-026239,LISTING_sbms-tun07cc-mb-ws-1a.jpg,2007-2018-toyota-tundra-crewmax-modular-step-bars-matte-black,2007-2021 Toyota Tundra CrewMax Modular Side Step Bars - Matte Black,https://cdn.shopify.com/s/files/1/0724/2638/9551/files/LISTING_sbms-tun07cc-mb-ws-1a.jpg?v=1773336288,ACTIVE
ITEM-026240,LISTING_sbms-tun07dc-mb-ws-1a.jpg,2007-2018-toyota-tundra-double-cab-modular-side-step-bars-matte-black,2007-2021 Toyota Tundra Double Cab Modular Side Steps - Matte Black,https://cdn.shopify.com/s/files/1/0724/2638/9551/files/LISTING_sbms-tun07dc-mb-ws-1a.jpg?v=1773336306,ACTIVE
ITEM-032575,th-wran07-c392-st-2.jpg,2007-2024-jeep-wrangler-jk-jl-2-trailer-hitch-receiver-class-3,"2007-2024 Jeep Wrangler JK & JL 2"" Trailer Hitch Receiver Class 3",https://cdn.shopify.com/s/files/1/0724/2638/9551/files/th-wran07-c392-st-2.jpg?v=1776216619,ACTIVE
ITEM-000879,fggg-grzt-ave08-me-bk-2.jpg,2008-2010-dodge-avenger-front-grille-matte-black-replacement,2008-2010 Dodge Avenger Front Grille - Matte Black Replacement,https://cdn.shopify.com/s/files/1/0724/2638/9551/files/fggg-grzt-ave08-me-bk-2.jpg?v=1776216621,ACTIVE
ITEM-026456,bghd-al-mbba-2_20bb316c-625b-46c8-93a8-7dcd30f7f4cd.jpg,2008-2010-ford-super-duty-advanced-bull-guard-w-led-light-bar,2008-2010 Ford Super Duty Advanced Bull Guard w/LED Light Bar,https://cdn.shopify.com/s/files/1/0724/2638/9551/files/bghd-al-mbba-2_20bb316c-625b-46c8-93a8-7dcd30f7f4cd.jpg?v=1776217795,ACTIVE
ITEM-024958,bghd-av-mb-2_3c79cc9b-c858-4b21-a87f-7e1452f4fc19.jpg,2008-2010-ford-super-duty-advanced-series-bull-guard-matte-black,2008-2010 Ford Super Duty Advanced Series Bull Guard - Matte Black,https://cdn.shopify.com/s/files/1/0724/2638/9551/files/bghd-av-mb-2_3c79cc9b-c858-4b21-a87f-7e1452f4fc19.jpg?v=1776217796,ACTIVE
ITEM-026457,bghd-al-mb-2_84659985-04c7-4ea1-a469-24388f125fcf.jpg,2008-2010-ford-super-duty-advanced-series-bull-guard-matte-black-led,2008-2010 Ford Super Duty Advanced Series Bull Guard - Matte Black LED,https://cdn.shopify.com/s/files/1/0724/2638/9551/files/bghd-al-mb-2_84659985-04c7-4ea1-a469-24388f125fcf.jpg?v=1776217798,ACTIVE
ITEM-024572,bghd-am-mb-2_2af8388d-73f6-4a0f-bd87-c5d2854666cb.jpg,2008-2010-ford-super-duty-f-250-f-350-bull-guard-matte-black,2008-2010 Ford Super Duty F-250/F-350 Bull Guard Matte Black,https://cdn.shopify.com/s/files/1/0724/2638/9551/files/bghd-am-mb-2_2af8388d-73f6-4a0f-bd87-c5d2854666cb.jpg?v=1776217800,ACTIVE
ITEM-000718,fg-acc084d-me-bk-2.jpg,2008-2010-honda-accord-4-door-sedan-front-grille-matte-black,2008-2010 Honda Accord 4-Door Sedan Front Grille - Matte Black,https://cdn.shopify.com/s/files/1/0724/2638/9551/files/fg-acc084d-me-bk-2.jpg?v=1776216623,ACTIVE
ITEM-009390,fg-acc084d-mu-bk-2.jpg,2008-2010-honda-accord-sedan-front-grille-matte-black,2008-2010 Honda Accord Sedan Front Grille - Matte Black,https://cdn.shopify.com/s/files/1/0724/2638/9551/files/fg-acc084d-mu-bk-2.jpg?v=1776216626,ACTIVE
ITEM-026750,bghd-al-mb-2_80f4b965-3822-454a-b802-d4236c207b48.jpg,2008-2010-jeep-grand-cherokee-advanced-bull-guard-w-led-light-bar,2008-2010 Jeep Grand Cherokee Advanced Bull Guard w/ LED Light Bar,https://cdn.shopify.com/s/files/1/0724/2638/9551/files/bghd-al-mb-2_80f4b965-3822-454a-b802-d4236c207b48.jpg?v=1776217801,ACTIVE
ITEM-024963,bghd-av-mb-2_5663103d-e3d5-4866-a79d-69736e15880e.jpg,2008-2010-jeep-grand-cherokee-advanced-series-bull-guard-matte-black,2008-2010 Jeep Grand Cherokee Advanced Series Bull Guard - Matte Black,https://cdn.shopify.com/s/files/1/0724/2638/9551/files/bghd-av-mb-2_5663103d-e3d5-4866-a79d-69736e15880e.jpg?v=1776217803,ACTIVE
ITEM-025398,bghd-am-mb_2bflbw-40cree-lb-wh-2_7f72a444-2f92-43dd-ac7d-269d28cc6ec9.jpg,2008-2010-jeep-grand-cherokee-bull-guard-w-led-light-bar-matte-black,2008-2010 Jeep Grand Cherokee Bull Guard w/ LED Light Bar - Matte Black,https://cdn.shopify.com/s/files/1/0724/2638/9551/files/bghd-am-mb_2bflbw-40cree-lb-wh-2_7f72a444-2f92-43dd-ac7d-269d28cc6ec9.jpg?v=1776217805,ACTIVE
ITEM-024579,bghd-am-mb-2_31a07ef1-f396-4400-b191-4de69a3ffb15.jpg,2008-2010-jeep-grand-cherokee-bull-guard-w-mesh-skid-plate-matte-black,2008-2010 Jeep Grand Cherokee Bull Guard w/ Mesh Skid Plate - Matte Black,https://cdn.shopify.com/s/files/1/0724/2638/9551/files/bghd-am-mb-2_31a07ef1-f396-4400-b191-4de69a3ffb15.jpg?v=1776217806,ACTIVE
ITEM-023301,th-xd07-a491-2.jpg,2008-2010-scion-xd-class-1-trailer-hitch-black-11491,2008-2010 Scion xD Class 1 Trailer Hitch Black - 11491,https://cdn.shopify.com/s/files/1/0724/2638/9551/files/th-xd07-a491-2.jpg?v=1776216628,ACTIVE
ITEM-029217,fg-gr-a308-rs-mb_2bem-audi-s3-2.jpg,2008-2011-audi-a3-rs-style-front-grille-matte-black-w-logo,2008-2011 Audi A3 RS Style Front Grille Matte Black w/ Logo,https://cdn.shopify.com/s/files/1/0724/2638/9551/files/fg-gr-a308-rs-mb_2bem-audi-s3-2.jpg?v=1776216630,ACTIVE
ITEM-029208,fg-a608-rs-bk_2bem-audi-s3-2.jpg,2008-2011-audi-a6-s6-rs-style-honeycomb-mesh-front-grille-black,2008-2011 Audi A6 S6 RS Style Honeycomb Mesh Front Grille - Black,https://cdn.shopify.com/s/files/1/0724/2638/9551/files/fg-a608-rs-bk_2bem-audi-s3-2.jpg?v=1773330044,ACTIVE
ITEM-029209,fg-a608-rs-mb_2bem-audi-s3-2.jpg,2008-2011-audi-a6-s6-rs-style-honeycomb-mesh-front-grille-matte-black,2008-2011 Audi A6 S6 RS Style Honeycomb Mesh Front Grille - Matte Black,https://cdn.shopify.com/s/files/1/0724/2638/9551/files/fg-a608-rs-mb_2bem-audi-s3-2.jpg?v=1776216632,ACTIVE
ITEM-029222,fggg-gr-a508-rs-bk_2bem-audi-s3-2.jpg,2008-2012-audi-a5-s5-front-grille-emblem-gloss-black,2008-2012 Audi A5 S5 Front Grille Emblem - Gloss Black,https://cdn.shopify.com/s/files/1/0724/2638/9551/files/fggg-gr-a508-rs-bk_2bem-audi-s3-2.jpg?v=1776216634,ACTIVE
ITEM-021814,th-lib08-c245-2.jpg,2008-2012-jeep-liberty-class-3-trailer-hitch-black-mpn-13245,2008-2012 Jeep Liberty Class 3 Trailer Hitch - Black | MPN 13245,https://cdn.shopify.com/s/files/1/0724/2638/9551/files/th-lib08-c245-2.jpg?v=1776216637,ACTIVE
ITEM-022824,th-bmount-l2-2_14d09cec-6e61-44a3-b6d9-5cee97043978.jpg,2008-2012-jeep-liberty-class-3-trailer-hitch-w-ball-mount-curt,2008-2012 Jeep Liberty Class 3 Trailer Hitch w/ Ball Mount - CURT,https://cdn.shopify.com/s/files/1/0724/2638/9551/files/th-bmount-l2-2_14d09cec-6e61-44a3-b6d9-5cee97043978.jpg?v=1776217808,ACTIVE
ITEM-023638,th-alt082d-a357-2.jpg,2008-2013-nissan-altima-coupe-class-1-trailer-hitch-black,2008-2013 Nissan Altima Coupe Class 1 Trailer Hitch - Black,https://cdn.shopify.com/s/files/1/0724/2638/9551/files/th-alt082d-a357-2.jpg?v=1776216639,ACTIVE
ITEM-022566,th-high08-c534-2.jpg,2008-2013-toyota-highlander-class-3-trailer-hitch-black-13534,2008-2013 Toyota Highlander Class 3 Trailer Hitch - Black | 13534,https://cdn.shopify.com/s/files/1/0724/2638/9551/files/th-high08-c534-2.jpg?v=1776216641,ACTIVE
ITEM-022816,th-bmount-l2-2_ae117f90-ac0f-44c9-aed8-7757f6c51044.jpg,2008-2013-toyota-highlander-class-3-trailer-hitch-w-ball-mount-curt,2008-2013 Toyota Highlander Class 3 Trailer Hitch w/ Ball Mount - CURT,https://cdn.shopify.com/s/files/1/0724/2638/9551/files/th-bmount-l2-2_ae117f90-ac0f-44c9-aed8-7757f6c51044.jpg?v=1776217809,ACTIVE
ITEM-023720,th-acc08-a496-2.jpg,2008-2014-honda-accord-acura-tl-tsx-class-1-trailer-hitch,2008-2014 Honda Accord Acura TL TSX Class 1 Trailer Hitch - 11496,https://cdn.shopify.com/s/files/1/0724/2638/9551/files/th-acc08-a496-2.jpg?v=1776216643,ACTIVE
ITEM-030334,tbm-rb-gy-2_ba4e3955-0dc4-495f-8bae-50696398f226.jpg,2008-2015-nissan-titan-7-2ft-bed-rubber-mat-diamond-plate,2008-2015 Nissan Titan 7.2 ft Bed Rubber Bed Mat - Diamond Plate,https://cdn.shopify.com/s/files/1/0724/2638/9551/files/tbm-rb-gy-2_ba4e3955-0dc4-495f-8bae-50696398f226.jpg?v=1776217811,ACTIVE
ITEM-031043,tbm-rb-v2-2_49e70a71-3745-4c5d-851f-2284348d1eac.jpg,2008-2015-nissan-titan-7-2-bed-rubber-truck-bed-mat-lightweight-v2,2008-2015 Nissan Titan 7.2 ft Bed Rubber Truck Bed Mat - V2,https://cdn.shopify.com/s/files/1/0724/2638/9551/files/tbm-rb-v2-2_49e70a71-3745-4c5d-851f-2284348d1eac.jpg?v=1776217813,ACTIVE
ITEM-023536,th-xb08-b490-2.jpg,2008-2015-scion-xb-class-2-trailer-hitch-black-mpn-12490,2008-2015 Scion xB Class 2 Trailer Hitch - Black | MPN 12490,https://cdn.shopify.com/s/files/1/0724/2638/9551/files/th-xb08-b490-2.jpg?v=1776216645,ACTIVE
ITEM-021572,th-acad07-c424-2.jpg,2008-2017-buick-enclave-chevrolet-traverse-class-3-trailer-hitch,2008-2017 Buick Enclave & Chevy Traverse Class 3 Trailer Hitch - Black,https://cdn.shopify.com/s/files/1/0724/2638/9551/files/th-acad07-c424-2.jpg?v=1776216647,ACTIVE
ITEM-022798,th-acad07-c424-2_4ed45589-a082-4a75-b196-4f260f1e62d6.jpg,2008-2017-buick-enclave-chevy-traverse-class-3-hitch-kit-curt,2008-2017 Buick Enclave & Chevy Traverse Class 3 Trailer Hitch - CURT,https://cdn.shopify.com/s/files/1/0724/2638/9551/files/th-acad07-c424-2_4ed45589-a082-4a75-b196-4f260f1e62d6.jpg?v=1776217814,ACTIVE
ITEM-028757,fmr-3p-hb-2_7236f83b-1635-40a3-880c-8470dae8d5b3.jpg,2008-2017-buick-enclave-hex-style-all-weather-rubber-floor-mats-4pc,2008-2017 Buick Enclave All Weather Rubber Floor Mats 4PC - Black,https://cdn.shopify.com/s/files/1/0724/2638/9551/files/fmr-3p-hb-2_7236f83b-1635-40a3-880c-8470dae8d5b3.jpg?v=1776217816,ACTIVE
ITEM-021982,th-rog08-c204-2.jpg,2008-2020-nissan-rogue-class-3-trailer-hitch-black-13204,2008-2020 Nissan Rogue Class 3 Trailer Hitch - Black 13204,https://cdn.shopify.com/s/files/1/0724/2638/9551/files/th-rog08-c204-2.jpg?v=1776216649,ACTIVE
ITEM-022837,th-bmount-l2-2_754c68c1-bf58-4925-b7dc-867266c2c790.jpg,2008-2020-nissan-rogue-class-3-trailer-hitch-w-ball-mount,2008-2020 Nissan Rogue Class 3 Trailer Hitch w/ Ball Mount,https://cdn.shopify.com/s/files/1/0724/2638/9551/files/th-bmount-l2-2_754c68c1-bf58-4925-b7dc-867266c2c790.jpg?v=1776217818,ACTIVE
ITEM-029213,fggg-gr-a409-rs-mb_2bem-audi-s3-2.jpg,2009-2012-audi-a4-front-grill-emblem-matte-black,2009-2012 Audi A4 Front Grill Emblem - Matte Black,https://cdn.shopify.com/s/files/1/0724/2638/9551/files/fggg-gr-a409-rs-mb_2bem-audi-s3-2.jpg?v=1776216651,ACTIVE
ITEM-029212,fggg-gr-a409-rs-bk_2bem-audi-s3-2.jpg,2009-2012-audi-a4-front-grille-emblem-with-s3-badge-black,2009-2012 Audi A4 Front Grille Emblem with S3 Badge - Black,https://cdn.shopify.com/s/files/1/0724/2638/9551/files/fggg-gr-a409-rs-bk_2bem-audi-s3-2.jpg?v=1776216654,ACTIVE
ITEM-009748,fggg-grzt-ram09-me-ch-2.jpg,2009-2012-dodge-ram-1500-front-grille-chrome-mesh-style,2009-2012 Dodge Ram 1500 Front Grille Guard - GRZT,https://cdn.shopify.com/s/files/1/0724/2638/9551/files/fggg-grzt-ram09-me-ch-2.jpg?v=1776216656,ACTIVE
ITEM-010725,fggg-grzt-ram09-me-bk-2.jpg,09-12-dodge-ram-1500-mesh-style-front-grille-black,2009-2012 Dodge Ram 1500 Mesh Front Grille - Black,https://cdn.shopify.com/s/files/1/0724/2638/9551/files/fggg-grzt-ram09-me-bk-2.jpg?v=1776216658,ACTIVE
ITEM-023248,th-f15009-d002-2.jpg,2009-2014-ford-f-150-class-4-trailer-hitch-black-mpn-14002,2009-2014 Ford F-150 Class 4 Trailer Hitch - Black | MPN 14002,https://cdn.shopify.com/s/files/1/0724/2638/9551/files/th-f15009-d002-2.jpg?v=1776216660,ACTIVE
ITEM-025568,th-bmount-l2-2_3f28afa3-f895-4251-ba14-2ea77b22692d.jpg,2009-2014-ford-f-150-class-4-trailer-hitch-w-ball-mount-curt,2009-2014 Ford F-150 Class 4 Trailer Hitch w/ Ball Mount - CURT,https://cdn.shopify.com/s/files/1/0724/2638/9551/files/th-bmount-l2-2_3f28afa3-f895-4251-ba14-2ea77b22692d.jpg?v=1776217819,ACTIVE
ITEM-020252,sbhd-f15009cc-4-bk-2.jpg,2009-2014-ford-f-150-supercrew-4-step-bars-black-sbfd5003-4s,"2009-2014 Ford F-150 Crew Cab 4"" Side Step Bars - Black",https://cdn.shopify.com/s/files/1/0724/2638/9551/files/sbhd-f15009cc-4-bk-2.jpg?v=1776216662,ACTIVE
ITEM-028086,hlplnb-f15009fled-ab-2.jpg,2009-2014-ford-f-150-full-led-projector-headlights-black-amber,2009-2014 Ford F-150 Full LED Projector Headlights Black Amber,https://cdn.shopify.com/s/files/1/0724/2638/9551/files/hlplnb-f15009fled-ab-2.jpg?v=1776216665,ACTIVE
ITEM-021077,sbhd-f15009cc-4-mb-2.jpg,2009-2014-ford-f-150-supercrew-4-step-bars-matte-black,"2009-2014 Ford F-150 SuperCrew 4"" Step Bars - Matte Black",https://cdn.shopify.com/s/files/1/0724/2638/9551/files/sbhd-f15009cc-4-mb-2.jpg?v=1776216667,ACTIVE
ITEM-021578,th-mur09-c577-2.jpg,2009-2014-nissan-murano-class-3-trailer-hitch-black-mpn-13577,2009-2014 Nissan Murano Class 3 Trailer Hitch - Black | MPN 13577,https://cdn.shopify.com/s/files/1/0724/2638/9551/files/th-mur09-c577-2.jpg?v=1776216669,ACTIVE
ITEM-022829,th-bmount-l2-2_8a261622-c13a-4229-8a78-ed47ea1ad794.jpg,2009-2014-nissan-murano-class-3-trailer-hitch-w-ball-mount-curt,2009-2014 Nissan Murano Class 3 Trailer Hitch w/ Ball Mount - CURT,https://cdn.shopify.com/s/files/1/0724/2638/9551/files/th-bmount-l2-2_8a261622-c13a-4229-8a78-ed47ea1ad794.jpg?v=1776217821,ACTIVE
ITEM-021389,th-cara08-c364-2.jpg,class-3-trailer-hitch-for-2009-2015-ram-c-v-volkswagen-routan,2009-2015 Dodge Ram C/V & VW Routan Class 3 Trailer Hitch - Black,https://cdn.shopify.com/s/files/1/0724/2638/9551/files/th-cara08-c364-2.jpg?v=1776216671,ACTIVE
ITEM-026747,bghd-al-mb-2_1bf779cd-8ee5-4516-8451-739c3d11d843.jpg,2009-2015-honda-pilot-advanced-bull-guard-w-led-light-bar-matte-black,2009-2015 Honda Pilot Advanced Bull Guard w/ LED Light Bar - Matte Black,https://cdn.shopify.com/s/files/1/0724/2638/9551/files/bghd-al-mb-2_1bf779cd-8ee5-4516-8451-739c3d11d843.jpg?v=1776217822,ACTIVE
ITEM-025070,bghd-av-mb-2_5db88aca-bcc7-46d1-8cde-c223fbda375a.jpg,2009-2015-honda-pilot-advanced-series-bull-guard-w-skid-plate-matte-black,2009-2015 Honda Pilot Advanced Series Bull Guard w/ Skid Plate - Matte Black,https://cdn.shopify.com/s/files/1/0724/2638/9551/files/bghd-av-mb-2_5db88aca-bcc7-46d1-8cde-c223fbda375a.jpg?v=1776217824,ACTIVE
ITEM-025259,bghd-am-mb_2bflbw-40cree-lb-wh-2_90c1cbca-030e-4f84-8fa2-8328535d0fef.jpg,2009-2015-honda-pilot-bull-guard-w-led-light-bar-matte-black,2009-2015 Honda Pilot Bull Guard w/ LED Light Bar - Matte Black,https://cdn.shopify.com/s/files/1/0724/2638/9551/files/bghd-am-mb_2bflbw-40cree-lb-wh-2_90c1cbca-030e-4f84-8fa2-8328535d0fef.jpg?v=1776217825,ACTIVE
ITEM-024548,bghd-am-mb-2_5f0c0490-d162-4ae9-8911-f719dab485c1.jpg,2009-2015-honda-pilot-bull-guard-w-mesh-skid-plate-matte-black,2009-2015 Honda Pilot Bull Guard w/ Mesh Skid Plate - Matte Black,https://cdn.shopify.com/s/files/1/0724/2638/9551/files/bghd-am-mb-2_5f0c0490-d162-4ae9-8911-f719dab485c1.jpg?v=1776217827,ACTIVE
ITEM-023085,th-jour09-c201-2.jpg,2009-2020-dodge-journey-class-3-trailer-hitch-black,2009-2020 Dodge Journey Class 3 Trailer Hitch - Black,https://cdn.shopify.com/s/files/1/0724/2638/9551/files/th-jour09-c201-2.jpg?v=1776216673,ACTIVE
ITEM-023907,th-bmount-l2-2_b1e0e3ec-026f-412c-8cca-ae224e75f4f4.jpg,2009-2020-dodge-journey-class-3-trailer-hitch-w-ball-mount-curt,2009-2020 Dodge Journey Class 3 Trailer Hitch w/ Ball Mount - CURT,https://cdn.shopify.com/s/files/1/0724/2638/9551/files/th-bmount-l2-2_b1e0e3ec-026f-412c-8cca-ae224e75f4f4.jpg?v=1776217829,ACTIVE
ITEM-022906,hlnb-ram09q-ch-2.jpg,2009-2022-dodge-ram-crystal-headlights-chrome-quad-style,2009-2022 Dodge Ram 1500 2500 3500 Crystal Headlights - Chrome,https://cdn.shopify.com/s/files/1/0724/2638/9551/files/hlnb-ram09q-ch-2.jpg?v=1776216676,ACTIVE
ITEM-022905,hlnb-ram09q-jdm-2.jpg,2009-2022-dodge-ram-crystal-black-headlights-quad-style,2009-2022 Dodge Ram 1500 2500 3500 Crystal Headlights Black - JDM,https://cdn.shopify.com/s/files/1/0724/2638/9551/files/hlnb-ram09q-jdm-2.jpg?v=1776216678,ACTIVE
ITEM-022438,LISTING_tc-lru-ws-1_c174ec38-0241-4bce-9bd7-fde1c6b271e8.jpg,09-22-ram-1500-roll-up-tonneau-cover-w-led-bed-lights-5-7-bed,2009-2022 Dodge Ram 1500 5.7 ft Bed Roll-Up Tonneau Cover w/ LED Lights,https://cdn.shopify.com/s/files/1/0724/2638/9551/files/LISTING_tc-lru-ws-1_c174ec38-0241-4bce-9bd7-fde1c6b271e8.jpg?v=1773340366,ACTIVE
ITEM-028911,LISTING_tc-lth-ws-2_46312b33-e947-4280-b77e-5ef52bb45278.jpg,09-18-ram-1500-5-8ft-tri-fold-tonneau-cover-w-led-bed-lights,2009-2022 Dodge Ram 1500 5.7 ft Bed Tonneau Cover - Hard Tri-Fold,https://cdn.shopify.com/s/files/1/0724/2638/9551/files/LISTING_tc-lth-ws-2_46312b33-e947-4280-b77e-5ef52bb45278.jpg?v=1773340399,ACTIVE
ITEM-024881,bghd-av-mbba-2_37bd1c68-b990-4a33-80c7-2a01d745d6f3.jpg,09-22-dodge-ram-1500-advanced-bull-guard-w-skid-plate-matte-black,2009-2022 Dodge Ram 1500 Bull Guard Brushed Chrome Skid Plate Matte Black,https://cdn.shopify.com/s/files/1/0724/2638/9551/files/bghd-av-mbba-2_37bd1c68-b990-4a33-80c7-2a01d745d6f3.jpg?v=1776217830,ACTIVE
ITEM-027296,bghd-al-tb-2_93e78ea9-9579-4997-9669-6cd3cc572399.jpg,09-22-ram-1500-advanced-series-bull-guard-w-led-light-bar,2009-2022 Dodge Ram 1500 Bull Guard LED Light Bar - Advanced,https://cdn.shopify.com/s/files/1/0724/2638/9551/files/bghd-al-tb-2_93e78ea9-9579-4997-9669-6cd3cc572399.jpg?v=1776217832,ACTIVE
ITEM-024539,bghd-am-mb-2_e3afd69d-6291-4c26-9387-158fac768636.jpg,09-22-dodge-ram-1500-bull-guard-w-mesh-skid-plate-matte-black,2009-2022 Dodge Ram 1500 Bull Guard Mesh Skid Plate Matte Black,https://cdn.shopify.com/s/files/1/0724/2638/9551/files/bghd-am-mb-2_e3afd69d-6291-4c26-9387-158fac768636.jpg?v=1776217834,ACTIVE
ITEM-024880,bghd-av-mb-2_48edcd62-1d0f-4c86-ae31-11d586f52fde.jpg,09-22-ram-1500-advanced-series-bull-guard-w-skid-plate-matte-black,2009-2022 Dodge Ram 1500 Bull Guard w/ Skid Plate Matte Black - Advanced Series,https://cdn.shopify.com/s/files/1/0724/2638/9551/files/bghd-av-mb-2_48edcd62-1d0f-4c86-ae31-11d586f52fde.jpg?v=1776217835,ACTIVE
ITEM-026541,bghd-al-mb-2_94b2c28b-a4b8-4fbc-a887-eae2919a6581.jpg,09-22-ram-1500-advanced-series-bull-guard-w-led-light-bar-matte-black,2009-2022 Dodge Ram 1500 Bull Guard w/LED Light Bar Matte Black,https://cdn.shopify.com/s/files/1/0724/2638/9551/files/bghd-al-mb-2_94b2c28b-a4b8-4fbc-a887-eae2919a6581.jpg?v=1776217837,ACTIVE
ITEM-027043,LISTING_rbjz-br-ram09-6p_2brbjz-76-6-oe-mb-ws-1.jpg,2009-2022-ram-1500-76-oe-style-running-boards-matte-black,2009-2022 Dodge Ram 1500 Quad/Extended Cab OE Running Boards Matte Black,https://cdn.shopify.com/s/files/1/0724/2638/9551/files/LISTING_rbjz-br-ram09-6p_2brbjz-76-6-oe-mb-ws-1.jpg?v=1773335623,ACTIVE
ITEM-026940,LISTING_rbjz-br-ram09-6p_2brbjz-76-6-oe-sl-ws-1.jpg,2009-2022-ram-1500-6-oe-style-aluminum-running-boards-polish,2009-2022 Dodge Ram 1500 Quad/Extended Cab Running Boards - Polished Aluminum OE Style,https://cdn.shopify.com/s/files/1/0724/2638/9551/files/LISTING_rbjz-br-ram09-6p_2brbjz-76-6-oe-sl-ws-1.jpg?v=1773335635,ACTIVE
ITEM-026939,LISTING_rbjz-br-ram09-6p_2brbjz-76-5-ti-mb-ws-1.jpg,2009-2022-ram-1500-5-aluminum-running-boards-matte-black-rbjz,2009-2022 Dodge Ram 1500 Quad/Extended Cab Running Boards Matte Black,https://cdn.shopify.com/s/files/1/0724/2638/9551/files/LISTING_rbjz-br-ram09-6p_2brbjz-76-5-ti-mb-ws-1.jpg?v=1773335605,ACTIVE
ITEM-026942,LISTING_rbjz-br-ram09-6p_2brbjz-86-6-oe-mb-ws-1.jpg,09-22-dodge-ram-1500-5500-crew-cab-oe-style-running-boards,2009-2022 Dodge Ram 1500-5500 Crew Cab OE Running Boards - Matte Black,https://cdn.shopify.com/s/files/1/0724/2638/9551/files/LISTING_rbjz-br-ram09-6p_2brbjz-86-6-oe-mb-ws-1.jpg?v=1773335663,ACTIVE
ITEM-026943,LISTING_rbjz-br-ram09-6p_2brbjz-86-6-oe-sl-ws-1.jpg,09-22-dodge-ram-1500-5500-crew-cab-oe-style-running-boards-silver,2009-2022 Dodge Ram 1500-5500 Crew Cab OE Running Boards Silver,https://cdn.shopify.com/s/files/1/0724/2638/9551/files/LISTING_rbjz-br-ram09-6p_2brbjz-86-6-oe-sl-ws-1.jpg?v=1773335683,ACTIVE
ITEM-026941,LISTING_rbjz-br-ram09-6p_2brbjz-86-5-ti-mb-ws-1.jpg,09-22-dodge-ram-1500-5500-crew-cab-86-aluminum-running-boards,2009-2022 Dodge Ram 1500-5500 Crew Cab Running Boards - TI Style Matte Black,https://cdn.shopify.com/s/files/1/0724/2638/9551/files/LISTING_rbjz-br-ram09-6p_2brbjz-86-5-ti-mb-ws-1.jpg?v=1773335650,ACTIVE
ITEM-014326,tc-lru-2_4ebcd5bc-a8fe-4898-8996-228ceb8899e3.jpg,09-22-ram-1500-5-7-bed-roll-up-vinyl-tonneau-cover-503353,2009-2022 Dodge Ram 1500/2500/3500 5.7 ft Bed Roll-Up Tonneau Cover,https://cdn.shopify.com/s/files/1/0724/2638/9551/files/tc-lru-2_4ebcd5bc-a8fe-4898-8996-228ceb8899e3.jpg?v=1776217838,ACTIVE
ITEM-028032,LISTING_tc-lth-ws-2_f4b59c26-f8f3-48d7-900f-8661240a62ce.jpg,09-18-ram-1500-5-8ft-bed-hard-tri-fold-tonneau-cover-243353,2009-2022 Dodge Ram 1500/2500/3500 5.7 ft Bed Tonneau Cover - Hard Tri-Fold,https://cdn.shopify.com/s/files/1/0724/2638/9551/files/LISTING_tc-lth-ws-2_f4b59c26-f8f3-48d7-900f-8661240a62ce.jpg?v=1773340371,ACTIVE
ITEM-014863,tc-lru-2_6155de86-5fc5-4816-812e-a6d13e752bca.jpg,09-22-dodge-ram-1500-2500-3500-6-4-roll-up-tonneau-cover,2009-2022 Dodge Ram 1500/2500/3500 6.4 ft Bed Roll-Up Tonneau Cover,https://cdn.shopify.com/s/files/1/0724/2638/9551/files/tc-lru-2_6155de86-5fc5-4816-812e-a6d13e752bca.jpg?v=1776217840,ACTIVE
ITEM-022443,LISTING_tc-lru_2btbl-16w8p-01-ws-1_4926b22f-a7cd-4c68-a100-de49f54632cc.jpg,09-22-ram-1500-2500-3500-roll-up-tonneau-cover-w-led-bed-lights,2009-2022 Dodge Ram 1500/2500/3500 6.4 ft Bed Roll-Up Tonneau Cover with LED Lights Combo,https://cdn.shopify.com/s/files/1/0724/2638/9551/files/LISTING_tc-lru_2btbl-16w8p-01-ws-1_4926b22f-a7cd-4c68-a100-de49f54632cc.jpg?v=1773340435,ACTIVE
ITEM-027116,LISTING_hlplnb-ram09fled-ab-ws-1.jpg,2009-2022-dodge-ram-full-led-projector-headlights-black-amber,2009-2022 Dodge Ram 1500/2500/3500 Full LED Projector Headlights - Black,https://cdn.shopify.com/s/files/1/0724/2638/9551/files/LISTING_hlplnb-ram09fled-ab-ws-1.jpg?v=1773334876,ACTIVE
ITEM-028031,LISTING_tc-lth-ws-2_3b1762af-8f92-492e-8eb3-769028241dac.jpg,09-18-dodge-ram-1500-6-5-bed-hard-tri-fold-tonneau-cover-243354,2009-2022 Dodge Ram 6.4 ft Bed Hard Tri-Fold Tonneau Cover,https://cdn.shopify.com/s/files/1/0724/2638/9551/files/LISTING_tc-lth-ws-2_3b1762af-8f92-492e-8eb3-769028241dac.jpg?v=1773340438,ACTIVE
ITEM-028906,LISTING_tc-lth-ws-2_a5d37944-5438-4418-9a17-4499de44c969.jpg,09-18-ram-1500-6-5ft-bed-tri-fold-tonneau-cover-w-led-lights,2009-2022 Dodge Ram 6.4 ft Bed Hard Tri-Fold Tonneau Cover - Combo,https://cdn.shopify.com/s/files/1/0724/2638/9551/files/LISTING_tc-lth-ws-2_a5d37944-5438-4418-9a17-4499de44c969.jpg?v=1773340471,ACTIVE
ITEM-031809,LISTING_tc-fru2_2btbl-16w8p-01-ws-1_59bf87a7-6d8a-4717-b853-b9a1a81eda03.jpg,09-18-ram-1500-5-8-bed-flush-roll-up-tonneau-cover-w-led-lights,2009-2023 Dodge Ram 1500 5.7 ft Bed Flush Roll-Up Tonneau Cover,https://cdn.shopify.com/s/files/1/0724/2638/9551/files/LISTING_tc-fru2_2btbl-16w8p-01-ws-1_59bf87a7-6d8a-4717-b853-b9a1a81eda03.jpg?v=1773340330,ACTIVE
ITEM-031238,sbms-detail-2.jpg,dodge-ram-quad-cab-modular-drop-step-bars-w-led-lights-matte-black,2009-2023 Dodge Ram 1500 Quad Cab Modular Step Bars w/ LED - Matte Black,https://cdn.shopify.com/s/files/1/0724/2638/9551/files/sbms-detail-2.jpg?v=1776216680,ACTIVE
ITEM-026229,LISTING_sbms-ram09cc-mb-ws-1a.jpg,09-18-dodge-ram-1500-2500-3500-crew-cab-modular-step-bars-matte-black,2009-2023 Dodge Ram 1500-3500 Crew Cab Modular Side Step Bars - Matte Black,https://cdn.shopify.com/s/files/1/0724/2638/9551/files/LISTING_sbms-ram09cc-mb-ws-1a.jpg?v=1773336171,ACTIVE
ITEM-030833,tc-fru2-2_f1bc69ac-6c53-4cd1-85df-0a08f49ed9d2.jpg,09-18-ram-1500-5-8ft-flush-roll-up-vinyl-tonneau-cover-133353,2009-2023 Dodge Ram 1500/2500/3500 5.7 ft Bed Tonneau Cover,https://cdn.shopify.com/s/files/1/0724/2638/9551/files/tc-fru2-2_f1bc69ac-6c53-4cd1-85df-0a08f49ed9d2.jpg?v=1776217841,ACTIVE
ITEM-026230,LISTING_sbms-ram09qc-mb-ws-1a.jpg,09-18-dodge-ram-1500-2500-3500-quad-cab-modular-side-step-bars,2009-2023 Dodge Ram 1500/2500/3500 Quad Cab Side Step Bars - Matte Black,https://cdn.shopify.com/s/files/1/0724/2638/9551/files/LISTING_sbms-ram09qc-mb-ws-1a.jpg?v=1773336189,ACTIVE
ITEM-030327,hlpnb-ram09lsq-ab-2.jpg,09-18-dodge-ram-projector-headlights-sequential-led-turn-signal-black,2009-2024 Dodge Ram 1500 2500 3500 Projector Headlights - Black,https://cdn.shopify.com/s/files/1/0724/2638/9551/files/hlpnb-ram09lsq-ab-2.jpg?v=1776216682,ACTIVE
ITEM-030325,hlpnb-ram09lbw-ab-2.jpg,09-18-dodge-ram-projector-headlights-led-light-bar-black-dgpu09d,2009-2024 Dodge Ram 1500 2500 3500 Projector Headlights LED - Black,https://cdn.shopify.com/s/files/1/0724/2638/9551/files/hlpnb-ram09lbw-ab-2.jpg?v=1776216684,ACTIVE
ITEM-030326,hlpnb-ram09lsq-ac-2.jpg,09-18-dodge-ram-sequential-led-projector-headlights-chrome,2009-2024 Dodge Ram 1500 2500 3500 Projector Headlights Sequential LED - Chrome,https://cdn.shopify.com/s/files/1/0724/2638/9551/files/hlpnb-ram09lsq-ac-2.jpg?v=1776216686,ACTIVE
ITEM-029699,hlnb-ram09lsq-jdma-2.jpg,09-18-dodge-ram-crystal-headlights-sequential-led-turn-signal-black,2009-2024 Dodge Ram 1500/2500/3500 Crystal Headlights Sequential LED - JDMA,https://cdn.shopify.com/s/files/1/0724/2638/9551/files/hlnb-ram09lsq-jdma-2.jpg?v=1776216688,ACTIVE
ITEM-029545,hlnb-ram09lbw-jdma-2.jpg,09-18-dodge-ram-crystal-headlights-w-led-light-bar-black,2009-2024 Dodge Ram Crystal Headlights LED Light Bar Black,https://cdn.shopify.com/s/files/1/0724/2638/9551/files/hlnb-ram09lbw-jdma-2.jpg?v=1776216690,ACTIVE
ITEM-029698,hlnb-ram09lsq-cha-2.jpg,09-18-dodge-ram-chrome-crystal-headlights-sequential-led-turn-signal,2009-2024 Dodge Ram Crystal Headlights Sequential LED Chrome,https://cdn.shopify.com/s/files/1/0724/2638/9551/files/hlnb-ram09lsq-cha-2.jpg?v=1776216692,ACTIVE
ITEM-029546,hlnb-ram09lbw-cha-2.jpg,09-18-dodge-ram-chrome-crystal-headlights-w-led-light-bar,2009-2024 Dodge Ram Crystal Headlights w/ LED Bar Chrome,https://cdn.shopify.com/s/files/1/0724/2638/9551/files/hlnb-ram09lbw-cha-2.jpg?v=1776216689,ACTIVE
ITEM-000828,fggg-gr-camy10-me-ch-2.jpg,2010-2011-toyota-camry-front-grille-chrome-mesh-style,2010-2011 Toyota Camry Front Grille - Chrome Mesh Style,https://cdn.shopify.com/s/files/1/0724/2638/9551/files/fggg-gr-camy10-me-ch-2.jpg?v=1776216695,ACTIVE
ITEM-013824,fggg-gr-camy10-me-bk-2.jpg,2010-2011-toyota-camry-mesh-front-grille-black,2010-2011 Toyota Camry Mesh Front Grille - Black,https://cdn.shopify.com/s/files/1/0724/2638/9551/files/fggg-gr-camy10-me-bk-2.jpg?v=1776216697,ACTIVE
ITEM-013823,fggg-gr-camy10-vt-bk-2.jpg,2010-2011-toyota-camry-vertical-front-grille-black,2010-2011 Toyota Camry Vertical Front Grille - Black,https://cdn.shopify.com/s/files/1/0724/2638/9551/files/fggg-gr-camy10-vt-bk-2.jpg?v=1776216699,ACTIVE
ITEM-000987,fggg-gr-sona10-h-ch-2.jpg,2010-2013-hyundai-sonata-front-grille-chrome-finish,2010-2013 Hyundai Sonata Front Grille - Chrome Finish,https://cdn.shopify.com/s/files/1/0724/2638/9551/files/fggg-gr-sona10-h-ch-2.jpg?v=1776216701,ACTIVE
ITEM-025596,th-bmount-l2-2_75b16010-4f38-473b-b504-319a10d9c726.jpg,2010-2013-kia-sorento-hyundai-santa-fe-class-3-hitch-ball-mount,2010-2013 Kia Sorento Hyundai Santa Fe Class 3 Hitch & Ball Mount,https://cdn.shopify.com/s/files/1/0724/2638/9551/files/th-bmount-l2-2_75b16010-4f38-473b-b504-319a10d9c726.jpg?v=1776217843,ACTIVE
ITEM-023532,th-sore11-c073-2.jpg,2010-2013-kia-sorento-hyundai-santa-fe-class-3-trailer-hitch,2010-2013 Kia Sorento Hyundai Santa Fe Class 3 Trailer Hitch,https://cdn.shopify.com/s/files/1/0724/2638/9551/files/th-sore11-c073-2.jpg?v=1776216703,ACTIVE
ITEM-027845,thw-soul07-4w-ef220-2.jpg,2010-2013-kia-soul-class-1-trailer-hitch-wiring-combo-black,2010-2013 Kia Soul Class 1 Trailer Hitch & Wiring Combo - Black,https://cdn.shopify.com/s/files/1/0724/2638/9551/files/thw-soul07-4w-ef220-2.jpg?v=1776216700,ACTIVE
ITEM-024057,th-soul10-a110-2.jpg,2010-2013-kia-soul-class-1-trailer-hitch-black-mpn-11110,2010-2013 Kia Soul Class 1 Trailer Hitch - Black | MPN 11110,https://cdn.shopify.com/s/files/1/0724/2638/9551/files/th-soul10-a110-2.jpg?v=1776216706,ACTIVE
ITEM-022526,th-lega15-c390-2.jpg,2010-2013-subaru-outback-class-3-trailer-hitch-black-13390,2010-2013 Subaru Outback Class 3 Trailer Hitch - Black | 13390,https://cdn.shopify.com/s/files/1/0724/2638/9551/files/th-lega15-c390-2.jpg?v=1776216708,ACTIVE
ITEM-022822,th-bmount-l2-2_7c68fa9a-2cf6-427a-8f66-aaa5c72926b3.jpg,2010-2013-subaru-outback-class-3-trailer-hitch-combo-w-ball-mount,2010-2013 Subaru Outback Class 3 Trailer Hitch Combo w/ Ball Mount,https://cdn.shopify.com/s/files/1/0724/2638/9551/files/th-bmount-l2-2_7c68fa9a-2cf6-427a-8f66-aaa5c72926b3.jpg?v=1776217845,ACTIVE
ITEM-022902,fg-golf08lo-me-mb-2.jpg,2010-2014-vw-golf-mk6-jetta-front-grille-matte-black,2010-2013 Volkswagen Golf MK6 Front Grille - Matte Black,https://cdn.shopify.com/s/files/1/0724/2638/9551/files/fg-golf08lo-me-mb-2.jpg?v=1776216710,ACTIVE
ITEM-009395,fg-golf08lo-me-bk-2.jpg,2010-2014-vw-golf-mk6-jetta-front-lower-bumper-grille-black,2010-2014 Volkswagen Golf MK6 Front Lower Bumper Grille - Black,https://cdn.shopify.com/s/files/1/0724/2638/9551/files/fg-golf08lo-me-bk-2.jpg?v=1776216705,ACTIVE
ITEM-022086,th-spo11-c120-2.jpg,2010-2015-hyundai-tucson-adjustable-trailer-hitch-black-13120,2010-2015 Hyundai Tucson Adjustable Trailer Hitch Black - 13120,https://cdn.shopify.com/s/files/1/0724/2638/9551/files/th-spo11-c120-2.jpg?v=1776216707,ACTIVE
ITEM-022844,th-bmount-l2-2_d0bd1d3d-ab65-4827-9242-ce8ab7f8df3c.jpg,2010-2015-hyundai-tucson-trailer-hitch-ball-mount-combo-black,2010-2015 Hyundai Tucson Trailer Hitch & Ball Mount Combo - Black,https://cdn.shopify.com/s/files/1/0724/2638/9551/files/th-bmount-l2-2_d0bd1d3d-ab65-4827-9242-ce8ab7f8df3c.jpg?v=1776217846,ACTIVE
ITEM-027490,thw-tuc10-4w-ef277-2.jpg,2010-2015-hyundai-tucson-trailer-hitch-wiring-harness-combo-kit,2010-2015 Hyundai Tucson Trailer Hitch & Wiring Harness Combo Kit,https://cdn.shopify.com/s/files/1/0724/2638/9551/files/thw-tuc10-4w-ef277-2.jpg?v=1776216682,ACTIVE
ITEM-022162,th-rx35010-c143-2.jpg,2010-2015-lexus-rx350-rx450h-class-3-trailer-hitch-black,2010-2015 Lexus RX350 RX450h Class 3 Trailer Hitch - Black,https://cdn.shopify.com/s/files/1/0724/2638/9551/files/th-rx35010-c143-2.jpg?v=1776216715,ACTIVE
ITEM-022838,th-bmount-l2-2_f756c608-9329-45f0-b514-3e9177566345.jpg,2010-2015-lexus-rx350-rx450h-class-3-trailer-hitch-w-ball-mount,2010-2015 Lexus RX350 RX450h Class 3 Trailer Hitch w/ Ball Mount,https://cdn.shopify.com/s/files/1/0724/2638/9551/files/th-bmount-l2-2_f756c608-9329-45f0-b514-3e9177566345.jpg?v=1776217848,ACTIVE
ITEM-028753,fmr-3p-hb-2_e01b5455-8be3-4f31-92bc-5bbe68b75d0f.jpg,2010-2017-chevy-equinox-all-weather-rubber-floor-mats-3pc-black,2010-2017 Chevrolet Equinox All Weather Rubber Floor Mats 3PC - Black,https://cdn.shopify.com/s/files/1/0724/2638/9551/files/fmr-3p-hb-2_e01b5455-8be3-4f31-92bc-5bbe68b75d0f.jpg?v=1776217850,ACTIVE
ITEM-031411,fmr-1p-hb-2_6d994264-57fc-4003-982e-d3cd5a9e7795.jpg,2010-2017-chevy-equinox-hex-style-rubber-trunk-mat-black-1pc,2010-2017 Chevrolet Equinox All-Weather Rubber Trunk Mat - 1PC,https://cdn.shopify.com/s/files/1/0724/2638/9551/files/fmr-1p-hb-2_6d994264-57fc-4003-982e-d3cd5a9e7795.jpg?v=1776217852,ACTIVE
ITEM-027360,thw-tuc10-4w-ef277-2_e842b758-515b-4df9-abee-ca52e8045067.jpg,2010-2017-hyundai-tucson-trailer-wiring-harness-4-way-t-connector,2010-2017 Hyundai Tucson Trailer Wiring Harness 4-Way T-Connector,https://cdn.shopify.com/s/files/1/0724/2638/9551/files/thw-tuc10-4w-ef277-2_e842b758-515b-4df9-abee-ca52e8045067.jpg?v=1776217853,ACTIVE
ITEM-026421,bghd-av-tb-2_3853fbea-af7f-43d5-ad12-d1d3b4d679df.jpg,2010-2018-ram-dodge-2500-3500-advanced-series-bull-guard-texture-black,2010-2018 Dodge Ram 2500/3500 Bull Guard Advanced Series - Texture Black,https://cdn.shopify.com/s/files/1/0724/2638/9551/files/bghd-av-tb-2_3853fbea-af7f-43d5-ad12-d1d3b4d679df.jpg?v=1776217855,ACTIVE
ITEM-026698,bghd-al-mb-2_93f141f6-213b-4bd2-8a0a-42bbe11917eb.jpg,10-18-ram-2500-3500-advanced-bull-guard-w-led-light-bar-matte-black,2010-2018 Dodge Ram 2500/3500 Bull Guard LED Light Bar - Matte Black,https://cdn.shopify.com/s/files/1/0724/2638/9551/files/bghd-al-mb-2_93f141f6-213b-4bd2-8a0a-42bbe11917eb.jpg?v=1776217856,ACTIVE
ITEM-024557,bghd-am-mb-2_0c04df2e-71af-4a05-9afa-dd7e3f894bb1.jpg,2010-2018-dodge-ram-2500-3500-bull-guard-w-mesh-skid-plate-matte-black,2010-2018 Dodge Ram 2500/3500 Bull Guard Mesh Skid Plate - Matte Black,https://cdn.shopify.com/s/files/1/0724/2638/9551/files/bghd-am-mb-2_0c04df2e-71af-4a05-9afa-dd7e3f894bb1.jpg?v=1776217858,ACTIVE
ITEM-024971,bghd-av-mb-2_1c74be55-19d2-46de-bc3f-7b49e15df038.jpg,2010-2018-dodge-ram-2500-3500-advanced-bull-guard-w-skid-plate,2010-2018 Dodge Ram 2500/3500 Bull Guard w/ Skid Plate - Matte Black,https://cdn.shopify.com/s/files/1/0724/2638/9551/files/bghd-av-mb-2_1c74be55-19d2-46de-bc3f-7b49e15df038.jpg?v=1776217860,ACTIVE
ITEM-024972,bghd-av-mbba-2_ec52100d-8df2-4ee7-8e50-4e40bce3d738.jpg,2010-2018-dodge-ram-2500-3500-advanced-series-bull-guard-matte-black,2010-2018 Dodge Ram 2500/3500 Bull Guard w/Skid Plate - Matte Black,https://cdn.shopify.com/s/files/1/0724/2638/9551/files/bghd-av-mbba-2_ec52100d-8df2-4ee7-8e50-4e40bce3d738.jpg?v=1776217861,ACTIVE
ITEM-026823,LISTING_sbms-ram102500mc-mb-ws-1a.jpg,2010-2018-ram-2500-3500-mega-cab-modular-drop-step-bars-matte-black,2010-2018 Dodge Ram 2500/3500 Mega Cab Modular Side Step Bars - Matte Black,https://cdn.shopify.com/s/files/1/0724/2638/9551/files/LISTING_sbms-ram102500mc-mb-ws-1a.jpg?v=1773336220,ACTIVE
ITEM-026664,fg-ram102500-bh-ch-2.jpg,2010-2018-ram-2500-3500-4500-5500-big-horn-style-chrome-grille,2010-2018 Dodge Ram 2500/3500/4500/5500 Big Horn Grille - Chrome,https://cdn.shopify.com/s/files/1/0724/2638/9551/files/fg-ram102500-bh-ch-2.jpg?v=1776216711,ACTIVE
ITEM-025074,bghd-av-mbba-2_ea1599dc-d6a6-42cf-ac73-4e319806ddc7.jpg,2010-2018-jeep-wrangler-advanced-series-bull-guard-matte-black,2010-2018 Jeep Wrangler Advanced Series Bull Guard - Matte Black,https://cdn.shopify.com/s/files/1/0724/2638/9551/files/bghd-av-mbba-2_ea1599dc-d6a6-42cf-ac73-4e319806ddc7.jpg?v=1776217863,ACTIVE
ITEM-025073,bghd-av-mb-2_c3efef38-4f5e-4640-8fe2-60a5f865e46a.jpg,2010-2018-jeep-wrangler-bull-guard-w-mesh-skid-plate-matte-black,2010-2018 Jeep Wrangler Bull Guard w/ Mesh Skid Plate - Matte Black,https://cdn.shopify.com/s/files/1/0724/2638/9551/files/bghd-av-mb-2_c3efef38-4f5e-4640-8fe2-60a5f865e46a.jpg?v=1776217865,ACTIVE
ITEM-026738,bghd-al-mbba-2_17d236de-b8e1-4d8a-b903-288e87c51ae3.jpg,2010-2018-jeep-wrangler-jk-advanced-bull-guard-w-led-light-bar,2010-2018 Jeep Wrangler JK Advanced Bull Guard w/ LED Light Bar,https://cdn.shopify.com/s/files/1/0724/2638/9551/files/bghd-al-mbba-2_17d236de-b8e1-4d8a-b903-288e87c51ae3.jpg?v=1776217866,ACTIVE
ITEM-026691,bghd-al-mb-2_fb28eedd-c8b1-4b8b-82ce-37c06c846df3.jpg,2010-2018-jeep-wrangler-jk-bull-guard-w-led-light-bar-matte-black,2010-2018 Jeep Wrangler JK Bull Guard w/ LED Light Bar - Matte Black,https://cdn.shopify.com/s/files/1/0724/2638/9551/files/bghd-al-mb-2_fb28eedd-c8b1-4b8b-82ce-37c06c846df3.jpg?v=1776217868,ACTIVE
ITEM-032576,th-gx46010-c043-st-2.jpg,2010-2023-lexus-gx460-class-3-trailer-hitch-2-receiver-black,"2010-2023 Lexus GX460 Class 3 Trailer Hitch 2"" Receiver - Black",https://cdn.shopify.com/s/files/1/0724/2638/9551/files/th-gx46010-c043-st-2.jpg?v=1776216718,ACTIVE
ITEM-026716,bghd-al-mb-2_491573f0-4be6-48ab-bd18-25a1cfd9af6e.jpg,2010-2024-toyota-4runner-bull-guard-w-led-light-bar-matte-black,2010-2024 Toyota 4Runner Advanced Bull Guard LED Light Bar - Matte Black,https://cdn.shopify.com/s/files/1/0724/2638/9551/files/bghd-al-mb-2_491573f0-4be6-48ab-bd18-25a1cfd9af6e.jpg?v=1776217870,ACTIVE
ITEM-025064,bghd-av-mb-2_44db9f41-d939-4b04-8e5e-9ea99af9e418.jpg,2010-2024-toyota-4runner-bull-guard-w-skid-plate-matte-black,2010-2024 Toyota 4Runner Advanced Bull Guard w/ Skid Plate - Matte Black,https://cdn.shopify.com/s/files/1/0724/2638/9551/files/bghd-av-mb-2_44db9f41-d939-4b04-8e5e-9ea99af9e418.jpg?v=1776217871,ACTIVE
ITEM-025242,bghd-am-mb_2bflbw-40cree-lb-wh-2.jpg,2010-2024-toyota-4runner-bull-guard-w-led-light-bar-matte-black-1,2010-2024 Toyota 4Runner Bull Guard w/ LED Light Bar - Matte Black,https://cdn.shopify.com/s/files/1/0724/2638/9551/files/bghd-am-mb_2bflbw-40cree-lb-wh-2.jpg?v=1776216686,ACTIVE
ITEM-024565,bghd-am-mb-2.jpg,2010-2024-toyota-4runner-bull-guard-matte-black-gbu10036-ub3303,2010-2024 Toyota 4Runner Bull Guard w/ Mesh Skid Plate - Matte Black,https://cdn.shopify.com/s/files/1/0724/2638/9551/files/bghd-am-mb-2.jpg?v=1776216720,ACTIVE
ITEM-009385,fg-acc114d-mu-ch-2.jpg,2011-2012-honda-accord-sedan-front-grille-chrome-finish,2011-2012 Honda Accord Sedan Front Grille - Chrome Finish,https://cdn.shopify.com/s/files/1/0724/2638/9551/files/fg-acc114d-mu-ch-2.jpg?v=1776216718,ACTIVE
ITEM-010084,fg-300c11-me-ch-2.jpg,2011-2014-chrysler-300-front-grille-chrome-mesh-style,2011-2014 Chrysler 300 Front Grille - Chrome Mesh Style,https://cdn.shopify.com/s/files/1/0724/2638/9551/files/fg-300c11-me-ch-2.jpg?v=1776216723,ACTIVE
ITEM-010083,fg-300c11-me-bk-2.jpg,2011-2014-chrysler-300-front-grille-matte-black-replacement,2011-2014 Chrysler 300 Front Grille - Matte Black Replacement,https://cdn.shopify.com/s/files/1/0724/2638/9551/files/fg-300c11-me-bk-2.jpg?v=1776216725,ACTIVE
ITEM-021801,fg-300c11-me-mb-2.jpg,2011-2014-chrysler-300-honeycomb-mesh-front-grille-matte-black,2011-2014 Chrysler 300 Honeycomb Mesh Front Grille - Matte Black,https://cdn.shopify.com/s/files/1/0724/2638/9551/files/fg-300c11-me-mb-2.jpg?v=1776216727,ACTIVE
ITEM-011386,fg-300c11-vt-ch-2.jpg,2011-2014-chrysler-300-vertical-front-grille-chrome-finish,2011-2014 Chrysler 300 Vertical Front Grille - Chrome Finish,https://cdn.shopify.com/s/files/1/0724/2638/9551/files/fg-300c11-vt-ch-2.jpg?v=1776216729,ACTIVE
ITEM-011385,fg-300c11-vt-bk-2.jpg,2011-2014-chrysler-300-vertical-front-grille-matte-black,2011-2014 Chrysler 300 Vertical Front Grille - Matte Black,https://cdn.shopify.com/s/files/1/0724/2638/9551/files/fg-300c11-vt-bk-2.jpg?v=1776216731,ACTIVE
ITEM-010086,fg-cha11-me-ch-2.jpg,2011-2014-dodge-charger-front-grille-chrome-mesh-style,2011-2014 Dodge Charger Front Grille - Chrome Mesh Style,https://cdn.shopify.com/s/files/1/0724/2638/9551/files/fg-cha11-me-ch-2.jpg?v=1776216733,ACTIVE
ITEM-010085,fg-cha11-me-bk-2.jpg,2011-2014-dodge-charger-front-grille-black,2011-2014 Dodge Charger Front Grille - Matte Black Mesh Style,https://cdn.shopify.com/s/files/1/0724/2638/9551/files/fg-cha11-me-bk-2.jpg?v=1776216730,ACTIVE
ITEM-023299,th-cama10-a222-2.jpg,2011-2015-chevrolet-camaro-convertible-class-1-trailer-hitch,2011-2015 Chevrolet Camaro Convertible Class 1 Trailer Hitch - Black,https://cdn.shopify.com/s/files/1/0724/2638/9551/files/th-cama10-a222-2.jpg?v=1776216697,ACTIVE
ITEM-023635,th-sona10-a025-2.jpg,2011-2015-hyundai-sonata-kia-optima-class-1-trailer-hitch-black,2011-2015 Hyundai Sonata Kia Optima Class 1 Trailer Hitch - Black,https://cdn.shopify.com/s/files/1/0724/2638/9551/files/th-sona10-a025-2.jpg?v=1776216732,ACTIVE
ITEM-024914,LISTING_hlnb-cruz11-jdm-ws-1.jpg,2011-2016-chevrolet-cruze-crystal-headlights-chrome-jdm-style,2011-2016 Chevrolet Cruze Crystal Headlights Chrome - JDM Style,https://cdn.shopify.com/s/files/1/0724/2638/9551/files/LISTING_hlnb-cruz11-jdm-ws-1.jpg?v=1773333152,ACTIVE
ITEM-024949,bghd-av-mb-2_536e10ae-9e25-45e4-b186-dede04bad260.jpg,2011-2016-durango-grand-cherokee-advanced-bull-guard-matte-black,2011-2016 Durango Grand Cherokee Advanced Bull Guard - Matte Black,https://cdn.shopify.com/s/files/1/0724/2638/9551/files/bghd-av-mb-2_536e10ae-9e25-45e4-b186-dede04bad260.jpg?v=1776217873,ACTIVE
ITEM-009393,fggg-grzv-f25011-vt-bk-2.jpg,2011-2016-ford-f-250-f-350-super-duty-front-grille-matte-black,2011-2016 Ford F-250 F-350 Super Duty Front Grille - Matte Black,https://cdn.shopify.com/s/files/1/0724/2638/9551/files/fggg-grzv-f25011-vt-bk-2.jpg?v=1776216738,ACTIVE
ITEM-026455,bghd-al-mb-2_f0d164a9-ca27-4a84-9147-dddd8ad8b01c.jpg,2011-2016-ford-super-duty-advanced-bull-guard-w-led-light-bar,2011-2016 Ford Super Duty Advanced Bull Guard w/ LED Light Bar,https://cdn.shopify.com/s/files/1/0724/2638/9551/files/bghd-al-mb-2_f0d164a9-ca27-4a84-9147-dddd8ad8b01c.jpg?v=1776217875,ACTIVE
ITEM-024960,bghd-av-mb-2_cc42754b-3101-4f54-946f-8e677fb37e5c.jpg,2011-2016-ford-super-duty-advanced-series-bull-guard-matte-black,2011-2016 Ford Super Duty Advanced Series Bull Guard - Matte Black,https://cdn.shopify.com/s/files/1/0724/2638/9551/files/bghd-av-mb-2_cc42754b-3101-4f54-946f-8e677fb37e5c.jpg?v=1776217876,ACTIVE
ITEM-027312,bghd-av-tb-2_595648d2-af47-49ce-bb14-8862cffa3568.jpg,2011-2016-ford-super-duty-advanced-series-bull-guard-texture-black,2011-2016 Ford Super Duty Advanced Series Bull Guard - Texture Black,https://cdn.shopify.com/s/files/1/0724/2638/9551/files/bghd-av-tb-2_595648d2-af47-49ce-bb14-8862cffa3568.jpg?v=1776217878,ACTIVE
ITEM-027866,fg-f25011-rvt-me-mb-2.jpg,2011-2016-ford-super-duty-studded-mesh-rivet-grille-matte-black,2011-2016 Ford Super Duty Studded Mesh Rivet Grille Matte Black,https://cdn.shopify.com/s/files/1/0724/2638/9551/files/fg-f25011-rvt-me-mb-2.jpg?v=1776216737,ACTIVE
ITEM-026710,bghd-al-mb-2_67622287-3768-4a16-aded-4701cde91c67.jpg,2011-2016-jeep-grand-cherokee-dodge-durango-bull-guard-led-r203-201bk,2011-2016 Jeep Grand Cherokee Dodge Durango Bull Guard LED - R203-201BK,https://cdn.shopify.com/s/files/1/0724/2638/9551/files/bghd-al-mb-2_67622287-3768-4a16-aded-4701cde91c67.jpg?v=1776217880,ACTIVE
ITEM-032488,th-class-1-2.jpg,2011-2015-chevy-cruze-trailer-hitch-class-1-1-25-receiver,"2011-2017 Chevrolet Cruze & Buick Verano 1.25"" Trailer Hitch - Class 1",https://cdn.shopify.com/s/files/1/0724/2638/9551/files/th-class-1-2.jpg?v=1776216740,ACTIVE
ITEM-021340,th-expl11-c100-2.jpg,2011-2017-ford-explorer-class-3-trailer-hitch-black-mpn-13100,2011-2017 Ford Explorer Class 3 Trailer Hitch - Black | MPN 13100,https://cdn.shopify.com/s/files/1/0724/2638/9551/files/th-expl11-c100-2.jpg?v=1776216741,ACTIVE
ITEM-022810,th-bmount-l2-2_1967b2fa-971f-4bfc-9051-071ab0ff52cf.jpg,2011-2017-ford-explorer-class-3-trailer-hitch-w-ball-mount-curt,2011-2017 Ford Explorer Class 3 Trailer Hitch w/ Ball Mount - CURT,https://cdn.shopify.com/s/files/1/0724/2638/9551/files/th-bmount-l2-2_1967b2fa-971f-4bfc-9051-071ab0ff52cf.jpg?v=1776217881,ACTIVE
ITEM-022085,th-jpat11-c081-2.jpg,2011-2017-jeep-patriot-compass-class-3-trailer-hitch-13081,2011-2017 Jeep Patriot Compass Class 3 Trailer Hitch - 13081,https://cdn.shopify.com/s/files/1/0724/2638/9551/files/th-jpat11-c081-2.jpg?v=1776216743,ACTIVE
ITEM-022821,th-bmount-l2-2_f25c7557-8064-43ef-b620-1fb4a734b0d6.jpg,2011-2017-jeep-patriot-compass-class-3-trailer-hitch-w-ball-mount,2011-2017 Jeep Patriot Compass Class 3 Trailer Hitch w/ Ball Mount,https://cdn.shopify.com/s/files/1/0724/2638/9551/files/th-bmount-l2-2_f25c7557-8064-43ef-b620-1fb4a734b0d6.jpg?v=1776217883,ACTIVE
ITEM-025067,bghd-av-mb-2_97560141-2796-4fe0-9a4d-76461480eae4.jpg,2011-2019-ford-explorer-advanced-series-bull-guard-w-skid-plate,2011-2019 Ford Explorer Advanced Series Bull Guard w/ Skid Plate,https://cdn.shopify.com/s/files/1/0724/2638/9551/files/bghd-av-mb-2_97560141-2796-4fe0-9a4d-76461480eae4.jpg?v=1776217884,ACTIVE
ITEM-032487,th-expl11-c386-st-2.jpg,2011-2019-ford-explorer-class-3-trailer-hitch-2-receiver-13386,"2011-2019 Ford Explorer Class 3 Trailer Hitch 2"" Receiver - 13386",https://cdn.shopify.com/s/files/1/0724/2638/9551/files/th-expl11-c386-st-2.jpg?v=1776216746,ACTIVE
ITEM-024977,bghd-av-mb-2_bb7adb48-b2c4-402e-be3d-56b90f8b05a9.jpg,2011-2019-silverado-sierra-2500-3500-bull-guard-w-skid-plate-matte-black,2011-2019 Silverado/Sierra 2500/3500 Bull Guard w/ Skid Plate - Matte Black,https://cdn.shopify.com/s/files/1/0724/2638/9551/files/bghd-av-mb-2_bb7adb48-b2c4-402e-be3d-56b90f8b05a9.jpg?v=1776217886,ACTIVE
ITEM-026746,bghd-al-mb-2_7d6b7e04-d1b5-45f0-897f-4c1b0a82942a.jpg,2011-2020-toyota-sienna-advanced-bull-guard-w-led-light-bar,2011-2020 Toyota Sienna Advanced Bull Guard w/ LED Light Bar,https://cdn.shopify.com/s/files/1/0724/2638/9551/files/bghd-al-mb-2_7d6b7e04-d1b5-45f0-897f-4c1b0a82942a.jpg?v=1776217888,ACTIVE
ITEM-025062,bghd-av-mb-2_34575f0e-6c5e-4cdd-bae3-dc8b64808c19.jpg,2011-2020-toyota-sienna-advanced-bull-guard-w-skid-plate-matte-black,2011-2020 Toyota Sienna Advanced Bull Guard w/Skid Plate - Matte Black,https://cdn.shopify.com/s/files/1/0724/2638/9551/files/bghd-av-mb-2_34575f0e-6c5e-4cdd-bae3-dc8b64808c19.jpg?v=1776217889,ACTIVE
ITEM-028764,fmr-3p-hb-2_75ed6d20-5d78-4c42-aea1-dd6fddffec9c.jpg,2011-2021-dodge-challenger-rwd-hex-rubber-floor-mats-4pc-black,2011-2021 Dodge Challenger RWD All-Weather Floor Mats 4PC - Black,https://cdn.shopify.com/s/files/1/0724/2638/9551/files/fmr-3p-hb-2_75ed6d20-5d78-4c42-aea1-dd6fddffec9c.jpg?v=1776217891,ACTIVE
ITEM-028765,fmr-3p-hb-2.jpg,11-19-dodge-charger-chrysler-300-hex-rubber-floor-mats-3pc-black,2011-2021 Dodge Charger / Chrysler 300 RWD Rubber Floor Mats 3PC,https://cdn.shopify.com/s/files/1/0724/2638/9551/files/fmr-3p-hb-2.jpg?v=1776216748,ACTIVE
ITEM-023482,th-jgc11-c065-2.jpg,2011-2022-jeep-grand-cherokee-class-3-trailer-hitch-black,2011-2022 Jeep Grand Cherokee Class 3 Trailer Hitch - Black,https://cdn.shopify.com/s/files/1/0724/2638/9551/files/th-jgc11-c065-2.jpg?v=1776216750,ACTIVE
ITEM-025577,th-bmount-l2-2_af36f275-c9af-490e-aef5-694900c7fedf.jpg,2011-2022-jeep-grand-cherokee-class-3-trailer-hitch-combo-curt,2011-2022 Jeep Grand Cherokee Class 3 Trailer Hitch Combo - CURT,https://cdn.shopify.com/s/files/1/0724/2638/9551/files/th-bmount-l2-2_af36f275-c9af-490e-aef5-694900c7fedf.jpg?v=1776217892,ACTIVE
ITEM-033432,th-300c11-c093-stl-2.jpg,2011-2023-dodge-chrysler-300-charger-challenger-class-3-hitch,2011-2023 Chrysler 300/Dodge Charger Challenger Class 3 Trailer Hitch,https://cdn.shopify.com/s/files/1/0724/2638/9551/files/th-300c11-c093-stl-2.jpg?v=1776216752,ACTIVE
ITEM-024063,th-mini12-a272-2.jpg,2012-2013-mini-cooper-class-1-trailer-hitch-black-mpn-11272,2012-2013 Mini Cooper Class 1 Trailer Hitch Black - MPN 11272,https://cdn.shopify.com/s/files/1/0724/2638/9551/files/th-mini12-a272-2.jpg?v=1776216751,ACTIVE
ITEM-029985,hlnb-taco12lbw-jdma-2.jpg,2012-2015-toyota-tacoma-led-crystal-headlights-black-jdma,2012-2015 Toyota Tacoma LED Crystal Headlights Black - JDMA,https://cdn.shopify.com/s/files/1/0724/2638/9551/files/hlnb-taco12lbw-jdma-2.jpg?v=1776216754,ACTIVE
ITEM-030138,hlpnb-taco12lsq-ab-2.jpg,2012-2015-toyota-tacoma-projector-headlights-sequential-led-black,2012-2015 Toyota Tacoma Projector Headlights Sequential LED - Black,https://cdn.shopify.com/s/files/1/0724/2638/9551/files/hlpnb-taco12lsq-ab-2.jpg?v=1776216757,ACTIVE
ITEM-030249,hlnb-taco12lsq-jdma-2.jpg,2012-2015-toyota-tacoma-sequential-led-crystal-headlights-black,2012-2015 Toyota Tacoma Sequential LED Crystal Headlights - Black,https://cdn.shopify.com/s/files/1/0724/2638/9551/files/hlnb-taco12lsq-jdma-2.jpg?v=1776216759,ACTIVE
ITEM-021339,th-crv12-c119-2.jpg,2012-2016-honda-cr-v-class-3-trailer-hitch-black,2012-2016 Honda CR-V Class 3 Trailer Hitch - Black | CURT 13119,https://cdn.shopify.com/s/files/1/0724/2638/9551/files/th-crv12-c119-2.jpg?v=1776216861,ACTIVE
ITEM-022802,th-bmount-l2-2_77a7cb24-e320-4182-90f9-34d00a63d783.jpg,2012-2016-honda-cr-v-class-3-trailer-hitch-w-ball-mount-curt,2012-2016 Honda CR-V Class 3 Trailer Hitch w/ Ball Mount - CURT,https://cdn.shopify.com/s/files/1/0724/2638/9551/files/th-bmount-l2-2_77a7cb24-e320-4182-90f9-34d00a63d783.jpg?v=1776217894,ACTIVE
ITEM-023634,th-velo12-a254-2.jpg,2012-2016-hyundai-veloster-class-1-trailer-hitch-black,2012-2016 Hyundai Veloster Class 1 Trailer Hitch - Black,https://cdn.shopify.com/s/files/1/0724/2638/9551/files/th-velo12-a254-2.jpg?v=1776216712,ACTIVE
ITEM-024489,th-act12-a250-2.jpg,2012-2017-hyundai-accent-kia-rio-class-1-trailer-hitch-11250,2012-2017 Hyundai Accent & Kia Rio Class 1 Trailer Hitch - 11250,https://cdn.shopify.com/s/files/1/0724/2638/9551/files/th-act12-a250-2.jpg?v=1776216760,ACTIVE
ITEM-028751,fmr-3p-hb-2_8298ef0d-954a-40e5-a8e0-1a70a23d90a1.jpg,2013-2019-bmw-3-series-f30-hex-style-rubber-floor-mats-4pc,2012-2019 BMW 3 Series F30 All Weather Rubber Floor Mats 4PC - Black,https://cdn.shopify.com/s/files/1/0724/2638/9551/files/fmr-3p-hb-2_8298ef0d-954a-40e5-a8e0-1a70a23d90a1.jpg?v=1776217896,ACTIVE
ITEM-021693,th-dur11-c182-2.jpg,2012-2022-jeep-grand-cherokee-class-3-trailer-hitch-13182,2012-2022 Jeep Grand Cherokee Class 3 Trailer Hitch - 13182,https://cdn.shopify.com/s/files/1/0724/2638/9551/files/th-dur11-c182-2.jpg?v=1776216763,ACTIVE
ITEM-022805,th-bmount-l2-2_2cc7808e-9c6e-4b11-9fd5-891f0a967986.jpg,2012-2022-jeep-grand-cherokee-class-3-trailer-hitch-combo-curt,2012-2022 Jeep Grand Cherokee Class 3 Trailer Hitch Combo - CURT,https://cdn.shopify.com/s/files/1/0724/2638/9551/files/th-bmount-l2-2_2cc7808e-9c6e-4b11-9fd5-891f0a967986.jpg?v=1776217897,ACTIVE
ITEM-024965,bghd-av-mb-2_a927e63d-bb87-44c1-a622-c7431fc3af54.jpg,2012-2022-nissan-nv-titan-xd-advanced-bull-guard-w-skid-plate,2012-2022 Nissan NV/Titan XD Advanced Bull Guard w/ Skid Plate,https://cdn.shopify.com/s/files/1/0724/2638/9551/files/bghd-av-mb-2_a927e63d-bb87-44c1-a622-c7431fc3af54.jpg?v=1776217899,ACTIVE
ITEM-020558,fg-a413-rs-bk-st-2.jpg,2013-2016-audi-a4-s4-rs-style-honeycomb-mesh-grille-black,2013-2016 Audi A4 S4 RS Style Honeycomb Mesh Grille - Black,https://cdn.shopify.com/s/files/1/0724/2638/9551/files/fg-a413-rs-bk-st-2.jpg?v=1776216765,ACTIVE
ITEM-027424,LISTING_fg-a513-rs-mb-ws-1d.jpg,2013-2016-audi-a5-s5-rs-style-honeycomb-front-grille-matte-black,2013-2016 Audi A5/S5 RS Style Honeycomb Front Grille - Matte Black,https://cdn.shopify.com/s/files/1/0724/2638/9551/files/LISTING_fg-a513-rs-mb-ws-1d.jpg?v=1773330021,ACTIVE
ITEM-027133,LISTING_thw-escp13-4w-ef164-t-2.jpg,2013-2016-ford-escape-trailer-wiring-harness-4-way-t-connector,2013-2016 Ford Escape Trailer Wiring Harness 4-Way T-Connector,https://cdn.shopify.com/s/files/1/0724/2638/9551/files/LISTING_thw-escp13-4w-ef164-t-2.jpg?v=1773346861,ACTIVE
ITEM-028744,fmr-3p-hb-2_1953efd3-dcc4-4392-9b52-d4be37abac45.jpg,2016-2018-acura-rdx-all-weather-rubber-floor-mats-3pc-hex-style,2013-2018 Acura RDX All Weather Rubber Floor Mats 3PC - Hex Style,https://cdn.shopify.com/s/files/1/0724/2638/9551/files/fmr-3p-hb-2_1953efd3-dcc4-4392-9b52-d4be37abac45.jpg?v=1776217901,ACTIVE
ITEM-028758,fmr-1p-hb-2.jpg,2013-2019-buick-encore-hex-style-rubber-trunk-mat-all-weather,2013-2019 Buick Encore Rubber Trunk Mat All Weather - HexStyle,https://cdn.shopify.com/s/files/1/0724/2638/9551/files/fmr-1p-hb-2.jpg?v=1776216767,ACTIVE
ITEM-023530,th-escp13v2-c131-2.jpg,2013-2019-ford-escape-class-3-trailer-hitch-black-13131,2013-2019 Ford Escape Class 3 Trailer Hitch - Black | 13131,https://cdn.shopify.com/s/files/1/0724/2638/9551/files/th-escp13v2-c131-2.jpg?v=1776216769,ACTIVE
ITEM-021341,th-escp13-c186-2.jpg,2013-2019-ford-escape-class-3-trailer-hitch-black-mpn-13186,2013-2019 Ford Escape Class 3 Trailer Hitch - Black | MPN 13186,https://cdn.shopify.com/s/files/1/0724/2638/9551/files/th-escp13-c186-2.jpg?v=1776216771,ACTIVE
ITEM-022809,th-bmount-l2-2_95519191-af36-4b4d-af7d-6b9cba46e499.jpg,2013-2019-ford-escape-class-3-trailer-hitch-w-ball-mount-curt,2013-2019 Ford Escape Class 3 Trailer Hitch w/ Ball Mount - CURT,https://cdn.shopify.com/s/files/1/0724/2638/9551/files/th-bmount-l2-2_95519191-af36-4b4d-af7d-6b9cba46e499.jpg?v=1776217902,ACTIVE
ITEM-030932,LISTING_th-santa13-c153-ws-2.jpg,2013-2019-hyundai-santa-fe-2-class-3-trailer-hitch-receiver,"2013-2019 Hyundai Santa Fe 2"" Class 3 Trailer Hitch Receiver",https://cdn.shopify.com/s/files/1/0724/2638/9551/files/LISTING_th-santa13-c153-ws-2.jpg?v=1773346106,ACTIVE
ITEM-031781,th-bmount-l2-2_3dcc5646-e4f0-44e4-b5dd-c629ccfb5a2c.jpg,2013-2019-hyundai-santa-fe-trailer-hitch-ball-mount-combo-kit,2013-2019 Hyundai Santa Fe Trailer Hitch & Ball Mount Combo Kit,https://cdn.shopify.com/s/files/1/0724/2638/9551/files/th-bmount-l2-2_3dcc5646-e4f0-44e4-b5dd-c629ccfb5a2c.jpg?v=1776217904,ACTIVE
ITEM-022184,th-pat13-c126-2.jpg,2013-2020-nissan-pathfinder-infiniti-qx60-class-3-trailer-hitch,2013-2020 Nissan Pathfinder Infiniti QX60 Class 3 Trailer Hitch,https://cdn.shopify.com/s/files/1/0724/2638/9551/files/th-pat13-c126-2.jpg?v=1776216770,ACTIVE
ITEM-022831,th-bmount-l2-2_929e6cc6-b161-4c95-8082-7e6ccf08aa10.jpg,2013-2020-nissan-pathfinder-infiniti-qx60-class-3-trailer-hitch-combo,2013-2020 Nissan Pathfinder Infiniti QX60 Class 3 Trailer Hitch Combo,https://cdn.shopify.com/s/files/1/0724/2638/9551/files/th-bmount-l2-2_929e6cc6-b161-4c95-8082-7e6ccf08aa10.jpg?v=1776217906,ACTIVE
ITEM-026505,fg-ram131500-bh-mb-2.jpg,2013-2022-ram-1500-big-horn-style-front-grille-matte-black-abs,2013-2022 Dodge Ram 1500 Big Horn Style Grille Matte Black,https://cdn.shopify.com/s/files/1/0724/2638/9551/files/fg-ram131500-bh-mb-2.jpg?v=1776216772,ACTIVE
ITEM-026922,fg-ram131500-rb-mb-2.jpg,2013-2022-ram-1500-honeycomb-rebel-style-front-grille-matte-black,2013-2022 Dodge Ram 1500 Honeycomb Rebel Style Front Grille - Matte Black,https://cdn.shopify.com/s/files/1/0724/2638/9551/files/fg-ram131500-rb-mb-2.jpg?v=1776216775,ACTIVE
ITEM-032572,th-cx513-c315-st-2.jpg,2013-2023-mazda-cx-5-class-3-trailer-hitch-2-receiver,"2013-2023 Mazda CX-5 2"" Class 3 Trailer Hitch Receiver - TH",https://cdn.shopify.com/s/files/1/0724/2638/9551/files/th-cx513-c315-st-2.jpg?v=1776216777,ACTIVE
ITEM-030299,fmr-3p-hb-2_46c6ee6d-ebe8-4971-836c-27108c577514.jpg,14-24-lexus-gx460-toyota-4runner-hex-rubber-floor-mats-3pc,2013-2023 Toyota 4Runner / Lexus GX460 Rubber Floor Mats 3PC - Black,https://cdn.shopify.com/s/files/1/0724/2638/9551/files/fmr-3p-hb-2_46c6ee6d-ebe8-4971-836c-27108c577514.jpg?v=1776217907,ACTIVE
ITEM-026503,fg-ram131500-bh-bk-2.jpg,2013-2024-ram-1500-big-horn-style-front-grille-black-abs,2013-2024 Dodge Ram 1500 Big Horn Style ABS Front Grille - Black,https://cdn.shopify.com/s/files/1/0724/2638/9551/files/fg-ram131500-bh-bk-2.jpg?v=1776216779,ACTIVE
ITEM-026923,fg-ram131500-rb-bk-2.jpg,2013-2024-ram-1500-honeycomb-rebel-style-front-grille-black-abs,2013-2024 Dodge Ram 1500 Honeycomb Rebel Style Front Grille - Black,https://cdn.shopify.com/s/files/1/0724/2638/9551/files/fg-ram131500-rb-bk-2.jpg?v=1776216724,ACTIVE
ITEM-024991,fg-ram14oe-me-bk-2.jpg,2013-2024-ram-1500-oem-mesh-style-front-grille-black,2013-2024 Dodge Ram 1500 OE Mesh Front Grille Black - Power,https://cdn.shopify.com/s/files/1/0724/2638/9551/files/fg-ram14oe-me-bk-2.jpg?v=1776216782,ACTIVE
ITEM-033443,th-class-2-2.jpg,2013-2025-mazda-cx-5-class-2-trailer-hitch-1-25-receiver,"2013-2025 Mazda CX-5 Trailer Hitch Receiver Class 2 1.25""",https://cdn.shopify.com/s/files/1/0724/2638/9551/files/th-class-2-2.jpg?v=1776216782,ACTIVE
ITEM-026972,thw-sore14-4w-ef256-2.jpg,2014-2015-kia-sorento-class-2-trailer-hitch-wiring-combo-black,2014-2015 Kia Sorento Class 2 Trailer Hitch & Wiring Combo - Black,https://cdn.shopify.com/s/files/1/0724/2638/9551/files/thw-sore14-4w-ef256-2.jpg?v=1776216784,ACTIVE
ITEM-022839,th-bmount-l2-2_6e0621f6-1d7c-473a-bc7b-335e3ab91c72.jpg,2014-2015-kia-sorento-class-3-trailer-hitch-ball-mount-combo-curt,2014-2015 Kia Sorento Class 3 Trailer Hitch & Ball Mount Combo - CURT,https://cdn.shopify.com/s/files/1/0724/2638/9551/files/th-bmount-l2-2_6e0621f6-1d7c-473a-bc7b-335e3ab91c72.jpg?v=1776217909,ACTIVE
ITEM-022525,th-santa13-c152-2.jpg,2014-2015-kia-sorento-class-3-trailer-hitch-black-13152,2014-2015 Kia Sorento Class 3 Trailer Hitch Black - 13152,https://cdn.shopify.com/s/files/1/0724/2638/9551/files/th-santa13-c152-2.jpg?v=1776216786,ACTIVE
ITEM-031410,fmr-3p-hb-2_e16c44b8-1f87-4205-9e58-61e64ad522a7.jpg,2014-2018-bmw-x5-hex-style-all-weather-rubber-floor-mats-3pc,2014-2018 BMW X5 All Weather Rubber Floor Mats 3PC - Hex Style,https://cdn.shopify.com/s/files/1/0724/2638/9551/files/fmr-3p-hb-2_e16c44b8-1f87-4205-9e58-61e64ad522a7.jpg?v=1776217910,ACTIVE
ITEM-031409,fmr-1p-hb-2_d60a7def-97fe-4a10-8497-a02462d97645.jpg,2014-2018-bmw-x5-hex-style-all-weather-rubber-trunk-mat-black,2014-2018 BMW X5 Hex Style Rubber Trunk Mat (Black) - Custom Fit,https://cdn.shopify.com/s/files/1/0724/2638/9551/files/fmr-1p-hb-2_d60a7def-97fe-4a10-8497-a02462d97645.jpg?v=1776217912,ACTIVE
ITEM-028027,LISTING_tc-lth-ws-2_a82e8209-d1c1-43a6-bfba-0c575bab97d7.jpg,2014-2018-chevy-silverado-gmc-sierra-5-8ft-hard-tri-fold-tonneau,2014-2018 Chevrolet/GMC 5.8 ft Bed Hard Tri-Fold Tonneau Cover,https://cdn.shopify.com/s/files/1/0724/2638/9551/files/LISTING_tc-lth-ws-2_a82e8209-d1c1-43a6-bfba-0c575bab97d7.jpg?v=1773341486,ACTIVE
ITEM-019494,tc-tfs-2_3d49f4fe-6e18-44a1-a8fb-a72647a1c8f8.jpg,2014-2018-chevy-silverado-gmc-sierra-5-8-tri-fold-tonneau-cover,2014-2018 Chevrolet/GMC Truck 5.8 ft Bed Tri-Fold Tonneau Cover,https://cdn.shopify.com/s/files/1/0724/2638/9551/files/tc-tfs-2_3d49f4fe-6e18-44a1-a8fb-a72647a1c8f8.jpg?v=1776217914,ACTIVE
ITEM-030835,tc-fru2-2_b1ac96c2-1164-44f3-ace6-3a1860e85987.jpg,2014-2018-chevy-silverado-gmc-sierra-5-8-flush-roll-up-tonneau-cover,2014-2018 Chevy Silverado/GMC Sierra 5.8 ft Bed Flush Roll-Up Tonneau Cover,https://cdn.shopify.com/s/files/1/0724/2638/9551/files/tc-fru2-2_b1ac96c2-1164-44f3-ace6-3a1860e85987.jpg?v=1776217915,ACTIVE
ITEM-022480,LISTING_tc-tfs-ws-1_d8a2a92e-eb65-4921-a4ef-437a1d45d0ba.jpg,2014-2018-silverado-sierra-5-8-tri-fold-tonneau-cover-w-led-lights,2014-2018 Chevy/GMC 5.8 ft Bed Tri-Fold Tonneau Cover w/ LED Lights,https://cdn.shopify.com/s/files/1/0724/2638/9551/files/LISTING_tc-tfs-ws-1_d8a2a92e-eb65-4921-a4ef-437a1d45d0ba.jpg?v=1773341552,ACTIVE
ITEM-019493,tc-lru-2_29835521-5097-4754-8987-f0e7fc24f1f0.jpg,2014-2018-gmc-sierra-5-8-roll-up-vinyl-tonneau-cover-503360,2014-2018 GMC Sierra 5.8 ft Bed Roll-Up Tonneau Cover - 503360,https://cdn.shopify.com/s/files/1/0724/2638/9551/files/tc-lru-2_29835521-5097-4754-8987-f0e7fc24f1f0.jpg?v=1776217917,ACTIVE
ITEM-022478,LISTING_tc-lru-ws-1_2719bda7-2dce-45f4-a83e-7e6e5b38c29e.jpg,2014-2018-gmc-sierra-5-8-roll-up-tonneau-cover-w-led-bed-lights,2014-2018 GMC Sierra 5.8 ft Bed Tonneau Cover & LED Light Kit,https://cdn.shopify.com/s/files/1/0724/2638/9551/files/LISTING_tc-lru-ws-1_2719bda7-2dce-45f4-a83e-7e6e5b38c29e.jpg?v=1773341481,ACTIVE
ITEM-032484,th-jc14-c172-st-2.jpg,2014-2018-jeep-cherokee-class-3-trailer-hitch-2-receiver-curt-13172,"2014-2018 Jeep Cherokee Class 3 Trailer Hitch 2"" Receiver - CURT 13172",https://cdn.shopify.com/s/files/1/0724/2638/9551/files/th-jc14-c172-st-2.jpg?v=1776216788,ACTIVE
ITEM-026857,thw-sore14-4w-ef256-2_b00d6b02-fe11-4253-9de1-3f86f9c82b44.jpg,2014-2018-kia-sorento-trailer-wiring-harness-4-way-flat-56256,2014-2018 Kia Sorento Trailer Wiring Harness 4-Way Flat - 56256,https://cdn.shopify.com/s/files/1/0724/2638/9551/files/thw-sore14-4w-ef256-2_b00d6b02-fe11-4253-9de1-3f86f9c82b44.jpg?v=1776217919,ACTIVE
ITEM-031796,LISTING_tc-fru2_2btbl-16w8p-01-ws-1_305e093d-2a3f-417e-b862-c35607b5fc96.jpg,2014-2018-chevy-silverado-gmc-sierra-5-8-tonneau-cover-led-kit,2014-2018 Silverado/Sierra 1500 5.8 ft Bed Tonneau Cover Combo,https://cdn.shopify.com/s/files/1/0724/2638/9551/files/LISTING_tc-fru2_2btbl-16w8p-01-ws-1_305e093d-2a3f-417e-b862-c35607b5fc96.jpg?v=1773341447,ACTIVE
ITEM-028900,LISTING_tc-lth-ws-2_87bbe03b-f25a-49d7-a5f9-801e43124dfc.jpg,2014-2018-silverado-sierra-5-8ft-hard-tri-fold-tonneau-cover-led,2014-2018 Silverado/Sierra 1500 5.8 ft Bed Tonneau Cover w/ LED,https://cdn.shopify.com/s/files/1/0724/2638/9551/files/LISTING_tc-lth-ws-2_87bbe03b-f25a-49d7-a5f9-801e43124dfc.jpg?v=1773341516,ACTIVE
ITEM-030934,LISTING_th-fore14-b100-ws-2.jpg,2014-2018-subaru-forester-class-2-trailer-hitch-1-25-curt-12100,"2014-2018 Subaru Forester Class 2 Trailer Hitch 1.25"" - CURT 12100",https://cdn.shopify.com/s/files/1/0724/2638/9551/files/LISTING_th-fore14-b100-ws-2.jpg?v=1773344423,ACTIVE
ITEM-021694,th-fore14-c144-2.jpg,2014-2018-subaru-forester-class-3-trailer-hitch-black-13144,2014-2018 Subaru Forester Class 3 Trailer Hitch - Black | 13144,https://cdn.shopify.com/s/files/1/0724/2638/9551/files/th-fore14-c144-2.jpg?v=1776216789,ACTIVE
ITEM-022813,th-bmount-l2-2_ff5e6b6d-17ee-4697-8001-0689b475645d.jpg,2014-2018-subaru-forester-class-3-trailer-hitch-w-ball-mount,2014-2018 Subaru Forester Class 3 Trailer Hitch w/ Ball Mount,https://cdn.shopify.com/s/files/1/0724/2638/9551/files/th-bmount-l2-2_ff5e6b6d-17ee-4697-8001-0689b475645d.jpg?v=1776217921,ACTIVE
ITEM-028026,LISTING_tc-lth-ws-2_fe9d0fb2-5a82-4f00-8a47-dc182e645a56.jpg,2014-2018-chevy-silverado-gmc-sierra-6-5ft-hard-tri-fold-tonneau,2014-2019 Chevrolet/GMC Silverado Sierra 6.5 ft Bed Hard Tri-Fold Tonneau Cover,https://cdn.shopify.com/s/files/1/0724/2638/9551/files/LISTING_tc-lth-ws-2_fe9d0fb2-5a82-4f00-8a47-dc182e645a56.jpg?v=1773341586,ACTIVE
ITEM-019495,tc-lru-2_63ecd09c-d71e-4bfc-9a28-3080d7bc7bed.jpg,2014-2019-gmc-sierra-6-5-roll-up-vinyl-tonneau-cover-503361,2014-2019 GMC Sierra 6.5 ft Bed Roll-Up Tonneau Cover,https://cdn.shopify.com/s/files/1/0724/2638/9551/files/tc-lru-2_63ecd09c-d71e-4bfc-9a28-3080d7bc7bed.jpg?v=1776217922,ACTIVE
ITEM-022483,LISTING_tc-lru-ws-1_5bbf9118-3336-4554-a0cf-114e58c84428.jpg,2014-2019-gmc-sierra-6-5-roll-up-tonneau-cover-w-led-bed-lights,2014-2019 GMC Sierra 6.5 ft Bed Roll-Up Tonneau Cover w/ LED Lights,https://cdn.shopify.com/s/files/1/0724/2638/9551/files/LISTING_tc-lru-ws-1_5bbf9118-3336-4554-a0cf-114e58c84428.jpg?v=1773341584,ACTIVE
ITEM-021981,th-jc14-c171-2.jpg,2014-2019-jeep-cherokee-class-3-trailer-hitch-black-mpn-13171,2014-2019 Jeep Cherokee Class 3 Trailer Hitch - Black | MPN 13171,https://cdn.shopify.com/s/files/1/0724/2638/9551/files/th-jc14-c171-2.jpg?v=1776216791,ACTIVE
ITEM-022817,th-bmount-l2-2_1f9afa84-d2cf-4787-85de-f74999d46dea.jpg,2014-2019-jeep-cherokee-class-3-trailer-hitch-w-ball-mount-curt,2014-2019 Jeep Cherokee Class 3 Trailer Hitch w/ Ball Mount - CURT,https://cdn.shopify.com/s/files/1/0724/2638/9551/files/th-bmount-l2-2_1f9afa84-d2cf-4787-85de-f74999d46dea.jpg?v=1776217924,ACTIVE
ITEM-028739,fmr-3p-hb-2_5148036b-838e-4b8b-bbc2-fb9013e4b63c.jpg,14-18-chevy-silverado-gmc-sierra-crew-cab-hex-rubber-floor-mats-4pc,2014-2019 Silverado/Sierra Crew Cab Floor Mats 4PC Black Rubber,https://cdn.shopify.com/s/files/1/0724/2638/9551/files/fmr-3p-hb-2_5148036b-838e-4b8b-bbc2-fb9013e4b63c.jpg?v=1776217926,ACTIVE
ITEM-028738,fmr-3p-hb-2_28a32dfb-fc4d-4331-b969-caa31e75fae2.jpg,14-18-silverado-sierra-crew-cab-hex-rubber-floor-mats-2pc-black,2014-2019 Silverado/Sierra Crew Cab Rubber Floor Mats 2PC Black,https://cdn.shopify.com/s/files/1/0724/2638/9551/files/fmr-3p-hb-2_28a32dfb-fc4d-4331-b969-caa31e75fae2.jpg?v=1776217928,ACTIVE
ITEM-026733,LISTING_uss-sil14cc-bk-ws-2.jpg,2014-2019-silverado-sierra-rear-underseat-storage-organizer-box,2014-2019 Silverado/Sierra Rear Underseat Storage Organizer Box,https://cdn.shopify.com/s/files/1/0724/2638/9551/files/LISTING_uss-sil14cc-bk-ws-2.jpg?v=1773347291,ACTIVE
ITEM-030936,LISTING_th-outb14-b136-ws-2.jpg,2014-2019-subaru-outback-1-25-trailer-hitch-receiver-curt-12136,"2014-2019 Subaru Outback 1.25"" Trailer Hitch Receiver - CURT 12136",https://cdn.shopify.com/s/files/1/0724/2638/9551/files/LISTING_th-outb14-b136-ws-2.jpg?v=1773345497,ACTIVE
ITEM-030937,LISTING_th-outb14-c206-ws-2.jpg,2014-2019-subaru-outback-2-trailer-hitch-receiver-class-3,"2014-2019 Subaru Outback 2"" Trailer Hitch Receiver Class 3",https://cdn.shopify.com/s/files/1/0724/2638/9551/files/LISTING_th-outb14-c206-ws-2.jpg?v=1773345520,ACTIVE
ITEM-031782,th-bmount-l2-2_f3710139-024e-42a7-82a8-89adfb75a67b.jpg,2014-2019-subaru-outback-class-3-trailer-hitch-w-ball-mount-kit,2014-2019 Subaru Outback Class 3 Trailer Hitch w/ Ball Mount Kit,https://cdn.shopify.com/s/files/1/0724/2638/9551/files/th-bmount-l2-2_f3710139-024e-42a7-82a8-89adfb75a67b.jpg?v=1776217930,ACTIVE
ITEM-030928,LISTING_th-high14-c200-ws-2.jpg,2014-2019-toyota-highlander-2-trailer-hitch-receiver-curt-13200,"2014-2019 Toyota Highlander 2"" Trailer Hitch Receiver - CURT 13200",https://cdn.shopify.com/s/files/1/0724/2638/9551/files/LISTING_th-high14-c200-ws-2.jpg?v=1773344709,ACTIVE
ITEM-031783,th-bmount-l2-2_989a8065-7e1e-4f8c-ac1f-4440ac02e8b6.jpg,2014-2019-toyota-highlander-2-trailer-hitch-receiver-w-ball-mount,"2014-2019 Toyota Highlander 2"" Trailer Hitch Receiver w/ Ball Mount",https://cdn.shopify.com/s/files/1/0724/2638/9551/files/th-bmount-l2-2_989a8065-7e1e-4f8c-ac1f-4440ac02e8b6.jpg?v=1776217931,ACTIVE
ITEM-026776,bghd-al-mb-2_439e16fd-6088-4189-848b-d126895b3b43.jpg,2014-2019-toyota-highlander-bull-guard-w-led-light-bar-matte-black,2014-2019 Toyota Highlander Bull Guard w/ LED Light Bar - Matte Black,https://cdn.shopify.com/s/files/1/0724/2638/9551/files/bghd-al-mb-2_439e16fd-6088-4189-848b-d126895b3b43.jpg?v=1776217933,ACTIVE
ITEM-026754,bghd-av-mb-2_e8c39288-936e-41ef-98b3-773d9d587467.jpg,2014-2019-toyota-highlander-bull-guard-w-skid-plate-matte-black,2014-2019 Toyota Highlander Bull Guard w/ Skid Plate - Matte Black,https://cdn.shopify.com/s/files/1/0724/2638/9551/files/bghd-av-mb-2_e8c39288-936e-41ef-98b3-773d9d587467.jpg?v=1776217934,ACTIVE
ITEM-027533,thw-mdx14-4w-ef192-2.jpg,2014-2020-acura-mdx-trailer-wiring-harness-t-connector-56192,2014-2020 Acura MDX Trailer Wiring Harness T-Connector - 56192,https://cdn.shopify.com/s/files/1/0724/2638/9551/files/thw-mdx14-4w-ef192-2.jpg?v=1776216791,ACTIVE
ITEM-033431,th-maz6-a356-stl-2.jpg,2014-2021-mazda-6-class-1-trailer-hitch-1-25-receiver,"2014-2021 Mazda 6 Class 1 Trailer Hitch 1.25"" Receiver",https://cdn.shopify.com/s/files/1/0724/2638/9551/files/th-maz6-a356-stl-2.jpg?v=1776216794,ACTIVE
ITEM-026370,tc-lru-2_e20e08e0-4307-48de-a15b-8b4ed3cda8db.jpg,2014-2021-toyota-tundra-5-5-bed-roll-up-tonneau-cover-503364,2014-2021 Toyota Tundra 5.5 ft Bed Roll-Up Tonneau Cover,https://cdn.shopify.com/s/files/1/0724/2638/9551/files/tc-lru-2_e20e08e0-4307-48de-a15b-8b4ed3cda8db.jpg?v=1776217936,ACTIVE
ITEM-026634,LISTING_tc-lru-ws-1_e5df4080-0881-438a-af66-684903f2efaf.jpg,2014-2021-toyota-tundra-5-5-roll-up-tonneau-cover-led-light-kit,2014-2021 Toyota Tundra 5.5 ft Bed Roll-Up Tonneau Cover w/ LED Lights,https://cdn.shopify.com/s/files/1/0724/2638/9551/files/LISTING_tc-lru-ws-1_e5df4080-0881-438a-af66-684903f2efaf.jpg?v=1773342927,ACTIVE
ITEM-026633,LISTING_tc-hss_2btbl-16w8p-01-ws-1_77453474-4166-4383-9c08-3acfe34ff49c.jpg,2014-2021-toyota-tundra-5-5-bed-tonneau-cover-w-led-lights,2014-2021 Toyota Tundra 5.5 ft Bed Tonneau Cover & LED Light Kit,https://cdn.shopify.com/s/files/1/0724/2638/9551/files/LISTING_tc-hss_2btbl-16w8p-01-ws-1_77453474-4166-4383-9c08-3acfe34ff49c.jpg?v=1773342895,ACTIVE
ITEM-028019,LISTING_tc-lth-ws-2_85c3b9f3-e0f3-4d51-8aff-1935e81b83d4.jpg,2014-toyota-tundra-5-5ft-bed-hard-tri-fold-tonneau-cover-243364,2014-2021 Toyota Tundra 5.5 ft Bed Tonneau Cover - Hard Tri-Fold,https://cdn.shopify.com/s/files/1/0724/2638/9551/files/LISTING_tc-lth-ws-2_85c3b9f3-e0f3-4d51-8aff-1935e81b83d4.jpg?v=1773342931,ACTIVE
ITEM-026368,tc-hss-2_41253159-37d9-42b4-a153-148128e80068.jpg,2014-2021-toyota-tundra-5-5-bed-soft-roll-up-tonneau-cover,2014-2021 Toyota Tundra 5.5 ft Bed Tonneau Cover - Hidden Snap,https://cdn.shopify.com/s/files/1/0724/2638/9551/files/tc-hss-2_41253159-37d9-42b4-a153-148128e80068.jpg?v=1776217938,ACTIVE
ITEM-028018,LISTING_tc-lth-ws-2_de4090d0-ab43-4c57-8671-4bb9a29d9a57.jpg,2014-toyota-tundra-6-5ft-bed-hard-tri-fold-tonneau-cover-243365,2014-2021 Toyota Tundra 6.5 ft Bed Hard Tri-Fold Tonneau Cover,https://cdn.shopify.com/s/files/1/0724/2638/9551/files/LISTING_tc-lth-ws-2_de4090d0-ab43-4c57-8671-4bb9a29d9a57.jpg?v=1773343030,ACTIVE
ITEM-026371,tc-lru-2_38f019bf-e0cc-45a1-8f0f-bac0d6a25a6d.jpg,2014-2021-toyota-tundra-6-5-bed-roll-up-tonneau-cover-503365,2014-2021 Toyota Tundra 6.5 ft Bed Roll-Up Tonneau Cover,https://cdn.shopify.com/s/files/1/0724/2638/9551/files/tc-lru-2_38f019bf-e0cc-45a1-8f0f-bac0d6a25a6d.jpg?v=1776217939,ACTIVE
ITEM-026636,LISTING_tc-lru-ws-1_8ca6684b-3dc5-49f2-a20b-4724d27575a5.jpg,2014-2021-toyota-tundra-6-5-roll-up-tonneau-cover-w-led-lights,2014-2021 Toyota Tundra 6.5 ft Bed Roll-Up Tonneau Cover Combo,https://cdn.shopify.com/s/files/1/0724/2638/9551/files/LISTING_tc-lru-ws-1_8ca6684b-3dc5-49f2-a20b-4724d27575a5.jpg?v=1773343028,ACTIVE
ITEM-025149,tc-tfs-2_5c38c846-0033-4c83-ab24-61459b23c646.jpg,2014-2021-toyota-tundra-6-5-bed-soft-tri-fold-tonneau-cover,2014-2021 Toyota Tundra 6.5 ft Bed Soft Tri-Fold Tonneau Cover,https://cdn.shopify.com/s/files/1/0724/2638/9551/files/tc-tfs-2_5c38c846-0033-4c83-ab24-61459b23c646.jpg?v=1776217941,ACTIVE
ITEM-026635,LISTING_tc-hss_2btbl-16w8p-01-ws-1_72c1cba0-bb15-48b2-9c8e-1ff2353732f4.jpg,2014-2021-toyota-tundra-6-5-tonneau-cover-w-led-bed-lights,2014-2021 Toyota Tundra 6.5 ft Bed Tonneau Cover & LED Light Kit,https://cdn.shopify.com/s/files/1/0724/2638/9551/files/LISTING_tc-hss_2btbl-16w8p-01-ws-1_72c1cba0-bb15-48b2-9c8e-1ff2353732f4.jpg?v=1773342996,ACTIVE
ITEM-026369,tc-hss-2_541f8b74-6ae4-4ead-9ece-1d7402ef3ea4.jpg,2014-2021-toyota-tundra-6-5-bed-soft-roll-up-tonneau-cover,2014-2021 Toyota Tundra 6.5 ft Bed Tonneau Cover - Hidden Snap,https://cdn.shopify.com/s/files/1/0724/2638/9551/files/tc-hss-2_541f8b74-6ae4-4ead-9ece-1d7402ef3ea4.jpg?v=1776217942,ACTIVE
ITEM-025696,LISTING_tc-tfs-ws-1_d4293ec4-1b41-4d5d-baec-95ed2aedeaa8.jpg,2014-2021-toyota-tundra-6-5-soft-tri-fold-tonneau-cover-w-led-lights,2014-2021 Toyota Tundra 6.5 ft Bed Tri-Fold Tonneau Cover w/ LED Kit,https://cdn.shopify.com/s/files/1/0724/2638/9551/files/LISTING_tc-tfs-ws-1_d4293ec4-1b41-4d5d-baec-95ed2aedeaa8.jpg?v=1773343096,ACTIVE
ITEM-029983,hlnb-tun14lbw-cha-2.jpg,2014-2021-toyota-tundra-chrome-led-crystal-headlights-tytd14d,2014-2021 Toyota Tundra Chrome LED Crystal Headlights - TYTD14D,https://cdn.shopify.com/s/files/1/0724/2638/9551/files/hlnb-tun14lbw-cha-2.jpg?v=1776216796,ACTIVE
ITEM-030142,hlpnb-tun14lsq-ac-2.jpg,2014-2021-toyota-tundra-chrome-projector-headlights-sequential-led,2014-2021 Toyota Tundra Chrome Projector Headlights Sequential LED,https://cdn.shopify.com/s/files/1/0724/2638/9551/files/hlpnb-tun14lsq-ac-2.jpg?v=1776216798,ACTIVE
ITEM-033509,rr-lp-fullsize-uni-stl-2_837bf063-4aca-4ad3-b3a5-571186373285.jpg,2014-2021-toyota-tundra-crew-cab-low-profile-roof-basket-system,2014-2021 Toyota Tundra Crew Cab Low Profile Roof Basket System,https://cdn.shopify.com/s/files/1/0724/2638/9551/files/rr-lp-fullsize-uni-stl-2_837bf063-4aca-4ad3-b3a5-571186373285.jpg?v=1776217944,ACTIVE
ITEM-026815,hlplnb-tun14fled-ab-2.jpg,2014-2021-toyota-tundra-full-led-projector-headlights-black-amber,2014-2021 Toyota Tundra Full LED Projector Headlights Black Amber,https://cdn.shopify.com/s/files/1/0724/2638/9551/files/hlplnb-tun14fled-ab-2.jpg?v=1776216800,ACTIVE
ITEM-029984,hlnb-tun14lbw-jdma-2.jpg,2014-2021-toyota-tundra-led-crystal-headlights-black-jdma,2014-2021 Toyota Tundra LED Crystal Headlights Black - JDMA,https://cdn.shopify.com/s/files/1/0724/2638/9551/files/hlnb-tun14lbw-jdma-2.jpg?v=1776216802,ACTIVE
ITEM-029981,hlpnb-tun14lbw-ac-2.jpg,2014-2021-toyota-tundra-led-halo-projector-headlights-chrome,2014-2021 Toyota Tundra LED Halo Projector Headlights Chrome,https://cdn.shopify.com/s/files/1/0724/2638/9551/files/hlpnb-tun14lbw-ac-2.jpg?v=1776216804,ACTIVE
ITEM-030143,hlpnb-tun14lsq-lam-ab-2.jpg,2014-2021-toyota-tundra-projector-headlights-sequential-led-black,2014-2021 Toyota Tundra Projector Headlights Sequential LED - Black,https://cdn.shopify.com/s/files/1/0724/2638/9551/files/hlpnb-tun14lsq-lam-ab-2.jpg?v=1776216806,ACTIVE
ITEM-030144,hlpnb-tun14lsq-lam-ac-2.jpg,2014-2021-toyota-tundra-projector-headlights-sequential-led-chrome,2014-2021 Toyota Tundra Projector Headlights Sequential LED Chrome,https://cdn.shopify.com/s/files/1/0724/2638/9551/files/hlpnb-tun14lsq-lam-ac-2.jpg?v=1776216808,ACTIVE
ITEM-023908,th-mdx14-c146-2.jpg,2014-2022-acura-mdx-honda-pilot-class-3-trailer-hitch-ball-mount-kit,2014-2022 Acura MDX Honda Pilot Class 3 Trailer Hitch & Ball Mount Kit,https://cdn.shopify.com/s/files/1/0724/2638/9551/files/th-mdx14-c146-2.jpg?v=1776216803,ACTIVE
ITEM-027117,hlplnb-f15015fled-ab-2.jpg,2015-2017-ford-f-150-full-led-projector-headlights-black-amber,2015-2017 Ford F-150 Full LED Projector Headlights Black Amber,https://cdn.shopify.com/s/files/1/0724/2638/9551/files/hlplnb-f15015fled-ab-2.jpg?v=1776216810,ACTIVE
ITEM-033498,rr-lp-fullsize-uni-stl-2_9cb25b8f-d387-4c4d-84c5-8bf599261894.jpg,2015-2019-silverado-sierra-2500-3500-hd-crew-cab-roof-basket,2015-2019 Silverado/Sierra 2500/3500 HD Crew Cab Roof Basket,https://cdn.shopify.com/s/files/1/0724/2638/9551/files/rr-lp-fullsize-uni-stl-2_9cb25b8f-d387-4c4d-84c5-8bf599261894.jpg?v=1776217946,ACTIVE
ITEM-023916,th-bmount-l2-2_d2c83cf8-6ca2-4dfa-ab7e-0ed2762eeae7.jpg,2015-2021-ford-transit-150-250-350-class-3-hitch-ball-mount-kit,2015-2021 Ford Transit 150/250/350 Class 3 Hitch & Ball Mount Kit,https://cdn.shopify.com/s/files/1/0724/2638/9551/files/th-bmount-l2-2_d2c83cf8-6ca2-4dfa-ab7e-0ed2762eeae7.jpg?v=1776217947,ACTIVE
ITEM-023084,th-tran15-c193-2.jpg,2015-2021-ford-transit-150-250-350-class-3-trailer-hitch-13193,2015-2021 Ford Transit 150/250/350 Class 3 Trailer Hitch - 13193,https://cdn.shopify.com/s/files/1/0724/2638/9551/files/th-tran15-c193-2.jpg?v=1776216813,ACTIVE
ITEM-032794,rbjz-mrb-tb-uni-stl-2.jpg,2015-2025-chevy-colorado-82-modular-steel-running-boards-black,2015-2022 Chevrolet Colorado & GMC Canyon Crew Cab Running Boards - Modular Steel,https://cdn.shopify.com/s/files/1/0724/2638/9551/files/rbjz-mrb-tb-uni-stl-2.jpg?v=1776216815,ACTIVE
ITEM-026757,bghd-av-mb-2_70568342-db63-4465-8f38-06a6d5833af0.jpg,2015-2022-chevy-colorado-gmc-canyon-bull-guard-w-skid-plate,2015-2022 Chevrolet Colorado GMC Canyon Bull Guard Skid Plate - Matte Black,https://cdn.shopify.com/s/files/1/0724/2638/9551/files/bghd-av-mb-2_70568342-db63-4465-8f38-06a6d5833af0.jpg?v=1776217949,ACTIVE
ITEM-031830,LISTING_tc-fru2_2btbl-16w8p-01-ws-1.jpg,2015-2022-chevy-colorado-gmc-canyon-5-bed-roll-up-cover-led-kit,2015-2022 Chevrolet Colorado/GMC Canyon 5 ft Bed Flush Roll-Up Tonneau Cover with LED Lights Combo,https://cdn.shopify.com/s/files/1/0724/2638/9551/files/LISTING_tc-fru2_2btbl-16w8p-01-ws-1.jpg?v=1773338373,ACTIVE
ITEM-019488,tc-lru-2_1fd2a5a3-0688-4a06-ae45-9269a447911d.jpg,2015-2022-chevy-colorado-gmc-canyon-5-bed-roll-up-tonneau-cover,2015-2022 Chevrolet Colorado/GMC Canyon 5 ft Bed Roll-Up Tonneau Cover,https://cdn.shopify.com/s/files/1/0724/2638/9551/files/tc-lru-2_1fd2a5a3-0688-4a06-ae45-9269a447911d.jpg?v=1776217951,ACTIVE
ITEM-028041,LISTING_tc-lth-ws-2_b23eb663-84e1-4c31-a88d-b7f9eced8e51.jpg,2015-chevy-colorado-gmc-canyon-5ft-hard-tri-fold-tonneau-cover,2015-2022 Chevrolet Colorado/GMC Canyon 5 ft Bed Tonneau Cover,https://cdn.shopify.com/s/files/1/0724/2638/9551/files/LISTING_tc-lth-ws-2_b23eb663-84e1-4c31-a88d-b7f9eced8e51.jpg?v=1773338447,ACTIVE
ITEM-030825,tc-fru2-2.jpg,2015-chevy-gmc-colorado-canyon-5-bed-flush-roll-up-tonneau-cover,2015-2022 Chevrolet Colorado/GMC Canyon 5 ft Bed Tonneau Cover - Flush Roll Up,https://cdn.shopify.com/s/files/1/0724/2638/9551/files/tc-fru2-2.jpg?v=1776216816,ACTIVE
ITEM-019489,tc-tfs-2.jpg,2015-2022-chevy-colorado-gmc-canyon-5-tri-fold-tonneau-cover,2015-2022 Chevrolet Colorado/GMC Canyon 5 ft Bed Tri-Fold Tonneau Cover,https://cdn.shopify.com/s/files/1/0724/2638/9551/files/tc-tfs-2.jpg?v=1776216819,ACTIVE
ITEM-022387,LISTING_tc-tfs-ws-1_0bbccc1c-5705-436f-be7a-52a337b40240.jpg,2015-2022-chevy-colorado-gmc-canyon-5-tri-fold-cover-led-kit,2015-2022 Chevrolet Colorado/GMC Canyon 5 ft Bed Tri-Fold Tonneau Cover with LED Lights - White,https://cdn.shopify.com/s/files/1/0724/2638/9551/files/LISTING_tc-tfs-ws-1_0bbccc1c-5705-436f-be7a-52a337b40240.jpg?v=1773338514,ACTIVE
ITEM-022219,tbm-rb-gy-2_5ffa8a98-5d1f-479a-8d3b-d00a488541bb.jpg,2015-2022-chevy-colorado-gmc-canyon-6-bed-pvc-truck-bed-mat,2015-2022 Chevrolet Colorado/GMC Canyon 6 ft Bed Mat - PVC,https://cdn.shopify.com/s/files/1/0724/2638/9551/files/tbm-rb-gy-2_5ffa8a98-5d1f-479a-8d3b-d00a488541bb.jpg?v=1776217952,ACTIVE
ITEM-022389,LISTING_tc-lru-ws-1_42e2d2ee-8fa7-4580-84a8-b6928b6f82c1.jpg,2015-2022-colorado-canyon-6-roll-up-tonneau-cover-w-led-lights,2015-2022 Chevrolet Colorado/GMC Canyon 6 ft Bed Roll-Up Tonneau Cover with LED Lights,https://cdn.shopify.com/s/files/1/0724/2638/9551/files/LISTING_tc-lru-ws-1_42e2d2ee-8fa7-4580-84a8-b6928b6f82c1.jpg?v=1773338581,ACTIVE
ITEM-019490,tc-hss-2_0a77fd21-7a93-4cd7-a509-1cb775844542.jpg,2015-2022-chevy-colorado-gmc-canyon-6-bed-soft-roll-up-tonneau-cover,2015-2022 Chevrolet Colorado/GMC Canyon 6 ft Bed Tonneau Cover - Soft Roll-Up,https://cdn.shopify.com/s/files/1/0724/2638/9551/files/tc-hss-2_0a77fd21-7a93-4cd7-a509-1cb775844542.jpg?v=1776217954,ACTIVE
ITEM-026780,bghd-al-mb-2_f673590a-e5a1-4fd2-bbc2-4c2aa6b7ba01.jpg,2015-2022-chevy-colorado-gmc-canyon-advanced-bull-guard-led-bar,2015-2022 Chevrolet Colorado/GMC Canyon Bull Guard LED - Lund,https://cdn.shopify.com/s/files/1/0724/2638/9551/files/bghd-al-mb-2_f673590a-e5a1-4fd2-bbc2-4c2aa6b7ba01.jpg?v=1776217955,ACTIVE
ITEM-033504,rr-lp-midsize-uni-stl-2.jpg,2015-2022-chevy-colorado-crew-cab-low-profile-roof-basket-steel,2015-2022 Chevrolet Colorado/GMC Canyon Crew Cab Roof Basket,https://cdn.shopify.com/s/files/1/0724/2638/9551/files/rr-lp-midsize-uni-stl-2.jpg?v=1776216821,ACTIVE
ITEM-026212,LISTING_sbms-colo15cc-mb-ws-1.jpg,2015-2018-chevy-colorado-gmc-canyon-crew-cab-modular-step-bars,2015-2022 Chevrolet Colorado/GMC Canyon Crew Cab Step Bars - Matte Black,https://cdn.shopify.com/s/files/1/0724/2638/9551/files/LISTING_sbms-colo15cc-mb-ws-1.jpg?v=1773336141,ACTIVE
ITEM-022384,LISTING_tc-hss_2btbl-16w8p-01-ws-1_7ea95864-49ee-46f7-8133-227580cf8a89.jpg,2015-2022-colorado-canyon-5-bed-tonneau-cover-led-light-kit,2015-2022 Chevy Colorado GMC Canyon 5 ft Bed Tonneau Cover & LED Kit,https://cdn.shopify.com/s/files/1/0724/2638/9551/files/LISTING_tc-hss_2btbl-16w8p-01-ws-1_7ea95864-49ee-46f7-8133-227580cf8a89.jpg?v=1773338410,ACTIVE
ITEM-022385,LISTING_tc-lru-ws-1_8dbc4346-865e-42f4-bcbc-89531f274e83.jpg,2015-2022-colorado-canyon-5-roll-up-tonneau-cover-w-led-lights,2015-2022 Chevy Colorado/GMC Canyon 5 ft Bed Roll-Up Tonneau Cover w/ LED Lights,https://cdn.shopify.com/s/files/1/0724/2638/9551/files/LISTING_tc-lru-ws-1_8dbc4346-865e-42f4-bcbc-89531f274e83.jpg?v=1773338442,ACTIVE
ITEM-027880,tbm-rb-v2-2_c267a327-9090-487e-b5b8-bc1d71142953.jpg,2015-2022-chevy-colorado-gmc-canyon-5ft-bed-rubber-mat-v2,2015-2022 Chevy Colorado/GMC Canyon 5 ft Bed Rubber Bed Mat - V2,https://cdn.shopify.com/s/files/1/0724/2638/9551/files/tbm-rb-v2-2_c267a327-9090-487e-b5b8-bc1d71142953.jpg?v=1776217957,ACTIVE
ITEM-022220,tbm-rb-gy-2_e4e5d0bc-b4ba-406f-8c8a-31907b81ee57.jpg,2015-2022-chevy-colorado-gmc-canyon-5-bed-rubber-mat-grey,2015-2022 Chevy Colorado/GMC Canyon 5 ft Bed Rubber Truck Bed Mat - Grey,https://cdn.shopify.com/s/files/1/0724/2638/9551/files/tbm-rb-gy-2_e4e5d0bc-b4ba-406f-8c8a-31907b81ee57.jpg?v=1776217959,ACTIVE
ITEM-028907,LISTING_tc-lth-ws-2_6df64373-dcae-42d6-b9c5-dcfa333868b7.jpg,2015-chevy-colorado-gmc-canyon-5ft-tri-fold-tonneau-cover-w-led,2015-2022 Chevy Colorado/GMC Canyon 5 ft Bed Tonneau Cover & LED Kit,https://cdn.shopify.com/s/files/1/0724/2638/9551/files/LISTING_tc-lth-ws-2_6df64373-dcae-42d6-b9c5-dcfa333868b7.jpg?v=1773338475,ACTIVE
ITEM-019487,tc-hss-2_ae22baa2-d3a5-4c64-b691-57ef338585b9.jpg,2015-2022-chevy-colorado-gmc-canyon-5-bed-soft-roll-up-cover,2015-2022 Chevy Colorado/GMC Canyon 5 ft Bed Tonneau Cover - Roll-Up,https://cdn.shopify.com/s/files/1/0724/2638/9551/files/tc-hss-2_ae22baa2-d3a5-4c64-b691-57ef338585b9.jpg?v=1776217960,ACTIVE
ITEM-019491,tc-lru-2_fd8d19ec-af9f-42cb-a50a-9fb67f90c138.jpg,2015-2022-chevy-colorado-gmc-canyon-6-bed-roll-up-tonneau-cover,2015-2022 Chevy Colorado/GMC Canyon 6 ft Bed Roll-Up Tonneau Cover,https://cdn.shopify.com/s/files/1/0724/2638/9551/files/tc-lru-2_fd8d19ec-af9f-42cb-a50a-9fb67f90c138.jpg?v=1776217962,ACTIVE
ITEM-027886,tbm-rb-v2-2_1839a8a0-8c48-409b-a8f2-60e207f71da5.jpg,2015-2022-chevy-colorado-gmc-canyon-6ft-bed-rubber-mat-aa037-v2,2015-2022 Chevy Colorado/GMC Canyon 6 ft Bed Rubber Bed Mat - V2,https://cdn.shopify.com/s/files/1/0724/2638/9551/files/tbm-rb-v2-2_1839a8a0-8c48-409b-a8f2-60e207f71da5.jpg?v=1776217964,ACTIVE
ITEM-028040,LISTING_tc-lth-ws-2_9a9194b7-99f8-4445-83c9-7c0e5cb810d4.jpg,2015-chevy-colorado-gmc-canyon-6ft-bed-hard-tri-fold-tonneau-cover,2015-2022 Chevy Colorado/GMC Canyon 6 ft Bed Tonneau Cover,https://cdn.shopify.com/s/files/1/0724/2638/9551/files/LISTING_tc-lth-ws-2_9a9194b7-99f8-4445-83c9-7c0e5cb810d4.jpg?v=1773338584,ACTIVE
ITEM-022388,LISTING_tc-hss_2btbl-16w8p-01-ws-1_32cc7ff6-0bc7-45d7-bcdc-282d27809a0e.jpg,2015-2022-colorado-canyon-6-bed-tonneau-cover-w-led-lights-kit,2015-2022 Chevy Colorado/GMC Canyon 6 ft Bed Tonneau Cover & LED Kit,https://cdn.shopify.com/s/files/1/0724/2638/9551/files/LISTING_tc-hss_2btbl-16w8p-01-ws-1_32cc7ff6-0bc7-45d7-bcdc-282d27809a0e.jpg?v=1773338548,ACTIVE
ITEM-028918,LISTING_tc-lth-ws-2_c7eaa672-25bc-49f3-8dcf-2769355346b9.jpg,2015-chevy-colorado-gmc-canyon-6ft-tri-fold-tonneau-cover-w-led-kit,2015-2022 Chevy Colorado/GMC Canyon 6 ft Bed Tonneau Cover & LED Kit,https://cdn.shopify.com/s/files/1/0724/2638/9551/files/LISTING_tc-lth-ws-2_c7eaa672-25bc-49f3-8dcf-2769355346b9.jpg?v=1773338614,ACTIVE
ITEM-032562,fg-cha15-bllb-mb-ks-st-2.jpg,2015-2023-dodge-charger-hex-style-front-grille-w-led-light-bar-matte-black,2015-2023 Dodge Charger Hex Style Front Grille w/LED Light Bar - Matte Black,https://cdn.shopify.com/s/files/1/0724/2638/9551/files/fg-cha15-bllb-mb-ks-st-2.jpg?v=1776216824,ACTIVE
ITEM-030354,fmr-3p-hb-2_5690dae9-c61c-4dc9-8efd-8f7a93cfc268.jpg,ford-f-150-lightning-supercrew-hex-rubber-floor-mats-3pc-black,2015-2023 Ford F-150 Crew Cab All Weather Floor Mats 3PC Black,https://cdn.shopify.com/s/files/1/0724/2638/9551/files/fmr-3p-hb-2_5690dae9-c61c-4dc9-8efd-8f7a93cfc268.jpg?v=1776217965,ACTIVE
ITEM-026735,LISTING_uss-f15015cc-bk-t-g.jpg,2015-2023-ford-f-150-f-250-f-350-underseat-storage-organizer-box,2015-2023 Ford F-150 F-250 F-350 Underseat Storage Organizer Box,https://cdn.shopify.com/s/files/1/0724/2638/9551/files/LISTING_uss-f15015cc-bk-t-g.jpg?v=1773347272,ACTIVE
ITEM-030353,fmr-3p-hb-2_c6d59b54-d7d7-4d53-82ea-4c222593006d.jpg,ford-f-150-lightning-super-cab-hex-rubber-floor-mats-3pc-black,2015-2023 Ford F-150 Super Cab All Weather Floor Mats 3PC - Black,https://cdn.shopify.com/s/files/1/0724/2638/9551/files/fmr-3p-hb-2_c6d59b54-d7d7-4d53-82ea-4c222593006d.jpg?v=1776217967,ACTIVE
ITEM-026937,LISTING_rbjz-br-f15015-6p_2brbjz-86-5-ti-mb-ws-1.jpg,2015-2023-ford-f-150-super-duty-86-aluminum-running-boards-matte-black,2015-2023 Ford F-150/Super Duty Crew Cab 86 inch Aluminum Running Boards - Matte Black,https://cdn.shopify.com/s/files/1/0724/2638/9551/files/LISTING_rbjz-br-f15015-6p_2brbjz-86-5-ti-mb-ws-1.jpg?v=1773335566,ACTIVE
ITEM-026938,rb-sb-f15015cc-stehlen_140e0e34-ffa8-4cb3-a785-f224c45980b9.jpg,2015-2023-ford-f-150-super-duty-86-oe-style-running-boards-matte-black,2015-2023 Ford F-150/Super Duty Crew Cab 86 inch OE Style Running Boards - Matte Black,https://cdn.shopify.com/s/files/1/0724/2638/9551/files/rb-sb-f15015cc-stehlen_140e0e34-ffa8-4cb3-a785-f224c45980b9.jpg?v=1773335576,ACTIVE
ITEM-026219,LISTING_sbms-f15015cc-mb-ws-1a.jpg,2015-2018-ford-f-150-f-250-super-crew-modular-step-bars-matte-black,2015-2023 Ford F-150/Super Duty Crew Cab Modular Side Steps,https://cdn.shopify.com/s/files/1/0724/2638/9551/files/LISTING_sbms-f15015cc-mb-ws-1a.jpg?v=1773336162,ACTIVE
ITEM-027190,rb-sb-f15015cc-stehlen_3655af0e-6a8f-43d5-a83f-3da64beee5a5.jpg,2015-2023-ford-f-150-super-duty-86-oe-style-running-boards-silver,2015-2023 Ford F-150/Super Duty Crew Cab OE Running Boards - Silver,https://cdn.shopify.com/s/files/1/0724/2638/9551/files/rb-sb-f15015cc-stehlen_3655af0e-6a8f-43d5-a83f-3da64beee5a5.jpg?v=1773335595,ACTIVE
ITEM-032500,th-rene15-c269-st-2.jpg,2015-2023-jeep-renegade-2-trailer-hitch-receiver-class-3,"2015-2023 Jeep Renegade 2"" Trailer Hitch Receiver Class 3",https://cdn.shopify.com/s/files/1/0724/2638/9551/files/th-rene15-c269-st-2.jpg?v=1776216826,ACTIVE
ITEM-022775,LISTING_tc-lru-ws-1_e62b6c5b-ebc7-410a-8bfc-f687fdc45d8b.jpg,2015-2024-ford-f-150-5-5-tonneau-cover-with-led-bed-lights,2015-2024 Ford F-150 5.5 ft Bed Roll Up Tonneau Cover w/ LED Lights,https://cdn.shopify.com/s/files/1/0724/2638/9551/files/LISTING_tc-lru-ws-1_e62b6c5b-ebc7-410a-8bfc-f687fdc45d8b.jpg?v=1773339316,ACTIVE
ITEM-022215,tbm-rb-gy-2_ac7472af-a66f-49cc-8c65-67df50e77f68.jpg,2015-2024-ford-f-150-5-5-bed-rubber-truck-bed-mat-grey,2015-2024 Ford F-150 5.5 ft Bed Rubber Truck Bed Mat - Grey,https://cdn.shopify.com/s/files/1/0724/2638/9551/files/tbm-rb-gy-2_ac7472af-a66f-49cc-8c65-67df50e77f68.jpg?v=1776217968,ACTIVE
ITEM-027908,tbm-rb-v2-2_a66bdeb3-f65a-4da9-a561-26e22fd07dfe.jpg,2015-2024-ford-f-150-5-5ft-bed-rubber-mat-lightweight-v2,2015-2024 Ford F-150 5.5 ft Bed Rubber Truck Bed Mat - Lightweight V2,https://cdn.shopify.com/s/files/1/0724/2638/9551/files/tbm-rb-v2-2_a66bdeb3-f65a-4da9-a561-26e22fd07dfe.jpg?v=1776217970,ACTIVE
ITEM-022131,tc-lru-2_91e668db-0056-4623-88be-70950343a9d2.jpg,2015-2024-ford-f-150-5-5-bed-soft-roll-up-tonneau-cover-503362,2015-2024 Ford F-150 5.5 ft Bed Soft Roll-Up Tonneau Cover,https://cdn.shopify.com/s/files/1/0724/2638/9551/files/tc-lru-2_91e668db-0056-4623-88be-70950343a9d2.jpg?v=1776217971,ACTIVE
ITEM-022521,tbm-rb-gy-2_a6223472-0be1-4932-b730-dc26718084f7.jpg,2015-2024-ford-f-150-6-5-bed-rubber-truck-bed-mat-grey,2015-2024 Ford F-150 6.5 ft Bed Rubber Truck Bed Mat - Grey,https://cdn.shopify.com/s/files/1/0724/2638/9551/files/tbm-rb-gy-2_a6223472-0be1-4932-b730-dc26718084f7.jpg?v=1776217973,ACTIVE
ITEM-027909,tbm-rb-v2-2_885771ec-bfcd-4a58-9243-c99de1caecd0.jpg,2015-2024-ford-f-150-6-5-ft-bed-rubber-mat-lightweight-v2,2015-2024 Ford F-150 6.5 ft Bed Rubber Truck Bed Mat - V2,https://cdn.shopify.com/s/files/1/0724/2638/9551/files/tbm-rb-v2-2_885771ec-bfcd-4a58-9243-c99de1caecd0.jpg?v=1776217974,ACTIVE
ITEM-022132,tc-lru-2_6f0e7b9c-c664-4244-b446-79ee0102388f.jpg,2015-2024-ford-f-150-6-5-bed-soft-roll-up-tonneau-cover-503363,2015-2024 Ford F-150 6.5 ft Bed Soft Roll-Up Tonneau Cover,https://cdn.shopify.com/s/files/1/0724/2638/9551/files/tc-lru-2_6f0e7b9c-c664-4244-b446-79ee0102388f.jpg?v=1776217976,ACTIVE
ITEM-022777,LISTING_tc-lru-ws-1_ccc3ff52-bc21-45a6-9e62-5ad45bc20392.jpg,2015-2024-ford-f-150-6-5-tonneau-cover-with-led-bed-lights,2015-2024 Ford F-150 6.5 ft Bed Tonneau Cover w/ LED Lights,https://cdn.shopify.com/s/files/1/0724/2638/9551/files/LISTING_tc-lru-ws-1_ccc3ff52-bc21-45a6-9e62-5ad45bc20392.jpg?v=1773339387,ACTIVE
ITEM-022133,tc-lru-2_974a37bc-c6e5-49eb-8b05-88345c0e347e.jpg,2015-2024-ford-f-150-8ft-bed-soft-roll-up-tonneau-cover-503368,2015-2024 Ford F-150 8 ft Bed Soft Roll-Up Tonneau Cover,https://cdn.shopify.com/s/files/1/0724/2638/9551/files/tc-lru-2_974a37bc-c6e5-49eb-8b05-88345c0e347e.jpg?v=1776217978,ACTIVE
ITEM-022779,LISTING_tc-lru-ws-1_e79147e5-0de7-4561-896f-480cc4ed3f2a.jpg,2015-2024-ford-f-150-8-bed-roll-up-tonneau-cover-w-led-lights,2015-2024 Ford F-150 8 ft Bed Soft Roll-Up Tonneau Cover w/ LED Lights,https://cdn.shopify.com/s/files/1/0724/2638/9551/files/LISTING_tc-lru-ws-1_e79147e5-0de7-4561-896f-480cc4ed3f2a.jpg?v=1773339456,ACTIVE
ITEM-032496,th-mur15-c205-st-2.jpg,2015-2024-nissan-murano-2-trailer-hitch-receiver-class-3-curt-13205,"2015-2024 Nissan Murano 2"" Trailer Hitch Receiver Class 3 - CURT 13205",https://cdn.shopify.com/s/files/1/0724/2638/9551/files/th-mur15-c205-st-2.jpg?v=1776216828,ACTIVE
ITEM-021817,th-f15015-c118-2.jpg,2015-2025-ford-f-150-class-3-trailer-hitch-black-13118,2015-2025 Ford F-150 Class 3 Trailer Hitch - Black | 13118,https://cdn.shopify.com/s/files/1/0724/2638/9551/files/th-f15015-c118-2.jpg?v=1776216831,ACTIVE
ITEM-022811,th-bmount-l2-2_46a50827-5993-4e0d-a428-cbe736528f2d.jpg,2015-2025-ford-f-150-class-3-trailer-hitch-combo-curt,2015-2025 Ford F-150 Class 3 Trailer Hitch Combo - CURT,https://cdn.shopify.com/s/files/1/0724/2638/9551/files/th-bmount-l2-2_46a50827-5993-4e0d-a428-cbe736528f2d.jpg?v=1776217979,ACTIVE
ITEM-028037,LISTING_tc-lth-ws-2_4d9aa5d4-37cc-4d69-9251-3b0fc5d7067f.jpg,2015-ford-f-150-5-5ft-bed-hard-tri-fold-tonneau-cover-low-profile,2015-2026 Ford F-150 5.5 ft Bed Tonneau Cover - Hard Tri-Fold,https://cdn.shopify.com/s/files/1/0724/2638/9551/files/LISTING_tc-lth-ws-2_4d9aa5d4-37cc-4d69-9251-3b0fc5d7067f.jpg?v=1773339334,ACTIVE
ITEM-028916,LISTING_tc-lth-ws-2_e02d07c4-69e6-4743-806b-7da14fa15ce1.jpg,2015-2026-ford-f-150-5-5ft-bed-hard-tri-fold-tonneau-cover-w-led,2015-2026 Ford F-150 5.5 ft Bed Tonneau Cover Combo w/ LED Lights,https://cdn.shopify.com/s/files/1/0724/2638/9551/files/LISTING_tc-lth-ws-2_e02d07c4-69e6-4743-806b-7da14fa15ce1.jpg?v=1773339350,ACTIVE
ITEM-028915,LISTING_tc-lth-ws-2_26e44bf0-825b-4a96-b0f4-a5b8b835ed50.jpg,2015-2024-ford-f-150-6-5ft-bed-hard-tri-fold-tonneau-cover-w-led,2015-2026 Ford F-150 6.5 ft Bed Hard Tri-Fold Tonneau Cover Combo,https://cdn.shopify.com/s/files/1/0724/2638/9551/files/LISTING_tc-lth-ws-2_26e44bf0-825b-4a96-b0f4-a5b8b835ed50.jpg?v=1773339421,ACTIVE
ITEM-028036,TC-F15015-6.5-LTH-2.jpg,2015-ford-f-150-6-5ft-bed-tonneau-cover-hard-tri-fold,2015-2026 Ford F-150 6.5 ft Bed Tonneau Cover - Hard Tri-Fold,https://cdn.shopify.com/s/files/1/0724/2638/9551/files/TC-F15015-6.5-LTH-2.jpg?v=1776216833,ACTIVE
ITEM-030328,tbm-rb-gy-2_c025b9df-cec6-4706-af83-0e0710623a09.jpg,2015-ford-f-150-8ft-bed-rubber-truck-bed-mat-diamond-plate,2015-2026 Ford F-150 8 ft Bed Rubber Truck Bed Mat - Diamond Plate,https://cdn.shopify.com/s/files/1/0724/2638/9551/files/tbm-rb-gy-2_c025b9df-cec6-4706-af83-0e0710623a09.jpg?v=1776217981,ACTIVE
ITEM-031042,tbm-rb-v2-2_8d7ee065-f9e0-402c-86bf-f9a01887c9f9.jpg,2015-2026-ford-f-150-8ft-bed-rubber-truck-bed-mat-tlaps-v2,2015-2026 Ford F-150 8 ft Bed Rubber Truck Bed Mat - Lightweight V2,https://cdn.shopify.com/s/files/1/0724/2638/9551/files/tbm-rb-v2-2_8d7ee065-f9e0-402c-86bf-f9a01887c9f9.jpg?v=1776217983,ACTIVE
ITEM-025569,th-bmount-l2-2_dc1306ac-d1fa-4b0b-af5d-25060b57c7c1.jpg,2015-2026-ford-f-150-class-4-trailer-hitch-ball-mount-combo,2015-2026 Ford F-150 Class 4 Trailer Hitch & Ball Mount Combo,https://cdn.shopify.com/s/files/1/0724/2638/9551/files/th-bmount-l2-2_dc1306ac-d1fa-4b0b-af5d-25060b57c7c1.jpg?v=1776217984,ACTIVE
ITEM-023504,th-f15015-d017-2.jpg,2015-2026-ford-f-150-class-4-trailer-hitch-black-14017,2015-2026 Ford F-150 Class 4 Trailer Hitch Black - 14017,https://cdn.shopify.com/s/files/1/0724/2638/9551/files/th-f15015-d017-2.jpg?v=1776216835,ACTIVE
ITEM-033444,th-golf15-a412-stl-2.jpg,2015-vw-golf-gti-class-1-trailer-hitch-1-25-receiver,"2015-2026 Volkswagen Golf/GTI 1.25"" Trailer Hitch Receiver - Class 1",https://cdn.shopify.com/s/files/1/0724/2638/9551/files/th-golf15-a412-stl-2.jpg?v=1776216837,ACTIVE
ITEM-030337,tbm-rb-gy-2_4a9d5b4f-9d96-4c16-b975-bbcb339d188b.jpg,2017-nissan-titan-8ft-bed-rubber-truck-bed-mat-diamond-plate,2016-2019 Nissan Titan / Titan XD 8 ft Bed Rubber Bed Mat - Diamond Plate,https://cdn.shopify.com/s/files/1/0724/2638/9551/files/tbm-rb-gy-2_4a9d5b4f-9d96-4c16-b975-bbcb339d188b.jpg?v=1776217986,ACTIVE
ITEM-030341,tbm-rb-v2-2_bc80ea44-16c3-4c54-994a-cdc441516bcf.jpg,2017-nissan-titan-8ft-bed-rubber-truck-bed-mat-lightweight-v2,2016-2019 Nissan Titan / Titan XD 8 ft Bed Rubber Bed Mat - Lightweight,https://cdn.shopify.com/s/files/1/0724/2638/9551/files/tbm-rb-v2-2_bc80ea44-16c3-4c54-994a-cdc441516bcf.jpg?v=1776217987,ACTIVE
ITEM-028755,fmr-1p-hb-2_ee9a11b0-ab6f-4aaf-b201-e1d42f2a232b.jpg,2016-2020-buick-envision-hex-style-rubber-trunk-mat-black,2016-2020 Buick Envision Rubber Trunk Mat - All Weather HB,https://cdn.shopify.com/s/files/1/0724/2638/9551/files/fmr-1p-hb-2_ee9a11b0-ab6f-4aaf-b201-e1d42f2a232b.jpg?v=1776217989,ACTIVE
ITEM-023021,th-sore16-c195-2.jpg,2016-2020-kia-sorento-hyundai-santa-fe-class-3-trailer-hitch,2016-2020 Kia Sorento & Hyundai Santa Fe Class 3 Trailer Hitch,https://cdn.shopify.com/s/files/1/0724/2638/9551/files/th-sore16-c195-2.jpg?v=1776216839,ACTIVE
ITEM-023913,th-bmount-l2-2_bcead7cf-751a-4e96-a4d5-5ab748058c91.jpg,2016-2020-kia-sorento-class-3-trailer-hitch-w-ball-mount-curt,2016-2020 Kia Sorento Class 3 Trailer Hitch w/ Ball Mount - CURT,https://cdn.shopify.com/s/files/1/0724/2638/9551/files/th-bmount-l2-2_bcead7cf-751a-4e96-a4d5-5ab748058c91.jpg?v=1776217991,ACTIVE
ITEM-030929,LISTING_th-tucs16-c240-ws-2.jpg,2016-2021-hyundai-tucson-2-trailer-hitch-receiver-class-3-curt,"2016-2021 Hyundai Tucson 2"" Trailer Hitch Receiver Class 3 - CURT",https://cdn.shopify.com/s/files/1/0724/2638/9551/files/LISTING_th-tucs16-c240-ws-2.jpg?v=1773346745,ACTIVE
ITEM-031779,th-bmount-l2-2_0970f639-a72e-4d8a-b213-c8bf43fa665f.jpg,2016-2021-hyundai-tucson-2-trailer-hitch-receiver-w-ball-mount,"2016-2021 Hyundai Tucson 2"" Trailer Hitch Receiver w/ Ball Mount",https://cdn.shopify.com/s/files/1/0724/2638/9551/files/th-bmount-l2-2_0970f639-a72e-4d8a-b213-c8bf43fa665f.jpg?v=1776217992,ACTIVE
ITEM-031032,th-class-2-2_f9891c08-2c7b-4805-9204-749bbb34f2d1.jpg,2016-2021-hyundai-tucson-trailer-hitch-receiver-class-2-curt,2016-2021 Hyundai Tucson Trailer Hitch Receiver Class 2 - CURT,https://cdn.shopify.com/s/files/1/0724/2638/9551/files/th-class-2-2_f9891c08-2c7b-4805-9204-749bbb34f2d1.jpg?v=1776217994,ACTIVE
ITEM-033462,th-x116-c303-stl-2.jpg,2016-2022-bmw-x1-class-3-trailer-hitch-2-receiver-black,"2016-2022 BMW X1 Class 3 Trailer Hitch 2"" Receiver - Black",https://cdn.shopify.com/s/files/1/0724/2638/9551/files/th-x116-c303-stl-2.jpg?v=1776216841,ACTIVE
ITEM-026744,bghd-av-mb-2_87793236-4e1e-4d5b-bf16-9ccfb286456e.jpg,2016-2022-toyota-tacoma-advanced-series-bull-guard-w-skid-plate-matte-black,2016-2022 Toyota Tacoma Advanced Series Bull Guard w/ Skid Plate - Matte Black,https://cdn.shopify.com/s/files/1/0724/2638/9551/files/bghd-av-mb-2_87793236-4e1e-4d5b-bf16-9ccfb286456e.jpg?v=1776217995,ACTIVE
ITEM-027079,bghd-am-mb_2bflbw-40cree-lb-wh-2_970e5e06-c94b-44e5-abd4-525c5c9488e4.jpg,2016-2022-toyota-tacoma-bull-guard-w-mesh-skid-plate-led-bar,2016-2022 Toyota Tacoma Bull Guard w/Mesh Skid Plate & LED Bar,https://cdn.shopify.com/s/files/1/0724/2638/9551/files/bghd-am-mb_2bflbw-40cree-lb-wh-2_970e5e06-c94b-44e5-abd4-525c5c9488e4.jpg?v=1776217997,ACTIVE
ITEM-026771,bghd-am-mb-2_942208d2-3988-4ee1-9d51-352721e350dd.jpg,2016-2022-toyota-tacoma-classic-bull-guard-studded-mesh-matte-black,2016-2022 Toyota Tacoma Classic Bull Guard Studded Mesh - Matte Black,https://cdn.shopify.com/s/files/1/0724/2638/9551/files/bghd-am-mb-2_942208d2-3988-4ee1-9d51-352721e350dd.jpg?v=1776217999,ACTIVE
ITEM-030301,fmr-3p-hb-2_60f9d60a-8d0b-4fd0-84df-58922e81d5ad.jpg,honda-pilot-passport-hex-style-all-weather-rubber-floor-mats-3pc,2016-2023 Honda Pilot / Passport All Weather Floor Mats 3PC - Black,https://cdn.shopify.com/s/files/1/0724/2638/9551/files/fmr-3p-hb-2_60f9d60a-8d0b-4fd0-84df-58922e81d5ad.jpg?v=1776218000,ACTIVE
ITEM-030300,fmr-1p-hb-2_9b6d19a4-eb7a-45fe-8899-7264e9393ca5.jpg,2016-honda-pilot-3rd-row-rubber-floor-mat-hex-style-black,2016-2023 Honda Pilot 3rd Row Rubber Floor Mat - HexStyle,https://cdn.shopify.com/s/files/1/0724/2638/9551/files/fmr-1p-hb-2_9b6d19a4-eb7a-45fe-8899-7264e9393ca5.jpg?v=1776218002,ACTIVE
ITEM-030302,fmr-3p-hb-2_e39721db-6b4d-4ad6-ab7f-ec230d2fb7df.jpg,2016-honda-pilot-hex-style-all-weather-rubber-floor-mats-4pc,2016-2023 Honda Pilot All Weather Rubber Floor Mats 4PC - Hex Style,https://cdn.shopify.com/s/files/1/0724/2638/9551/files/fmr-3p-hb-2_e39721db-6b4d-4ad6-ab7f-ec230d2fb7df.jpg?v=1776218004,ACTIVE
ITEM-033439,th-cx916-c284-stl-2.jpg,2016-2023-mazda-cx-9-class-3-trailer-hitch-2-receiver,"2016-2023 Mazda CX-9 Class 3 Trailer Hitch 2"" Receiver - Stehlen",https://cdn.shopify.com/s/files/1/0724/2638/9551/files/th-cx916-c284-stl-2.jpg?v=1776216843,ACTIVE
ITEM-031033,th-class-1-2_d83dda3f-3f87-45db-b8a8-003ba3beab6f.jpg,2016-2023-mazda-mx-5-miata-1-25-trailer-hitch-receiver-curt-11435,"2016-2023 Mazda MX-5 Miata 1.25"" Trailer Hitch Receiver - Curt 11435",https://cdn.shopify.com/s/files/1/0724/2638/9551/files/th-class-1-2_d83dda3f-3f87-45db-b8a8-003ba3beab6f.jpg?v=1776218005,ACTIVE
ITEM-029595,LISTING_tc-lth-ws-2_aa5c40be-4901-4a73-953e-43aaed5407dd.jpg,2016-toyota-tacoma-5ft-bed-hard-tri-fold-tonneau-cover-low-profile,2016-2023 Toyota Tacoma 5 ft Bed Hard Tri-Fold Tonneau Cover,https://cdn.shopify.com/s/files/1/0724/2638/9551/files/LISTING_tc-lth-ws-2_aa5c40be-4901-4a73-953e-43aaed5407dd.jpg?v=1773341898,ACTIVE
ITEM-022134,tc-lru-2_4f5f9cfe-b26b-43ee-b0c7-8a360b24bd50.jpg,2016-2023-toyota-tacoma-5-bed-soft-roll-up-tonneau-cover,2016-2023 Toyota Tacoma 5 ft Bed Soft Roll-Up Tonneau Cover,https://cdn.shopify.com/s/files/1/0724/2638/9551/files/tc-lru-2_4f5f9cfe-b26b-43ee-b0c7-8a360b24bd50.jpg?v=1776218007,ACTIVE
ITEM-022781,LISTING_tc-lru-ws-1_98b24227-b942-40ec-a65e-b65211455e5f.jpg,2016-2023-toyota-tacoma-5-bed-tonneau-cover-led-light-combo,2016-2023 Toyota Tacoma 5 ft Bed Tonneau Cover & LED Light Combo,https://cdn.shopify.com/s/files/1/0724/2638/9551/files/LISTING_tc-lru-ws-1_98b24227-b942-40ec-a65e-b65211455e5f.jpg?v=1773341893,ACTIVE
ITEM-030204,LISTING_tc-lth-ws-2_e98b62d2-23e9-40cc-9ad9-1b607783583d.jpg,2016-2023-toyota-tacoma-5ft-bed-hard-tri-fold-tonneau-cover-led,2016-2023 Toyota Tacoma 5 ft Bed Tonneau Cover Combo w/ LED Lights,https://cdn.shopify.com/s/files/1/0724/2638/9551/files/LISTING_tc-lth-ws-2_e98b62d2-23e9-40cc-9ad9-1b607783583d.jpg?v=1773341924,ACTIVE
ITEM-030831,tc-fru2-2_2005c155-c574-4357-a8a4-1d6681e3729c.jpg,2016-toyota-tacoma-6-bed-flush-roll-up-vinyl-tonneau-cover,2016-2023 Toyota Tacoma 6 ft Bed Flush Roll-Up Tonneau Cover,https://cdn.shopify.com/s/files/1/0724/2638/9551/files/tc-fru2-2_2005c155-c574-4357-a8a4-1d6681e3729c.jpg?v=1776218008,ACTIVE
ITEM-021787,tc-hss-2_fb87a064-7371-4bd1-9ac7-a35192f1657b.jpg,2016-2023-toyota-tacoma-6-bed-soft-roll-up-tonneau-cover,2016-2023 Toyota Tacoma 6 ft Bed Soft Roll-Up Tonneau Cover,https://cdn.shopify.com/s/files/1/0724/2638/9551/files/tc-hss-2_fb87a064-7371-4bd1-9ac7-a35192f1657b.jpg?v=1776218010,ACTIVE
ITEM-022135,tc-lru-2_ff8f4461-3c08-459e-b2c6-86db5aa884de.jpg,2016-2023-toyota-tacoma-6-bed-soft-roll-up-tonneau-cover-1,2016-2023 Toyota Tacoma 6 ft Bed Soft Roll-Up Tonneau Cover,https://cdn.shopify.com/s/files/1/0724/2638/9551/files/tc-lru-2_ff8f4461-3c08-459e-b2c6-86db5aa884de.jpg?v=1776218012,ACTIVE
ITEM-022783,LISTING_tc-lru-ws-1_9a3b9009-3b51-4b88-8994-2a1fe4d20bce.jpg,2016-2023-toyota-tacoma-6-bed-roll-up-tonneau-cover-w-led-lights,2016-2023 Toyota Tacoma 6 ft Bed Tonneau Cover & LED Light Kit,https://cdn.shopify.com/s/files/1/0724/2638/9551/files/LISTING_tc-lru-ws-1_9a3b9009-3b51-4b88-8994-2a1fe4d20bce.jpg?v=1773342030,ACTIVE
ITEM-031790,LISTING_tc-fru2_2btbl-16w8p-01-ws-1_c08d2f2e-7047-41bf-8c8a-470700ffa1fe.jpg,2016-2024-toyota-tacoma-6-bed-roll-up-tonneau-cover-led-light-kit,2016-2023 Toyota Tacoma 6 ft Bed Tonneau Cover Combo w/ LED Lights,https://cdn.shopify.com/s/files/1/0724/2638/9551/files/LISTING_tc-fru2_2btbl-16w8p-01-ws-1_c08d2f2e-7047-41bf-8c8a-470700ffa1fe.jpg?v=1773341959,ACTIVE
ITEM-022770,LISTING_tc-hss_2btbl-16w8p-01-ws-1_8b21e7ee-d85b-4f15-934c-5ab163d85253.jpg,2016-2023-toyota-tacoma-6-bed-tonneau-cover-led-light-combo,2016-2023 Toyota Tacoma 6 ft Bed Tonneau Cover with LED Lights,https://cdn.shopify.com/s/files/1/0724/2638/9551/files/LISTING_tc-hss_2btbl-16w8p-01-ws-1_8b21e7ee-d85b-4f15-934c-5ab163d85253.jpg?v=1773341997,ACTIVE
ITEM-022524,th-taco16-c264-2.jpg,2016-2023-toyota-tacoma-class-3-trailer-hitch-black-13264,2016-2023 Toyota Tacoma Class 3 Trailer Hitch Black - 13264,https://cdn.shopify.com/s/files/1/0724/2638/9551/files/th-taco16-c264-2.jpg?v=1776216846,ACTIVE
ITEM-022846,th-bmount-l2-2_3ba302c3-fd21-4bca-a59e-b9a7ae7b0306.jpg,2016-2023-toyota-tacoma-class-3-trailer-hitch-combo-w-ball-mount,2016-2023 Toyota Tacoma Class 3 Trailer Hitch Combo w/ Ball Mount,https://cdn.shopify.com/s/files/1/0724/2638/9551/files/th-bmount-l2-2_3ba302c3-fd21-4bca-a59e-b9a7ae7b0306.jpg?v=1776218013,ACTIVE
ITEM-033508,rr-lp-midsize-uni-stl-2_bb720660-6644-4d9d-90f2-c206576ee499.jpg,2016-2023-toyota-tacoma-crew-cab-low-profile-roof-basket-steel,2016-2023 Toyota Tacoma Crew Cab Low Profile Roof Basket - Steel,https://cdn.shopify.com/s/files/1/0724/2638/9551/files/rr-lp-midsize-uni-stl-2_bb720660-6644-4d9d-90f2-c206576ee499.jpg?v=1776218015,ACTIVE
ITEM-028087,LISTING_hlplnb-taco16fled-ab-ws-1.jpg,2016-toyota-tacoma-full-led-projector-headlights-black-amber,2016-2023 Toyota Tacoma Full LED Projector Headlights Amber - Black,https://cdn.shopify.com/s/files/1/0724/2638/9551/files/LISTING_hlplnb-taco16fled-ab-ws-1.jpg?v=1773334907,ACTIVE
ITEM-028020,LISTING_tc-lth-ws-2_8ace141d-2320-4e86-ab13-2884b2ec8647.jpg,2016-nissan-titan-6-5ft-bed-hard-tri-fold-tonneau-cover-243330,2016-2024 Nissan Titan 6.5 ft Bed Hard Tri-Fold Tonneau Cover,https://cdn.shopify.com/s/files/1/0724/2638/9551/files/LISTING_tc-lth-ws-2_8ace141d-2320-4e86-ab13-2884b2ec8647.jpg?v=1773342544,ACTIVE
ITEM-030335,tbm-rb-gy-2_e9bf6f22-acab-48d8-a475-ea34d3d8614c.jpg,2016-nissan-titan-6-5-bed-rubber-truck-bed-mat-diamond-plate,2016-2024 Nissan Titan 6.5 ft Bed Rubber Bed Mat - Diamond Plate,https://cdn.shopify.com/s/files/1/0724/2638/9551/files/tbm-rb-gy-2_e9bf6f22-acab-48d8-a475-ea34d3d8614c.jpg?v=1776218017,ACTIVE
ITEM-031044,tbm-rb-v2-2_0b2102c4-6d77-4ed0-9326-3e324ecd0f1f.jpg,2016-2024-nissan-titan-6-5ft-bed-rubber-mat-lightweight-v2,2016-2024 Nissan Titan 6.5 ft Bed Rubber Bed Mat - Lightweight V2,https://cdn.shopify.com/s/files/1/0724/2638/9551/files/tbm-rb-v2-2_0b2102c4-6d77-4ed0-9326-3e324ecd0f1f.jpg?v=1776218018,ACTIVE
ITEM-026415,tc-lru-2_344ace50-4528-44ad-aa5c-253968405194.jpg,2016-2024-nissan-titan-6-5-soft-roll-up-tonneau-cover-503330,2016-2024 Nissan Titan 6.5 ft Bed Soft Roll-Up Tonneau Cover,https://cdn.shopify.com/s/files/1/0724/2638/9551/files/tc-lru-2_344ace50-4528-44ad-aa5c-253968405194.jpg?v=1776218020,ACTIVE
ITEM-026630,LISTING_tc-lru-ws-1_2b660996-0e15-4594-9aec-55d28cbbe93b.jpg,2016-2024-nissan-titan-6-5-soft-roll-up-cover-led-light-kit,2016-2024 Nissan Titan 6.5 ft Bed Soft Roll-Up Tonneau Cover Combo,https://cdn.shopify.com/s/files/1/0724/2638/9551/files/LISTING_tc-lru-ws-1_2b660996-0e15-4594-9aec-55d28cbbe93b.jpg?v=1773342523,ACTIVE
ITEM-028908,LISTING_tc-lth-ws-2_4a4d6a49-1008-4435-88ea-83e94aa956bd.jpg,2016-nissan-titan-6-5-tonneau-cover-led-bed-light-combo-kit,2016-2024 Nissan Titan 6.5 ft Bed Tonneau Cover Combo w/ LED,https://cdn.shopify.com/s/files/1/0724/2638/9551/files/LISTING_tc-lth-ws-2_4a4d6a49-1008-4435-88ea-83e94aa956bd.jpg?v=1773342555,ACTIVE
ITEM-031391,bghd-am-mb-2_ad740931-a243-493c-866a-4afc069280e7.jpg,2016-2021-nissan-titan-xd-studded-mesh-bull-guard-matte-black,2016-2024 Nissan Titan XD Studded Mesh Bull Guard - Matte Black,https://cdn.shopify.com/s/files/1/0724/2638/9551/files/bghd-am-mb-2_ad740931-a243-493c-866a-4afc069280e7.jpg?v=1776218022,ACTIVE
ITEM-031916,bghd-am-mb_2bflbw-40cree-lb-wh-2_4d62084b-9ba5-4c30-816a-5a51c417ee43.jpg,2016-2021-nissan-titan-xd-studded-mesh-bull-guard-matte-black-w-led,2016-2024 Nissan Titan XD Studded Mesh Bull Guard Matte Black - LED,https://cdn.shopify.com/s/files/1/0724/2638/9551/files/bghd-am-mb_2bflbw-40cree-lb-wh-2_4d62084b-9ba5-4c30-816a-5a51c417ee43.jpg?v=1776218023,ACTIVE
ITEM-026410,tc-tfs-2_21e17aba-b6ee-497d-945d-c910509caca3.jpg,2017-2022-ford-super-duty-6-75-bed-soft-tri-fold-tonneau-cover,2017-2022 Ford Super Duty 6.75 ft Bed Soft Tri-Fold Tonneau Cover,https://cdn.shopify.com/s/files/1/0724/2638/9551/files/tc-tfs-2_21e17aba-b6ee-497d-945d-c910509caca3.jpg?v=1776218025,ACTIVE
ITEM-028035,LISTING_tc-lth-ws-2_6238d942-9654-42ce-808b-c772f0b3b754.jpg,2017-ford-f250-super-duty-6-8ft-bed-hard-tri-fold-tonneau-cover,2017-2022 Ford Super Duty 6.75 ft Bed Tonneau Cover - Hard Tri-Fold,https://cdn.shopify.com/s/files/1/0724/2638/9551/files/LISTING_tc-lth-ws-2_6238d942-9654-42ce-808b-c772f0b3b754.jpg?v=1773339662,ACTIVE
ITEM-028914,LISTING_tc-lth-ws-2_161f1dd8-ee04-4af9-be70-637850f132eb.jpg,2017-2022-ford-f-250-f-350-6-8ft-bed-tri-fold-tonneau-cover-w-led,2017-2022 Ford Super Duty 6.75 ft Bed Tonneau Cover with LED Lights,https://cdn.shopify.com/s/files/1/0724/2638/9551/files/LISTING_tc-lth-ws-2_161f1dd8-ee04-4af9-be70-637850f132eb.jpg?v=1773339695,ACTIVE
ITEM-026620,LISTING_tc-tfs-ws-1_41a54d41-822d-48ba-b87c-f9b71a26ec6e.jpg,2017-2022-ford-super-duty-6-75-tri-fold-tonneau-cover-led-light-kit,2017-2022 Ford Super Duty 6.75 ft Bed Tri-Fold Tonneau Cover Combo,https://cdn.shopify.com/s/files/1/0724/2638/9551/files/LISTING_tc-tfs-ws-1_41a54d41-822d-48ba-b87c-f9b71a26ec6e.jpg?v=1773339661,ACTIVE
ITEM-024790,sbhd-f15015cc-4-20-ch-2.jpg,2017-2022-ford-super-duty-crew-cab-4-side-step-bars-matte-black,"2017-2022 Ford Super Duty Crew Cab 4"" Side Step Bars - Matte Black",https://cdn.shopify.com/s/files/1/0724/2638/9551/files/sbhd-f15015cc-4-20-ch-2.jpg?v=1776216848,ACTIVE
ITEM-024789,sbhd-f15015cc-5-bk-2.jpg,2017-2022-ford-super-duty-crew-cab-5-steel-side-step-bars-black,"2017-2022 Ford Super Duty Crew Cab 5"" Side Step Bars - Black",https://cdn.shopify.com/s/files/1/0724/2638/9551/files/sbhd-f15015cc-5-bk-2.jpg?v=1776216850,ACTIVE
ITEM-032507,th-acad17-c293-st-2.jpg,2017-2023-gmc-acadia-class-3-trailer-hitch-curt-13293,"2017-2023 GMC Acadia Class 3 Trailer Hitch 2"" Receiver - CURT 13293",https://cdn.shopify.com/s/files/1/0724/2638/9551/files/th-acad17-c293-st-2.jpg?v=1776216852,ACTIVE
ITEM-033441,th-rogsp17-c377-stl-2.jpg,2017-2023-nissan-rogue-sport-qashqai-2-trailer-hitch-class-3,"2017-2023 Nissan Rogue Sport Qashqai 2"" Trailer Hitch Class 3",https://cdn.shopify.com/s/files/1/0724/2638/9551/files/th-rogsp17-c377-stl-2.jpg?v=1776216854,ACTIVE
ITEM-030830,tc-fru2-2_875caeb7-c86a-4662-a0e6-94ebddda662f.jpg,2016-nissan-titan-5-5-bed-flush-roll-up-vinyl-tonneau-cover,2017-2024 Nissan Titan 5.5 ft Bed Flush Roll-Up Tonneau Cover,https://cdn.shopify.com/s/files/1/0724/2638/9551/files/tc-fru2-2_875caeb7-c86a-4662-a0e6-94ebddda662f.jpg?v=1776218026,ACTIVE
ITEM-031046,tbm-rb-v2-2_f88f817d-f32c-423f-9e25-e67f115670bb.jpg,2016-2024-nissan-titan-5-7ft-bed-rubber-truck-bed-mat-lightweight-v2,2017-2024 Nissan Titan 5.5 ft Bed Rubber Bed Mat - Lightweight V2,https://cdn.shopify.com/s/files/1/0724/2638/9551/files/tbm-rb-v2-2_f88f817d-f32c-423f-9e25-e67f115670bb.jpg?v=1776218028,ACTIVE
ITEM-030336,tbm-rb-gy-2_9b1d0987-556d-491e-8890-e6b7fa695c66.jpg,2016-nissan-titan-5-7ft-bed-rubber-truck-bed-mat-diamond-plate,2017-2024 Nissan Titan 5.5 ft Bed Rubber Truck Bed Mat - Diamond Plate,https://cdn.shopify.com/s/files/1/0724/2638/9551/files/tbm-rb-gy-2_9b1d0987-556d-491e-8890-e6b7fa695c66.jpg?v=1776218029,ACTIVE
ITEM-026416,tc-lru-2_25d2f3c7-7330-4c4a-a494-78887394cfef.jpg,2017-2024-nissan-titan-5-5-soft-roll-up-tonneau-cover-503334,2017-2024 Nissan Titan 5.5 ft Bed Soft Roll-Up Tonneau Cover,https://cdn.shopify.com/s/files/1/0724/2638/9551/files/tc-lru-2_25d2f3c7-7330-4c4a-a494-78887394cfef.jpg?v=1776218031,ACTIVE
ITEM-026626,LISTING_tc-lru-ws-1_746d80f6-2590-4bd3-9916-4bf96c6c802f.jpg,2017-2024-nissan-titan-5-5-soft-roll-up-tonneau-cover-led-kit,2017-2024 Nissan Titan 5.5 ft Bed Soft Roll-Up Tonneau Cover Combo,https://cdn.shopify.com/s/files/1/0724/2638/9551/files/LISTING_tc-lru-ws-1_746d80f6-2590-4bd3-9916-4bf96c6c802f.jpg?v=1773342419,ACTIVE
ITEM-026408,tc-tfs-2_4a62cc42-1124-4448-9679-701d84515a80.jpg,2017-2024-nissan-titan-5-5-soft-tri-fold-tonneau-cover-303334,2017-2024 Nissan Titan 5.5 ft Bed Soft Tri-Fold Tonneau Cover,https://cdn.shopify.com/s/files/1/0724/2638/9551/files/tc-tfs-2_4a62cc42-1124-4448-9679-701d84515a80.jpg?v=1776218033,ACTIVE
ITEM-026628,LISTING_tc-tfs-ws-1_07d75b0b-cb28-40ae-aa09-77ee92db6274.jpg,2017-2024-nissan-titan-5-5-tri-fold-tonneau-cover-led-light-kit,2017-2024 Nissan Titan 5.5 ft Bed Soft Tri-Fold Tonneau Cover Combo,https://cdn.shopify.com/s/files/1/0724/2638/9551/files/LISTING_tc-tfs-ws-1_07d75b0b-cb28-40ae-aa09-77ee92db6274.jpg?v=1773342491,ACTIVE
ITEM-028021,LISTING_tc-lth-ws-2_5b0d41a9-9a55-42f2-9508-b1427fa92386.jpg,2016-nissan-titan-5-5ft-bed-low-profile-hard-tri-fold-tonneau-cover,2017-2024 Nissan Titan 5.5 ft Bed Tonneau Cover - Hard Tri-Fold,https://cdn.shopify.com/s/files/1/0724/2638/9551/files/LISTING_tc-lth-ws-2_5b0d41a9-9a55-42f2-9508-b1427fa92386.jpg?v=1773342445,ACTIVE
ITEM-031789,LISTING_tc-fru2_2btbl-16w8p-01-ws-1_e6de4b22-febd-4003-95e0-8aaefb731ad0.jpg,2016-nissan-titan-5-5-flush-roll-up-tonneau-cover-w-led-lights,2017-2024 Nissan Titan 5.5 ft Bed Tonneau Cover Combo w/ LED Lights,https://cdn.shopify.com/s/files/1/0724/2638/9551/files/LISTING_tc-fru2_2btbl-16w8p-01-ws-1_e6de4b22-febd-4003-95e0-8aaefb731ad0.jpg?v=1773342383,ACTIVE
ITEM-028905,LISTING_tc-lth-ws-2_1a3e54ee-1273-4322-9d40-e818e85e4080.jpg,2016-nissan-titan-5-5ft-tonneau-cover-w-led-bed-lights-combo,2017-2024 Nissan Titan 5.5 ft Bed Tonneau Cover Combo w/ LED Lights,https://cdn.shopify.com/s/files/1/0724/2638/9551/files/LISTING_tc-lth-ws-2_1a3e54ee-1273-4322-9d40-e818e85e4080.jpg?v=1773342454,ACTIVE
ITEM-033451,th-q717-c277-stl-2.jpg,2017-2025-audi-q7-class-3-trailer-hitch-2-receiver-black,"2017-2025 Audi Q7 Class 3 Trailer Hitch 2"" Receiver - Black",https://cdn.shopify.com/s/files/1/0724/2638/9551/files/th-q717-c277-stl-2.jpg?v=1776216857,ACTIVE
ITEM-033456,th-xt517-c285-stl-2.jpg,2017-2025-cadillac-xt5-class-3-trailer-hitch-2-receiver-stehlen,"2017-2025 Cadillac XT5 Class 3 Trailer Hitch 2"" Receiver - Stehlen",https://cdn.shopify.com/s/files/1/0724/2638/9551/files/th-xt517-c285-stl-2.jpg?v=1776216859,ACTIVE
ITEM-032573,th-pac17-c383-st-2.jpg,2017-2025-chrysler-pacifica-voyager-2-class-3-trailer-hitch-receiver,"2017-2025 Chrysler Pacifica Voyager 2"" Class 3 Trailer Hitch Receiver",https://cdn.shopify.com/s/files/1/0724/2638/9551/files/th-pac17-c383-st-2.jpg?v=1776216845,ACTIVE
ITEM-032501,th-crv17-c397-st-2.jpg,2017-2025-honda-cr-v-class-3-trailer-hitch-2-receiver,"2017-2025 Honda CR-V Class 3 Trailer Hitch 2"" Receiver - CURT 13397",https://cdn.shopify.com/s/files/1/0724/2638/9551/files/th-crv17-c397-st-2.jpg?v=1776216862,ACTIVE
ITEM-033440,th-class-3-2.jpg,2017-jeep-compass-class-3-trailer-hitch-2-receiver,"2017-2025 Jeep Compass Class 3 Trailer Hitch 2"" Receiver",https://cdn.shopify.com/s/files/1/0724/2638/9551/files/th-class-3-2.jpg?v=1776216850,ACTIVE
ITEM-030329,tbm-rb-gy-2_c0ceb8b5-82c7-4daa-a1b7-611f3793a16a.jpg,2017-ford-f250-f350-f450-6-8ft-bed-rubber-truck-bed-mat,2017-2026 Ford Super Duty 6.75 ft Bed Rubber Bed Mat - Diamond Plate,https://cdn.shopify.com/s/files/1/0724/2638/9551/files/tbm-rb-gy-2_c0ceb8b5-82c7-4daa-a1b7-611f3793a16a.jpg?v=1776218034,ACTIVE
ITEM-031037,tbm-rb-v2-2_21da95d7-bd6f-45a9-9652-5833ca19a989.jpg,2017-ford-f250-f350-f450-6-8-bed-rubber-truck-bed-mat-v2,2017-2026 Ford Super Duty 6.75 ft Bed Rubber Bed Mat - V2,https://cdn.shopify.com/s/files/1/0724/2638/9551/files/tbm-rb-v2-2_21da95d7-bd6f-45a9-9652-5833ca19a989.jpg?v=1776218036,ACTIVE
ITEM-031038,tbm-rb-v2-2_3127f905-e74c-4cd8-bcbd-bbecb859f193.jpg,2017-2026-ford-f250-f350-f450-8ft-bed-rubber-mat-lightweight-v2,2017-2026 Ford Super Duty 8 ft Bed Rubber Bed Mat - Lightweight V2,https://cdn.shopify.com/s/files/1/0724/2638/9551/files/tbm-rb-v2-2_3127f905-e74c-4cd8-bcbd-bbecb859f193.jpg?v=1776218037,ACTIVE
ITEM-033545,th-crv17-b169-stl-2.jpg,2017-2026-honda-cr-v-class-2-trailer-hitch-1-25-receiver,"2017-2026 Honda CR-V Class 2 Trailer Hitch 1.25"" Receiver",https://cdn.shopify.com/s/files/1/0724/2638/9551/files/th-crv17-b169-stl-2.jpg?v=1776216865,ACTIVE
ITEM-029741,tbm-rb-gy-2_9be7b277-4cfe-445b-8f75-99605e96b6b7.jpg,2017-honda-ridgeline-rubber-truck-bed-mat-diamond-plate-style,2017-2026 Honda Ridgeline 5.3 ft Bed Rubber Truck Bed Mat - AA044,https://cdn.shopify.com/s/files/1/0724/2638/9551/files/tbm-rb-gy-2_9be7b277-4cfe-445b-8f75-99605e96b6b7.jpg?v=1776218039,ACTIVE
ITEM-028620,tbm-rb-v2-2_da4eb074-c9b3-411c-9a19-a6e5a88f4ec9.jpg,2017-honda-ridgeline-rubber-truck-bed-mat-lightweight-v2,2017-2026 Honda Ridgeline 5.3 ft Bed Rubber Truck Bed Mat - V2,https://cdn.shopify.com/s/files/1/0724/2638/9551/files/tbm-rb-v2-2_da4eb074-c9b3-411c-9a19-a6e5a88f4ec9.jpg?v=1776218040,ACTIVE
ITEM-028568,hlplks-f15018fled-bb-2.jpg,2018-2020-ford-f-150-full-led-projector-headlights-black-fr646,2018-2020 Ford F-150 Full LED Projector Headlights Black - FR646,https://cdn.shopify.com/s/files/1/0724/2638/9551/files/hlplks-f15018fled-bb-2.jpg?v=1776216867,ACTIVE
ITEM-028756,fmr-3p-hb-2_cdefb00c-dff6-4db6-b60f-11c71adc8755.jpg,2018-2020-buick-enclave-hex-style-all-weather-rubber-floor-mats-4pc,2018-2021 Buick Enclave Custom Fit Rubber Floor Mats 4PC - Black,https://cdn.shopify.com/s/files/1/0724/2638/9551/files/fmr-3p-hb-2_cdefb00c-dff6-4db6-b60f-11c71adc8755.jpg?v=1776218042,ACTIVE
ITEM-030935,LISTING_th-cros18-b184-ws-2.jpg,2018-2023-subaru-crosstrek-1-25-trailer-hitch-receiver-curt,"2018-2023 Subaru Crosstrek 1.25"" Trailer Hitch Receiver - CURT",https://cdn.shopify.com/s/files/1/0724/2638/9551/files/LISTING_th-cros18-b184-ws-2.jpg?v=1773343545,ACTIVE
ITEM-030927,LISTING_th-cros18-c382-ws-2_f1de3af9-0c8d-40ba-a250-485e4fea70d6.jpg,2018-2023-subaru-crosstrek-2-class-3-trailer-hitch-curt-13382,"2018-2023 Subaru Crosstrek 2"" Trailer Hitch Receiver Class 3 - CURT",https://cdn.shopify.com/s/files/1/0724/2638/9551/files/LISTING_th-cros18-c382-ws-2_f1de3af9-0c8d-40ba-a250-485e4fea70d6.jpg?v=1773343554,ACTIVE
ITEM-031784,th-bmount-l2-2_95cf5ccc-1f42-4eeb-8c85-7f6a697896e7.jpg,2018-2023-subaru-crosstrek-trailer-hitch-ball-mount-combo,2018-2023 Subaru Crosstrek Trailer Hitch & Ball Mount Combo,https://cdn.shopify.com/s/files/1/0724/2638/9551/files/th-bmount-l2-2_95cf5ccc-1f42-4eeb-8c85-7f6a697896e7.jpg?v=1776218044,ACTIVE
ITEM-033433,th-stev18-c391-stl-2.jpg,2018-2024-alfa-romeo-stelvio-2-trailer-hitch-receiver-class-3,"2018-2024 Alfa Romeo Stelvio 2"" Trailer Hitch Receiver - Class 3",https://cdn.shopify.com/s/files/1/0724/2638/9551/files/th-stev18-c391-stl-2.jpg?v=1776216869,ACTIVE
ITEM-031412,fmr-1p-hb-2_db1c7ed5-93f3-4cda-9f4d-e05c0bfecc66.jpg,2018-2024-chevy-equinox-hex-style-rubber-trunk-mat-black-1pc,2018-2024 Chevrolet Equinox All-Weather Rubber Trunk Mat - 1PC,https://cdn.shopify.com/s/files/1/0724/2638/9551/files/fmr-1p-hb-2_db1c7ed5-93f3-4cda-9f4d-e05c0bfecc66.jpg?v=1776218045,ACTIVE
ITEM-031413,fmr-1p-hb-2_ce6cd0d4-9552-4e20-8d32-c361e2d41c38.jpg,2018-2024-chevy-traverse-hex-style-rubber-trunk-mat-black-1pc,2018-2024 Chevrolet Traverse Rubber Trunk Mat - Hex Style,https://cdn.shopify.com/s/files/1/0724/2638/9551/files/fmr-1p-hb-2_ce6cd0d4-9552-4e20-8d32-c361e2d41c38.jpg?v=1776218047,ACTIVE
ITEM-032499,th-tigu18-c381-st-2.jpg,2018-2024-volkswagen-tiguan-class-3-trailer-hitch-2-receiver-curt,"2018-2024 Volkswagen Tiguan 2"" Trailer Hitch Receiver Class 3 - 13381",https://cdn.shopify.com/s/files/1/0724/2638/9551/files/th-tigu18-c381-st-2.jpg?v=1776216871,ACTIVE
ITEM-033446,th-odys18-c523-stl-2.jpg,2018-2025-honda-odyssey-2-trailer-hitch-receiver-class-3,"2018-2025 Honda Odyssey 2"" Trailer Hitch Receiver - Class 3",https://cdn.shopify.com/s/files/1/0724/2638/9551/files/th-odys18-c523-stl-2.jpg?v=1776216873,ACTIVE
ITEM-032495,th-equi18-c439-st-2.jpg,2018-2024-chevy-equinox-gmc-terrain-class-3-trailer-hitch-2-receiver,"2018-2026 Chevrolet Equinox GMC Terrain 2"" Trailer Hitch - Class 3",https://cdn.shopify.com/s/files/1/0724/2638/9551/files/th-equi18-c439-st-2.jpg?v=1776216771,ACTIVE
ITEM-028743,fmr-3p-hb-2_90c3ba4c-dba5-42c1-91f1-73de583a6075.jpg,2019-acura-rdx-hex-style-all-weather-rubber-floor-mats-3pc-black,2019-2021 Acura RDX All Weather Rubber Floor Mats 3PC - Black,https://cdn.shopify.com/s/files/1/0724/2638/9551/files/fmr-3p-hb-2_90c3ba4c-dba5-42c1-91f1-73de583a6075.jpg?v=1776218049,ACTIVE
ITEM-029133,bghd-al-mbba-2_b39ebd0b-f14c-409b-9444-c10e41ea588d.jpg,2019-2022-chevy-silverado-gmc-sierra-1500-bull-guard-led-matte-black,2019-2022 Chevrolet Silverado 1500 Bull Guard LED Light Bar - Matte Black,https://cdn.shopify.com/s/files/1/0724/2638/9551/files/bghd-al-mbba-2_b39ebd0b-f14c-409b-9444-c10e41ea588d.jpg?v=1776218050,ACTIVE
ITEM-028613,bghd-av-mb-2_c680a953-0773-47a1-91ea-8abd27201b37.jpg,2019-2022-chevy-silverado-gmc-sierra-1500-bull-guard-matte-black,2019-2022 Chevrolet Silverado 1500 Bull Guard Skid Plate - Matte Black,https://cdn.shopify.com/s/files/1/0724/2638/9551/files/bghd-av-mb-2_c680a953-0773-47a1-91ea-8abd27201b37.jpg?v=1776218052,ACTIVE
ITEM-031273,bghd-am-mb-2_49e1facd-bf87-4f12-be7c-73e5ebdcb320.jpg,2019-2023-chevy-silverado-gmc-sierra-1500-bull-guard-matte-black,2019-2022 Chevrolet Silverado/GMC Sierra 1500 Bull Guard - Matte Black,https://cdn.shopify.com/s/files/1/0724/2638/9551/files/bghd-am-mb-2_49e1facd-bf87-4f12-be7c-73e5ebdcb320.jpg?v=1776218053,ACTIVE
ITEM-027427,tbm-rb-gy-2_8da78a0d-eac8-4239-8137-2d3f2b26da5a.jpg,2019-2022-chevy-silverado-gmc-sierra-6-5-rubber-bed-mat-mpn-66,2019-2022 Chevrolet/GMC 1500 6.5 ft Bed Rubber Bed Mat - TBM,https://cdn.shopify.com/s/files/1/0724/2638/9551/files/tbm-rb-gy-2_8da78a0d-eac8-4239-8137-2d3f2b26da5a.jpg?v=1776218055,ACTIVE
ITEM-030331,tbm-rb-gy-2_edbb5e75-f546-45e9-936e-e2d3d6bd6e98.jpg,2019-chevy-silverado-gmc-sierra-1500-8ft-bed-rubber-mat-diamond,2019-2022 Chevrolet/GMC 1500 8 ft Bed Rubber Bed Mat - Diamond Plate,https://cdn.shopify.com/s/files/1/0724/2638/9551/files/tbm-rb-gy-2_edbb5e75-f546-45e9-936e-e2d3d6bd6e98.jpg?v=1776218056,ACTIVE
ITEM-031039,tbm-rb-v2-2_f76aa93b-596c-4228-9550-44198ffb0b84.jpg,2019-chevy-silverado-gmc-sierra-1500-8ft-bed-rubber-mat-v2,2019-2022 Chevrolet/GMC 1500 8 ft Bed Rubber Bed Mat V2 - TBM,https://cdn.shopify.com/s/files/1/0724/2638/9551/files/tbm-rb-v2-2_f76aa93b-596c-4228-9550-44198ffb0b84.jpg?v=1776218058,ACTIVE
ITEM-029134,bghd-al-mb-2_721cddc3-5828-4c76-9d50-9edc13978dcd.jpg,2019-2022-chevy-silverado-gmc-sierra-1500-bull-guard-led-light-bar,2019-2022 Chevy Silverado 1500 Bull Guard LED Light Bar - Matte Black,https://cdn.shopify.com/s/files/1/0724/2638/9551/files/bghd-al-mb-2_721cddc3-5828-4c76-9d50-9edc13978dcd.jpg?v=1776218060,ACTIVE
ITEM-027916,tbm-rb-v2-2_72e7db57-9e3e-4253-ad1d-4b57e639ef09.jpg,2019-2022-chevy-silverado-gmc-sierra-1500-5-8-ft-rubber-bed-mat-v2,2019-2022 Chevy Silverado/GMC Sierra 1500 5.8 ft Bed Mat - AA058-V2,https://cdn.shopify.com/s/files/1/0724/2638/9551/files/tbm-rb-v2-2_72e7db57-9e3e-4253-ad1d-4b57e639ef09.jpg?v=1776218061,ACTIVE
ITEM-027917,tbm-rb-v2-2_9b9e1652-fc07-42ff-9424-426e04741adc.jpg,2019-2022-chevy-silverado-gmc-sierra-1500-6-5-ft-rubber-bed-mat,2019-2022 Chevy Silverado/GMC Sierra 1500 6.5 ft Bed Mat - AA066-V2,https://cdn.shopify.com/s/files/1/0724/2638/9551/files/tbm-rb-v2-2_9b9e1652-fc07-42ff-9424-426e04741adc.jpg?v=1776218063,ACTIVE
ITEM-027428,tbm-rb-gy-2_c206f8f1-d47d-4ce4-ab97-74068f4e1cf6.jpg,2019-2022-chevy-silverado-gmc-sierra-5-8-rubber-truck-bed-mat,2019-2022 Chevy Silverado/GMC Sierra 5.8 ft Bed Mat - Rubber,https://cdn.shopify.com/s/files/1/0724/2638/9551/files/tbm-rb-gy-2_c206f8f1-d47d-4ce4-ab97-74068f4e1cf6.jpg?v=1776218064,ACTIVE
ITEM-029798,tbm-rb-gy-2_97c06f33-4282-4fce-9a1f-e24f97d7919c.jpg,2019-dodge-ram-5-bed-rubber-truck-bed-mat-diamond-plate,2019-2022 Dodge Ram 1500 5.7 ft Bed Rubber Bed Mat - Diamond Plate,https://cdn.shopify.com/s/files/1/0724/2638/9551/files/tbm-rb-gy-2_97c06f33-4282-4fce-9a1f-e24f97d7919c.jpg?v=1776218066,ACTIVE
ITEM-029968,tbm-rb-v2-2_e134aa41-bc71-4f85-8492-b257b18d5151.jpg,2019-dodge-ram-5-7-bed-rubber-truck-bed-mat-lightweight-v2,2019-2022 Dodge Ram 1500 5.7 ft Bed Rubber Bed Mat V2 - AA46,https://cdn.shopify.com/s/files/1/0724/2638/9551/files/tbm-rb-v2-2_e134aa41-bc71-4f85-8492-b257b18d5151.jpg?v=1776218067,ACTIVE
ITEM-028472,sbrs-detail-2_6d96e51b-ec27-46f5-a7f8-733b54d7a7da.jpg,2019-chevy-silverado-gmc-sierra-crew-cab-rock-sliders-texture-black,2019-2022 Silverado/Sierra 1500 Crew Cab Rock Slider Side Steps,https://cdn.shopify.com/s/files/1/0724/2638/9551/files/sbrs-detail-2_6d96e51b-ec27-46f5-a7f8-733b54d7a7da.jpg?v=1776218069,ACTIVE
ITEM-031260,sbms-detail-2_1ccbfccd-f763-4cab-b5eb-c32bf423188a.jpg,2019-2025-chevy-silverado-gmc-sierra-1500-dc-led-step-bars,2019-2023 Chevy Silverado/GMC Sierra 1500 Extended Cab LED Step Bars - Matte Black,https://cdn.shopify.com/s/files/1/0724/2638/9551/files/sbms-detail-2_1ccbfccd-f763-4cab-b5eb-c32bf423188a.jpg?v=1776218070,ACTIVE
ITEM-028535,sbrs-detail-2.jpg,2019-ram-1500-crew-cab-rock-sliders-side-step-bars-texture-black,2019-2023 Dodge Ram 1500 Crew Cab Rock Slider Side Steps - Texture Black,https://cdn.shopify.com/s/files/1/0724/2638/9551/files/sbrs-detail-2.jpg?v=1776216876,ACTIVE
ITEM-031351,bghd-am-mb-2_633aa06b-ff29-45e0-83f3-cb532a60029d.jpg,2019-2023-dodge-ram-1500-studded-mesh-bull-guard-matte-black,2019-2023 Dodge Ram 1500 Studded Mesh Bull Guard Matte Black,https://cdn.shopify.com/s/files/1/0724/2638/9551/files/bghd-am-mb-2_633aa06b-ff29-45e0-83f3-cb532a60029d.jpg?v=1776218072,ACTIVE
ITEM-030843,tc-fru2-2_bfaf532c-3006-4504-ab23-638de1e777e4.jpg,2019-ford-ranger-5-bed-flush-roll-up-vinyl-tonneau-cover,2019-2023 Ford Ranger 5 ft Bed Flush Roll-Up Tonneau Cover,https://cdn.shopify.com/s/files/1/0724/2638/9551/files/tc-fru2-2_bfaf532c-3006-4504-ab23-638de1e777e4.jpg?v=1776218074,ACTIVE
ITEM-031803,LISTING_tc-fru2_2btbl-16w8p-01-ws-1_1983b26e-0ae1-4c65-aef6-701570762148.jpg,2019-2024-ford-ranger-5-bed-roll-up-tonneau-cover-led-light-kit,2019-2023 Ford Ranger 5 ft Bed Roll-Up Tonneau Cover Combo w/ LED,https://cdn.shopify.com/s/files/1/0724/2638/9551/files/LISTING_tc-fru2_2btbl-16w8p-01-ws-1_1983b26e-0ae1-4c65-aef6-701570762148.jpg?v=1773340749,ACTIVE
ITEM-029739,tbm-rb-gy-2_9ff2eacc-b770-493d-8136-815af7b1e35a.jpg,2019-ford-ranger-5-bed-rubber-truck-bed-mat-diamond-plate,2019-2023 Ford Ranger 5 ft Bed Rubber Bed Mat - AA043,https://cdn.shopify.com/s/files/1/0724/2638/9551/files/tbm-rb-gy-2_9ff2eacc-b770-493d-8136-815af7b1e35a.jpg?v=1776218075,ACTIVE
ITEM-028619,tbm-rb-v2-2_df0142a1-b6cb-42f6-9832-1d34e660eaac.jpg,2019-ford-ranger-supercrew-5ft-bed-rubber-mat-lightweight-v2,2019-2023 Ford Ranger 5 ft Bed Rubber Truck Bed Mat - AA043,https://cdn.shopify.com/s/files/1/0724/2638/9551/files/tbm-rb-v2-2_df0142a1-b6cb-42f6-9832-1d34e660eaac.jpg?v=1776218077,ACTIVE
ITEM-028158,LISTING_tc-lth-ws-2_94301013-fb41-4da8-b866-c1c573ad6651.jpg,2019-ford-ranger-5ft-bed-hard-tri-fold-tonneau-cover-2433106,2019-2023 Ford Ranger 5 ft Bed Tonneau Cover - Hard Tri-Fold,https://cdn.shopify.com/s/files/1/0724/2638/9551/files/LISTING_tc-lth-ws-2_94301013-fb41-4da8-b866-c1c573ad6651.jpg?v=1773340774,ACTIVE
ITEM-028922,LISTING_tc-lth-ws-2_c125d227-82e2-47e7-ac1d-d6a2b67db969.jpg,2019-2024-ford-ranger-5ft-bed-tri-fold-tonneau-cover-w-led-lights,2019-2023 Ford Ranger 5 ft Bed Tonneau Cover with LED Lights,https://cdn.shopify.com/s/files/1/0724/2638/9551/files/LISTING_tc-lth-ws-2_c125d227-82e2-47e7-ac1d-d6a2b67db969.jpg?v=1773340781,ACTIVE
ITEM-030844,tc-fru2-2_24a51c9f-95b5-4c89-9f78-314d9a04fe41.jpg,2019-ford-ranger-6-bed-flush-roll-up-vinyl-tonneau-cover,2019-2023 Ford Ranger 6 ft Bed Flush Roll-Up Tonneau Cover,https://cdn.shopify.com/s/files/1/0724/2638/9551/files/tc-fru2-2_24a51c9f-95b5-4c89-9f78-314d9a04fe41.jpg?v=1776218078,ACTIVE
ITEM-033512,mp-rang23-6-3p-stl-2.jpg,2023-ford-ranger-6ft-bed-molle-panels-front-sides-3pc-set,2019-2023 Ford Ranger 6 ft Bed MOLLE Panels Front & Sides - 3pc,https://cdn.shopify.com/s/files/1/0724/2638/9551/files/mp-rang23-6-3p-stl-2.jpg?v=1776216865,ACTIVE
ITEM-031801,LISTING_tc-fru2_2btbl-16w8p-01-ws-1_627a6a4c-bd49-489a-862a-efaa61439af5.jpg,2019-2023-ford-ranger-6-bed-tonneau-cover-led-light-kit,2019-2023 Ford Ranger 6 ft Bed Roll-Up Tonneau Cover Combo w/ LED,https://cdn.shopify.com/s/files/1/0724/2638/9551/files/LISTING_tc-fru2_2btbl-16w8p-01-ws-1_627a6a4c-bd49-489a-862a-efaa61439af5.jpg?v=1773340816,ACTIVE
ITEM-028618,tbm-rb-v2-2_8bc52b57-f4a5-4971-8ed4-f8a54a2970f2.jpg,2019-ford-ranger-super-cab-6ft-bed-rubber-mat-lightweight-v2,2019-2023 Ford Ranger 6 ft Bed Rubber Truck Bed Mat - AA042,https://cdn.shopify.com/s/files/1/0724/2638/9551/files/tbm-rb-v2-2_8bc52b57-f4a5-4971-8ed4-f8a54a2970f2.jpg?v=1776218080,ACTIVE
ITEM-029740,tbm-rb-gy-2_f6a365a7-7f7f-432c-b689-838c7998eeff.jpg,2019-ford-ranger-6-bed-rubber-truck-bed-mat-diamond-plate,2019-2023 Ford Ranger 6 ft Bed Rubber Truck Bed Mat - Diamond Plate,https://cdn.shopify.com/s/files/1/0724/2638/9551/files/tbm-rb-gy-2_f6a365a7-7f7f-432c-b689-838c7998eeff.jpg?v=1776218081,ACTIVE
ITEM-028159,LISTING_tc-lth-ws-2_e1b504d2-e826-48cd-a9e2-d0bd4b6682f2.jpg,2019-ford-ranger-6ft-bed-hard-tri-fold-tonneau-cover-low-profile,2019-2023 Ford Ranger 6 ft Bed Tonneau Cover - Hard Tri-Fold,https://cdn.shopify.com/s/files/1/0724/2638/9551/files/LISTING_tc-lth-ws-2_e1b504d2-e826-48cd-a9e2-d0bd4b6682f2.jpg?v=1773340844,ACTIVE
ITEM-028923,LISTING_tc-lth-ws-2_656daf65-5e62-41c6-90be-ae9235b9ffbc.jpg,2019-2023-ford-ranger-6ft-bed-hard-tri-fold-tonneau-cover-w-led-lights,2019-2023 Ford Ranger 6 ft Bed Tonneau Cover w/ LED Lights Combo,https://cdn.shopify.com/s/files/1/0724/2638/9551/files/LISTING_tc-lth-ws-2_656daf65-5e62-41c6-90be-ae9235b9ffbc.jpg?v=1773340855,ACTIVE
ITEM-032489,th-rang19-c417-st-2.jpg,2019-2023-ford-ranger-class-3-trailer-hitch-2-receiver-curt-13417,"2019-2023 Ford Ranger Class 3 Trailer Hitch 2"" Receiver - CURT 13417",https://cdn.shopify.com/s/files/1/0724/2638/9551/files/th-rang19-c417-st-2.jpg?v=1776216879,ACTIVE
ITEM-030356,fmr-3p-hb-2_87b80b2f-a0a9-41ce-97f8-b67585dc6188.jpg,2019-ford-ranger-supercrew-hex-rubber-floor-mats-3pc-black,2019-2023 Ford Ranger Crew Cab All Weather Floor Mats 3PC - Black,https://cdn.shopify.com/s/files/1/0724/2638/9551/files/fmr-3p-hb-2_87b80b2f-a0a9-41ce-97f8-b67585dc6188.jpg?v=1776218083,ACTIVE
ITEM-032966,rbjz-mrb-tb-uni-stl-2_ce12ebfd-d519-440e-842f-b33e131b6c9f.jpg,2019-2024-ford-ranger-crew-cab-82-modular-steel-running-boards,2019-2023 Ford Ranger Crew Cab Running Boards - Modular Steel,https://cdn.shopify.com/s/files/1/0724/2638/9551/files/rbjz-mrb-tb-uni-stl-2_ce12ebfd-d519-440e-842f-b33e131b6c9f.jpg?v=1776218085,ACTIVE
ITEM-031279,bghd-am-mb-2_f20ac4ac-28eb-4a0d-b2c6-642bf1bc94f0.jpg,2019-ford-ranger-studded-mesh-bull-guard-matte-black,2019-2023 Ford Ranger Studded Mesh Bull Guard - Matte Black,https://cdn.shopify.com/s/files/1/0724/2638/9551/files/bghd-am-mb-2_f20ac4ac-28eb-4a0d-b2c6-642bf1bc94f0.jpg?v=1776218086,ACTIVE
ITEM-031922,bghd-am-mb_2bflbw-40cree-lb-wh-2_09c59a61-15cf-46c7-a089-b50b6122d28e.jpg,2019-2023-ford-ranger-studded-mesh-bull-guard-matte-black-w-led-bar,2019-2023 Ford Ranger Studded Mesh Bull Guard Matte Black w/ LED Bar,https://cdn.shopify.com/s/files/1/0724/2638/9551/files/bghd-am-mb_2bflbw-40cree-lb-wh-2_09c59a61-15cf-46c7-a089-b50b6122d28e.jpg?v=1776218088,ACTIVE
ITEM-030357,fmr-3p-hb-2_739d407d-ac47-4777-b1ad-ea33ce7f6b61.jpg,2019-2022-toyota-rav4-hex-style-all-weather-rubber-floor-mats-3pc,2019-2023 Toyota RAV4 All Weather Rubber Floor Mats 3PC - Black,https://cdn.shopify.com/s/files/1/0724/2638/9551/files/fmr-3p-hb-2_739d407d-ac47-4777-b1ad-ea33ce7f6b61.jpg?v=1776218089,ACTIVE
ITEM-031417,fmr-3p-hb-2_01e53ff3-7540-43f8-b87f-c62679cd909b.jpg,2019-2023-audi-q8-hex-style-all-weather-rubber-floor-mats-3pc-black,2019-2024 Audi Q8 All Weather Rubber Floor Mats 3PC - Hex Style,https://cdn.shopify.com/s/files/1/0724/2638/9551/files/fmr-3p-hb-2_01e53ff3-7540-43f8-b87f-c62679cd909b.jpg?v=1776218091,ACTIVE
ITEM-031408,fmr-1p-hb-2_037ad1ca-6edc-4814-93be-5f72ba7c9c91.jpg,2019-2023-audi-q8-hex-style-rubber-trunk-mat-all-weather-black,2019-2024 Audi Q8 Hex Style All Weather Rubber Trunk Mat - Black,https://cdn.shopify.com/s/files/1/0724/2638/9551/files/fmr-1p-hb-2_037ad1ca-6edc-4814-93be-5f72ba7c9c91.jpg?v=1776218092,ACTIVE
ITEM-032786,rbjz-oe-mb-uni-stl-2_16fe6992-7305-4754-8e16-c38ca51642c2.jpg,2019-2024-silverado-sierra-86-oe-style-running-boards-matte-black,2019-2024 Chevrolet/GMC Silverado Sierra Crew Cab OE Running Boards,https://cdn.shopify.com/s/files/1/0724/2638/9551/files/rbjz-oe-mb-uni-stl-2_16fe6992-7305-4754-8e16-c38ca51642c2.jpg?v=1776218094,ACTIVE
ITEM-032785,rbjz-mrb-tb-uni-stl-2_4bcce270-f068-461b-95d1-7479d00eb7dc.jpg,2019-2024-chevy-silverado-gmc-sierra-86-modular-running-boards,2019-2024 Chevrolet/GMC Silverado Sierra Crew Cab Running Boards,https://cdn.shopify.com/s/files/1/0724/2638/9551/files/rbjz-mrb-tb-uni-stl-2_4bcce270-f068-461b-95d1-7479d00eb7dc.jpg?v=1776218095,ACTIVE
ITEM-026659,tc-lru-2_1559cdf8-fe8c-4042-8654-35b039a9c1d8.jpg,2019-2024-ram-1500-5-7ft-bed-lock-roll-up-tonneau-cover,2019-2024 Dodge Ram 1500 5.7 ft Bed Roll-Up Tonneau Cover,https://cdn.shopify.com/s/files/1/0724/2638/9551/files/tc-lru-2_1559cdf8-fe8c-4042-8654-35b039a9c1d8.jpg?v=1776218097,ACTIVE
ITEM-026892,LISTING_tc-lru-ws-1_0dec2446-f4f3-4df2-99b1-2edaebe219ab.jpg,2019-2024-ram-1500-tonneau-cover-led-light-combo-5-7ft-bed,2019-2024 Dodge Ram 1500 5.7 ft Bed Tonneau Cover & LED Kit - Roll Up,https://cdn.shopify.com/s/files/1/0724/2638/9551/files/LISTING_tc-lru-ws-1_0dec2446-f4f3-4df2-99b1-2edaebe219ab.jpg?v=1773340541,ACTIVE
ITEM-026660,tc-lru-2_e95e53f7-79df-4da8-bf31-a86b0fb185b1.jpg,2019-2024-ram-1500-lock-roll-up-tonneau-cover-6-4-ft-bed,2019-2024 Dodge Ram 1500 6.4 ft Bed Roll-Up Tonneau Cover,https://cdn.shopify.com/s/files/1/0724/2638/9551/files/tc-lru-2_e95e53f7-79df-4da8-bf31-a86b0fb185b1.jpg?v=1776218099,ACTIVE
ITEM-030338,tbm-rb-gy-2_35c0dfb1-40f9-4835-9f16-daae9f6485ee.jpg,2019-ram-1500-6-4ft-bed-rubber-truck-bed-mat-diamond-plate,2019-2024 Dodge Ram 1500 6.4 ft Bed Rubber Bed Mat Diamond Plate,https://cdn.shopify.com/s/files/1/0724/2638/9551/files/tbm-rb-gy-2_35c0dfb1-40f9-4835-9f16-daae9f6485ee.jpg?v=1776218100,ACTIVE
ITEM-031047,tbm-rb-v2-2_4eaec991-4052-44de-8e45-2adf4dc607a0.jpg,2019-2024-ram-1500-6-4ft-bed-rubber-truck-bed-mat-lightweight-v2,2019-2024 Dodge Ram 1500 6.4 ft Bed Rubber Bed Mat V2 - TBM,https://cdn.shopify.com/s/files/1/0724/2638/9551/files/tbm-rb-v2-2_4eaec991-4052-44de-8e45-2adf4dc607a0.jpg?v=1776218102,ACTIVE
ITEM-026889,LISTING_tc-lru-ws-1_1b6da20a-9e73-4d3e-b30e-cfaa7c674e8b.jpg,2019-2024-ram-1500-tonneau-cover-led-bed-light-kit-6-4-ft,2019-2024 Dodge Ram 1500 6.4 ft Bed Tonneau Cover w/ LED Lights,https://cdn.shopify.com/s/files/1/0724/2638/9551/files/LISTING_tc-lru-ws-1_1b6da20a-9e73-4d3e-b30e-cfaa7c674e8b.jpg?v=1773340641,ACTIVE
ITEM-032791,rbjz-oe-mb-uni-stl-2_2894cab8-43ae-4e8c-a846-5b01734b332d.jpg,2019-2024-ram-1500-86-oe-style-aluminum-running-boards-matte-black,2019-2024 Dodge Ram 1500 Crew Cab OE Running Boards - Matte Black,https://cdn.shopify.com/s/files/1/0724/2638/9551/files/rbjz-oe-mb-uni-stl-2_2894cab8-43ae-4e8c-a846-5b01734b332d.jpg?v=1776218103,ACTIVE
ITEM-032790,rbjz-mrb-tb-uni-stl-2_b922ff09-5801-40e6-93fa-5857faf4ddf7.jpg,2019-2024-ram-1500-modular-steel-running-boards-texture-black,"2019-2024 Dodge Ram 1500 Crew Cab Running Boards 86"" Modular Steel",https://cdn.shopify.com/s/files/1/0724/2638/9551/files/rbjz-mrb-tb-uni-stl-2_b922ff09-5801-40e6-93fa-5857faf4ddf7.jpg?v=1776218105,ACTIVE
ITEM-032793,rbjz-oe-mb-uni-stl-2.jpg,2019-2024-ram-1500-76-oe-style-aluminum-running-boards-matte-black,2019-2024 Dodge Ram 1500 Extended Cab OE Running Boards - Matte Black,https://cdn.shopify.com/s/files/1/0724/2638/9551/files/rbjz-oe-mb-uni-stl-2.jpg?v=1776216870,ACTIVE
ITEM-032792,rbjz-mrb-tb-uni-stl-2_1fe8bafc-a53d-4b7b-baae-561ed52c1539.jpg,2019-2024-ram-1500-quad-cab-76-modular-steel-running-boards,2019-2024 Dodge Ram 1500 Extended Cab Running Boards Steel Modular,https://cdn.shopify.com/s/files/1/0724/2638/9551/files/rbjz-mrb-tb-uni-stl-2_1fe8bafc-a53d-4b7b-baae-561ed52c1539.jpg?v=1776218106,ACTIVE
ITEM-030339,tbm-rb-gy-2_a42daded-cc98-4be3-bfe5-313b67d8642e.jpg,2019-dodge-ram-2500-3500-6-4ft-bed-rubber-mat-diamond-plate,2019-2024 Dodge Ram 2500/3500 6.4 ft Bed Mat Diamond Plate - Rubber,https://cdn.shopify.com/s/files/1/0724/2638/9551/files/tbm-rb-gy-2_a42daded-cc98-4be3-bfe5-313b67d8642e.jpg?v=1776218108,ACTIVE
ITEM-031040,tbm-rb-v2-2_31649b83-c37e-437e-b96b-b3dad608afa1.jpg,2019-2024-ram-2500-3500-6-4-bed-rubber-truck-bed-mat-tlaps,2019-2024 Dodge Ram 2500/3500 6.4 ft Bed Rubber Bed Mat V2,https://cdn.shopify.com/s/files/1/0724/2638/9551/files/tbm-rb-v2-2_31649b83-c37e-437e-b96b-b3dad608afa1.jpg?v=1776218110,ACTIVE
ITEM-030340,tbm-rb-gy-2_d1d1b576-e117-4d33-92d2-64cc0f7496fa.jpg,2019-2024-ram-2500-3500-8ft-bed-rubber-mat-diamond-plate,2019-2024 Dodge Ram 2500/3500 8 ft Bed Rubber Bed Mat - Diamond Plate,https://cdn.shopify.com/s/files/1/0724/2638/9551/files/tbm-rb-gy-2_d1d1b576-e117-4d33-92d2-64cc0f7496fa.jpg?v=1776218111,ACTIVE
ITEM-031041,tbm-rb-v2-2_d2d63a53-7745-41a6-a4f4-e17b7f26f212.jpg,2019-2024-ram-2500-3500-8ft-bed-rubber-truck-bed-mat-tlaps-v2,2019-2024 Dodge Ram 2500/3500 8 ft Bed Rubber Bed Mat - V2,https://cdn.shopify.com/s/files/1/0724/2638/9551/files/tbm-rb-v2-2_d2d63a53-7745-41a6-a4f4-e17b7f26f212.jpg?v=1776218113,ACTIVE
ITEM-032788,rbjz-oe-mb-uni-stl-2_cd639ff7-4fd1-4cd6-b3c6-2e2ba0ab86b5.jpg,2019-2024-chevy-silverado-gmc-sierra-76-oe-running-boards-matte-black,2019-2024 Silverado/Sierra Double Cab OE Running Boards - Matte Black,https://cdn.shopify.com/s/files/1/0724/2638/9551/files/rbjz-oe-mb-uni-stl-2_cd639ff7-4fd1-4cd6-b3c6-2e2ba0ab86b5.jpg?v=1776218115,ACTIVE
ITEM-032787,rbjz-mrb-tb-uni-stl-2_bb4f7033-9676-48a0-94ed-548c3cf0ee79.jpg,2019-2024-chevy-silverado-gmc-sierra-76-modular-steel-running-boards,2019-2024 Silverado/Sierra Extended Cab Running Boards - Steel,https://cdn.shopify.com/s/files/1/0724/2638/9551/files/rbjz-mrb-tb-uni-stl-2_bb4f7033-9676-48a0-94ed-548c3cf0ee79.jpg?v=1776218116,ACTIVE
ITEM-032494,th-rav419-c416-st-2.jpg,2019-2024-toyota-rav4-rav4-prime-2-trailer-hitch-curt-13416,"2019-2024 Toyota RAV4/RAV4 Prime 2"" Trailer Hitch - CURT 13416",https://cdn.shopify.com/s/files/1/0724/2638/9551/files/th-rav419-c416-st-2.jpg?v=1776216882,ACTIVE
ITEM-032493,th-fore19-c409-st-2.jpg,2019-2025-subaru-forester-2-trailer-hitch-receiver-curt-13409,"2019-2025 Subaru Forester 2"" Trailer Hitch Receiver - CURT 13409",https://cdn.shopify.com/s/files/1/0724/2638/9551/files/th-fore19-c409-st-2.jpg?v=1776216866,ACTIVE
ITEM-028025,LISTING_tc-lth-ws-2_9a9e494e-e739-44f9-95b4-eb44926bdf13.jpg,2019-chevy-silverado-gmc-sierra-5-8ft-hard-tri-fold-tonneau-cover,2019-2026 Chevrolet Silverado 1500 5.8 ft Bed Hard Tri-Fold Tonneau Cover,https://cdn.shopify.com/s/files/1/0724/2638/9551/files/LISTING_tc-lth-ws-2_9a9e494e-e739-44f9-95b4-eb44926bdf13.jpg?v=1773341654,ACTIVE
ITEM-032752,th-ram191500-c419-st-2.jpg,2019-2025-dodge-ram-1500-2-trailer-hitch-receiver-class-3,"2019-2026 Dodge Ram 1500 2"" Class 3 Trailer Hitch Receiver",https://cdn.shopify.com/s/files/1/0724/2638/9551/files/th-ram191500-c419-st-2.jpg?v=1776216885,ACTIVE
ITEM-030839,tc-fru2-2_40429ea0-219d-42ec-94ea-e2f6db663a03.jpg,2019-dodge-ram-5-8ft-bed-flush-roll-up-vinyl-tonneau-cover,2019-2026 Dodge Ram 1500 5.7 ft Bed Flush Roll-Up Tonneau Cover,https://cdn.shopify.com/s/files/1/0724/2638/9551/files/tc-fru2-2_40429ea0-219d-42ec-94ea-e2f6db663a03.jpg?v=1776218118,ACTIVE
ITEM-028030,LISTING_tc-lth-ws-2_ac1c02c4-cf45-4a9d-87bf-8c9f6d0e5981.jpg,2019-dodge-ram-5-8ft-bed-hard-tri-fold-tonneau-cover-low-profile,2019-2026 Dodge Ram 1500 5.7 ft Bed Hard Tri-Fold Tonneau Cover,https://cdn.shopify.com/s/files/1/0724/2638/9551/files/LISTING_tc-lth-ws-2_ac1c02c4-cf45-4a9d-87bf-8c9f6d0e5981.jpg?v=1773340542,ACTIVE
ITEM-028920,LISTING_tc-lth-ws-2_042d1466-2a71-4709-a77f-43188fa3d5b5.jpg,2019-2026-ram-1500-5-8ft-tri-fold-tonneau-cover-w-led-bed-lights,2019-2026 Dodge Ram 1500 5.7 ft Bed Hard Tri-Fold Tonneau Cover - Combo,https://cdn.shopify.com/s/files/1/0724/2638/9551/files/LISTING_tc-lth-ws-2_042d1466-2a71-4709-a77f-43188fa3d5b5.jpg?v=1773340574,ACTIVE
ITEM-031806,LISTING_tc-fru2_2btbl-16w8p-01-ws-1_05f1f60c-89b0-4003-b612-a0478fda52ef.jpg,2019-2026-dodge-ram-1500-5-8ft-bed-roll-up-tonneau-cover-led-kit,2019-2026 Dodge Ram 1500 5.7 ft Bed Tonneau Cover & LED Kit,https://cdn.shopify.com/s/files/1/0724/2638/9551/files/LISTING_tc-fru2_2btbl-16w8p-01-ws-1_05f1f60c-89b0-4003-b612-a0478fda52ef.jpg?v=1773340506,ACTIVE
ITEM-030840,tc-fru2-2_fa436b13-41fb-45ec-9a3d-c38c7dd104ef.jpg,2019-dodge-ram-6-4ft-bed-flush-roll-up-vinyl-tonneau-cover,2019-2026 Dodge Ram 1500 6.4 ft Bed Flush Roll-Up Tonneau Cover,https://cdn.shopify.com/s/files/1/0724/2638/9551/files/tc-fru2-2_fa436b13-41fb-45ec-9a3d-c38c7dd104ef.jpg?v=1776218119,ACTIVE
ITEM-031804,LISTING_tc-fru2_2btbl-16w8p-01-ws-1_a3655783-73d4-4b69-880b-0efb5747c73d.jpg,2019-dodge-ram-6-4ft-flush-roll-up-tonneau-cover-w-led-bed-lights,2019-2026 Dodge Ram 1500 6.4 ft Bed Flush Roll-Up Tonneau Cover w/ LED Lights,https://cdn.shopify.com/s/files/1/0724/2638/9551/files/LISTING_tc-fru2_2btbl-16w8p-01-ws-1_a3655783-73d4-4b69-880b-0efb5747c73d.jpg?v=1773340608,ACTIVE
ITEM-028897,LISTING_tc-lth-ws-2_e5f6779d-6f9e-4428-94e9-faa5d3855a37.jpg,2019-2026-dodge-ram-1500-6-5-tri-fold-tonneau-cover-w-led-lights,2019-2026 Dodge Ram 1500 6.4 ft Bed Hard Tri-Fold Tonneau Cover - Combo,https://cdn.shopify.com/s/files/1/0724/2638/9551/files/LISTING_tc-lth-ws-2_e5f6779d-6f9e-4428-94e9-faa5d3855a37.jpg?v=1773340642,ACTIVE
ITEM-030841,tc-fru2-2_9edc308b-c049-4369-961e-7ee24fb55a24.jpg,2019-chevy-silverado-gmc-sierra-1500-5-8-flush-roll-up-tonneau-cover,2019-2026 Silverado/Sierra 1500 5.8 ft Bed Tonneau Cover,https://cdn.shopify.com/s/files/1/0724/2638/9551/files/tc-fru2-2_9edc308b-c049-4369-961e-7ee24fb55a24.jpg?v=1776218121,ACTIVE
ITEM-031794,LISTING_tc-fru2_2btbl-16w8p-01-ws-1_13fcda8e-2fe1-48ed-a5b7-a77735249a2e.jpg,2019-chevy-silverado-gmc-sierra-1500-5-8-tonneau-cover-led-kit,2019-2026 Silverado/Sierra 1500 5.8 ft Bed Tonneau Cover & LED Kit,https://cdn.shopify.com/s/files/1/0724/2638/9551/files/LISTING_tc-fru2_2btbl-16w8p-01-ws-1_13fcda8e-2fe1-48ed-a5b7-a77735249a2e.jpg?v=1773341651,ACTIVE
ITEM-028902,LISTING_tc-lth-ws-2_9776e136-90a1-42f6-858f-9b6d7e6a3545.jpg,2019-chevy-silverado-gmc-sierra-5-8ft-tri-fold-tonneau-cover-w-led,2019-2026 Silverado/Sierra 1500 5.8 ft Bed Tonneau Cover w/ LED,https://cdn.shopify.com/s/files/1/0724/2638/9551/files/LISTING_tc-lth-ws-2_9776e136-90a1-42f6-858f-9b6d7e6a3545.jpg?v=1773341686,ACTIVE
ITEM-030842,tc-fru2-2_7ffc6008-7784-4ec8-8653-e8a05ec174a5.jpg,2019-chevy-silverado-gmc-sierra-1500-6-5-flush-roll-up-tonneau-cover,2019-2026 Silverado/Sierra 1500 6.6 ft Bed Flush Roll-Up Tonneau Cover,https://cdn.shopify.com/s/files/1/0724/2638/9551/files/tc-fru2-2_7ffc6008-7784-4ec8-8653-e8a05ec174a5.jpg?v=1776218122,ACTIVE
ITEM-028024,LISTING_tc-lth-ws-2_40fe2199-91c3-4325-8420-c8bddf7aed52.jpg,2019-chevy-silverado-gmc-sierra-6-5ft-hard-tri-fold-tonneau-cover,2019-2026 Silverado/Sierra 1500 6.6 ft Bed Hard Tri-Fold Tonneau Cover,https://cdn.shopify.com/s/files/1/0724/2638/9551/files/LISTING_tc-lth-ws-2_40fe2199-91c3-4325-8420-c8bddf7aed52.jpg?v=1773341724,ACTIVE
ITEM-031793,LISTING_tc-fru2_2btbl-16w8p-01-ws-1_5dbff481-2187-4ee9-b380-b69658fc6768.jpg,2019-chevy-silverado-gmc-sierra-1500-6-5-tonneau-cover-led-kit,2019-2026 Silverado/Sierra 1500 6.6 ft Bed Roll-Up Tonneau Cover & LED Kit,https://cdn.shopify.com/s/files/1/0724/2638/9551/files/LISTING_tc-fru2_2btbl-16w8p-01-ws-1_5dbff481-2187-4ee9-b380-b69658fc6768.jpg?v=1773341723,ACTIVE
ITEM-028903,LISTING_tc-lth-ws-2_1c0fa165-1448-4b8a-86d1-707455db8956.jpg,2019-chevy-silverado-gmc-sierra-6-5-tri-fold-tonneau-cover-w-led,2019-2026 Silverado/Sierra 1500 6.6 ft Bed Tri-Fold Tonneau Cover & LED Kit,https://cdn.shopify.com/s/files/1/0724/2638/9551/files/LISTING_tc-lth-ws-2_1c0fa165-1448-4b8a-86d1-707455db8956.jpg?v=1773341758,ACTIVE
ITEM-030349,fmr-3p-hb-2_710d7148-bd87-4e1c-ab0b-8b6f1b6e65a8.jpg,2020-hyundai-palisade-hex-style-all-weather-rubber-floor-mats-3pc,2020-2023 Hyundai Palisade All Weather Rubber Floor Mats 3PC - Black,https://cdn.shopify.com/s/files/1/0724/2638/9551/files/fmr-3p-hb-2_710d7148-bd87-4e1c-ab0b-8b6f1b6e65a8.jpg?v=1776218124,ACTIVE
ITEM-030359,fmr-3p-hb-2_7ae291a8-1f8e-4bc7-92c3-4d15ab41735e.jpg,2020-jeep-gladiator-hex-style-all-weather-rubber-floor-mats-3pc,2020-2023 Jeep Gladiator All Weather Rubber Floor Mats 3PC - Black,https://cdn.shopify.com/s/files/1/0724/2638/9551/files/fmr-3p-hb-2_7ae291a8-1f8e-4bc7-92c3-4d15ab41735e.jpg?v=1776218126,ACTIVE
ITEM-032723,blgf-tmy20-bk-stln-2.jpg,2020-2023-tesla-model-y-front-bumper-guard-steel-black,2020-2023 Tesla Model Y Front Bumper Guard Steel - Black,https://cdn.shopify.com/s/files/1/0724/2638/9551/files/blgf-tmy20-bk-stln-2.jpg?v=1776216888,ACTIVE
ITEM-032679,blgr-tmy20-bk-stln-2.jpg,2020-2023-tesla-model-y-rear-bumper-guard-black,2020-2023 Tesla Model Y Rear Bumper Guard - Black,https://cdn.shopify.com/s/files/1/0724/2638/9551/files/blgr-tmy20-bk-stln-2.jpg?v=1776216890,ACTIVE
ITEM-032486,th-pali20-c427-st-2.jpg,2020-2024-hyundai-palisade-2-trailer-hitch-receiver-curt-13427,"2020-2024 Hyundai Palisade 2"" Trailer Hitch Receiver - CURT 13427",https://cdn.shopify.com/s/files/1/0724/2638/9551/files/th-pali20-c427-st-2.jpg?v=1776216892,ACTIVE
ITEM-031404,fmr-1p-hb-2_594aea3c-99f2-4bc6-84e7-125fe229953c.jpg,2020-2024-hyundai-palisade-hex-style-rubber-trunk-mat-black-1pc,2020-2024 Hyundai Palisade Rubber Trunk Mat - Custom Fit,https://cdn.shopify.com/s/files/1/0724/2638/9551/files/fmr-1p-hb-2_594aea3c-99f2-4bc6-84e7-125fe229953c.jpg?v=1776218127,ACTIVE
ITEM-032498,th-tell20-c420-st-2.jpg,2020-2024-kia-telluride-2-trailer-hitch-receiver-class-3-curt,"2020-2024 Kia Telluride 2"" Trailer Hitch Receiver Class 3 - CURT",https://cdn.shopify.com/s/files/1/0724/2638/9551/files/th-tell20-c420-st-2.jpg?v=1776216895,ACTIVE
ITEM-030332,tbm-rb-gy-2_288b4a15-e137-4b2b-88d4-f85b1f71e4fb.jpg,2020-chevy-silverado-gmc-sierra-2500-3500-hd-6-9-rubber-bed-mat,2020-2024 Silverado/Sierra 2500/3500 HD 6.9 ft Bed Mat - Rubber,https://cdn.shopify.com/s/files/1/0724/2638/9551/files/tbm-rb-gy-2_288b4a15-e137-4b2b-88d4-f85b1f71e4fb.jpg?v=1776218129,ACTIVE
ITEM-031007,tbm-rb-v2-2_f7ce3d91-e06a-44cd-a9f6-19206eae52b2.jpg,access-truck-bed-mat-2020-chevy-silverado-gmc-sierra-2500-3500-hd-6-9,2020-2024 Silverado/Sierra 2500/3500 HD 6.9 ft Bed Mat - Rubber,https://cdn.shopify.com/s/files/1/0724/2638/9551/files/tbm-rb-v2-2_f7ce3d91-e06a-44cd-a9f6-19206eae52b2.jpg?v=1776218130,ACTIVE
ITEM-030333,tbm-rb-gy-2_18b8d563-cca6-47ad-aeb9-7df9431f977a.jpg,2020-chevy-silverado-gmc-sierra-2500-3500-hd-8ft-rubber-bed-mat,2020-2024 Silverado/Sierra 2500/3500 HD 8 ft Bed Mat - Rubber,https://cdn.shopify.com/s/files/1/0724/2638/9551/files/tbm-rb-gy-2_18b8d563-cca6-47ad-aeb9-7df9431f977a.jpg?v=1776218132,ACTIVE
ITEM-031045,tbm-rb-v2-2_8531d709-198b-4114-b206-125d3700e80e.jpg,2020-2025-chevy-silverado-gmc-sierra-2500-3500-hd-8-bed-mat-rubber,2020-2024 Silverado/Sierra 2500/3500 HD 8 ft Bed Mat - Rubber V2,https://cdn.shopify.com/s/files/1/0724/2638/9551/files/tbm-rb-v2-2_8531d709-198b-4114-b206-125d3700e80e.jpg?v=1776218134,ACTIVE
ITEM-033076,blgf-tmy20-bk_2bblgr-tmy20-bk-stln-2.jpg,2020-2024-tesla-model-y-front-rear-bumper-guard-set-black-steel,2020-2024 Tesla Model Y Front & Rear Bumper Guard Set - Black Steel,https://cdn.shopify.com/s/files/1/0724/2638/9551/files/blgf-tmy20-bk_2bblgr-tmy20-bk-stln-2.jpg?v=1776216897,ACTIVE
ITEM-032497,th-high20-c453-st-2.jpg,2020-2024-toyota-highlander-2-trailer-hitch-receiver-class-3,"2020-2024 Toyota Highlander 2"" Trailer Hitch Receiver Class 3",https://cdn.shopify.com/s/files/1/0724/2638/9551/files/th-high20-c453-st-2.jpg?v=1776216899,ACTIVE
ITEM-032570,th-outb20-c494-st-2.jpg,2020-2025-subaru-outback-legacy-2-trailer-hitch-receiver-class-3,"2020-2025 Subaru Outback Legacy 2"" Trailer Hitch Receiver Class 3",https://cdn.shopify.com/s/files/1/0724/2638/9551/files/th-outb20-c494-st-2.jpg?v=1776216901,ACTIVE
ITEM-032753,th-jt20-c434-st-2.jpg,2020-2024-jeep-gladiator-jt-class-3-trailer-hitch-2-receiver,"2020-2026 Jeep Gladiator 2"" Class 3 Trailer Hitch Receiver - Black",https://cdn.shopify.com/s/files/1/0724/2638/9551/files/th-jt20-c434-st-2.jpg?v=1776216903,ACTIVE
ITEM-029596,LISTING_tc-lth-ws-2_2cbe2764-0e69-489b-a113-354ccc1bb0e4.jpg,2020-2021-jeep-gladiator-5ft-bed-hard-tri-fold-tonneau-cover,2020-2026 Jeep Gladiator 5 ft Bed Hard Tri-Fold Tonneau Cover,https://cdn.shopify.com/s/files/1/0724/2638/9551/files/LISTING_tc-lth-ws-2_2cbe2764-0e69-489b-a113-354ccc1bb0e4.jpg?v=1773340048,ACTIVE
ITEM-029797,tbm-rb-gy-2_b0c38453-609f-414f-aa74-df289cb95956.jpg,2019-jeep-gladiator-5-bed-rubber-truck-bed-mat-diamond-plate,2020-2026 Jeep Gladiator 5 ft Bed Rubber Truck Bed Mat - Diamond Plate,https://cdn.shopify.com/s/files/1/0724/2638/9551/files/tbm-rb-gy-2_b0c38453-609f-414f-aa74-df289cb95956.jpg?v=1776218135,ACTIVE
ITEM-029993,tbm-rb-v2-2_cb4e087a-060f-4b58-bf8a-e03b9152b031.jpg,2019-jeep-gladiator-5ft-bed-rubber-truck-bed-mat-lightweight-v2,2020-2026 Jeep Gladiator 5 ft Bed Rubber Truck Bed Mat - V2,https://cdn.shopify.com/s/files/1/0724/2638/9551/files/tbm-rb-v2-2_cb4e087a-060f-4b58-bf8a-e03b9152b031.jpg?v=1776218137,ACTIVE
ITEM-031817,LISTING_tc-lth_2btbl-16w8p-01-ws-2_42bb529a-1e97-4751-a79f-24ab589bf324.jpg,2020-2021-jeep-gladiator-5ft-tri-fold-tonneau-cover-led-light-kit,2020-2026 Jeep Gladiator 5 ft Bed Tonneau Cover Combo w/ LED Lights,https://cdn.shopify.com/s/files/1/0724/2638/9551/files/LISTING_tc-lth_2btbl-16w8p-01-ws-2_42bb529a-1e97-4751-a79f-24ab589bf324.jpg?v=1773340083,ACTIVE
ITEM-032558,fg-f15021-bl-bk-ks-st-2.jpg,2021-2023-ford-f-150-badgeless-front-grille-glossy-black-abs,2021-2023 Ford F-150 Badgeless Front Grille - Glossy Black ABS,https://cdn.shopify.com/s/files/1/0724/2638/9551/files/fg-f15021-bl-bk-ks-st-2.jpg?v=1776216906,ACTIVE
ITEM-032559,fg-f15021-bllb-bk-ks-st-2.jpg,2021-2023-ford-f150-badgeless-front-grille-w-led-light-bar-black,2021-2023 Ford F150 Badgeless Front Grille w/ LED Light Bar - Black,https://cdn.shopify.com/s/files/1/0724/2638/9551/files/fg-f15021-bllb-bk-ks-st-2.jpg?v=1776216908,ACTIVE
ITEM-030344,fmr-3p-hb-2_edc63066-f966-410c-abc0-6cd223707996.jpg,2021-tesla-model-3-lr-hex-all-weather-rubber-floor-mats-3pc-black,2021-2023 Tesla Model 3 Long Range Custom Rubber Floor Mats 3PC,https://cdn.shopify.com/s/files/1/0724/2638/9551/files/fmr-3p-hb-2_edc63066-f966-410c-abc0-6cd223707996.jpg?v=1776218139,ACTIVE
ITEM-030864,fmr-3p-hb-2_213186ad-1ced-4885-adb6-2e1154bdf183.jpg,2022-2023-tesla-model-x-all-weather-hex-rubber-floor-mats-6pc-set,2021-2023 Tesla Model X 5-Seat Floor Mats & Trunk Mats 6PC - HexStyle,https://cdn.shopify.com/s/files/1/0724/2638/9551/files/fmr-3p-hb-2_213186ad-1ced-4885-adb6-2e1154bdf183.jpg?v=1776218140,ACTIVE
ITEM-030350,fmr-1p-hb-2_a3f34ad1-071e-46c5-a8b5-c84b4fe5d0a8.jpg,2022-2023-tesla-model-x-hex-rubber-trunk-mats-3pc-all-weather,2021-2023 Tesla Model X All Weather Rubber Trunk Mats 3PC - HexStyle,https://cdn.shopify.com/s/files/1/0724/2638/9551/files/fmr-1p-hb-2_a3f34ad1-071e-46c5-a8b5-c84b4fe5d0a8.jpg?v=1776218142,ACTIVE
ITEM-030358,fmr-3p-hb-2_f330b769-ef60-4940-a7e0-eb38a2e0fcf0.jpg,2021-2023-toyota-rav4-prime-hex-style-rubber-floor-mats-3pc-black,2021-2023 Toyota RAV4 Prime Rubber Floor Mats 3PC - Hex Style,https://cdn.shopify.com/s/files/1/0724/2638/9551/files/fmr-3p-hb-2_f330b769-ef60-4940-a7e0-eb38a2e0fcf0.jpg?v=1776218143,ACTIVE
ITEM-030304,fmr-1p-hb-2_6d6ff62e-b3b3-4c89-b6a1-711ba425d0eb.jpg,2021-toyota-sienna-hex-style-rubber-trunk-mat-all-weather-1pc,2021-2023 Toyota Sienna Custom Fit Rubber Trunk Mat - HexStyle,https://cdn.shopify.com/s/files/1/0724/2638/9551/files/fmr-1p-hb-2_6d6ff62e-b3b3-4c89-b6a1-711ba425d0eb.jpg?v=1776218145,ACTIVE
ITEM-030305,fmr-1p-hb-2_85ea5f6d-4bc6-4755-b32c-bac031bbc5a4.jpg,2021-toyota-sienna-trunk-mat-w-spare-tire-hex-style-rubber,2021-2023 Toyota Sienna Trunk Mat With Spare Tire - HexStyle,https://cdn.shopify.com/s/files/1/0724/2638/9551/files/fmr-1p-hb-2_85ea5f6d-4bc6-4755-b32c-bac031bbc5a4.jpg?v=1776218146,ACTIVE
ITEM-031281,bghd-am-mb-2_8db0d92d-7f06-4eae-b698-c41b23a487ac.jpg,2021-ford-bronco-studded-mesh-bull-guard-matte-black,2021-2024 Ford Bronco Studded Mesh Bull Guard - Matte Black,https://cdn.shopify.com/s/files/1/0724/2638/9551/files/bghd-am-mb-2_8db0d92d-7f06-4eae-b698-c41b23a487ac.jpg?v=1776218148,ACTIVE
ITEM-031930,bghd-am-mb_flbw-40cree-lb-wh-2_044a61d0-03a9-4431-b684-613df9728744.jpg,2021-2024-ford-bronco-bull-guard-w-led-light-bar-matte-black,2021-2024 Ford Bronco Studded Mesh Bull Guard Matte Black w/ LED Bar,https://cdn.shopify.com/s/files/1/0724/2638/9551/files/bghd-am-mb_flbw-40cree-lb-wh-2_044a61d0-03a9-4431-b684-613df9728744.jpg?v=1776218149,ACTIVE
ITEM-032506,th-sore21-c473-st-2.jpg,2021-2024-kia-sorento-hyundai-santa-fe-2-hitch-receiver-class-3,"2021-2024 Kia Sorento Hyundai Santa Fe 2"" Hitch Receiver Class 3",https://cdn.shopify.com/s/files/1/0724/2638/9551/files/th-sore21-c473-st-2.jpg?v=1776216910,ACTIVE
ITEM-033458,th-venz21-c468-stl-2.jpg,2021-2024-toyota-venza-2-trailer-hitch-receiver-class-3,"2021-2024 Toyota Venza 2"" Trailer Hitch Receiver - Class 3",https://cdn.shopify.com/s/files/1/0724/2638/9551/files/th-venz21-c468-stl-2.jpg?v=1776216912,ACTIVE
ITEM-033464,th-jgcl21-c491-stl-2.jpg,2021-2025-jeep-grand-cherokee-l-2-trailer-hitch-receiver-class-3,"2021-2025 Jeep Grand Cherokee L 2"" Trailer Hitch Receiver Class 3",https://cdn.shopify.com/s/files/1/0724/2638/9551/files/th-jgcl21-c491-stl-2.jpg?v=1776216914,ACTIVE
ITEM-033436,th-rog21-c471-stl-2.jpg,2021-2026-nissan-rogue-class-3-trailer-hitch-2-receiver-black,"2021-2026 Nissan Rogue Class 3 Trailer Hitch 2"" Receiver - Black",https://cdn.shopify.com/s/files/1/0724/2638/9551/files/th-rog21-c471-stl-2.jpg?v=1776216917,ACTIVE
ITEM-030355,fmr-3p-hb-2_9a9af621-0ea7-41df-a78d-b55a3a608ef7.jpg,2022-hyundai-santa-cruz-hex-style-rubber-floor-mats-3pc-black,2022-2023 Hyundai Santa Cruz All Weather Rubber Floor Mats 3PC - Black,https://cdn.shopify.com/s/files/1/0724/2638/9551/files/fmr-3p-hb-2_9a9af621-0ea7-41df-a78d-b55a3a608ef7.jpg?v=1776218151,ACTIVE
ITEM-030351,fmr-3p-hb-2_73fba54a-c288-49f1-9261-1bc5f29fc835.jpg,2022-nissan-frontier-crew-cab-hex-rubber-floor-mats-3pc-black,2022-2023 Nissan Frontier Crew Cab Rubber Floor Mats 3PC - Black,https://cdn.shopify.com/s/files/1/0724/2638/9551/files/fmr-3p-hb-2_73fba54a-c288-49f1-9261-1bc5f29fc835.jpg?v=1776218153,ACTIVE
ITEM-030352,fmr-3p-hb-2_22391d2e-97bc-4e20-91b0-9abaf0d884d1.jpg,2022-nissan-frontier-king-cab-hex-rubber-floor-mats-3pc-black,2022-2023 Nissan Frontier King Cab 3PC Rubber Floor Mats - Black,https://cdn.shopify.com/s/files/1/0724/2638/9551/files/fmr-3p-hb-2_22391d2e-97bc-4e20-91b0-9abaf0d884d1.jpg?v=1776218154,ACTIVE
ITEM-030348,fmr-1p-hb-2_7972929e-e72b-4640-9a95-836c2069aabe.jpg,rivian-r1t-hex-style-all-weather-rubber-front-trunk-mat-black,2022-2023 Rivian R1T R1S Front Trunk Mat All Weather - HexStyle,https://cdn.shopify.com/s/files/1/0724/2638/9551/files/fmr-1p-hb-2_7972929e-e72b-4640-9a95-836c2069aabe.jpg?v=1776218156,ACTIVE
ITEM-030938,sbrs-detail-2_f401bf3a-cfba-451e-a2db-de558d879159.jpg,2022-toyota-tundra-double-cab-rock-sliders-side-steps-texture-black,2022-2023 Toyota Tundra Double Cab Rock Sliders Side Steps - Texture Black,https://cdn.shopify.com/s/files/1/0724/2638/9551/files/sbrs-detail-2_f401bf3a-cfba-451e-a2db-de558d879159.jpg?v=1776218157,ACTIVE
ITEM-031811,LISTING_tc-tfs_2btbl-16w8p-01-ws-1.jpg,2022-2024-ford-maverick-4-6ft-bed-tri-fold-tonneau-cover-w-led-lights,2022-2024 Ford Maverick 4.5 ft Bed Soft Tri-Fold Tonneau Cover Combo,https://cdn.shopify.com/s/files/1/0724/2638/9551/files/LISTING_tc-tfs_2btbl-16w8p-01-ws-1.jpg?v=1773340193,ACTIVE
ITEM-031815,LISTING_tc-lru_2btbl-16w8p-01-ws-1_4cd3c3a9-804a-427b-9488-24cb0cdd9bd0.jpg,2022-ford-maverick-4-6ft-tonneau-cover-led-light-combo-kit,2022-2024 Ford Maverick 4.5 ft Bed Tonneau Cover & LED Light Kit,https://cdn.shopify.com/s/files/1/0724/2638/9551/files/LISTING_tc-lru_2btbl-16w8p-01-ws-1_4cd3c3a9-804a-427b-9488-24cb0cdd9bd0.jpg?v=1773340120,ACTIVE
ITEM-030855,LISTING_tc-lth-ws-2_7a6466db-335d-40be-9257-b68b05e41028.jpg,2022-ford-maverick-4-6-bed-hard-tri-fold-tonneau-cover-low-profile,2022-2024 Ford Maverick 4.5 ft Bed Tonneau Cover - Hard Tri-Fold,https://cdn.shopify.com/s/files/1/0724/2638/9551/files/LISTING_tc-lth-ws-2_7a6466db-335d-40be-9257-b68b05e41028.jpg?v=1773340123,ACTIVE
ITEM-030853,tc-lru-2_ef4e29b1-541e-4147-98ae-1e8bf6589bae.jpg,2022-ford-maverick-4-6ft-bed-soft-roll-up-tonneau-cover-5033115,2022-2024 Ford Maverick 4.5 ft Bed Tonneau Cover - Lock & Roll-Up,https://cdn.shopify.com/s/files/1/0724/2638/9551/files/tc-lru-2_ef4e29b1-541e-4147-98ae-1e8bf6589bae.jpg?v=1776218159,ACTIVE
ITEM-031814,LISTING_tc-lth_2btbl-16w8p-01-ws-2_418023a9-bab3-432f-b7ac-0d27d60f6524.jpg,2022-2024-ford-maverick-4-5-bed-tri-fold-tonneau-cover-w-led-kit,2022-2024 Ford Maverick 4.5 ft Bed Tonneau Cover Combo w/ LED - LTH,https://cdn.shopify.com/s/files/1/0724/2638/9551/files/LISTING_tc-lth_2btbl-16w8p-01-ws-2_418023a9-bab3-432f-b7ac-0d27d60f6524.jpg?v=1773340155,ACTIVE
ITEM-030849,tc-tfs-2_611e0c46-abd9-45b7-9d92-a047f572b8e8.jpg,2022-ford-maverick-4-6ft-bed-soft-tri-fold-tonneau-cover-3033115,2022-2024 Ford Maverick 4.5 ft Bed Tri-Fold Tonneau Cover,https://cdn.shopify.com/s/files/1/0724/2638/9551/files/tc-tfs-2_611e0c46-abd9-45b7-9d92-a047f572b8e8.jpg?v=1776218160,ACTIVE
ITEM-032561,fg-tun22-bllb-bk-ks-st-2.jpg,2022-2024-toyota-tundra-led-front-grille-lex-style-glossy-black,2022-2024 Toyota Tundra LED Front Grille Lex Style - Glossy Black,https://cdn.shopify.com/s/files/1/0724/2638/9551/files/fg-tun22-bllb-bk-ks-st-2.jpg?v=1776216919,ACTIVE
ITEM-032560,fg-tun22-bl-bk-ks-st-2.jpg,2022-2024-toyota-tundra-lex-style-abs-front-grille-glossy-black,2022-2024 Toyota Tundra Lex Style ABS Front Grille - Glossy Black,https://cdn.shopify.com/s/files/1/0724/2638/9551/files/fg-tun22-bl-bk-ks-st-2.jpg?v=1776216921,ACTIVE
ITEM-033496,rr-lp-fullsize-uni-stl-2.jpg,2022-2025-ford-f-150-lightning-ev-low-profile-roof-basket-system,2022-2025 Ford F-150 Lightning EV Low Profile Roof Basket System,https://cdn.shopify.com/s/files/1/0724/2638/9551/files/rr-lp-fullsize-uni-stl-2.jpg?v=1776216923,ACTIVE
ITEM-033435,th-nx22-c498-stl-2.jpg,2022-lexus-nx-2-trailer-hitch-receiver-class-3-mpn-13498,"2022-2025 Lexus NX250/NX350/NX350h/NX450h+ 2"" Trailer Hitch - Curt",https://cdn.shopify.com/s/files/1/0724/2638/9551/files/th-nx22-c498-stl-2.jpg?v=1776216925,ACTIVE
ITEM-033460,th-outl22-c487-stl-2.jpg,2022-2025-mitsubishi-outlander-2-trailer-hitch-receiver-class-3,"2022-2025 Mitsubishi Outlander 2"" Trailer Hitch Receiver - Class 3",https://cdn.shopify.com/s/files/1/0724/2638/9551/files/th-outl22-c487-stl-2.jpg?v=1776216928,ACTIVE
ITEM-033434,th-tao22-c496-stl-2.jpg,2022-volkswagen-taos-class-3-trailer-hitch-2-receiver-curt-13496,"2022-2025 Volkswagen Taos 2"" Trailer Hitch Receiver Class 3 - TH",https://cdn.shopify.com/s/files/1/0724/2638/9551/files/th-tao22-c496-stl-2.jpg?v=1776216930,ACTIVE
ITEM-030297,tbm-rb-gy-2_9d06a294-6fe7-4a0f-a3b5-fa04ef37f2dc.jpg,2022-ford-f-150-lightning-ev-rubber-bed-mat-2pc-w-frunk-mat,2022-2026 Ford F-150 Lightning 5.5 ft Bed Mat 2PC w/ Frunk Mat,https://cdn.shopify.com/s/files/1/0724/2638/9551/files/tbm-rb-gy-2_9d06a294-6fe7-4a0f-a3b5-fa04ef37f2dc.jpg?v=1776218162,ACTIVE
ITEM-031036,tbm-rb-v2-2_bb0324e7-a875-4e82-9682-f2a9ad0d533b.jpg,2022-2026-ford-f-150-lightning-ev-2pc-rubber-bed-mat-w-frunk-mat,2022-2026 Ford F-150 Lightning 5.5 ft Bed Rubber Bed Mat 2PC - V2,https://cdn.shopify.com/s/files/1/0724/2638/9551/files/tbm-rb-v2-2_bb0324e7-a875-4e82-9682-f2a9ad0d533b.jpg?v=1776218164,ACTIVE
ITEM-030854,LISTING_tc-lth-ws-2_7301cc8b-b7b6-421a-a91c-a9a62395ea35.jpg,2022-ford-f-150-lightning-5-7ft-bed-hard-tri-fold-tonneau-cover,2022-2026 Ford F-150 Lightning 5.5 ft Bed Tonneau Cover - Hard Tri-Fold,https://cdn.shopify.com/s/files/1/0724/2638/9551/files/LISTING_tc-lth-ws-2_7301cc8b-b7b6-421a-a91c-a9a62395ea35.jpg?v=1773339490,ACTIVE
ITEM-030852,tc-lru-2_ee01f401-6306-45b1-9a14-2e2a2cec7cef.jpg,2022-ford-f-150-lightning-5-7ft-bed-tonneau-cover-lock-roll-up,2022-2026 Ford F-150 Lightning 5.5 ft Bed Tonneau Cover - Lock & Roll-Up,https://cdn.shopify.com/s/files/1/0724/2638/9551/files/tc-lru-2_ee01f401-6306-45b1-9a14-2e2a2cec7cef.jpg?v=1776218165,ACTIVE
ITEM-031823,LISTING_tc-lru_2btbl-16w8p-01-ws-1_a51239d2-d5ea-413d-a1ab-61cb50c0b199.jpg,2022-ford-f-150-lightning-5-7-bed-tonneau-cover-w-led-lights,2022-2026 Ford F-150 Lightning 5.5 ft Bed Tonneau Cover Combo,https://cdn.shopify.com/s/files/1/0724/2638/9551/files/LISTING_tc-lru_2btbl-16w8p-01-ws-1_a51239d2-d5ea-413d-a1ab-61cb50c0b199.jpg?v=1773339489,ACTIVE
ITEM-031822,LISTING_tc-lth_2btbl-16w8p-01-ws-2.jpg,2022-ford-f-150-lightning-5-7-tri-fold-tonneau-cover-w-led-kit,2022-2026 Ford F-150 Lightning 5.5 ft Bed Tonneau Cover Combo w/ LED,https://cdn.shopify.com/s/files/1/0724/2638/9551/files/LISTING_tc-lth_2btbl-16w8p-01-ws-2.jpg?v=1773339525,ACTIVE
ITEM-030298,tbm-rb-gy-2_d53c7128-a3e2-42f3-9d57-0f279d115e4f.jpg,2022-ford-maverick-4-6ft-bed-rubber-truck-bed-mat-diamond-plate,2022-2026 Ford Maverick 4.5 ft Bed Rubber Bed Mat - Diamond Plate,https://cdn.shopify.com/s/files/1/0724/2638/9551/files/tbm-rb-gy-2_d53c7128-a3e2-42f3-9d57-0f279d115e4f.jpg?v=1776218167,ACTIVE
ITEM-031202,tbm-rb-v2-2_d94fedc5-52c9-43b3-ac4d-cd4202902b1c.jpg,2022-2026-ford-maverick-4-5-rubber-truck-bed-mat-lightweight-v2,2022-2026 Ford Maverick 4.5 ft Bed Rubber Truck Bed Mat - V2,https://cdn.shopify.com/s/files/1/0724/2638/9551/files/tbm-rb-v2-2_d94fedc5-52c9-43b3-ac4d-cd4202902b1c.jpg?v=1776218169,ACTIVE
ITEM-031200,tbm-rb-v2-2_b22c9a52-d03b-44ea-8042-69a5fc4b30d6.jpg,2022-gmc-hummer-ev-pickup-rubber-truck-bed-mat-lightweight-v2,2022-2026 GMC Hummer EV Pickup 5 ft Bed Rubber Bed Mat - V2,https://cdn.shopify.com/s/files/1/0724/2638/9551/files/tbm-rb-v2-2_b22c9a52-d03b-44ea-8042-69a5fc4b30d6.jpg?v=1776218170,ACTIVE
ITEM-030294,tbm-rb-gy-2_a45322fa-1dbd-42b5-b013-6c8dae8991ac.jpg,2022-gmc-hummer-ev-rubber-truck-bed-mat-2pc-w-front-trunk-mat,2022-2026 GMC Hummer EV Pickup 5 ft Bed Rubber Bed Mat 2PC - TBM,https://cdn.shopify.com/s/files/1/0724/2638/9551/files/tbm-rb-gy-2_a45322fa-1dbd-42b5-b013-6c8dae8991ac.jpg?v=1776218172,ACTIVE
ITEM-030293,tbm-rb-gy-2_96f2e0c0-accd-4da7-9a3e-86170089fa40.jpg,2022-hyundai-santa-cruz-4ft-bed-rubber-mat-diamond-plate,2022-2026 Hyundai Santa Cruz 4 ft Bed Rubber Bed Mat - Diamond Plate,https://cdn.shopify.com/s/files/1/0724/2638/9551/files/tbm-rb-gy-2_96f2e0c0-accd-4da7-9a3e-86170089fa40.jpg?v=1776218173,ACTIVE
ITEM-031199,tbm-rb-v2-2_32a611ae-bc8b-4d55-90a4-e0a8d899ecb5.jpg,2022-2026-hyundai-santa-cruz-4ft-bed-rubber-truck-bed-mat-v2,2022-2026 Hyundai Santa Cruz 4 ft Bed Rubber Truck Bed Mat V2,https://cdn.shopify.com/s/files/1/0724/2638/9551/files/tbm-rb-v2-2_32a611ae-bc8b-4d55-90a4-e0a8d899ecb5.jpg?v=1776218175,ACTIVE
ITEM-031818,LISTING_tc-lth_2btbl-16w8p-01-ws-2_c70cc691-3814-46c9-af07-ba82d20e2bc6.jpg,2022-nissan-frontier-5ft-hard-tri-fold-tonneau-cover-w-led-lights,2022-2026 Nissan Frontier 5 ft Bed Hard Tri-Fold Tonneau Cover Combo w/ LED Lights,https://cdn.shopify.com/s/files/1/0724/2638/9551/files/LISTING_tc-lth_2btbl-16w8p-01-ws-2_c70cc691-3814-46c9-af07-ba82d20e2bc6.jpg?v=1773340049,ACTIVE
ITEM-031819,LISTING_tc-lru_2btbl-16w8p-01-ws-1_4aef43d9-24ee-404d-ac9b-e4e1920f816f.jpg,2022-2023-nissan-frontier-5ft-bed-roll-up-tonneau-cover-w-led-lights,2022-2026 Nissan Frontier 5 ft Bed Roll-Up Tonneau Cover Combo w/ LED Lights,https://cdn.shopify.com/s/files/1/0724/2638/9551/files/LISTING_tc-lru_2btbl-16w8p-01-ws-1_4aef43d9-24ee-404d-ac9b-e4e1920f816f.jpg?v=1773340013,ACTIVE
ITEM-030292,tbm-rb-v2-2_2ade8b6f-7ce0-474b-968d-369ef7373e97.jpg,2022-nissan-frontier-5ft-short-bed-rubber-mat-lightweight-v2,2022-2026 Nissan Frontier 5 ft Bed Rubber Bed Mat - Lightweight V2,https://cdn.shopify.com/s/files/1/0724/2638/9551/files/tbm-rb-v2-2_2ade8b6f-7ce0-474b-968d-369ef7373e97.jpg?v=1776218177,ACTIVE
ITEM-031034,tbm-rb-gy-2_d919e5ea-ce91-4f96-b297-ab2ab952aaf1.jpg,2022-2026-nissan-frontier-5ft-bed-rubber-mat-diamond-plate,2022-2026 Nissan Frontier 5 ft Bed Rubber Truck Bed Mat - Diamond Plate,https://cdn.shopify.com/s/files/1/0724/2638/9551/files/tbm-rb-gy-2_d919e5ea-ce91-4f96-b297-ab2ab952aaf1.jpg?v=1776218178,ACTIVE
ITEM-030290,LISTING_tc-lth-ws-2_9c6e1da0-023f-41d3-9130-a4acb3c09d4d.jpg,2022-nissan-frontier-5ft-bed-hard-tri-fold-tonneau-cover,2022-2026 Nissan Frontier 5 ft Bed Tonneau Cover - Hard Tri-Fold,https://cdn.shopify.com/s/files/1/0724/2638/9551/files/LISTING_tc-lth-ws-2_9c6e1da0-023f-41d3-9130-a4acb3c09d4d.jpg?v=1773340013,ACTIVE
ITEM-030311,tc-lru-2_6f94cf1e-6396-4fa9-b406-98900edba1d5.jpg,2022-nissan-frontier-5ft-bed-soft-roll-up-tonneau-cover-5033110,2022-2026 Nissan Frontier 5 ft Bed Tonneau Cover - Lock & Roll-Up,https://cdn.shopify.com/s/files/1/0724/2638/9551/files/tc-lru-2_6f94cf1e-6396-4fa9-b406-98900edba1d5.jpg?v=1776218180,ACTIVE
ITEM-030295,tbm-rb-gy-2_e57cfd34-0eb2-4cdf-85ff-dd6fd126a964.jpg,2022-rivian-r1t-ev-rubber-truck-bed-mat-2pc-w-front-trunk-mat,2022-2026 Rivian R1T 4.5 ft Bed Rubber Bed Mat 2PC w/ Frunk Mat,https://cdn.shopify.com/s/files/1/0724/2638/9551/files/tbm-rb-gy-2_e57cfd34-0eb2-4cdf-85ff-dd6fd126a964.jpg?v=1776218182,ACTIVE
ITEM-030749,tbm-rb-gy-2_78a5f323-235b-4382-8615-52f420ac1a0d.jpg,2022-2024-rivian-r1t-rubber-truck-bed-mat-diamond-plate-style,2022-2026 Rivian R1T 4.5 ft Bed Rubber Truck Bed Mat - Diamond Plate,https://cdn.shopify.com/s/files/1/0724/2638/9551/files/tbm-rb-gy-2_78a5f323-235b-4382-8615-52f420ac1a0d.jpg?v=1776218184,ACTIVE
ITEM-031035,tbm-rb-v2-2_d11e6f5a-cf56-4875-ba42-68c2df4e6594.jpg,2022-2026-rivian-r1t-ev-rubber-bed-mat-2pc-w-front-trunk-mat-v2,2022-2026 Rivian R1T 4.5 ft Bed Rubber Truck Bed Mat 2PC - V2,https://cdn.shopify.com/s/files/1/0724/2638/9551/files/tbm-rb-v2-2_d11e6f5a-cf56-4875-ba42-68c2df4e6594.jpg?v=1776218185,ACTIVE
ITEM-031201,tbm-rb-v2-2_605400b8-667f-499b-89d0-9fdef1b804fd.jpg,2022-2026-toyota-tundra-5-5ft-bed-rubber-mat-lightweight-v2,2022-2026 Toyota Tundra 5.5 ft Bed Rubber Bed Mat - Lightweight V2,https://cdn.shopify.com/s/files/1/0724/2638/9551/files/tbm-rb-v2-2_605400b8-667f-499b-89d0-9fdef1b804fd.jpg?v=1776218187,ACTIVE
ITEM-030296,tbm-rb-gy-2_aa61798d-2114-4998-b372-e3080bd4dec1.jpg,2022-toyota-tundra-5-5ft-bed-rubber-mat-diamond-plate-style,2022-2026 Toyota Tundra 5.5 ft Bed Rubber Truck Bed Mat - Diamond Plate,https://cdn.shopify.com/s/files/1/0724/2638/9551/files/tbm-rb-gy-2_aa61798d-2114-4998-b372-e3080bd4dec1.jpg?v=1776218189,ACTIVE
ITEM-031138,TC-TUN22-5.5-LTH-2.jpg,2022-toyota-tundra-5-5-hard-tri-fold-tonneau-cover-mpn-2433112,2022-2026 Toyota Tundra 5.5 ft Bed Tonneau Cover - Hard Tri-Fold,https://cdn.shopify.com/s/files/1/0724/2638/9551/files/TC-TUN22-5.5-LTH-2.jpg?v=1776216932,ACTIVE
ITEM-031786,LISTING_tc-lth_2btbl-16w8p-01-ws-2_a9465d73-f185-4ae9-8440-381b63cd3658.jpg,2022-2025-toyota-tundra-5-5-bed-tonneau-cover-led-light-kit,2022-2026 Toyota Tundra 5.5 ft Bed Tonneau Cover Combo w/ LED Lights,https://cdn.shopify.com/s/files/1/0724/2638/9551/files/LISTING_tc-lth_2btbl-16w8p-01-ws-2_a9465d73-f185-4ae9-8440-381b63cd3658.jpg?v=1773343109,ACTIVE
ITEM-033513,mp-colo23-5-3p-stl-2.jpg,2023-chevy-colorado-5ft-bed-molle-panels-3pc-set,2023-2025 Chevrolet Colorado/GMC Canyon 5 ft Bed MOLLE Panels - 3pc,https://cdn.shopify.com/s/files/1/0724/2638/9551/files/mp-colo23-5-3p-stl-2.jpg?v=1776216934,ACTIVE
ITEM-033461,th-outlpev23-c566-stl-2.jpg,2023-2025-mitsubishi-outlander-phev-2-trailer-hitch-class-3,"2023-2025 Mitsubishi Outlander PHEV 2"" Trailer Hitch - Class 3",https://cdn.shopify.com/s/files/1/0724/2638/9551/files/th-outlpev23-c566-stl-2.jpg?v=1776216936,ACTIVE
ITEM-031991,tc-lru-2_81c12f44-8e62-4f48-a79b-38cb68e395f9.jpg,2023-chevy-colorado-gmc-canyon-5-bed-low-profile-roll-up-tonneau-cover,2023-2026 Chevrolet Colorado/GMC Canyon 5 ft Bed Roll-Up Tonneau Cover,https://cdn.shopify.com/s/files/1/0724/2638/9551/files/tc-lru-2_81c12f44-8e62-4f48-a79b-38cb68e395f9.jpg?v=1776218190,ACTIVE
ITEM-032275,LISTING_tc-lru_2btbl-16w8p-01-ws-1.jpg,2023-chevy-colorado-gmc-canyon-5-bed-roll-up-cover-led-light-kit,2023-2026 Chevy Colorado/GMC Canyon 5 ft Bed Roll-Up Tonneau Cover Combo,https://cdn.shopify.com/s/files/1/0724/2638/9551/files/LISTING_tc-lru_2btbl-16w8p-01-ws-1.jpg?v=1773338650,ACTIVE
ITEM-032041,LISTING_tc-lth-ws-2_fa4d414e-ee14-4b1e-9cd1-d623f010c6b6.jpg,2023-chevy-colorado-gmc-canyon-5-bed-low-profile-hard-tri-fold-cover,2023-2026 Chevy Colorado/GMC Canyon 5 ft Bed Tonneau Cover - LTH,https://cdn.shopify.com/s/files/1/0724/2638/9551/files/LISTING_tc-lth-ws-2_fa4d414e-ee14-4b1e-9cd1-d623f010c6b6.jpg?v=1773338656,ACTIVE
ITEM-033502,rr-lp-midsize-uni-stl-2_b4c7153c-a5b6-49e8-837e-4727e1e69628.jpg,2024-ford-ranger-supercrew-cab-low-profile-roof-basket-system,2024+ Ford Ranger SuperCrew Cab Low Profile Roof Basket System,https://cdn.shopify.com/s/files/1/0724/2638/9551/files/rr-lp-midsize-uni-stl-2_b4c7153c-a5b6-49e8-837e-4727e1e69628.jpg?v=1776218192,ACTIVE
ITEM-033511,mp-rang23-5-3p-stl-2.jpg,2023-ford-ranger-5-bed-molle-panels-3pc-mp-fo-ra-2326-61-1,2024-2025 Ford Ranger 5 ft Bed MOLLE Panels Front & Sides - 3pc,https://cdn.shopify.com/s/files/1/0724/2638/9551/files/mp-rang23-5-3p-stl-2.jpg?v=1776216939,ACTIVE
ITEM-033453,th-tx350-c519-stl-2.jpg,2024-lexus-tx-toyota-grand-highlander-2-trailer-hitch-class-3,"2024-2026 Lexus TX / Toyota Grand Highlander 2"" Hitch - Class 3",https://cdn.shopify.com/s/files/1/0724/2638/9551/files/th-tx350-c519-stl-2.jpg?v=1776216941,ACTIVE
ITEM-032704,LISTING_tc-lth-ws-2_c3752834-041a-4c8e-90da-f3fa6b2fd6f7.jpg,2024-2025-toyota-tacoma-5-bed-low-profile-hard-tri-fold-cover,2024-2026 Toyota Tacoma 5 ft Bed Hard Tri-Fold Tonneau Cover,https://cdn.shopify.com/s/files/1/0724/2638/9551/files/LISTING_tc-lth-ws-2_c3752834-041a-4c8e-90da-f3fa6b2fd6f7.jpg?v=1773342065,ACTIVE
ITEM-032701,tc-hss-2_f3f3bea0-7710-4a8e-82dd-df985c805a2b.jpg,2024-toyota-tacoma-hidden-snap-tonneau-cover-5-bed,2024-2026 Toyota Tacoma 5 ft Bed Hidden Snap Tonneau Cover,https://cdn.shopify.com/s/files/1/0724/2638/9551/files/tc-hss-2_f3f3bea0-7710-4a8e-82dd-df985c805a2b.jpg?v=1776218193,ACTIVE
ITEM-032700,tc-lru-2_dcdfc737-f239-4441-9fb3-0a9e0454f13d.jpg,2024-toyota-tacoma-low-profile-roll-up-tonneau-cover-5-bed,2024-2026 Toyota Tacoma 5 ft Bed Roll Up Tonneau Cover,https://cdn.shopify.com/s/files/1/0724/2638/9551/files/tc-lru-2_dcdfc737-f239-4441-9fb3-0a9e0454f13d.jpg?v=1776218195,ACTIVE
ITEM-027696,th-bmount-l2-3bl-2.jpg,3-in-1-tri-ball-trailer-hitch-mount-2-receiver-w-hook,"3-Ball Trailer Hitch Mount 2"" Receiver 1-7/8"" 2"" 2-5/16""",https://cdn.shopify.com/s/files/1/0724/2638/9551/files/th-bmount-l2-3bl-2.jpg?v=1776216943,ACTIVE
ITEM-027691,th-bmount-l2-b8-2.jpg,8-drop-trailer-hitch-ball-mount-2-receiver-chrome-5000lb,"8"" Drop Trailer Hitch Ball Mount 2"" Receiver w/ 2"" Ball Chrome",https://cdn.shopify.com/s/files/1/0724/2638/9551/files/th-bmount-l2-b8-2.jpg?v=1776216945,ACTIVE
ITEM-022375,LISTING_tc-hss_2btbl-16w8p-01-ws-1.jpg,88-00-gmc-c-k-1500-3500-6-5-tonneau-cover-led-light-combo,88-00 GMC C/K 1500-3500 6.5 ft Bed Tonneau Cover + LED Kit,https://cdn.shopify.com/s/files/1/0724/2638/9551/files/LISTING_tc-hss_2btbl-16w8p-01-ws-1.jpg?v=1773338234,ACTIVE
ITEM-022376,LISTING_tc-lru-ws-1_cec1384c-2cf4-45c6-a871-6ea86c7b487e.jpg,88-00-gmc-c-k-1500-3500-6-5-roll-up-tonneau-cover-w-led-lights,88-00 GMC C/K 6.5 ft Bed Roll-Up Tonneau Cover w/ LED Lights,https://cdn.shopify.com/s/files/1/0724/2638/9551/files/LISTING_tc-lru-ws-1_cec1384c-2cf4-45c6-a871-6ea86c7b487e.jpg?v=1773338268,ACTIVE
ITEM-030198,LISTING_tc-lth-ws-2_63cf77d4-a2a6-4351-8a42-7f7496ef0d07.jpg,1994-2001-dodge-ram-1500-2500-3500-6-5-tri-fold-tonneau-cover-w-led,94-02 Dodge Ram 1500/2500/3500 6.5 ft Bed Tonneau Cover w/ LED,https://cdn.shopify.com/s/files/1/0724/2638/9551/files/LISTING_tc-lth-ws-2_63cf77d4-a2a6-4351-8a42-7f7496ef0d07.jpg?v=1773340712,ACTIVE
ITEM-022447,LISTING_tc-lru-ws-1_fdb61a4a-bf22-48d9-b0fc-5cdbe5dee371.jpg,94-02-dodge-ram-1500-2500-3500-6-5-tonneau-cover-led-lights,94-02 Dodge Ram 6.5 ft Bed Roll Up Tonneau Cover + LED Light Kit,https://cdn.shopify.com/s/files/1/0724/2638/9551/files/LISTING_tc-lru-ws-1_fdb61a4a-bf22-48d9-b0fc-5cdbe5dee371.jpg?v=1773340679,ACTIVE
ITEM-022832,th-bmount-l2-2_6d045340-0d14-481b-9cea-f1a94d3ff156.jpg,96-04-nissan-pathfinder-infiniti-qx4-class-3-hitch-ball-mount-kit,96-04 Nissan Pathfinder Infiniti QX4 Class 3 Hitch & Ball Mount Kit,https://cdn.shopify.com/s/files/1/0724/2638/9551/files/th-bmount-l2-2_6d045340-0d14-481b-9cea-f1a94d3ff156.jpg?v=1776218196,ACTIVE
ITEM-029931,hlnb-civ96lbw-jdma-2.jpg,96-98-honda-civic-crystal-headlights-w-led-light-bar-black,96-98 Honda Civic Crystal Headlights w/ LED Light Bar - Black,https://cdn.shopify.com/s/files/1/0724/2638/9551/files/hlnb-civ96lbw-jdma-2.jpg?v=1776216947,ACTIVE
ITEM-027780,bghd-am-tb_2bflbw-40cree-lb-wh-2_9351092f-824d-42fa-b14c-7de5420ee97b.jpg,97-03-ford-f-150-f-250-expedition-bull-guard-combo-w-led-bar,97-03 Ford F-150 F-250 Expedition Bull Guard Combo w/ LED Bar,https://cdn.shopify.com/s/files/1/0724/2638/9551/files/bghd-am-tb_2bflbw-40cree-lb-wh-2_9351092f-824d-42fa-b14c-7de5420ee97b.jpg?v=1776218198,ACTIVE
ITEM-029932,hlnb-civ99lbw-jdma-2.jpg,99-00-honda-civic-crystal-headlights-w-led-light-bar-black,99-00 Honda Civic Crystal Headlights w/ LED Light Bar - Black,https://cdn.shopify.com/s/files/1/0724/2638/9551/files/hlnb-civ99lbw-jdma-2.jpg?v=1776216949,ACTIVE
ITEM-029941,hlnb-mus99lbw-jdma-2.jpg,99-04-ford-mustang-black-crystal-led-headlights-w-amber,99-04 Ford Mustang Black Crystal LED Headlights w/ Amber,https://cdn.shopify.com/s/files/1/0724/2638/9551/files/hlnb-mus99lbw-jdma-2.jpg?v=1776216952,ACTIVE
ITEM-029940,hlnb-mus99lbw-cha-2.jpg,99-04-ford-mustang-chrome-crystal-headlights-w-led-light-bar,99-04 Ford Mustang Chrome Crystal Headlights w/ LED Light Bar,https://cdn.shopify.com/s/files/1/0724/2638/9551/files/hlnb-mus99lbw-cha-2.jpg?v=1776216954,ACTIVE
ITEM-030266,LISTING_hlnb-mus99lsq-cha-ws-1.jpg,99-04-ford-mustang-crystal-headlights-sequential-led-signal-chrome,99-04 Ford Mustang Crystal Headlights Sequential LED Signal - Chrome,https://cdn.shopify.com/s/files/1/0724/2638/9551/files/LISTING_hlnb-mus99lsq-cha-ws-1.jpg?v=1773333450,ACTIVE
ITEM-030267,LISTING_hlnb-mus99lsq-jdma-ws-1.jpg,99-04-ford-mustang-crystal-headlights-sequential-led-turn-signal,99-04 Ford Mustang Crystal Headlights Sequential LED Turn Signal,https://cdn.shopify.com/s/files/1/0724/2638/9551/files/LISTING_hlnb-mus99lsq-jdma-ws-1.jpg?v=1773333469,ACTIVE
ITEM-026706,bghd-al-mb-2_07195084-0225-4955-a565-c151d06ab967.jpg,99-04-ford-super-duty-excursion-bull-guard-led-light-bar-matte-black,99-04 Ford Super Duty Excursion Bull Guard LED Light Bar - Matte Black,https://cdn.shopify.com/s/files/1/0724/2638/9551/files/bghd-al-mb-2_07195084-0225-4955-a565-c151d06ab967.jpg?v=1776218200,ACTIVE
ITEM-026705,bghd-al-mbba-2_0e3d0ae6-f5c8-461f-add6-ad23cb6708f2.jpg,99-04-ford-super-duty-excursion-bull-guard-w-led-light-bar,99-04 Ford Super Duty Excursion Bull Guard w/ LED Light Bar,https://cdn.shopify.com/s/files/1/0724/2638/9551/files/bghd-al-mbba-2_0e3d0ae6-f5c8-461f-add6-ad23cb6708f2.jpg?v=1776218201,ACTIVE
ITEM-030244,hlnb-sie994plbw-jdma-2.jpg,99-06-gmc-sierra-yukon-xl-crystal-headlights-led-bar-black-4pc,99-06 GMC Sierra Yukon XL Crystal Headlights LED Bar Black 4PC,https://cdn.shopify.com/s/files/1/0724/2638/9551/files/hlnb-sie994plbw-jdma-2.jpg?v=1776216956,ACTIVE
ITEM-030243,hlnb-sie994plbw-cha-2.jpg,99-06-gmc-sierra-yukon-xl-crystal-headlights-led-bar-chrome-4pc,99-06 GMC Sierra Yukon XL Crystal Headlights LED Bar Chrome 4PC,https://cdn.shopify.com/s/files/1/0724/2638/9551/files/hlnb-sie994plbw-cha-2.jpg?v=1776216958,ACTIVE
ITEM-030246,hlnb-sie994plsq-jdma-2.jpg,99-06-gmc-sierra-yukon-xl-crystal-headlights-sequential-led-black-4pc,99-06 GMC Sierra Yukon XL Crystal Headlights Sequential LED Black 4PC,https://cdn.shopify.com/s/files/1/0724/2638/9551/files/hlnb-sie994plsq-jdma-2.jpg?v=1776216961,ACTIVE
ITEM-030245,hlnb-sie994plsq-cha-2.jpg,99-06-gmc-sierra-yukon-xl-crystal-headlights-sequential-led-chrome-4pc,99-06 GMC Sierra Yukon XL Crystal Headlights Sequential LED Chrome 4PC,https://cdn.shopify.com/s/files/1/0724/2638/9551/files/hlnb-sie994plsq-cha-2.jpg?v=1776216963,ACTIVE
ITEM-030048,hlnb-sie99lsq-jdma-2.jpg,99-06-gmc-sierra-yukon-xl-sequential-led-crystal-headlights-black,99-06 GMC Sierra Yukon XL Sequential LED Crystal Headlights Black,https://cdn.shopify.com/s/files/1/0724/2638/9551/files/hlnb-sie99lsq-jdma-2.jpg?v=1776216965,ACTIVE
ITEM-024537,bghd-am-mb-2_d8b0333f-c808-4a39-b1e3-216eb4596eb5.jpg,99-07-silverado-sierra-1500-bull-guard-mesh-skid-plate-matte-black,99-07 Silverado Sierra 1500 Bull Guard Mesh Skid Plate Matte Black,https://cdn.shopify.com/s/files/1/0724/2638/9551/files/bghd-am-mb-2_d8b0333f-c808-4a39-b1e3-216eb4596eb5.jpg?v=1776218203,ACTIVE
ITEM-026765,bghd-av-mb-2.jpg,chevy-silverado-gmc-sierra-bull-guard-skid-plate-matte-black,99-07 Silverado Sierra Advanced Bull Guard w/ Skid Plate - Matte Black,https://cdn.shopify.com/s/files/1/0724/2638/9551/files/bghd-av-mb-2.jpg?v=1776216967,ACTIVE
ITEM-022488,LISTING_tc-lru_2btbl-16w8p-01-ws-1_2b9a03c1-67b6-4e06-8852-a9ae0f256478.jpg,99-07-chevy-silverado-gmc-sierra-6-5-roll-up-tonneau-cover-w-led,99-07 Silverado/Sierra 6.5 ft Bed Roll-Up Tonneau Cover w/ LED Kit,https://cdn.shopify.com/s/files/1/0724/2638/9551/files/LISTING_tc-lru_2btbl-16w8p-01-ws-1_2b9a03c1-67b6-4e06-8852-a9ae0f256478.jpg?v=1773341793,ACTIVE
ITEM-022842,th-sil99-c322-2.jpg,99-13-silverado-sierra-1500-class-3-trailer-hitch-ball-mount-curt,99-13 Silverado Sierra 1500 Class 3 Trailer Hitch & Ball Mount - CURT,https://cdn.shopify.com/s/files/1/0724/2638/9551/files/th-sil99-c322-2.jpg?v=1776216969,ACTIVE
ITEM-022421,LISTING_tc-lru-ws-1_9c545203-8ce8-49da-b0b8-75de151c7e8a.jpg,99-16-ford-super-duty-6-5-roll-up-tonneau-cover-w-led-bed-lights,99-16 Ford Super Duty 6.5 ft Bed Roll Up Tonneau Cover w/ LED Kit,https://cdn.shopify.com/s/files/1/0724/2638/9551/files/LISTING_tc-lru-ws-1_9c545203-8ce8-49da-b0b8-75de151c7e8a.jpg?v=1773339732,ACTIVE
ITEM-031611,bghd-al-mbba-2.jpg,advance-series-bull-guard-w-led-light-bar-for-ford-bronco-2021,Advance Series Bull Guard w/ LED Light Bar for Ford Bronco 2021+,https://cdn.shopify.com/s/files/1/0724/2638/9551/files/bghd-al-mbba-2.jpg?v=1776216972,ACTIVE
ITEM-024864,bghd-av-mb-2_910c64d4-608a-4735-a1ef-5dbe44f5ce95.jpg,advanced-series-bull-guard-w-skid-plate-matte-black,Advanced Series Bull Guard w/ Skid Plate - Matte Black,https://cdn.shopify.com/s/files/1/0724/2638/9551/files/bghd-av-mb-2_910c64d4-608a-4735-a1ef-5dbe44f5ce95.jpg?v=1776218204,ACTIVE
ITEM-023534,th-sore14-b113-2.jpg,class-2-trailer-hitch-black-kia-sorento-hyundai-santa-fe-sport,Class 2 Trailer Hitch Black - Kia Sorento & Hyundai Santa Fe Sport,https://cdn.shopify.com/s/files/1/0724/2638/9551/files/th-sore14-b113-2.jpg?v=1776216974,ACTIVE
ITEM-021388,th-equi05-c591-2.jpg,pontiac-torrent-saturn-vue-class-3-trailer-hitch-13591,Class 3 Trailer Hitch Black - Pontiac Torrent Saturn Vue | 13591,https://cdn.shopify.com/s/files/1/0724/2638/9551/files/th-equi05-c591-2.jpg?v=1776216976,ACTIVE
ITEM-022160,th-bmount-l2-2.jpg,curt-2-loaded-ball-mount-with-1-7-8-ball-45034,CURT 2 in Loaded Ball Mount with 1-7/8 in Trailer Ball - CURT 45034,https://cdn.shopify.com/s/files/1/0724/2638/9551/files/th-bmount-l2-2.jpg?v=1776216979,ACTIVE
ITEM-023086,th-rv-c703-2.jpg,curt-adjustable-rv-trailer-hitch-class-3-up-to-72-frames-13703,"CURT Adjustable RV Trailer Hitch Class 3 Up to 72"" Frames - 13703",https://cdn.shopify.com/s/files/1/0724/2638/9551/files/th-rv-c703-2.jpg?v=1776216981,ACTIVE
ITEM-022808,th-bmount-l2-2_8a02a60a-287c-4293-89a1-09071b492f8a.jpg,curt-class-3-trailer-hitch-ball-mount-combo-black,CURT Class 3 Trailer Hitch & Ball Mount Combo - Black,https://cdn.shopify.com/s/files/1/0724/2638/9551/files/th-bmount-l2-2_8a02a60a-287c-4293-89a1-09071b492f8a.jpg?v=1776218206,ACTIVE
ITEM-025150,th-bmount-l2-2_32bdc564-73c5-4eb9-bdb5-c976526a6014.jpg,curt-class-3-trailer-hitch-ball-mount-combo-town-country,CURT Class 3 Trailer Hitch & Ball Mount Combo - Town & Country,https://cdn.shopify.com/s/files/1/0724/2638/9551/files/th-bmount-l2-2_32bdc564-73c5-4eb9-bdb5-c976526a6014.jpg?v=1776218207,ACTIVE
ITEM-022951,th-bmount-l2-2_0d951637-9796-4e6e-88d6-a77341f685cd.jpg,curt-class-3-trailer-hitch-loaded-ball-mount-kit-45034,CURT Class 3 Trailer Hitch & Loaded Ball Mount Kit - 45034,https://cdn.shopify.com/s/files/1/0724/2638/9551/files/th-bmount-l2-2_0d951637-9796-4e6e-88d6-a77341f685cd.jpg?v=1776218209,ACTIVE
ITEM-024535,bghd-am-mb-2_005f2f7b-2830-43e8-9fa0-919e9b69265a.jpg,ford-f-150-expedition-lincoln-bull-guard-mesh-skid-plate-matte-black,Ford F-150 Expedition Lincoln Bull Guard Mesh Skid Plate - Matte Black,https://cdn.shopify.com/s/files/1/0724/2638/9551/files/bghd-am-mb-2_005f2f7b-2830-43e8-9fa0-919e9b69265a.jpg?v=1776218211,ACTIVE
ITEM-027778,bghd-am-tb_2bflbw-40cree-lb-wh-2_54672df3-7547-46a8-be78-55bfa6bcd3df.jpg,ford-f-150-expedition-studded-mesh-bull-guard-combo-w-led-light-bar,Ford F-150 Expedition Studded Mesh Bull Guard Combo w/ LED Light Bar,https://cdn.shopify.com/s/files/1/0724/2638/9551/files/bghd-am-tb_2bflbw-40cree-lb-wh-2_54672df3-7547-46a8-be78-55bfa6bcd3df.jpg?v=1776218212,ACTIVE
ITEM-025564,th-bmount-l2-2_a0aac13f-3bd0-4642-a2f3-13e4b55951cb.jpg,gmc-savana-class-3-trailer-hitch-w-ball-mount-combo-curt,GMC Savana Class 3 Trailer Hitch w/ Ball Mount Combo - CURT,https://cdn.shopify.com/s/files/1/0724/2638/9551/files/th-bmount-l2-2_a0aac13f-3bd0-4642-a2f3-13e4b55951cb.jpg?v=1776218214,ACTIVE
ITEM-025565,th-bmount-l2-2_ee3ebf81-caf8-4eaa-94d6-10222b03f5a6.jpg,gmc-savana-class-4-trailer-hitch-ball-mount-combo-curt,GMC Savana Class 4 Trailer Hitch & Ball Mount Combo - CURT,https://cdn.shopify.com/s/files/1/0724/2638/9551/files/th-bmount-l2-2_ee3ebf81-caf8-4eaa-94d6-10222b03f5a6.jpg?v=1776218215,ACTIVE
ITEM-026752,bghd-al-mb-2_6edd5db6-4598-448c-99e5-dc9b2ad14878.jpg,jeep-commander-grand-cherokee-advanced-bull-guard-led-matte-black,Jeep Commander & Grand Cherokee Advanced Bull Guard LED - Matte Black,https://cdn.shopify.com/s/files/1/0724/2638/9551/files/bghd-al-mb-2_6edd5db6-4598-448c-99e5-dc9b2ad14878.jpg?v=1776218217,ACTIVE
ITEM-025257,bghd-am-mb_2bflbw-40cree-lb-wh-2_fc5120ba-0464-4a5b-96e8-83fd646f89d2.jpg,jeep-commander-grand-cherokee-bull-guard-w-led-light-bar-matte-black,Jeep Commander/Grand Cherokee Bull Guard w/ LED Light Bar - Matte Black,https://cdn.shopify.com/s/files/1/0724/2638/9551/files/bghd-am-mb_2bflbw-40cree-lb-wh-2_fc5120ba-0464-4a5b-96e8-83fd646f89d2.jpg?v=1776218219,ACTIVE
ITEM-027506,thw-soul07-4w-ef220-2_7c46338c-ad0f-4c01-95e2-f051ac6c13ac.jpg,kia-soul-rondo-trailer-wiring-harness-4-way-t-connector-56220,Kia Soul & Rondo Trailer Wiring Harness 4-Way T-Connector - 56220,https://cdn.shopify.com/s/files/1/0724/2638/9551/files/thw-soul07-4w-ef220-2_7c46338c-ad0f-4c01-95e2-f051ac6c13ac.jpg?v=1776218220,ACTIVE
ITEM-024051,th-alt074d-a352-2.jpg,2007-2025-nissan-altima-maxima-class-1-trailer-hitch-11352,Nissan Altima & Maxima Class 1 Trailer Hitch - Black | 11352,https://cdn.shopify.com/s/files/1/0724/2638/9551/files/th-alt074d-a352-2.jpg?v=1776216983,ACTIVE
ITEM-025256,bghd-am-mb_2bflbw-40cree-lb-wh-2_a9344400-67e0-4c05-829f-0af78ed41ae2.jpg,nissan-bull-guard-w-mesh-skid-plate-led-light-bar-matte-black,Nissan Bull Guard w/ Mesh Skid Plate & LED Light Bar - Matte Black,https://cdn.shopify.com/s/files/1/0724/2638/9551/files/bghd-am-mb_2bflbw-40cree-lb-wh-2_a9344400-67e0-4c05-829f-0af78ed41ae2.jpg?v=1776218224,ACTIVE
ITEM-024982,bghd-av-mb-2_5520e5f3-743f-454d-92e4-440814851d34.jpg,nissan-pathfinder-xterra-advanced-bull-guard-w-skid-plate-matte-black,Nissan Pathfinder Xterra Advanced Bull Guard w/ Skid Plate - Matte Black,https://cdn.shopify.com/s/files/1/0724/2638/9551/files/bghd-av-mb-2_5520e5f3-743f-454d-92e4-440814851d34.jpg?v=1776218225,ACTIVE
ITEM-024540,bghd-am-mb-2_d9886070-cf2f-402b-8328-9dcd43908406.jpg,nissan-pathfinder-xterra-bull-guard-w-mesh-skid-plate-matte-black,Nissan Pathfinder Xterra Bull Guard w/ Mesh Skid Plate - Matte Black,https://cdn.shopify.com/s/files/1/0724/2638/9551/files/bghd-am-mb-2_d9886070-cf2f-402b-8328-9dcd43908406.jpg?v=1776218227,ACTIVE
ITEM-023911,th-bmount-l2-2_03f10882-cb1e-411a-8159-25d7ee5721f1.jpg,rv-72-adjustable-class-3-trailer-hitch-w-loaded-ball-mount,"RV 72"" Adjustable Class 3 Trailer Hitch w/ Loaded Ball Mount",https://cdn.shopify.com/s/files/1/0724/2638/9551/files/th-bmount-l2-2_03f10882-cb1e-411a-8159-25d7ee5721f1.jpg?v=1776218228,ACTIVE
ITEM-026988,crjz-raz-1000-st-mb-2.jpg,stehlen-razor-1000-universal-chase-rack-w-led-lights-matte-black,Stehlen Razor 1000 Universal Chase Rack w/ LED Lights - Matte Black,https://cdn.shopify.com/s/files/1/0724/2638/9551/files/crjz-raz-1000-st-mb-2.jpg?v=1776216985,ACTIVE
ITEM-027367,crjz-raz-3000-st-tb-2.jpg,stehlen-razor-3000-universal-chase-rack-w-led-lights-texture-black,Stehlen Razor 3000 Universal Chase Rack w/LED Lights - Texture Black,https://cdn.shopify.com/s/files/1/0724/2638/9551/files/crjz-raz-3000-st-tb-2.jpg?v=1776216987,ACTIVE
ITEM-027410,bghd-am-tb-2_c12c29ee-f6d8-4535-a116-b2b1115ada5f.jpg,studded-mesh-bull-guard-texture-black-ford-f-150-expedition,Studded Mesh Bull Guard Texture Black - Ford F-150 Expedition,https://cdn.shopify.com/s/files/1/0724/2638/9551/files/bghd-am-tb-2_c12c29ee-f6d8-4535-a116-b2b1115ada5f.jpg?v=1776218230,ACTIVE
ITEM-022800,th-bmount-l2-2_6dce040f-1d67-4b63-8c33-003d5aae681b.jpg,curt-class-3-trailer-hitch-w-ball-mount-ram-c-v-vw-routan,Trailer Hitch & Ball Mount Combo - CURT 45034,https://cdn.shopify.com/s/files/1/0724/2638/9551/files/th-bmount-l2-2_6dce040f-1d67-4b63-8c33-003d5aae681b.jpg?v=1776218232,ACTIVE
ITEM-026821,thw-high02-4w-ee400-2_83e2594d-3fc1-49f0-a104-750a15c0265a.jpg,trailer-wire-harness-t-connector-4-way-flat-mpn-55400,Trailer Wire Harness T-Connector 4-Way Flat - MPN 55400,https://cdn.shopify.com/s/files/1/0724/2638/9551/files/thw-high02-4w-ee400-2_83e2594d-3fc1-49f0-a104-750a15c0265a.jpg?v=1776218233,ACTIVE
ITEM-024782,thjz-rhs-3-bk-2.jpg,universal-2-tube-3-steel-rear-hitch-step-black,"Universal 2"" Hitch Receiver 3"" Steel Rear Hitch Step - Black",https://cdn.shopify.com/s/files/1/0724/2638/9551/files/thjz-rhs-3-bk-2.jpg?v=1776216990,ACTIVE
ITEM-026432,thjz-rhs-ds-mb-2.jpg,universal-2-receiver-hitch-step-matte-black-hs207-31bk,"Universal 2"" Receiver Dropping Style Rear Hitch Step - Matte Black",https://cdn.shopify.com/s/files/1/0724/2638/9551/files/thjz-rhs-ds-mb-2.jpg?v=1776216992,ACTIVE
ITEM-027218,crjz-tr-4000fs-ar-mb_crjz-tire-fs-mb-2_4443dc5c-2a42-40b7-867f-7d9d7477a259.jpg,universal-chase-rack-tire-carrier-matte-black-finish,Universal Full Size Chase Rack Tire Carrier - Matte Black,https://cdn.shopify.com/s/files/1/0724/2638/9551/files/crjz-tr-4000fs-ar-mb_crjz-tire-fs-mb-2_4443dc5c-2a42-40b7-867f-7d9d7477a259.jpg?v=1773329905,ACTIVE
