handle,title,type,url,worst,issues
99-07-silverado-sierra-bull-guard-led-light-bar-matte-black,1999-2007 Chevrolet GMC 1500 Bull Guard LED Light Bar - Matte Black,Grille Guard / Bull Bar,https://stehlenauto.com/products/99-07-silverado-sierra-bull-guard-led-light-bar-matte-black,P0,P0 featured photo shows wrong vehicle: Ford F-150
2010-2024-toyota-4runner-bull-guard-w-led-light-bar-matte-black,2010-2024 Toyota 4Runner Advanced Bull Guard LED Light Bar - Matte Black,bull guard - advance series w/led light bar,https://stehlenauto.com/products/2010-2024-toyota-4runner-bull-guard-w-led-light-bar-matte-black,P0,P0 featured photo shows wrong vehicle: Ford F-150
2003-2009-toyota-4runner-lexus-gx470-bull-guard-led-light-bar,2003-2009 Toyota 4Runner Lexus GX470 Bull Guard LED Light Bar,bull guard - advance series w/led light bar,https://stehlenauto.com/products/2003-2009-toyota-4runner-lexus-gx470-bull-guard-led-light-bar,P0,P0 featured photo shows wrong vehicle: Ford F-150
2010-2024-toyota-4runner-bull-guard-w-led-light-bar-matte-black-1,2010-2024 Toyota 4Runner Bull Guard w/ LED Light Bar - Matte Black,bull guard - advance series w/led light bar,https://stehlenauto.com/products/2010-2024-toyota-4runner-bull-guard-w-led-light-bar-matte-black-1,P0,P0 featured photo shows wrong vehicle: Ford F-150 Raptor
1999-2007-gmc-sierra-advanced-bull-guard-w-led-light-bar-matte-black,1999-2007 GMC Sierra Advanced Bull Guard w/ LED Light Bar - Matte Black,bull guard - advance series w/led light bar,https://stehlenauto.com/products/1999-2007-gmc-sierra-advanced-bull-guard-w-led-light-bar-matte-black,P0,P0 featured photo shows wrong vehicle: Ford F-150
92-99-chevy-gmc-suburban-tahoe-yukon-bull-guard-led-light-bar,1992-1999 Chevrolet GMC Bull Guard LED Light Bar Matte Black,bull guard - advance series w/led light bar,https://stehlenauto.com/products/92-99-chevy-gmc-suburban-tahoe-yukon-bull-guard-led-light-bar,P0,P0 featured photo shows wrong vehicle: Ford F-150 | P2 title years 1992-1999 narrower than fitment 1988-2000
92-99-chevy-gmc-suburban-tahoe-yukon-studded-mesh-bull-guard-combo,1992-1999 Chevy/GMC SUV Bull Guard & 120W LED Light Bar Combo,bull guard - advance series w/led light bar,https://stehlenauto.com/products/92-99-chevy-gmc-suburban-tahoe-yukon-studded-mesh-bull-guard-combo,P0,P0 featured photo shows wrong vehicle: Ford F-150 Raptor | P2 title years 1992-1999 narrower than fitment 1988-2000
04-12-chevy-colorado-gmc-canyon-advanced-bull-guard-w-led-bar,2004-2012 Chevrolet Colorado/GMC Canyon Bull Guard w/LED Light Bar - Advanced Series,bull guard - advance series w/led light bar,https://stehlenauto.com/products/04-12-chevy-colorado-gmc-canyon-advanced-bull-guard-w-led-bar,P0,P0 featured photo shows wrong vehicle: Ford F-150
04-12-chevy-colorado-gmc-canyon-bull-bar-w-120w-led-light-bar,2004-2012 Chevrolet Colorado GMC Canyon Bull Bar + LED Light Bar Combo - Black,bull guard - advance series w/led light bar,https://stehlenauto.com/products/04-12-chevy-colorado-gmc-canyon-bull-bar-w-120w-led-light-bar,P0,P0 featured photo shows wrong vehicle: Toyota Tundra
2015-2022-chevy-colorado-gmc-canyon-advanced-bull-guard-led-bar,2015-2022 Chevrolet Colorado/GMC Canyon Bull Guard LED - Lund,bull guard - advance series w/led light bar,https://stehlenauto.com/products/2015-2022-chevy-colorado-gmc-canyon-advanced-bull-guard-led-bar,P0,P0 featured photo shows wrong vehicle: Ford F-150
05-11-dodge-dakota-ram-mitsubishi-raider-bull-guard-matte-black,2005-2011 Dodge Dakota Mitsubishi Raider Bull Guard LED - BGHD,bull guard - advance series w/led light bar,https://stehlenauto.com/products/05-11-dodge-dakota-ram-mitsubishi-raider-bull-guard-matte-black,P0,P0 featured photo shows wrong vehicle: Ford F-150 | P1 part number/code in title
05-11-dodge-dakota-bull-bar-w-21-5-120w-led-light-bar,"2005-2011 Dodge Dakota Bull Bar + 21.5"" LED Light Bar - Black",bull guard - advance series w/led light bar,https://stehlenauto.com/products/05-11-dodge-dakota-bull-bar-w-21-5-120w-led-light-bar,P0,P0 featured photo shows wrong vehicle: Toyota Tundra
04-09-dodge-durango-chrysler-aspen-bull-guard-led-light-bar-matte-black,2004-2009 Dodge Durango Chrysler Aspen Bull Guard LED Light Bar - Matte Black,bull guard - advance series w/led light bar,https://stehlenauto.com/products/04-09-dodge-durango-chrysler-aspen-bull-guard-led-light-bar-matte-black,P0,P0 featured photo shows wrong vehicle: Ford F-150
04-09-dodge-durango-chrysler-aspen-bull-guard-w-led-gbu10023,2004-2009 Dodge Durango Chrysler Aspen Bull Guard w/ LED - GBU10023,bull guard - advance series w/led light bar,https://stehlenauto.com/products/04-09-dodge-durango-chrysler-aspen-bull-guard-w-led-gbu10023,P0,P0 featured photo shows wrong vehicle: Ford F-150
2004-2009-dodge-durango-bull-guard-w-led-light-bar-matte-black,2004-2009 Dodge Durango Bull Guard w/ LED Light Bar - Matte Black,bull guard - advance series w/led light bar,https://stehlenauto.com/products/2004-2009-dodge-durango-bull-guard-w-led-light-bar-matte-black,P0,P0 featured photo shows wrong vehicle: Ford F-150 Raptor
2011-2016-jeep-grand-cherokee-dodge-durango-bull-guard-led-r203-201bk,2011-2016 Jeep Grand Cherokee Dodge Durango Bull Guard LED - R203-201BK,bull guard - advance series w/led light bar,https://stehlenauto.com/products/2011-2016-jeep-grand-cherokee-dodge-durango-bull-guard-led-r203-201bk,P0,P0 featured photo shows wrong vehicle: Ford F-150
02-09-chevy-trailblazer-gmc-envoy-bull-guard-w-led-matte-black,2002-2009 Chevrolet Trailblazer & GMC Envoy Bull Guard w/LED - Matte Black,bull guard - advance series w/led light bar,https://stehlenauto.com/products/02-09-chevy-trailblazer-gmc-envoy-bull-guard-w-led-matte-black,P0,P0 featured photo shows wrong vehicle: Ford F-150
01-04-nissan-frontier-xterra-advanced-bull-guard-led-light-bar,2001-2004 Nissan Frontier Xterra Advanced Bull Guard LED Light Bar,bull guard - advance series w/led light bar,https://stehlenauto.com/products/01-04-nissan-frontier-xterra-advanced-bull-guard-led-light-bar,P0,P0 featured photo shows wrong vehicle: Ford F-150
2001-2004-nissan-frontier-xterra-advanced-bull-guard-w-led-bar,2001-2004 Nissan Frontier Xterra Advanced Bull Guard w/ LED Bar,bull guard - advance series w/led light bar,https://stehlenauto.com/products/2001-2004-nissan-frontier-xterra-advanced-bull-guard-w-led-bar,P0,P0 featured photo shows wrong vehicle: Ford F-150
05-21-nissan-frontier-advanced-bull-guard-w-led-light-bar-matte-black,2005-2021 Nissan Frontier Advanced Bull Guard w/ LED Light Bar - Matte Black,bull guard - advance series w/led light bar,https://stehlenauto.com/products/05-21-nissan-frontier-advanced-bull-guard-w-led-light-bar-matte-black,P0,P0 featured photo shows wrong vehicle: Ford F-150
nissan-bull-guard-w-mesh-skid-plate-led-light-bar-matte-black,Nissan Bull Guard w/ Mesh Skid Plate & LED Light Bar - Matte Black,bull guard - advance series w/led light bar,https://stehlenauto.com/products/nissan-bull-guard-w-mesh-skid-plate-led-light-bar-matte-black,P0,P0 featured photo shows wrong vehicle: Ford F-150 Raptor
05-21-nissan-frontier-bull-guard-w-led-light-bar-combo,2005-2021 Nissan Frontier Bull Guard w/ LED Light Bar Combo,bull guard - advance series w/led light bar,https://stehlenauto.com/products/05-21-nissan-frontier-bull-guard-w-led-light-bar-combo,P0,P0 featured photo shows wrong vehicle: Ford F-150 Raptor
2006-2010-hummer-h3-advanced-series-bull-guard-w-led-light-bar,2006-2010 Hummer H3 Advanced Series Bull Guard w/ LED Light Bar,bull guard - advance series w/led light bar,https://stehlenauto.com/products/2006-2010-hummer-h3-advanced-series-bull-guard-w-led-light-bar,P0,P0 featured photo shows wrong vehicle: Ford F-150
2014-2019-toyota-highlander-bull-guard-w-led-light-bar-matte-black,2014-2019 Toyota Highlander Bull Guard w/ LED Light Bar - Matte Black,bull guard - advance series w/led light bar,https://stehlenauto.com/products/2014-2019-toyota-highlander-bull-guard-w-led-light-bar-matte-black,P0,P0 featured photo shows wrong vehicle: Ford F-150
jeep-commander-grand-cherokee-advanced-bull-guard-led-matte-black,Jeep Commander & Grand Cherokee Advanced Bull Guard LED - Matte Black,bull guard - advance series w/led light bar,https://stehlenauto.com/products/jeep-commander-grand-cherokee-advanced-bull-guard-led-matte-black,P0,P0 featured photo shows wrong vehicle: Ford F-150
jeep-commander-grand-cherokee-bull-guard-w-led-light-bar-matte-black,Jeep Commander/Grand Cherokee Bull Guard w/ LED Light Bar - Matte Black,bull guard - advance series w/led light bar,https://stehlenauto.com/products/jeep-commander-grand-cherokee-bull-guard-w-led-light-bar-matte-black,P0,P0 featured photo shows wrong vehicle: Ford F-150 Raptor
2008-2010-jeep-grand-cherokee-advanced-bull-guard-w-led-light-bar,2008-2010 Jeep Grand Cherokee Advanced Bull Guard w/ LED Light Bar,bull guard - advance series w/led light bar,https://stehlenauto.com/products/2008-2010-jeep-grand-cherokee-advanced-bull-guard-w-led-light-bar,P0,P0 featured photo shows wrong vehicle: Ford F-150
2008-2010-jeep-grand-cherokee-bull-guard-w-led-light-bar-matte-black,2008-2010 Jeep Grand Cherokee Bull Guard w/ LED Light Bar - Matte Black,bull guard - advance series w/led light bar,https://stehlenauto.com/products/2008-2010-jeep-grand-cherokee-bull-guard-w-led-light-bar-matte-black,P0,P0 featured photo shows wrong vehicle: Ford F-150 Raptor
1999-2004-nissan-pathfinder-advanced-series-bull-guard-w-led-bar,1999-2004 Nissan Pathfinder Advanced Series Bull Guard w/ LED Bar,bull guard - advance series w/led light bar,https://stehlenauto.com/products/1999-2004-nissan-pathfinder-advanced-series-bull-guard-w-led-bar,P0,P0 featured photo shows wrong vehicle: Ford F-150
03-14-honda-pilot-ridgeline-advanced-bull-guard-w-led-matte-black,2003-2014 Honda Pilot Ridgeline Advanced Bull Guard w/ LED - Matte Black,bull guard - advance series w/led light bar,https://stehlenauto.com/products/03-14-honda-pilot-ridgeline-advanced-bull-guard-w-led-matte-black,P0,P0 featured photo shows wrong vehicle: Ford F-150
2009-2015-honda-pilot-advanced-bull-guard-w-led-light-bar-matte-black,2009-2015 Honda Pilot Advanced Bull Guard w/ LED Light Bar - Matte Black,bull guard - advance series w/led light bar,https://stehlenauto.com/products/2009-2015-honda-pilot-advanced-bull-guard-w-led-light-bar-matte-black,P0,P0 featured photo shows wrong vehicle: Ford F-150
2009-2015-honda-pilot-bull-guard-w-led-light-bar-matte-black,2009-2015 Honda Pilot Bull Guard w/ LED Light Bar - Matte Black,bull guard - advance series w/led light bar,https://stehlenauto.com/products/2009-2015-honda-pilot-bull-guard-w-led-light-bar-matte-black,P0,P0 featured photo shows wrong vehicle: Ford F-150 Raptor
02-09-dodge-ram-1500-2500-3500-advanced-bull-guard-led-p4s16004,2002-2009 Dodge Ram 1500/2500/3500 Advanced Bull Guard LED - P4S16004,bull guard - advance series w/led light bar,https://stehlenauto.com/products/02-09-dodge-ram-1500-2500-3500-advanced-bull-guard-led-p4s16004,P0,P0 featured photo shows wrong vehicle: Ford F-150
02-09-dodge-ram-1500-2500-3500-advanced-bull-guard-w-led-texture-black,2002-2009 Dodge Ram 1500/2500/3500 Advanced Bull Guard w/ LED - Texture Black,bull guard - advance series w/led light bar,https://stehlenauto.com/products/02-09-dodge-ram-1500-2500-3500-advanced-bull-guard-w-led-texture-black,P0,P0 featured photo shows wrong vehicle: Ford F-150
06-08-dodge-ram-1500-advanced-bull-guard-w-led-light-bar-matte-black,2006-2008 Dodge Ram 1500 Advanced Bull Guard w/ LED Light Bar - Matte Black,bull guard - advance series w/led light bar,https://stehlenauto.com/products/06-08-dodge-ram-1500-advanced-bull-guard-w-led-light-bar-matte-black,P0,P0 featured photo shows wrong vehicle: Ford F-150
2006-2008-dodge-ram-1500-advanced-bull-guard-w-led-light-bar,2006-2008 Dodge Ram 1500 Advanced Bull Guard w/ LED Light Bar,bull guard - advance series w/led light bar,https://stehlenauto.com/products/2006-2008-dodge-ram-1500-advanced-bull-guard-w-led-light-bar,P0,P0 featured photo shows wrong vehicle: Ford F-150
09-22-ram-1500-advanced-series-bull-guard-w-led-light-bar-matte-black,2009-2022 Dodge Ram 1500 Bull Guard w/LED Light Bar Matte Black,bull guard - advance series w/led light bar,https://stehlenauto.com/products/09-22-ram-1500-advanced-series-bull-guard-w-led-light-bar-matte-black,P0,P0 featured photo shows wrong vehicle: Ford F-150 | P2 title years 2009-2022 narrower than fitment 2009-2024
09-22-ram-1500-advanced-series-bull-guard-w-led-light-bar,2009-2022 Dodge Ram 1500 Bull Guard LED Light Bar - Advanced,bull guard - advance series w/led light bar,https://stehlenauto.com/products/09-22-ram-1500-advanced-series-bull-guard-w-led-light-bar,P0,P0 featured photo shows wrong vehicle: Ford F-150 | P2 title years 2009-2022 narrower than fitment 2009-2024
10-18-ram-2500-3500-advanced-bull-guard-w-led-light-bar-matte-black,2010-2018 Dodge Ram 2500/3500 Bull Guard LED Light Bar - Matte Black,bull guard - advance series w/led light bar,https://stehlenauto.com/products/10-18-ram-2500-3500-advanced-bull-guard-w-led-light-bar-matte-black,P0,P0 featured photo shows wrong vehicle: Ford F-150
1994-2002-dodge-ram-1500-2500-3500-bull-guard-w-led-light-bar,1994-2002 Dodge Ram 1500/2500/3500 Bull Guard w/ LED Light Bar,bull guard - advance series w/led light bar,https://stehlenauto.com/products/1994-2002-dodge-ram-1500-2500-3500-bull-guard-w-led-light-bar,P0,P0 featured photo shows wrong vehicle: Ford F-150
2011-2020-toyota-sienna-advanced-bull-guard-w-led-light-bar,2011-2020 Toyota Sienna Advanced Bull Guard w/ LED Light Bar,bull guard - advance series w/led light bar,https://stehlenauto.com/products/2011-2020-toyota-sienna-advanced-bull-guard-w-led-light-bar,P0,P0 featured photo shows wrong vehicle: Ford F-150
07-10-chevy-gmc-silverado-sierra-2500-3500-bull-guard-led-dera,2007-2010 Chevrolet/GMC 2500 HD/3500 HD Bull Guard LED Light Bar - Matte Black,bull guard - advance series w/led light bar,https://stehlenauto.com/products/07-10-chevy-gmc-silverado-sierra-2500-3500-bull-guard-led-dera,P0,P0 featured photo shows wrong vehicle: Ford F-150
11-19-silverado-sierra-2500-3500-advanced-bull-guard-led-matte-black,2011-2019 Chevy/GMC Silverado/Sierra 2500/3500 Advanced Bull Guard LED - Matte Black,bull guard - advance series w/led light bar,https://stehlenauto.com/products/11-19-silverado-sierra-2500-3500-advanced-bull-guard-led-matte-black,P0,P0 featured photo shows wrong vehicle: Ford F-150
2019-2022-chevy-silverado-gmc-sierra-1500-bull-guard-led-light-bar,2019-2022 Chevy Silverado 1500 Bull Guard LED Light Bar - Matte Black,bull guard - advance series w/led light bar,https://stehlenauto.com/products/2019-2022-chevy-silverado-gmc-sierra-1500-bull-guard-led-light-bar,P0,P0 featured photo shows wrong vehicle: Ford F-150
2019-2022-chevy-silverado-gmc-sierra-1500-bull-guard-led-matte-black,2019-2022 Chevrolet Silverado 1500 Bull Guard LED Light Bar - Matte Black,bull guard - advance series w/led light bar,https://stehlenauto.com/products/2019-2022-chevy-silverado-gmc-sierra-1500-bull-guard-led-matte-black,P0,P0 featured photo shows wrong vehicle: Ford F-150
2005-2015-toyota-tacoma-advanced-series-bull-guard-w-led-bar,2005-2015 Toyota Tacoma Advanced Series Bull Guard w/LED Bar,bull guard - advance series w/led light bar,https://stehlenauto.com/products/2005-2015-toyota-tacoma-advanced-series-bull-guard-w-led-bar,P0,P0 featured photo shows wrong vehicle: Ford F-150
2005-2015-toyota-tacoma-bull-guard-w-led-light-bar-matte-black,2005-2015 Toyota Tacoma Bull Guard w/ LED Light Bar - Matte Black,bull guard - advance series w/led light bar,https://stehlenauto.com/products/2005-2015-toyota-tacoma-bull-guard-w-led-light-bar-matte-black,P0,P0 featured photo shows wrong vehicle: Ford F-150 Raptor
04-15-nissan-titan-armada-advanced-bull-guard-led-light-bar-matte-black,2004-2015 Nissan Titan Armada Advanced Bull Guard LED Light Bar - Matte Black,bull guard - advance series w/led light bar,https://stehlenauto.com/products/04-15-nissan-titan-armada-advanced-bull-guard-led-light-bar-matte-black,P0,P0 featured photo shows wrong vehicle: Ford F-150
2004-2015-nissan-titan-armada-bull-guard-w-led-light-bar-matte-black,2004-2015 Nissan Titan Armada Bull Guard w/LED Light Bar - Matte Black,bull guard - advance series w/led light bar,https://stehlenauto.com/products/2004-2015-nissan-titan-armada-bull-guard-w-led-light-bar-matte-black,P0,P0 featured photo shows wrong vehicle: Ford F-150 Raptor
07-21-toyota-tundra-sequoia-advanced-bull-guard-w-led-matte-black,2007-2021 Toyota Tundra Sequoia Advanced Bull Guard w/ LED - Matte Black,bull guard - advance series w/led light bar,https://stehlenauto.com/products/07-21-toyota-tundra-sequoia-advanced-bull-guard-w-led-matte-black,P0,P0 featured photo shows wrong vehicle: Ford F-150
2007-2009-jeep-wrangler-jk-advanced-bull-guard-w-led-light-bar,2007-2009 Jeep Wrangler JK Advanced Bull Guard w/ LED Light Bar,bull guard - advance series w/led light bar,https://stehlenauto.com/products/2007-2009-jeep-wrangler-jk-advanced-bull-guard-w-led-light-bar,P0,P0 featured photo shows wrong vehicle: Ford F-150
2007-2009-jeep-wrangler-jk-bull-guard-w-led-light-bar-matte-black,2007-2009 Jeep Wrangler JK Bull Guard w/LED Light Bar - Matte Black,bull guard - advance series w/led light bar,https://stehlenauto.com/products/2007-2009-jeep-wrangler-jk-bull-guard-w-led-light-bar-matte-black,P0,P0 featured photo shows wrong vehicle: Ford F-150 Raptor
2010-2018-jeep-wrangler-jk-bull-guard-w-led-light-bar-matte-black,2010-2018 Jeep Wrangler JK Bull Guard w/ LED Light Bar - Matte Black,bull guard - advance series w/led light bar,https://stehlenauto.com/products/2010-2018-jeep-wrangler-jk-bull-guard-w-led-light-bar-matte-black,P0,P0 featured photo shows wrong vehicle: Ford F-150
2010-2018-jeep-wrangler-jk-advanced-bull-guard-w-led-light-bar,2010-2018 Jeep Wrangler JK Advanced Bull Guard w/ LED Light Bar,bull guard - advance series w/led light bar,https://stehlenauto.com/products/2010-2018-jeep-wrangler-jk-advanced-bull-guard-w-led-light-bar,P0,P0 featured photo shows wrong vehicle: Ford F-150
2008-2010-jeep-grand-cherokee-advanced-series-bull-guard-w-led-light-bar-matte-black-brushed-aluminum-skid-plate,"2008-2010 Jeep Grand Cherokee Advanced Series Bull Guard w/ LED Light Bar — Matte Black, Brushed Aluminum Skid Plate",bull guard - advance series w/led light bar,https://stehlenauto.com/products/2008-2010-jeep-grand-cherokee-advanced-series-bull-guard-w-led-light-bar-matte-black-brushed-aluminum-skid-plate,P0,P0 featured photo shows wrong vehicle: Ford F-150 | P2 title >90 chars
2007-2019-chevrolet-silverado-1500-gmc-sierra-1500-advanced-series-bull-guard-w-built-in-led-light-bar-matte-black,2007-2019 Chevrolet Silverado 1500 & GMC Sierra 1500 Advanced Series Bull Guard w/ Built-In LED Light Bar — Matte Black,bull guard - advance series w/led light bar,https://stehlenauto.com/products/2007-2019-chevrolet-silverado-1500-gmc-sierra-1500-advanced-series-bull-guard-w-built-in-led-light-bar-matte-black,P0,P0 featured photo shows wrong vehicle: Ford F-150 | P2 title >90 chars
2016-2023-toyota-tacoma-advanced-series-bull-guard-w-built-in-led-light-bar-matte-black,2016-2023 Toyota Tacoma Advanced Series Bull Guard w/ Built-In LED Light Bar — Matte Black,bull guard - advance series w/led light bar,https://stehlenauto.com/products/2016-2023-toyota-tacoma-advanced-series-bull-guard-w-built-in-led-light-bar-matte-black,P0,P0 featured photo shows wrong vehicle: Ford F-150
2007-2009-jeep-wrangler-jk-advanced-series-bull-guard-w-led-light-bar-matte-black-brushed-aluminum-skid-plate,"2007-2009 Jeep Wrangler JK Advanced Series Bull Guard w/ LED Light Bar — Matte Black, Brushed Aluminum Skid Plate",bull guard - advance series w/led light bar,https://stehlenauto.com/products/2007-2009-jeep-wrangler-jk-advanced-series-bull-guard-w-led-light-bar-matte-black-brushed-aluminum-skid-plate,P0,P0 featured photo shows wrong vehicle: Ford F-150 | P2 title >90 chars
1997-2004-dodge-dakota-1998-2003-durango-advanced-series-bull-guard-w-built-in-led-light-bar-matte-black,1997-2004 Dodge Dakota & 1998-2003 Durango Advanced Series Bull Guard w/ Built-In LED Light Bar — Matte Black,bull guard - advance series w/led light bar,https://stehlenauto.com/products/1997-2004-dodge-dakota-1998-2003-durango-advanced-series-bull-guard-w-built-in-led-light-bar-matte-black,P0,P0 featured photo shows wrong vehicle: Ford F-150 | P2 title >90 chars
2006-2010-hummer-h3-advanced-series-bull-guard-w-built-in-led-light-bar-matte-black,2006-2010 Hummer H3 Advanced Series Bull Guard w/ Built-In LED Light Bar — Matte Black,bull guard - advance series w/led light bar,https://stehlenauto.com/products/2006-2010-hummer-h3-advanced-series-bull-guard-w-built-in-led-light-bar-matte-black,P0,P0 featured photo shows wrong vehicle: Ford F-150
1999-2006-toyota-tundra-2001-2007-sequoia-advanced-series-bull-guard-w-built-in-led-light-bar-matte-black,1999-2006 Toyota Tundra & 2001-2007 Sequoia Advanced Series Bull Guard w/ Built-In LED Light Bar — Matte Black,bull guard - advance series w/led light bar,https://stehlenauto.com/products/1999-2006-toyota-tundra-2001-2007-sequoia-advanced-series-bull-guard-w-built-in-led-light-bar-matte-black,P0,P0 featured photo shows wrong vehicle: Ford F-150 | P2 title >90 chars
chevy-silverado-gmc-sierra-bull-guard-skid-plate-matte-black,1999-2007 Chevy Silverado GMC Sierra Advanced Bull Guard w/ Skid Plate - Matte Black,bull guard - advance series w/skid plate,https://stehlenauto.com/products/chevy-silverado-gmc-sierra-bull-guard-skid-plate-matte-black,P0,P0 featured photo shows wrong vehicle: Ford F-150
2010-2024-toyota-4runner-bull-guard-w-skid-plate-matte-black,2010-2024 Toyota 4Runner Advanced Bull Guard w/ Skid Plate - Matte Black,bull guard - advance series w/skid plate,https://stehlenauto.com/products/2010-2024-toyota-4runner-bull-guard-w-skid-plate-matte-black,P0,P0 featured photo shows wrong vehicle: Ford F-150
2010-2024-toyota-4runner-bull-guard-matte-black-gbu10036-ub3303,2010-2024 Toyota 4Runner Bull Guard w/ Mesh Skid Plate - Matte Black,bull guard - advance series w/skid plate,https://stehlenauto.com/products/2010-2024-toyota-4runner-bull-guard-matte-black-gbu10036-ub3303,P0,P0 featured photo shows wrong vehicle: Ford F-150 Raptor
2003-2009-toyota-4runner-lexus-gx470-bull-guard-matte-black,2003-2009 Toyota 4Runner Lexus GX470 Bull Guard Skid Plate Matte Black,bull guard - advance series w/skid plate,https://stehlenauto.com/products/2003-2009-toyota-4runner-lexus-gx470-bull-guard-matte-black,P0,P0 featured photo shows wrong vehicle: Ford F-150
1992-1999-chevy-gmc-suburban-tahoe-yukon-bull-guard-matte-black,1992-1999 Chevrolet GMC SUV Bull Guard Mesh Skid Plate - Matte Black,bull guard - advance series w/skid plate,https://stehlenauto.com/products/1992-1999-chevy-gmc-suburban-tahoe-yukon-bull-guard-matte-black,P0,P0 featured photo shows wrong vehicle: Ford F-150 Raptor | P2 title years 1992-1999 narrower than fitment 1988-2000
1992-1999-chevy-gmc-suburban-tahoe-yukon-studded-mesh-bull-guard,1992-1999 Chevrolet GMC Studded Mesh Bull Guard Texture Black,bull guard - advance series w/skid plate,https://stehlenauto.com/products/1992-1999-chevy-gmc-suburban-tahoe-yukon-studded-mesh-bull-guard,P0,P0 featured photo shows wrong vehicle: Ford F-150 Raptor | P2 title years 1992-1999 narrower than fitment 1988-2000
92-99-chevy-gmc-suburban-tahoe-yukon-bull-guard-w-led-light-bar,1992-1999 Chevy/GMC SUV Bull Guard Mesh Skid Plate & LED Bar,bull guard - advance series w/skid plate,https://stehlenauto.com/products/92-99-chevy-gmc-suburban-tahoe-yukon-bull-guard-w-led-light-bar,P0,P0 featured photo shows wrong vehicle: Ford F-150 Raptor | P2 title years 1992-1999 narrower than fitment 1988-2000
1992-1999-chevy-gmc-suburban-tahoe-yukon-bull-guard-matte-black-1,1992-1999 Chevrolet GMC Advanced Bull Guard w/Skid Plate - Matte Black,bull guard - advance series w/skid plate,https://stehlenauto.com/products/1992-1999-chevy-gmc-suburban-tahoe-yukon-bull-guard-matte-black-1,P0,P0 featured photo shows wrong vehicle: Ford F-150 | P2 title years 1992-1999 narrower than fitment 1988-2000
1992-1999-chevy-gmc-suburban-tahoe-yukon-bull-guard-texture-black,1992-1999 Chevy/GMC SUV Advanced Series Bull Guard - Texture Black,bull guard - advance series w/skid plate,https://stehlenauto.com/products/1992-1999-chevy-gmc-suburban-tahoe-yukon-bull-guard-texture-black,P0,P0 featured photo shows wrong vehicle: Ford F-150 | P2 title years 1992-1999 narrower than fitment 1988-2000
04-12-chevy-colorado-gmc-canyon-bull-guard-mesh-skid-plate,2004-2012 Chevrolet Colorado & GMC Canyon Bull Guard w/Mesh Skid Plate - Matte Black,bull guard - advance series w/skid plate,https://stehlenauto.com/products/04-12-chevy-colorado-gmc-canyon-bull-guard-mesh-skid-plate,P0,P0 featured photo shows wrong vehicle: Ford F-150 Raptor
04-12-chevy-colorado-gmc-canyon-bull-guard-w-led-light-bar,2004-2012 Chevrolet Colorado & GMC Canyon Bull Guard w/Mesh Skid Plate & LED Light Bar - Matte Black,bull guard - advance series w/skid plate,https://stehlenauto.com/products/04-12-chevy-colorado-gmc-canyon-bull-guard-w-led-light-bar,P0,P0 featured photo shows wrong vehicle: Ford F-150 Raptor | P2 title >90 chars
04-12-chevy-colorado-gmc-canyon-bull-guard-w-skid-plate-matte-black,2004-2012 Chevrolet Colorado & GMC Canyon Bull Guard w/ Skid Plate - Matte Black,bull guard - advance series w/skid plate,https://stehlenauto.com/products/04-12-chevy-colorado-gmc-canyon-bull-guard-w-skid-plate-matte-black,P0,P0 featured photo shows wrong vehicle: Ford F-150
2004-2012-chevy-colorado-gmc-canyon-advanced-bull-guard-black,2004-2012 Chevrolet Colorado/GMC Canyon Bull Guard Advanced - Textured Black,bull guard - advance series w/skid plate,https://stehlenauto.com/products/2004-2012-chevy-colorado-gmc-canyon-advanced-bull-guard-black,P0,P0 featured photo shows wrong vehicle: Ford F-150
2015-2022-chevy-colorado-gmc-canyon-bull-guard-w-skid-plate,2015-2022 Chevrolet Colorado GMC Canyon Bull Guard Skid Plate - Matte Black,bull guard - advance series w/skid plate,https://stehlenauto.com/products/2015-2022-chevy-colorado-gmc-canyon-bull-guard-w-skid-plate,P0,P0 featured photo shows wrong vehicle: Ford F-150
2005-2011-dodge-dakota-bull-guard-w-mesh-skid-plate-matte-black,2005-2011 Dodge Dakota Bull Guard w/Mesh Skid Plate - Matte Black,bull guard - advance series w/skid plate,https://stehlenauto.com/products/2005-2011-dodge-dakota-bull-guard-w-mesh-skid-plate-matte-black,P0,P0 featured photo shows wrong vehicle: Ford F-150 Raptor
2005-2011-dodge-dakota-bull-guard-w-led-light-bar-matte-black,2005-2011 Dodge Dakota Bull Bar Mesh Skid Plate Matte Black - Combo,bull guard - advance series w/skid plate,https://stehlenauto.com/products/2005-2011-dodge-dakota-bull-guard-w-led-light-bar-matte-black,P0,P0 featured photo shows wrong vehicle: Ford F-150 Raptor
2005-2011-dodge-dakota-advanced-series-bull-guard-matte-black,2005-2011 Dodge Dakota Bull Guard Skid Plate Matte Black - Advanced,bull guard - advance series w/skid plate,https://stehlenauto.com/products/2005-2011-dodge-dakota-advanced-series-bull-guard-matte-black,P0,P0 featured photo shows wrong vehicle: Ford F-150
1997-2004-dodge-dakota-durango-advanced-bull-guard-w-skid-plate,1997-2004 Dodge Dakota Durango Advanced Bull Guard w/Skid Plate,bull guard - advance series w/skid plate,https://stehlenauto.com/products/1997-2004-dodge-dakota-durango-advanced-bull-guard-w-skid-plate,P0,P0 featured photo shows wrong vehicle: Ford F-150
1997-2004-dodge-dakota-durango-advanced-bull-guard-matte-black,1997-2004 Dodge Dakota Durango Advanced Bull Guard - Matte Black,bull guard - advance series w/skid plate,https://stehlenauto.com/products/1997-2004-dodge-dakota-durango-advanced-bull-guard-matte-black,P0,P0 featured photo shows wrong vehicle: Ford F-150
2004-2009-dodge-durango-chrysler-aspen-bull-guard-matte-black-mesh,2004-2009 Dodge Durango Chrysler Aspen Bull Guard Matte Black Mesh,bull guard - advance series w/skid plate,https://stehlenauto.com/products/2004-2009-dodge-durango-chrysler-aspen-bull-guard-matte-black-mesh,P0,P0 featured photo shows wrong vehicle: Ford F-150 Raptor
2004-2009-dodge-durango-advanced-series-bull-guard-matte-black,2004-2009 Dodge Durango Advanced Series Bull Guard - Matte Black,bull guard - advance series w/skid plate,https://stehlenauto.com/products/2004-2009-dodge-durango-advanced-series-bull-guard-matte-black,P0,P0 featured photo shows wrong vehicle: Ford F-150
2011-2016-durango-grand-cherokee-advanced-bull-guard-matte-black,2011-2016 Dodge Durango/Jeep Grand Cherokee Advanced Bull Guard - Matte Black,bull guard - advance series w/skid plate,https://stehlenauto.com/products/2011-2016-durango-grand-cherokee-advanced-bull-guard-matte-black,P0,P0 featured photo shows wrong vehicle: Ford F-150
advanced-series-bull-guard-w-skid-plate-matte-black,Advanced Series Bull Guard w/ Skid Plate - Matte Black,bull guard - advance series w/skid plate,https://stehlenauto.com/products/advanced-series-bull-guard-w-skid-plate-matte-black,P0,P0 featured photo shows wrong vehicle: Ford F-150
2001-2004-nissan-frontier-xterra-bull-guard-skid-plate-matte-black,2001-2004 Nissan Frontier Xterra Bull Guard Skid Plate Matte Black,bull guard - advance series w/skid plate,https://stehlenauto.com/products/2001-2004-nissan-frontier-xterra-bull-guard-skid-plate-matte-black,P0,P0 featured photo shows wrong vehicle: Ford F-150
2001-2004-nissan-frontier-xterra-advanced-series-bull-guard,2001-2004 Nissan Frontier Xterra Advanced Series Bull Guard,bull guard - advance series w/skid plate,https://stehlenauto.com/products/2001-2004-nissan-frontier-xterra-advanced-series-bull-guard,P0,P0 featured photo shows wrong vehicle: Ford F-150
nissan-pathfinder-xterra-bull-guard-w-mesh-skid-plate-matte-black,Nissan Pathfinder Xterra Bull Guard w/ Mesh Skid Plate - Matte Black,bull guard - advance series w/skid plate,https://stehlenauto.com/products/nissan-pathfinder-xterra-bull-guard-w-mesh-skid-plate-matte-black,P0,P0 featured photo shows wrong vehicle: Ford F-150 Raptor
2005-2021-nissan-frontier-studded-mesh-bull-guard-texture-black,2005-2021 Nissan Frontier Studded Mesh Bull Guard - Texture Black,bull guard - advance series w/skid plate,https://stehlenauto.com/products/2005-2021-nissan-frontier-studded-mesh-bull-guard-texture-black,P0,P0 featured photo shows wrong vehicle: Ford F-150 Raptor
nissan-pathfinder-xterra-advanced-bull-guard-w-skid-plate-matte-black,Nissan Pathfinder Xterra Advanced Bull Guard w/ Skid Plate - Matte Black,bull guard - advance series w/skid plate,https://stehlenauto.com/products/nissan-pathfinder-xterra-advanced-bull-guard-w-skid-plate-matte-black,P0,P0 featured photo shows wrong vehicle: Ford F-150
2006-2010-hummer-h3-bull-guard-w-mesh-skid-plate-matte-black,2006-2010 Hummer H3 Bull Guard w/ Mesh Skid Plate - Matte Black,bull guard - advance series w/skid plate,https://stehlenauto.com/products/2006-2010-hummer-h3-bull-guard-w-mesh-skid-plate-matte-black,P0,P0 featured photo shows wrong vehicle: Ford F-150 Raptor
2006-2010-hummer-h3-bull-guard-w-skid-plate-led-light-bar,2006-2010 Hummer H3 Bull Guard w/ Skid Plate & LED Light Bar,bull guard - advance series w/skid plate,https://stehlenauto.com/products/2006-2010-hummer-h3-bull-guard-w-skid-plate-led-light-bar,P0,P0 featured photo shows wrong vehicle: Ford F-150 Raptor
2006-2010-hummer-h3-advanced-series-bull-guard-w-skid-plate-matte-black,2006-2010 Hummer H3 Advanced Series Bull Guard w/ Skid Plate - Matte Black,bull guard - advance series w/skid plate,https://stehlenauto.com/products/2006-2010-hummer-h3-advanced-series-bull-guard-w-skid-plate-matte-black,P0,P0 featured photo shows wrong vehicle: Ford F-150
2006-2010-hummer-h3-advanced-series-bull-guard-texture-black,2006-2010 Hummer H3 Advanced Series Bull Guard - Texture Black,bull guard - advance series w/skid plate,https://stehlenauto.com/products/2006-2010-hummer-h3-advanced-series-bull-guard-texture-black,P0,P0 featured photo shows wrong vehicle: Ford F-150
2014-2019-toyota-highlander-bull-guard-w-skid-plate-matte-black,2014-2019 Toyota Highlander Bull Guard w/ Skid Plate - Matte Black,bull guard - advance series w/skid plate,https://stehlenauto.com/products/2014-2019-toyota-highlander-bull-guard-w-skid-plate-matte-black,P0,P0 featured photo shows wrong vehicle: Ford F-150
2005-2010-jeep-commander-grand-cherokee-bull-guard-matte-black,2005-2010 Jeep Commander Grand Cherokee Bull Guard Matte Black,bull guard - advance series w/skid plate,https://stehlenauto.com/products/2005-2010-jeep-commander-grand-cherokee-bull-guard-matte-black,P0,P0 featured photo shows wrong vehicle: Ford F-150 Raptor
2008-2010-jeep-grand-cherokee-bull-guard-w-mesh-skid-plate-matte-black,2008-2010 Jeep Grand Cherokee Bull Guard w/ Mesh Skid Plate - Matte Black,bull guard - advance series w/skid plate,https://stehlenauto.com/products/2008-2010-jeep-grand-cherokee-bull-guard-w-mesh-skid-plate-matte-black,P0,P0 featured photo shows wrong vehicle: Ford F-150 Raptor
2008-2010-jeep-grand-cherokee-advanced-series-bull-guard-matte-black,2008-2010 Jeep Grand Cherokee Advanced Series Bull Guard - Matte Black,bull guard - advance series w/skid plate,https://stehlenauto.com/products/2008-2010-jeep-grand-cherokee-advanced-series-bull-guard-matte-black,P0,P0 featured photo shows wrong vehicle: Ford F-150
2012-2022-nissan-nv-titan-xd-advanced-bull-guard-w-skid-plate,2012-2022 Nissan NV/Titan XD Advanced Bull Guard w/ Skid Plate,bull guard - advance series w/skid plate,https://stehlenauto.com/products/2012-2022-nissan-nv-titan-xd-advanced-bull-guard-w-skid-plate,P0,P0 featured photo shows wrong vehicle: Ford F-150
2006-2014-honda-ridgeline-advanced-bull-guard-w-skid-plate-matte-black,2006-2014 Honda Ridgeline Advanced Bull Guard w/ Skid Plate - Matte Black,bull guard - advance series w/skid plate,https://stehlenauto.com/products/2006-2014-honda-ridgeline-advanced-bull-guard-w-skid-plate-matte-black,P0,P0 featured photo shows wrong vehicle: Ford F-150 | P2 title years 2006-2014 narrower than fitment 2003-2014
2009-2015-honda-pilot-bull-guard-w-mesh-skid-plate-matte-black,2009-2015 Honda Pilot Bull Guard w/ Mesh Skid Plate - Matte Black,bull guard - advance series w/skid plate,https://stehlenauto.com/products/2009-2015-honda-pilot-bull-guard-w-mesh-skid-plate-matte-black,P0,P0 featured photo shows wrong vehicle: Ford F-150 Raptor
2009-2015-honda-pilot-advanced-series-bull-guard-w-skid-plate-matte-black,2009-2015 Honda Pilot Advanced Series Bull Guard w/ Skid Plate - Matte Black,bull guard - advance series w/skid plate,https://stehlenauto.com/products/2009-2015-honda-pilot-advanced-series-bull-guard-w-skid-plate-matte-black,P0,P0 featured photo shows wrong vehicle: Ford F-150
2003-2009-dodge-ram-2500-3500-bull-guard-matte-black-mesh-skid,2003-2009 Dodge Ram 2500/3500 Bull Guard Matte Black Mesh Skid,bull guard - advance series w/skid plate,https://stehlenauto.com/products/2003-2009-dodge-ram-2500-3500-bull-guard-matte-black-mesh-skid,P0,P0 featured photo shows wrong vehicle: Ford F-150 Raptor | P2 title years 2003-2009 narrower than fitment 2002-2009
2003-2009-dodge-ram-2500-3500-bull-guard-w-skid-plate-matte-black,2003-2009 Dodge Ram 2500/3500 Bull Guard w/ Skid Plate - Matte Black,bull guard - advance series w/skid plate,https://stehlenauto.com/products/2003-2009-dodge-ram-2500-3500-bull-guard-w-skid-plate-matte-black,P0,P0 featured photo shows wrong vehicle: Ford F-150 | P2 title years 2003-2009 narrower than fitment 2002-2009
2003-2009-dodge-ram-2500-3500-bull-guard-matte-black-w-skid-plate,2003-2009 Dodge Ram 2500/3500 Bull Guard Matte Black w/Skid Plate,bull guard - advance series w/skid plate,https://stehlenauto.com/products/2003-2009-dodge-ram-2500-3500-bull-guard-matte-black-w-skid-plate,P0,P0 featured photo shows wrong vehicle: Ford F-150 | P2 title years 2003-2009 narrower than fitment 2002-2009
02-09-dodge-ram-1500-2500-3500-advanced-series-bull-guard-black,2002-2009 Dodge Ram 1500/2500/3500 Advanced Series Bull Guard - Black,bull guard - advance series w/skid plate,https://stehlenauto.com/products/02-09-dodge-ram-1500-2500-3500-advanced-series-bull-guard-black,P0,P0 featured photo shows wrong vehicle: Ford F-150
2006-2008-dodge-ram-1500-bull-guard-w-mesh-skid-plate-matte-black,2006-2008 Dodge Ram 1500 Bull Guard w/ Mesh Skid Plate - Matte Black,bull guard - advance series w/skid plate,https://stehlenauto.com/products/2006-2008-dodge-ram-1500-bull-guard-w-mesh-skid-plate-matte-black,P0,P0 featured photo shows wrong vehicle: Ford F-150 Raptor
2006-2008-dodge-ram-1500-studded-mesh-bull-guard-texture-black,2006-2008 Dodge Ram 1500 Studded Mesh Bull Guard - Texture Black,bull guard - advance series w/skid plate,https://stehlenauto.com/products/2006-2008-dodge-ram-1500-studded-mesh-bull-guard-texture-black,P0,P0 featured photo shows wrong vehicle: Ford F-150 Raptor
2006-2008-dodge-ram-1500-advanced-bull-guard-w-skid-plate-matte-black,2006-2008 Dodge Ram 1500 Advanced Bull Guard w/ Skid Plate - Matte Black,bull guard - advance series w/skid plate,https://stehlenauto.com/products/2006-2008-dodge-ram-1500-advanced-bull-guard-w-skid-plate-matte-black,P0,P0 featured photo shows wrong vehicle: Ford F-150
2006-2008-dodge-ram-1500-bull-guard-w-chrome-skid-plate-matte-black,2006-2008 Dodge Ram 1500 Bull Guard w/ Chrome Skid Plate - Matte Black,bull guard - advance series w/skid plate,https://stehlenauto.com/products/2006-2008-dodge-ram-1500-bull-guard-w-chrome-skid-plate-matte-black,P0,P0 featured photo shows wrong vehicle: Ford F-150
2006-2008-dodge-ram-1500-advanced-series-bull-guard-texture-black,2006-2008 Dodge Ram 1500 Advanced Series Bull Guard - Texture Black,bull guard - advance series w/skid plate,https://stehlenauto.com/products/2006-2008-dodge-ram-1500-advanced-series-bull-guard-texture-black,P0,P0 featured photo shows wrong vehicle: Ford F-150
09-22-dodge-ram-1500-bull-guard-w-mesh-skid-plate-matte-black,2009-2022 Dodge Ram 1500 Bull Guard Mesh Skid Plate Matte Black,bull guard - advance series w/skid plate,https://stehlenauto.com/products/09-22-dodge-ram-1500-bull-guard-w-mesh-skid-plate-matte-black,P0,P0 featured photo shows wrong vehicle: Ford F-150 Raptor | P2 title years 2009-2022 narrower than fitment 2009-2024
09-22-ram-1500-advanced-series-bull-guard-w-skid-plate-matte-black,2009-2022 Dodge Ram 1500 Bull Guard w/ Skid Plate Matte Black - Advanced Series,bull guard - advance series w/skid plate,https://stehlenauto.com/products/09-22-ram-1500-advanced-series-bull-guard-w-skid-plate-matte-black,P0,P0 featured photo shows wrong vehicle: Ford F-150 | P2 title years 2009-2022 narrower than fitment 2009-2024
09-22-dodge-ram-1500-advanced-bull-guard-w-skid-plate-matte-black,2009-2022 Dodge Ram 1500 Bull Guard Brushed Chrome Skid Plate Matte Black,bull guard - advance series w/skid plate,https://stehlenauto.com/products/09-22-dodge-ram-1500-advanced-bull-guard-w-skid-plate-matte-black,P0,P0 featured photo shows wrong vehicle: Ford F-150 | P2 title years 2009-2022 narrower than fitment 2009-2024
2010-2018-dodge-ram-2500-3500-bull-guard-w-mesh-skid-plate-matte-black,2010-2018 Dodge Ram 2500/3500 Bull Guard Mesh Skid Plate - Matte Black,bull guard - advance series w/skid plate,https://stehlenauto.com/products/2010-2018-dodge-ram-2500-3500-bull-guard-w-mesh-skid-plate-matte-black,P0,P0 featured photo shows wrong vehicle: Ford F-150 Raptor
2010-2018-dodge-ram-2500-3500-advanced-bull-guard-w-skid-plate,2010-2018 Dodge Ram 2500/3500 Bull Guard w/ Skid Plate - Matte Black,bull guard - advance series w/skid plate,https://stehlenauto.com/products/2010-2018-dodge-ram-2500-3500-advanced-bull-guard-w-skid-plate,P0,P0 featured photo shows wrong vehicle: Ford F-150
2010-2018-dodge-ram-2500-3500-advanced-series-bull-guard-matte-black,2010-2018 Dodge Ram 2500/3500 Bull Guard w/Skid Plate - Matte Black,bull guard - advance series w/skid plate,https://stehlenauto.com/products/2010-2018-dodge-ram-2500-3500-advanced-series-bull-guard-matte-black,P0,P0 featured photo shows wrong vehicle: Ford F-150
2010-2018-ram-dodge-2500-3500-advanced-series-bull-guard-texture-black,2010-2018 Dodge Ram 2500/3500 Bull Guard Advanced Series - Texture Black,bull guard - advance series w/skid plate,https://stehlenauto.com/products/2010-2018-ram-dodge-2500-3500-advanced-series-bull-guard-texture-black,P0,P0 featured photo shows wrong vehicle: Ford F-150
2019-2023-dodge-ram-1500-studded-mesh-bull-guard-matte-black,2019-2023 Dodge Ram 1500 Studded Mesh Bull Guard Matte Black,bull guard - advance series w/skid plate,https://stehlenauto.com/products/2019-2023-dodge-ram-1500-studded-mesh-bull-guard-matte-black,P0,P0 featured photo shows wrong vehicle: Ford F-150 Raptor
1994-2002-dodge-ram-advanced-series-bull-guard-w-skid-plate-matte-black,1994-2002 Dodge Ram Advanced Series Bull Guard w/ Skid Plate - Matte Black,bull guard - advance series w/skid plate,https://stehlenauto.com/products/1994-2002-dodge-ram-advanced-series-bull-guard-w-skid-plate-matte-black,P0,P0 featured photo shows wrong vehicle: Ford F-150
2011-2020-toyota-sienna-advanced-bull-guard-w-skid-plate-matte-black,2011-2020 Toyota Sienna Advanced Bull Guard w/Skid Plate - Matte Black,bull guard - advance series w/skid plate,https://stehlenauto.com/products/2011-2020-toyota-sienna-advanced-bull-guard-w-skid-plate-matte-black,P0,P0 featured photo shows wrong vehicle: Ford F-150
07-10-silverado-sierra-2500hd-3500hd-bull-guard-mesh-skid-plate,2007-2010 Chevy/GMC Silverado/Sierra 2500 HD 3500 HD Bull Guard Mesh Skid Plate,bull guard - advance series w/skid plate,https://stehlenauto.com/products/07-10-silverado-sierra-2500hd-3500hd-bull-guard-mesh-skid-plate,P0,P0 featured photo shows wrong vehicle: Ford F-150 Raptor
07-10-silverado-sierra-2500hd-3500hd-advanced-bull-guard-matte-black,2007-2010 Chevy/GMC Silverado/Sierra 2500 HD 3500 HD Advanced Bull Guard - Matte Black,bull guard - advance series w/skid plate,https://stehlenauto.com/products/07-10-silverado-sierra-2500hd-3500hd-advanced-bull-guard-matte-black,P0,P0 featured photo shows wrong vehicle: Ford F-150
07-10-silverado-sierra-2500hd-3500hd-advanced-bull-guard-matte-black-1,2007-2010 Chevrolet GMC HD Advanced Bull Guard Skid Plate - Matte Black,bull guard - advance series w/skid plate,https://stehlenauto.com/products/07-10-silverado-sierra-2500hd-3500hd-advanced-bull-guard-matte-black-1,P0,P0 featured photo shows wrong vehicle: Ford F-150
2011-2019-silverado-sierra-2500-3500-bull-guard-w-skid-plate-matte-black,2011-2019 Chevy/GMC Silverado/Sierra 2500/3500 Bull Guard w/ Skid Plate - Matte Black,bull guard - advance series w/skid plate,https://stehlenauto.com/products/2011-2019-silverado-sierra-2500-3500-bull-guard-w-skid-plate-matte-black,P0,P0 featured photo shows wrong vehicle: Ford F-150
2019-2023-chevy-silverado-gmc-sierra-1500-bull-guard-matte-black,2019-2022 Chevrolet Silverado/GMC Sierra 1500 Bull Guard - Matte Black,bull guard - advance series w/skid plate,https://stehlenauto.com/products/2019-2023-chevy-silverado-gmc-sierra-1500-bull-guard-matte-black,P0,P0 featured photo shows wrong vehicle: Ford F-150 Raptor
2019-2022-chevy-silverado-gmc-sierra-1500-bull-guard-matte-black,2019-2022 Chevrolet Silverado 1500 Bull Guard Skid Plate - Matte Black,bull guard - advance series w/skid plate,https://stehlenauto.com/products/2019-2022-chevy-silverado-gmc-sierra-1500-bull-guard-matte-black,P0,P0 featured photo shows wrong vehicle: Ford F-150
99-07-silverado-sierra-1500-bull-guard-mesh-skid-plate-matte-black,1999-2007 Chevy Silverado GMC Sierra 1500 Bull Guard Mesh Skid Plate Matte Black,bull guard - advance series w/skid plate,https://stehlenauto.com/products/99-07-silverado-sierra-1500-bull-guard-mesh-skid-plate-matte-black,P0,P0 featured photo shows wrong vehicle: Ford F-150 Raptor
99-07-silverado-sierra-1500-advanced-bull-guard-w-skid-plate-matte-black,1999-2007 Chevy Silverado/GMC Sierra 1500 Bull Guard Skid Plate - Matte Black,bull guard - advance series w/skid plate,https://stehlenauto.com/products/99-07-silverado-sierra-1500-advanced-bull-guard-w-skid-plate-matte-black,P0,P0 featured photo shows wrong vehicle: Ford F-150
1999-2007-chevy-gmc-1500-advanced-series-bull-guard-texture-black,1999-2007 Chevy/GMC 1500 Advanced Series Bull Guard - Texture Black,bull guard - advance series w/skid plate,https://stehlenauto.com/products/1999-2007-chevy-gmc-1500-advanced-series-bull-guard-texture-black,P0,P0 featured photo shows wrong vehicle: Ford F-150
2005-2015-toyota-tacoma-bull-guard-w-mesh-skid-plate-matte-black,2005-2015 Toyota Tacoma Bull Guard w/ Mesh Skid Plate - Matte Black,bull guard - advance series w/skid plate,https://stehlenauto.com/products/2005-2015-toyota-tacoma-bull-guard-w-mesh-skid-plate-matte-black,P0,P0 featured photo shows wrong vehicle: Ford F-150 Raptor
2005-2015-toyota-tacoma-advanced-series-bull-guard-w-skid-plate,2005-2015 Toyota Tacoma Advanced Series Bull Guard w/ Skid Plate,bull guard - advance series w/skid plate,https://stehlenauto.com/products/2005-2015-toyota-tacoma-advanced-series-bull-guard-w-skid-plate,P0,P0 featured photo shows wrong vehicle: Ford F-150
2016-2022-toyota-tacoma-classic-bull-guard-studded-mesh-matte-black,2016-2022 Toyota Tacoma Classic Bull Guard Studded Mesh - Matte Black,bull guard - advance series w/skid plate,https://stehlenauto.com/products/2016-2022-toyota-tacoma-classic-bull-guard-studded-mesh-matte-black,P0,P0 featured photo shows wrong vehicle: Ford F-150 Raptor | P2 title years 2016-2022 narrower than fitment 2016-2023
2016-2022-toyota-tacoma-bull-guard-w-mesh-skid-plate-led-bar,2016-2022 Toyota Tacoma Bull Guard w/Mesh Skid Plate & LED Bar,bull guard - advance series w/skid plate,https://stehlenauto.com/products/2016-2022-toyota-tacoma-bull-guard-w-mesh-skid-plate-led-bar,P0,P0 featured photo shows wrong vehicle: Ford F-150 Raptor | P2 title years 2016-2022 narrower than fitment 2016-2023
2016-2022-toyota-tacoma-advanced-series-bull-guard-w-skid-plate-matte-black,2016-2022 Toyota Tacoma Advanced Series Bull Guard w/ Skid Plate - Matte Black,bull guard - advance series w/skid plate,https://stehlenauto.com/products/2016-2022-toyota-tacoma-advanced-series-bull-guard-w-skid-plate-matte-black,P0,P0 featured photo shows wrong vehicle: Ford F-150 | P2 title years 2016-2022 narrower than fitment 2016-2023
2004-2015-nissan-titan-armada-bull-guard-mesh-skid-plate-matte-black,2004-2015 Nissan Titan Armada Bull Guard Mesh Skid Plate Matte Black,bull guard - advance series w/skid plate,https://stehlenauto.com/products/2004-2015-nissan-titan-armada-bull-guard-mesh-skid-plate-matte-black,P0,P0 featured photo shows wrong vehicle: Ford F-150 Raptor
2004-2015-nissan-titan-armada-bull-guard-w-skid-plate-matte-black,2004-2015 Nissan Titan Armada Bull Guard w/ Skid Plate - Matte Black,bull guard - advance series w/skid plate,https://stehlenauto.com/products/2004-2015-nissan-titan-armada-bull-guard-w-skid-plate-matte-black,P0,P0 featured photo shows wrong vehicle: Ford F-150
2016-2021-nissan-titan-xd-studded-mesh-bull-guard-matte-black,2016-2024 Nissan Titan XD Studded Mesh Bull Guard - Matte Black,bull guard - advance series w/skid plate,https://stehlenauto.com/products/2016-2021-nissan-titan-xd-studded-mesh-bull-guard-matte-black,P0,P0 featured photo shows wrong vehicle: Ford F-150 Raptor
2016-2021-nissan-titan-xd-studded-mesh-bull-guard-matte-black-w-led,2016-2024 Nissan Titan XD Studded Mesh Bull Guard Matte Black - LED,bull guard - advance series w/skid plate,https://stehlenauto.com/products/2016-2021-nissan-titan-xd-studded-mesh-bull-guard-matte-black-w-led,P0,P0 featured photo shows wrong vehicle: Ford F-150 Raptor | P1 part number/code in title
07-21-toyota-tundra-sequoia-bull-guard-w-skid-plate-matte-black,2007-2021 Toyota Tundra Sequoia Bull Guard w/ Skid Plate - Matte Black,bull guard - advance series w/skid plate,https://stehlenauto.com/products/07-21-toyota-tundra-sequoia-bull-guard-w-skid-plate-matte-black,P0,P0 featured photo shows wrong vehicle: Ford F-150
07-21-toyota-tundra-sequoia-advanced-bull-guard-matte-black,2007-2021 Toyota Tundra/Sequoia Advanced Bull Guard - Matte Black,bull guard - advance series w/skid plate,https://stehlenauto.com/products/07-21-toyota-tundra-sequoia-advanced-bull-guard-matte-black,P0,P0 featured photo shows wrong vehicle: Ford F-150
2000-2007-toyota-tundra-sequoia-advanced-bull-guard-matte-black,2000-2007 Toyota Tundra Sequoia Advanced Bull Guard - Matte Black,bull guard - advance series w/skid plate,https://stehlenauto.com/products/2000-2007-toyota-tundra-sequoia-advanced-bull-guard-matte-black,P0,P0 featured photo shows wrong vehicle: Ford F-150
2007-2009-jeep-wrangler-jk-bull-guard-w-studded-mesh-skid-plate,2007-2009 Jeep Wrangler JK Bull Guard w/ Studded Mesh Skid Plate,bull guard - advance series w/skid plate,https://stehlenauto.com/products/2007-2009-jeep-wrangler-jk-bull-guard-w-studded-mesh-skid-plate,P0,P0 featured photo shows wrong vehicle: Ford F-150 Raptor
2007-2009-jeep-wrangler-jk-advanced-series-bull-guard-w-skid-plate,2007-2009 Jeep Wrangler JK Advanced Series Bull Guard w/ Skid Plate,bull guard - advance series w/skid plate,https://stehlenauto.com/products/2007-2009-jeep-wrangler-jk-advanced-series-bull-guard-w-skid-plate,P0,P0 featured photo shows wrong vehicle: Ford F-150
2007-2009-jeep-wrangler-jk-advanced-series-bull-guard-matte-black,2007-2009 Jeep Wrangler JK Advanced Series Bull Guard - Matte Black,bull guard - advance series w/skid plate,https://stehlenauto.com/products/2007-2009-jeep-wrangler-jk-advanced-series-bull-guard-matte-black,P0,P0 featured photo shows wrong vehicle: Ford F-150
2010-2018-jeep-wrangler-bull-guard-w-mesh-skid-plate-matte-black,2010-2018 Jeep Wrangler Bull Guard w/ Mesh Skid Plate - Matte Black,bull guard - advance series w/skid plate,https://stehlenauto.com/products/2010-2018-jeep-wrangler-bull-guard-w-mesh-skid-plate-matte-black,P0,P0 featured photo shows wrong vehicle: Ford F-150
2010-2018-jeep-wrangler-advanced-series-bull-guard-matte-black,2010-2018 Jeep Wrangler Advanced Series Bull Guard - Matte Black,bull guard - advance series w/skid plate,https://stehlenauto.com/products/2010-2018-jeep-wrangler-advanced-series-bull-guard-matte-black,P0,P0 featured photo shows wrong vehicle: Ford F-150
1999-2007-chevrolet-silverado-gmc-sierra-2500-3500-hd-advanced-series-bull-guard-w-skid-plate-matte-black,1999-2007 Chevrolet Silverado & GMC Sierra 2500/3500 HD Advanced Series Bull Guard w/ Skid Plate — Matte Black,bull guard - advance series w/skid plate,https://stehlenauto.com/products/1999-2007-chevrolet-silverado-gmc-sierra-2500-3500-hd-advanced-series-bull-guard-w-skid-plate-matte-black,P0,P0 featured photo shows wrong vehicle: Ford F-150 | P2 title >90 chars
2005-2011-dodge-dakota-advanced-series-bull-guard-w-skid-plate-matte-black,2005-2011 Dodge Dakota Advanced Series Bull Guard w/ Skid Plate — Matte Black,bull guard - advance series w/skid plate,https://stehlenauto.com/products/2005-2011-dodge-dakota-advanced-series-bull-guard-w-skid-plate-matte-black,P0,P0 featured photo shows wrong vehicle: Ford F-150
2002-2009-gmc-envoy-chevrolet-trailblazer-advanced-series-bull-guard-w-skid-plate-matte-black,2002-2009 GMC Envoy & Chevrolet TrailBlazer Advanced Series Bull Guard w/ Skid Plate — Matte Black,bull guard - advance series w/skid plate,https://stehlenauto.com/products/2002-2009-gmc-envoy-chevrolet-trailblazer-advanced-series-bull-guard-w-skid-plate-matte-black,P0,P0 featured photo shows wrong vehicle: Ford F-150 | P2 title >90 chars
2007-2014-toyota-fj-cruiser-advanced-series-bull-guard-w-skid-plate-matte-black,2007-2014 Toyota FJ Cruiser Advanced Series Bull Guard w/ Skid Plate — Matte Black,bull guard - advance series w/skid plate,https://stehlenauto.com/products/2007-2014-toyota-fj-cruiser-advanced-series-bull-guard-w-skid-plate-matte-black,P0,P0 featured photo shows wrong vehicle: Ford F-150
2006-2010-jeep-commander-2005-2007-grand-cherokee-advanced-series-bull-guard-w-skid-plate-matte-black,2006-2010 Jeep Commander & 2005-2007 Grand Cherokee Advanced Series Bull Guard w/ Skid Plate — Matte Black,bull guard - advance series w/skid plate,https://stehlenauto.com/products/2006-2010-jeep-commander-2005-2007-grand-cherokee-advanced-series-bull-guard-w-skid-plate-matte-black,P0,P0 featured photo shows wrong vehicle: Ford F-150 | P2 title >90 chars
2008-2012-nissan-pathfinder-advanced-series-bull-guard-w-skid-plate-matte-black,2008-2012 Nissan Pathfinder Advanced Series Bull Guard w/ Skid Plate — Matte Black,bull guard - advance series w/skid plate,https://stehlenauto.com/products/2008-2012-nissan-pathfinder-advanced-series-bull-guard-w-skid-plate-matte-black,P0,P0 featured photo shows wrong vehicle: Ford F-150
1999-2004-nissan-pathfinder-advanced-series-bull-guard-w-skid-plate-matte-black,1999-2004 Nissan Pathfinder Advanced Series Bull Guard w/ Skid Plate — Matte Black,bull guard - advance series w/skid plate,https://stehlenauto.com/products/1999-2004-nissan-pathfinder-advanced-series-bull-guard-w-skid-plate-matte-black,P0,P0 featured photo shows wrong vehicle: Ford F-150
2007-2019-chevrolet-silverado-1500-gmc-sierra-1500-advanced-series-bull-guard-w-skid-plate-matte-black,2007-2019 Chevrolet Silverado 1500 & GMC Sierra 1500 Advanced Series Bull Guard w/ Skid Plate — Matte Black,bull guard - advance series w/skid plate,https://stehlenauto.com/products/2007-2019-chevrolet-silverado-1500-gmc-sierra-1500-advanced-series-bull-guard-w-skid-plate-matte-black,P0,P0 featured photo shows wrong vehicle: Ford F-150 | P2 title >90 chars
2019-2022-chevrolet-silverado-1500-gmc-sierra-1500-advanced-series-bull-guard-w-brushed-aluminum-skid-plate-matte-black,2019-2022 Chevrolet Silverado 1500 & GMC Sierra 1500 Advanced Series Bull Guard w/ Brushed Aluminum Skid Plate — Matte Black,bull guard - advance series w/skid plate,https://stehlenauto.com/products/2019-2022-chevrolet-silverado-1500-gmc-sierra-1500-advanced-series-bull-guard-w-brushed-aluminum-skid-plate-matte-black,P0,P0 featured photo shows wrong vehicle: Ford F-150 | P2 title >90 chars
1999-2004-nissan-pathfinder-classic-series-bull-guard-w-mesh-skid-plate-matte-black,1999-2004 Nissan Pathfinder Classic Series Bull Guard w/ Mesh Skid Plate — Matte Black,bull guard - classic series,https://stehlenauto.com/products/1999-2004-nissan-pathfinder-classic-series-bull-guard-w-mesh-skid-plate-matte-black,P0,P0 featured photo shows wrong vehicle: Ford F-150 Raptor
2003-2009-toyota-4runner-lexus-gx470-bull-guard-w-studded-mesh-skid-plate-matte-black,2003-2009 Toyota 4Runner & Lexus GX470 Bull Guard w/ Studded Mesh Skid Plate — Matte Black,bull guard - w/studded mesh skid plate,https://stehlenauto.com/products/2003-2009-toyota-4runner-lexus-gx470-bull-guard-w-studded-mesh-skid-plate-matte-black,P0,P0 featured photo shows wrong vehicle: Ford F-150 Raptor
1999-2007-chevrolet-silverado-1500-gmc-sierra-1500-bull-guard-w-studded-mesh-skid-plate-matte-black,1999-2007 Chevrolet Silverado 1500 & GMC Sierra 1500 Bull Guard w/ Studded Mesh Skid Plate — Matte Black,bull guard - w/studded mesh skid plate,https://stehlenauto.com/products/1999-2007-chevrolet-silverado-1500-gmc-sierra-1500-bull-guard-w-studded-mesh-skid-plate-matte-black,P0,P0 featured photo shows wrong vehicle: Ford F-150 Raptor | P2 title >90 chars
2015-2022-chevrolet-colorado-gmc-canyon-bull-guard-w-studded-mesh-skid-plate-matte-black,2015-2022 Chevrolet Colorado & GMC Canyon Bull Guard w/ Studded Mesh Skid Plate — Matte Black,bull guard - w/studded mesh skid plate,https://stehlenauto.com/products/2015-2022-chevrolet-colorado-gmc-canyon-bull-guard-w-studded-mesh-skid-plate-matte-black,P0,P0 featured photo shows wrong vehicle: Ford F-150 Raptor | P2 title >90 chars
2011-2016-jeep-grand-cherokee-2011-2013-dodge-durango-bull-guard-w-studded-mesh-skid-plate-matte-black,2011-2016 Jeep Grand Cherokee & 2011-2013 Dodge Durango Bull Guard w/ Studded Mesh Skid Plate — Matte Black,bull guard - w/studded mesh skid plate,https://stehlenauto.com/products/2011-2016-jeep-grand-cherokee-2011-2013-dodge-durango-bull-guard-w-studded-mesh-skid-plate-matte-black,P0,P0 featured photo shows wrong vehicle: Ford F-150 Raptor | P2 title >90 chars
2007-2014-toyota-fj-cruiser-bull-guard-w-studded-mesh-skid-plate-matte-black,2007-2014 Toyota FJ Cruiser Bull Guard w/ Studded Mesh Skid Plate — Matte Black,bull guard - w/studded mesh skid plate,https://stehlenauto.com/products/2007-2014-toyota-fj-cruiser-bull-guard-w-studded-mesh-skid-plate-matte-black,P0,P0 featured photo shows wrong vehicle: Ford F-150 Raptor
2001-2004-nissan-frontier-2002-2004-xterra-bull-guard-w-studded-mesh-skid-plate-matte-black,2001-2004 Nissan Frontier & 2002-2004 Xterra Bull Guard w/ Studded Mesh Skid Plate — Matte Black,bull guard - w/studded mesh skid plate,https://stehlenauto.com/products/2001-2004-nissan-frontier-2002-2004-xterra-bull-guard-w-studded-mesh-skid-plate-matte-black,P0,P0 featured photo shows wrong vehicle: Ford F-150 Raptor | P2 title >90 chars
2014-2019-toyota-highlander-bull-guard-w-studded-mesh-skid-plate-matte-black,2014-2019 Toyota Highlander Bull Guard w/ Studded Mesh Skid Plate — Matte Black,bull guard - w/studded mesh skid plate,https://stehlenauto.com/products/2014-2019-toyota-highlander-bull-guard-w-studded-mesh-skid-plate-matte-black,P0,P0 featured photo shows wrong vehicle: Ford F-150 Raptor
2003-2008-honda-pilot-2006-2014-ridgeline-bull-guard-w-studded-mesh-skid-plate-matte-black,2003-2008 Honda Pilot & 2006-2014 Ridgeline Bull Guard w/ Studded Mesh Skid Plate — Matte Black,bull guard - w/studded mesh skid plate,https://stehlenauto.com/products/2003-2008-honda-pilot-2006-2014-ridgeline-bull-guard-w-studded-mesh-skid-plate-matte-black,P0,P0 featured photo shows wrong vehicle: Ford F-150 Raptor | P2 title >90 chars
2003-2009-dodge-ram-2500-3500-bull-guard-w-studded-mesh-skid-plate-matte-black,2003-2009 Dodge Ram 2500/3500 Bull Guard w/ Studded Mesh Skid Plate — Matte Black,bull guard - w/studded mesh skid plate,https://stehlenauto.com/products/2003-2009-dodge-ram-2500-3500-bull-guard-w-studded-mesh-skid-plate-matte-black,P0,P0 featured photo shows wrong vehicle: Ford F-150 Raptor
2011-2020-toyota-sienna-bull-guard-w-studded-mesh-skid-plate-matte-black,2011-2020 Toyota Sienna Bull Guard w/ Studded Mesh Skid Plate — Matte Black,bull guard - w/studded mesh skid plate,https://stehlenauto.com/products/2011-2020-toyota-sienna-bull-guard-w-studded-mesh-skid-plate-matte-black,P0,P0 featured photo shows wrong vehicle: Ford F-150 Raptor
2011-2019-chevrolet-silverado-gmc-sierra-2500-3500-hd-bull-guard-w-studded-mesh-skid-plate-matte-black,2011-2019 Chevrolet Silverado & GMC Sierra 2500/3500 HD Bull Guard w/ Studded Mesh Skid Plate — Matte Black,bull guard - w/studded mesh skid plate,https://stehlenauto.com/products/2011-2019-chevrolet-silverado-gmc-sierra-2500-3500-hd-bull-guard-w-studded-mesh-skid-plate-matte-black,P0,P0 featured photo shows wrong vehicle: Ford F-150 Raptor | P2 title >90 chars
2007-2019-chevrolet-silverado-1500-gmc-sierra-1500-bull-guard-w-studded-mesh-skid-plate-matte-black,2007-2019 Chevrolet Silverado 1500 & GMC Sierra 1500 Bull Guard w/ Studded Mesh Skid Plate — Matte Black,bull guard - w/studded mesh skid plate,https://stehlenauto.com/products/2007-2019-chevrolet-silverado-1500-gmc-sierra-1500-bull-guard-w-studded-mesh-skid-plate-matte-black,P0,P0 featured photo shows wrong vehicle: Ford F-150 Raptor | P2 title >90 chars
2021-2023-chevrolet-tahoe-suburban-bull-guard-w-studded-mesh-skid-plate-matte-black,2021-2023 Chevrolet Tahoe & Suburban Bull Guard w/ Studded Mesh Skid Plate — Matte Black,bull guard - w/studded mesh skid plate,https://stehlenauto.com/products/2021-2023-chevrolet-tahoe-suburban-bull-guard-w-studded-mesh-skid-plate-matte-black,P0,P0 featured photo shows wrong vehicle: Ford F-150 Raptor
2017-2024-nissan-titan-bull-guard-w-studded-mesh-skid-plate-matte-black,2017-2024 Nissan Titan Bull Guard w/ Studded Mesh Skid Plate — Matte Black,bull guard - w/studded mesh skid plate,https://stehlenauto.com/products/2017-2024-nissan-titan-bull-guard-w-studded-mesh-skid-plate-matte-black,P0,P0 featured photo shows wrong vehicle: Ford F-150 Raptor
2007-2021-toyota-tundra-2008-2021-sequoia-bull-guard-w-studded-mesh-skid-plate-matte-black,2007-2021 Toyota Tundra & 2008-2021 Sequoia Bull Guard w/ Studded Mesh Skid Plate — Matte Black,bull guard - w/studded mesh skid plate,https://stehlenauto.com/products/2007-2021-toyota-tundra-2008-2021-sequoia-bull-guard-w-studded-mesh-skid-plate-matte-black,P0,P0 featured photo shows wrong vehicle: Ford F-150 Raptor | P2 title >90 chars
2000-2006-toyota-tundra-2001-2007-sequoia-bull-guard-w-studded-mesh-skid-plate-matte-black,2000-2006 Toyota Tundra & 2001-2007 Sequoia Bull Guard w/ Studded Mesh Skid Plate — Matte Black,bull guard - w/studded mesh skid plate,https://stehlenauto.com/products/2000-2006-toyota-tundra-2001-2007-sequoia-bull-guard-w-studded-mesh-skid-plate-matte-black,P0,P0 featured photo shows wrong vehicle: Ford F-150 Raptor | P2 title >90 chars
2010-2018-jeep-wrangler-jk-bull-guard-w-studded-mesh-skid-plate-matte-black,2010-2018 Jeep Wrangler JK Bull Guard w/ Studded Mesh Skid Plate — Matte Black,bull guard - w/studded mesh skid plate,https://stehlenauto.com/products/2010-2018-jeep-wrangler-jk-bull-guard-w-studded-mesh-skid-plate-matte-black,P0,P0 featured photo shows wrong vehicle: Ford F-150 Raptor
1997-2004-dodge-dakota-bull-guard-w-studded-mesh-skid-plate-matte-black,1997-2004 Dodge Dakota Bull Guard w/ Studded Mesh Skid Plate — Matte Black,bull guard - w/studded mesh skid plate,https://stehlenauto.com/products/1997-2004-dodge-dakota-bull-guard-w-studded-mesh-skid-plate-matte-black,P0,P0 featured photo shows wrong vehicle: Ford F-150 Raptor
2022-2026-nissan-frontier-bull-guard-w-studded-mesh-skid-plate-matte-black,2022-2026 Nissan Frontier Bull Guard w/ Studded Mesh Skid Plate — Matte Black,bull guard - w/studded mesh skid plate,https://stehlenauto.com/products/2022-2026-nissan-frontier-bull-guard-w-studded-mesh-skid-plate-matte-black,P0,P0 featured photo shows wrong vehicle: Ford F-150 Raptor
2022-2024-toyota-tundra-crewmax-low-profile-roof-basket-drill-free-steel-matte-black,"2022-2024 Toyota Tundra CrewMax Low Profile Roof Basket — Drill-Free Steel, Matte Black",roof rack - low profile basket,https://stehlenauto.com/products/2022-2024-toyota-tundra-crewmax-low-profile-roof-basket-drill-free-steel-matte-black,P0,P0 featured photo shows wrong vehicle: Chevrolet Colorado
2014-2021-toyota-tundra-crewmax-low-profile-roof-basket-drill-free-steel-matte-black,"2014-2021 Toyota Tundra CrewMax Low Profile Roof Basket — Drill-Free Steel, Matte Black",roof rack - low profile basket,https://stehlenauto.com/products/2014-2021-toyota-tundra-crewmax-low-profile-roof-basket-drill-free-steel-matte-black,P0,P0 featured photo shows wrong vehicle: Chevrolet Colorado
2016-2023-toyota-tacoma-double-cab-low-profile-roof-basket-drill-free-steel-matte-black,"2016-2023 Toyota Tacoma Double Cab Low Profile Roof Basket — Drill-Free Steel, Matte Black",roof rack - low profile basket,https://stehlenauto.com/products/2016-2023-toyota-tacoma-double-cab-low-profile-roof-basket-drill-free-steel-matte-black,P0,P0 featured photo shows wrong vehicle: Chevrolet Colorado
2022-2025-nissan-frontier-crew-cab-low-profile-roof-basket-drill-free-steel-matte-black,"2022-2025 Nissan Frontier Crew Cab Low Profile Roof Basket — Drill-Free Steel, Matte Black",roof rack - low profile basket,https://stehlenauto.com/products/2022-2025-nissan-frontier-crew-cab-low-profile-roof-basket-drill-free-steel-matte-black,P0,P0 featured photo shows wrong vehicle: Chevrolet Colorado
2010-2018-ram-2500-3500-crew-cab-low-profile-roof-basket-drill-free-steel-matte-black,"2010-2018 Ram 2500/3500 Crew Cab Low Profile Roof Basket — Drill-Free Steel, Matte Black",roof rack - low profile basket,https://stehlenauto.com/products/2010-2018-ram-2500-3500-crew-cab-low-profile-roof-basket-drill-free-steel-matte-black,P0,P0 featured photo shows wrong vehicle: Chevrolet Colorado
2019-2025-ram-1500-crew-cab-low-profile-roof-basket-drill-free-steel-matte-black,"2019-2025 Ram 1500 Crew Cab Low Profile Roof Basket — Drill-Free Steel, Matte Black",roof rack - low profile basket,https://stehlenauto.com/products/2019-2025-ram-1500-crew-cab-low-profile-roof-basket-drill-free-steel-matte-black,P0,P0 featured photo shows wrong vehicle: Chevrolet Colorado
2022-2025-ford-maverick-low-profile-roof-basket-drill-free-steel-matte-black,"2022-2025 Ford Maverick Low Profile Roof Basket — Drill-Free Steel, Matte Black",roof rack - low profile basket,https://stehlenauto.com/products/2022-2025-ford-maverick-low-profile-roof-basket-drill-free-steel-matte-black,P0,P0 featured photo shows wrong vehicle: Chevrolet Colorado
2015-2025-ford-f-150-supercrew-low-profile-roof-basket-drill-free-steel-matte-black,"2015-2025 Ford F-150 SuperCrew Low Profile Roof Basket — Drill-Free Steel, Matte Black",roof rack - low profile basket,https://stehlenauto.com/products/2015-2025-ford-f-150-supercrew-low-profile-roof-basket-drill-free-steel-matte-black,P0,P0 featured photo shows wrong vehicle: Chevrolet Colorado
2022-2025-ford-f-150-lightning-supercrew-low-profile-roof-basket-drill-free-steel-matte-black,"2022-2025 Ford F-150 Lightning SuperCrew Low Profile Roof Basket — Drill-Free Steel, Matte Black",roof rack - low profile basket,https://stehlenauto.com/products/2022-2025-ford-f-150-lightning-supercrew-low-profile-roof-basket-drill-free-steel-matte-black,P0,P0 featured photo shows wrong vehicle: Chevrolet Colorado | P2 title >90 chars
2017-2025-ford-f-250-super-duty-crew-cab-low-profile-roof-basket-drill-free-steel-matte-black,"2017-2025 Ford F-250 Super Duty Crew Cab Low Profile Roof Basket — Drill-Free Steel, Matte Black",roof rack - low profile basket,https://stehlenauto.com/products/2017-2025-ford-f-250-super-duty-crew-cab-low-profile-roof-basket-drill-free-steel-matte-black,P0,P0 featured photo shows wrong vehicle: Chevrolet Colorado | P2 title >90 chars
2023-2026-honda-cr-v-low-profile-roof-basket-system-drill-free-steel-matte-black,"2023-2026 Honda CR-V Low Profile Roof Basket System — Drill-Free Steel, Matte Black",roof rack - low profile basket,https://stehlenauto.com/products/2023-2026-honda-cr-v-low-profile-roof-basket-system-drill-free-steel-matte-black,P0,P0 featured photo shows wrong vehicle: Chevrolet Colorado
2015-2026-ford-f-150-supercrew-low-profile-roof-basket-system-drill-free-steel-matte-black,"2015-2026 Ford F-150 SuperCrew Low Profile Roof Basket System — Drill-Free Steel, Matte Black",roof rack - low profile basket,https://stehlenauto.com/products/2015-2026-ford-f-150-supercrew-low-profile-roof-basket-system-drill-free-steel-matte-black,P0,P0 featured photo shows wrong vehicle: Chevrolet Colorado | P2 title >90 chars
2017-2026-ford-f-250-f-350-super-duty-crew-cab-low-profile-roof-basket-system-drill-free-steel-matte-black,"2017-2026 Ford F-250/F-350 Super Duty Crew Cab Low Profile Roof Basket System — Drill-Free Steel, Matte Black",roof rack - low profile basket,https://stehlenauto.com/products/2017-2026-ford-f-250-f-350-super-duty-crew-cab-low-profile-roof-basket-system-drill-free-steel-matte-black,P0,P0 featured photo shows wrong vehicle: Chevrolet Colorado | P2 title >90 chars
2022-2026-nissan-frontier-crew-cab-low-profile-roof-basket-system-drill-free-steel-matte-black,"2022-2026 Nissan Frontier Crew Cab Low Profile Roof Basket System — Drill-Free Steel, Matte Black",roof rack - low profile basket,https://stehlenauto.com/products/2022-2026-nissan-frontier-crew-cab-low-profile-roof-basket-system-drill-free-steel-matte-black,P0,P0 featured photo shows wrong vehicle: Chevrolet Colorado | P2 title >90 chars
2022-2026-ford-maverick-low-profile-roof-basket-system-drill-free-steel-matte-black,"2022-2026 Ford Maverick Low Profile Roof Basket System — Drill-Free Steel, Matte Black",roof rack - low profile basket,https://stehlenauto.com/products/2022-2026-ford-maverick-low-profile-roof-basket-system-drill-free-steel-matte-black,P0,P0 featured photo shows wrong vehicle: Chevrolet Colorado
2010-2018-ram-2500-3500-crew-cab-low-profile-roof-basket-system-drill-free-steel-matte-black,"2010-2018 Ram 2500 & 3500 Crew Cab Low Profile Roof Basket System — Drill-Free Steel, Matte Black",roof rack - low profile basket,https://stehlenauto.com/products/2010-2018-ram-2500-3500-crew-cab-low-profile-roof-basket-system-drill-free-steel-matte-black,P0,P0 featured photo shows wrong vehicle: Chevrolet Colorado | P2 title >90 chars
2019-2026-ram-1500-crew-cab-low-profile-roof-basket-system-drill-free-steel-matte-black,"2019-2026 Ram 1500 Crew Cab Low Profile Roof Basket System — Drill-Free Steel, Matte Black",roof rack - low profile basket,https://stehlenauto.com/products/2019-2026-ram-1500-crew-cab-low-profile-roof-basket-system-drill-free-steel-matte-black,P0,P0 featured photo shows wrong vehicle: Chevrolet Colorado
2019-2025-toyota-rav4-low-profile-roof-basket-system-drill-free-steel-matte-black,"2019-2025 Toyota RAV4 Low Profile Roof Basket System — Drill-Free Steel, Matte Black",roof rack - low profile basket,https://stehlenauto.com/products/2019-2025-toyota-rav4-low-profile-roof-basket-system-drill-free-steel-matte-black,P0,P0 featured photo shows wrong vehicle: Chevrolet Colorado
2022-2026-toyota-tundra-crewmax-low-profile-roof-basket-system-drill-free-steel-matte-black,"2022-2026 Toyota Tundra CrewMax Low Profile Roof Basket System — Drill-Free Steel, Matte Black",roof rack - low profile basket,https://stehlenauto.com/products/2022-2026-toyota-tundra-crewmax-low-profile-roof-basket-system-drill-free-steel-matte-black,P0,P0 featured photo shows wrong vehicle: Chevrolet Colorado | P2 title >90 chars
2019-2023-ford-ranger-supercrew-low-profile-roof-basket-system-drill-free-steel-matte-black,"2019-2023 Ford Ranger SuperCrew Low Profile Roof Basket System — Drill-Free Steel, Matte Black",roof rack - low profile basket,https://stehlenauto.com/products/2019-2023-ford-ranger-supercrew-low-profile-roof-basket-system-drill-free-steel-matte-black,P0,P0 featured photo shows wrong vehicle: Chevrolet Colorado | P2 title >90 chars
09-22-dodge-ram-1500-5500-crew-cab-86-aluminum-running-boards,2009-2022 Dodge Ram 1500-5500 Crew Cab Running Boards - TI Style Matte Black,running boards,https://stehlenauto.com/products/09-22-dodge-ram-1500-5500-crew-cab-86-aluminum-running-boards,P0,P0 title years 2009-2022 exceed fitment data 2010-2021
09-22-dodge-ram-1500-5500-crew-cab-oe-style-running-boards,2009-2022 Dodge Ram 1500-5500 Crew Cab OE Running Boards - Matte Black,running boards,https://stehlenauto.com/products/09-22-dodge-ram-1500-5500-crew-cab-oe-style-running-boards,P0,P0 title years 2009-2022 exceed fitment data 2010-2021
09-22-dodge-ram-1500-5500-crew-cab-oe-style-running-boards-silver,2009-2022 Dodge Ram 1500-5500 Crew Cab OE Running Boards Silver,running boards,https://stehlenauto.com/products/09-22-dodge-ram-1500-5500-crew-cab-oe-style-running-boards-silver,P0,P0 title years 2009-2022 exceed fitment data 2010-2021
09-18-dodge-ram-1500-2500-3500-crew-cab-modular-step-bars-matte-black,2009-2023 Dodge Ram 1500-3500 Crew Cab Modular Side Step Bars - Matte Black,running boards,https://stehlenauto.com/products/09-18-dodge-ram-1500-2500-3500-crew-cab-modular-step-bars-matte-black,P0,P1 1 gallery photo(s) show wrong vehicle | P0 title years 2009-2023 exceed fitment data 2010-2021
dodge-ram-quad-cab-modular-drop-step-bars-w-led-lights-matte-black,2009-2023 Dodge Ram 1500 Quad Cab Modular Step Bars w/ LED - Matte Black,running boards,https://stehlenauto.com/products/dodge-ram-quad-cab-modular-drop-step-bars-w-led-lights-matte-black,P0,P0 featured photo shows wrong vehicle: Toyota Tacoma TRD | P2 title years 2009-2023 narrower than fitment 2009-2024
2019-2025-chevy-silverado-gmc-sierra-1500-dc-led-step-bars,2019-2023 Chevy Silverado/GMC Sierra 1500 Extended Cab LED Step Bars - Matte Black,running boards,https://stehlenauto.com/products/2019-2025-chevy-silverado-gmc-sierra-1500-dc-led-step-bars,P0,P0 featured photo shows wrong vehicle: Toyota Tacoma TRD
2019-chevy-silverado-gmc-sierra-crew-cab-rock-sliders-texture-black,2019-2022 Chevy/GMC Silverado/Sierra 1500 Crew Cab Rock Slider Side Steps,running boards,https://stehlenauto.com/products/2019-chevy-silverado-gmc-sierra-crew-cab-rock-sliders-texture-black,P0,P1 1 gallery photo(s) show wrong vehicle | P0 title years 2019-2022 exceed fitment data 2022-2022
2015-2022-chevrolet-colorado-gmc-canyon-crew-cab-rock-slider-side-step-bars-texture-black,2015-2022 Chevrolet Colorado & GMC Canyon Crew Cab Rock Slider Side Step Bars — Texture Black,side step bars - rock slider,https://stehlenauto.com/products/2015-2022-chevrolet-colorado-gmc-canyon-crew-cab-rock-slider-side-step-bars-texture-black,P0,P0 featured photo shows wrong vehicle: Ford Bronco 2-door | P2 title >90 chars
2014-2023-ram-promaster-1500-2500-3500-rock-slider-side-step-bars-texture-black,2014-2023 Ram ProMaster 1500/2500/3500 Rock Slider Side Step Bars — Texture Black,side step bars - rock slider,https://stehlenauto.com/products/2014-2023-ram-promaster-1500-2500-3500-rock-slider-side-step-bars-texture-black,P0,P0 featured photo shows wrong vehicle: Ford Bronco 2-door
2009-2018-ram-1500-2500-3500-crew-cab-2019-2024-ram-1500-classic-rock-slider-side-step-bars-texture-black,2009-2018 Ram 1500/2500/3500 Crew Cab & 2019-2024 Ram 1500 Classic Rock Slider Side Step Bars — Texture Black,side step bars - rock slider,https://stehlenauto.com/products/2009-2018-ram-1500-2500-3500-crew-cab-2019-2024-ram-1500-classic-rock-slider-side-step-bars-texture-black,P0,P0 featured photo shows wrong vehicle: Ford Bronco 2-door | P2 title >90 chars
2007-2018-chevrolet-silverado-gmc-sierra-crew-cab-rock-slider-side-step-bars-texture-black,2007-2018 Chevrolet Silverado & GMC Sierra Crew Cab Rock Slider Side Step Bars — Texture Black,side step bars - rock slider,https://stehlenauto.com/products/2007-2018-chevrolet-silverado-gmc-sierra-crew-cab-rock-slider-side-step-bars-texture-black,P0,P0 featured photo shows wrong vehicle: Ford Bronco 2-door | P2 title >90 chars
2019-2026-chevrolet-silverado-gmc-sierra-double-cab-rock-slider-side-step-bars-texture-black,2019-2026 Chevrolet Silverado & GMC Sierra Double Cab Rock Slider Side Step Bars — Texture Black,side step bars - rock slider,https://stehlenauto.com/products/2019-2026-chevrolet-silverado-gmc-sierra-double-cab-rock-slider-side-step-bars-texture-black,P0,P0 featured photo shows wrong vehicle: Ford Bronco 2-door | P2 title >90 chars
2005-2023-toyota-tacoma-double-cab-rock-slider-side-step-bars-texture-black,2005-2023 Toyota Tacoma Double Cab Rock Slider Side Step Bars — Texture Black,side step bars - rock slider,https://stehlenauto.com/products/2005-2023-toyota-tacoma-double-cab-rock-slider-side-step-bars-texture-black,P0,P0 featured photo shows wrong vehicle: Ford Bronco 2-door
2022-2023-toyota-tundra-crewmax-rock-slider-side-step-bars-texture-black,2022-2023 Toyota Tundra CrewMax Rock Slider Side Step Bars — Texture Black,side step bars - rock slider,https://stehlenauto.com/products/2022-2023-toyota-tundra-crewmax-rock-slider-side-step-bars-texture-black,P0,P0 featured photo shows wrong vehicle: Ford Bronco 2-door
2024-2026-toyota-tacoma-double-cab-rock-slider-side-step-bars-texture-black,2024-2026 Toyota Tacoma Double Cab Rock Slider Side Step Bars — Texture Black,side step bars - rock slider,https://stehlenauto.com/products/2024-2026-toyota-tacoma-double-cab-rock-slider-side-step-bars-texture-black,P0,P0 featured photo shows wrong vehicle: Ford Bronco 2-door
88-00-gmc-c-k-1500-3500-6-5-tonneau-cover-led-light-combo,1988-2000 GMC C/K 1500-3500 6.5 ft Bed Tonneau Cover + LED Kit,tonneau cover - hidden snap,https://stehlenauto.com/products/88-00-gmc-c-k-1500-3500-6-5-tonneau-cover-led-light-combo,P0,P0 title years 1988-2000 exceed fitment data 1988-1993
88-00-gmc-c-k-1500-3500-6-5-roll-up-tonneau-cover-w-led-lights,1988-2000 GMC C/K 6.5 ft Bed Roll-Up Tonneau Cover w/ LED Lights,tonneau cover - lock & roll up,https://stehlenauto.com/products/88-00-gmc-c-k-1500-3500-6-5-roll-up-tonneau-cover-w-led-lights,P0,P1 3 gallery photo(s) show wrong vehicle | P0 title years 1988-2000 exceed fitment data 1988-1993
1988-2000-chevrolet-c-k-1500-3500-6-5-ft-bed-hard-tri-fold-tonneau-cover-low-profile,1988-2000 Chevrolet C/K 1500-3500 6.5 Ft Bed Hard Tri-Fold Tonneau Cover — Low Profile,tonneau cover - low profile solid hard tri fold,https://stehlenauto.com/products/1988-2000-chevrolet-c-k-1500-3500-6-5-ft-bed-hard-tri-fold-tonneau-cover-low-profile,P0,P0 featured photo shows wrong vehicle: Ford F-150
2022-2026-nissan-frontier-6-ft-bed-hard-tri-fold-tonneau-cover-low-profile,2022-2026 Nissan Frontier 6 Ft Bed Hard Tri-Fold Tonneau Cover — Low Profile,tonneau cover - low profile solid hard tri fold,https://stehlenauto.com/products/2022-2026-nissan-frontier-6-ft-bed-hard-tri-fold-tonneau-cover-low-profile,P0,P0 featured photo shows wrong vehicle: Ford F-150
2002-2008-dodge-ram-1500-2003-2009-ram-2500-3500-6-5-ft-bed-hard-tri-fold-tonneau-cover-low-profile,2002-2008 Dodge Ram 1500 & 2003-2009 Ram 2500/3500 6.5 Ft Bed Hard Tri-Fold Tonneau Cover — Low Profile,tonneau cover - low profile solid hard tri fold,https://stehlenauto.com/products/2002-2008-dodge-ram-1500-2003-2009-ram-2500-3500-6-5-ft-bed-hard-tri-fold-tonneau-cover-low-profile,P0,P0 featured photo shows wrong vehicle: Ford F-150 | P2 title >90 chars
2019-2026-ram-1500-6-4-ft-bed-hard-tri-fold-tonneau-cover-low-profile,2019-2026 Ram 1500 6.4 Ft Bed Hard Tri-Fold Tonneau Cover — Low Profile,tonneau cover - low profile solid hard tri fold,https://stehlenauto.com/products/2019-2026-ram-1500-6-4-ft-bed-hard-tri-fold-tonneau-cover-low-profile,P0,P0 featured photo shows wrong vehicle: Ford F-150
2017-2026-honda-ridgeline-5-3-ft-bed-hard-tri-fold-tonneau-cover-low-profile,2017-2026 Honda Ridgeline 5.3 Ft Bed Hard Tri-Fold Tonneau Cover — Low Profile,tonneau cover - low profile solid hard tri fold,https://stehlenauto.com/products/2017-2026-honda-ridgeline-5-3-ft-bed-hard-tri-fold-tonneau-cover-low-profile,P0,P0 featured photo shows wrong vehicle: Ford F-150
2020-2026-chevrolet-silverado-gmc-sierra-2500-3500-hd-6-9-ft-bed-hard-tri-fold-tonneau-cover-low-profile,2020-2026 Chevrolet Silverado & GMC Sierra 2500/3500 HD 6.9 Ft Bed Hard Tri-Fold Tonneau Cover — Low Profile,tonneau cover - low profile solid hard tri fold,https://stehlenauto.com/products/2020-2026-chevrolet-silverado-gmc-sierra-2500-3500-hd-6-9-ft-bed-hard-tri-fold-tonneau-cover-low-profile,P0,P0 featured photo shows wrong vehicle: Ford F-150 | P2 title >90 chars
1999-2007-chevrolet-silverado-gmc-sierra-fleetside-6-5-ft-bed-hard-tri-fold-tonneau-cover-low-profile,1999-2007 Chevrolet Silverado & GMC Sierra Fleetside 6.5 Ft Bed Hard Tri-Fold Tonneau Cover — Low Profile,tonneau cover - low profile solid hard tri fold,https://stehlenauto.com/products/1999-2007-chevrolet-silverado-gmc-sierra-fleetside-6-5-ft-bed-hard-tri-fold-tonneau-cover-low-profile,P0,P0 featured photo shows wrong vehicle: Ford F-150 | P2 title >90 chars
2016-2023-toyota-tacoma-6-ft-bed-hard-tri-fold-tonneau-cover-low-profile,2016-2023 Toyota Tacoma 6 Ft Bed Hard Tri-Fold Tonneau Cover — Low Profile,tonneau cover - low profile solid hard tri fold,https://stehlenauto.com/products/2016-2023-toyota-tacoma-6-ft-bed-hard-tri-fold-tonneau-cover-low-profile,P0,P0 featured photo shows wrong vehicle: Ford F-150
2024-2026-toyota-tacoma-6-ft-bed-hard-tri-fold-tonneau-cover-low-profile,2024-2026 Toyota Tacoma 6 Ft Bed Hard Tri-Fold Tonneau Cover — Low Profile,tonneau cover - low profile solid hard tri fold,https://stehlenauto.com/products/2024-2026-toyota-tacoma-6-ft-bed-hard-tri-fold-tonneau-cover-low-profile,P0,P0 featured photo shows wrong vehicle: Ford F-150
2004-2006-toyota-tundra-6-2-ft-bed-hard-tri-fold-tonneau-cover-low-profile,2004-2006 Toyota Tundra 6.2 Ft Bed Hard Tri-Fold Tonneau Cover — Low Profile,tonneau cover - low profile solid hard tri fold,https://stehlenauto.com/products/2004-2006-toyota-tundra-6-2-ft-bed-hard-tri-fold-tonneau-cover-low-profile,P0,P0 featured photo shows wrong vehicle: Ford F-150
2022-2026-toyota-tundra-6-5-ft-bed-hard-tri-fold-tonneau-cover-low-profile,2022-2026 Toyota Tundra 6.5 Ft Bed Hard Tri-Fold Tonneau Cover — Low Profile,tonneau cover - low profile solid hard tri fold,https://stehlenauto.com/products/2022-2026-toyota-tundra-6-5-ft-bed-hard-tri-fold-tonneau-cover-low-profile,P0,P0 featured photo shows wrong vehicle: Ford F-150
2017-2023-gmc-acadia-class-3-trailer-hitch-curt-13293,"2017-2023 GMC Acadia Class 3 Trailer Hitch 2"" Receiver - CURT 13293",trailer hitch,https://stehlenauto.com/products/2017-2023-gmc-acadia-class-3-trailer-hitch-curt-13293,P0,P0 featured photo shows wrong vehicle: Ram 1500 | P1 part number/code in title | P1 hitch missing towing capacity
2019-2025-subaru-ascent-class-3-trailer-hitch-receiver-2-inch,2019-2025 Subaru Ascent Class 3 Trailer Hitch Receiver — 2 Inch,trailer hitch,https://stehlenauto.com/products/2019-2025-subaru-ascent-class-3-trailer-hitch-receiver-2-inch,P0,P0 featured photo shows wrong vehicle: Ford Escape | P1 hitch missing towing capacity
2019-2025-chevrolet-blazer-class-3-trailer-hitch-receiver-2-inch,2019-2025 Chevrolet Blazer Class 3 Trailer Hitch Receiver — 2 Inch,trailer hitch,https://stehlenauto.com/products/2019-2025-chevrolet-blazer-class-3-trailer-hitch-receiver-2-inch,P0,P0 featured photo shows wrong vehicle: Ford Escape | P1 hitch missing towing capacity
2022-2026-kia-carnival-class-3-trailer-hitch-receiver-2-inch,2022-2026 Kia Carnival Class 3 Trailer Hitch Receiver — 2 Inch,trailer hitch,https://stehlenauto.com/products/2022-2026-kia-carnival-class-3-trailer-hitch-receiver-2-inch,P0,P0 featured photo shows wrong vehicle: Ford Escape | P1 hitch missing towing capacity
2015-2022-chevrolet-colorado-gmc-canyon-class-3-trailer-hitch-receiver-2-inch,2015-2022 Chevrolet Colorado & GMC Canyon Class 3 Trailer Hitch Receiver — 2 Inch,trailer hitch,https://stehlenauto.com/products/2015-2022-chevrolet-colorado-gmc-canyon-class-3-trailer-hitch-receiver-2-inch,P0,P0 featured photo shows wrong vehicle: Ford Escape | P1 hitch missing towing capacity
2003-2019-toyota-corolla-class-1-trailer-hitch-receiver-1-25-inch,2003-2019 Toyota Corolla Class 1 Trailer Hitch Receiver — 1.25 Inch,trailer hitch,https://stehlenauto.com/products/2003-2019-toyota-corolla-class-1-trailer-hitch-receiver-1-25-inch,P0,P0 featured photo shows wrong vehicle: Ford Escape | P1 hitch missing towing capacity
1997-2001-honda-cr-v-class-3-trailer-hitch-receiver-2-inch,1997-2001 Honda CR-V Class 3 Trailer Hitch Receiver — 2 Inch,trailer hitch,https://stehlenauto.com/products/1997-2001-honda-cr-v-class-3-trailer-hitch-receiver-2-inch,P0,P0 featured photo shows wrong vehicle: Ford Escape | P1 hitch missing towing capacity
2020-2025-mazda-cx-30-class-1-trailer-hitch-receiver-1-25-inch,2020-2025 Mazda CX-30 Class 1 Trailer Hitch Receiver — 1.25 Inch,trailer hitch,https://stehlenauto.com/products/2020-2025-mazda-cx-30-class-1-trailer-hitch-receiver-1-25-inch,P0,P0 featured photo shows wrong vehicle: Ford Escape | P1 hitch missing towing capacity
2007-2015-mazda-cx-9-class-3-trailer-hitch-receiver-2-inch,2007-2015 Mazda CX-9 Class 3 Trailer Hitch Receiver — 2 Inch,trailer hitch,https://stehlenauto.com/products/2007-2015-mazda-cx-9-class-3-trailer-hitch-receiver-2-inch,P0,P0 featured photo shows wrong vehicle: Ford Escape | P1 hitch missing towing capacity
2024-2026-buick-envista-chevrolet-trax-class-3-trailer-hitch-receiver-2-inch,2024-2026 Buick Envista & Chevrolet Trax Class 3 Trailer Hitch Receiver — 2 Inch,trailer hitch,https://stehlenauto.com/products/2024-2026-buick-envista-chevrolet-trax-class-3-trailer-hitch-receiver-2-inch,P0,P0 featured photo shows wrong vehicle: Ford Escape | P1 hitch missing towing capacity
1999-2006-volkswagen-golf-1998-2010-beetle-class-1-trailer-hitch-receiver-1-25-inch,1999-2006 Volkswagen Golf & 1998-2010 Beetle Class 1 Trailer Hitch Receiver — 1.25 Inch,trailer hitch,https://stehlenauto.com/products/1999-2006-volkswagen-golf-1998-2010-beetle-class-1-trailer-hitch-receiver-1-25-inch,P0,P0 featured photo shows wrong vehicle: Ford Escape | P1 hitch missing towing capacity
2016-2022-honda-hr-v-class-1-trailer-hitch-receiver-1-25-inch,2016-2022 Honda HR-V Class 1 Trailer Hitch Receiver — 1.25 Inch,trailer hitch,https://stehlenauto.com/products/2016-2022-honda-hr-v-class-1-trailer-hitch-receiver-1-25-inch,P0,P0 featured photo shows wrong vehicle: Ford Escape | P1 hitch missing towing capacity
2006-2013-lexus-is250-is350-2006-2011-gs-class-1-trailer-hitch-receiver-1-25-inch,2006-2013 Lexus IS250/IS350 & 2006-2011 GS Class 1 Trailer Hitch Receiver — 1.25 Inch,trailer hitch,https://stehlenauto.com/products/2006-2013-lexus-is250-is350-2006-2011-gs-class-1-trailer-hitch-receiver-1-25-inch,P0,P0 featured photo shows wrong vehicle: Ford Escape | P1 hitch missing towing capacity
2019-2023-jeep-cherokee-class-3-trailer-hitch-receiver-2-inch,2019-2023 Jeep Cherokee Class 3 Trailer Hitch Receiver — 2 Inch,trailer hitch,https://stehlenauto.com/products/2019-2023-jeep-cherokee-class-3-trailer-hitch-receiver-2-inch,P0,P0 featured photo shows wrong vehicle: Ford Escape | P1 hitch missing towing capacity
2020-2025-subaru-legacy-outback-class-3-trailer-hitch-receiver-2-inch,2020-2025 Subaru Legacy & Outback Class 3 Trailer Hitch Receiver — 2 Inch,trailer hitch,https://stehlenauto.com/products/2020-2025-subaru-legacy-outback-class-3-trailer-hitch-receiver-2-inch,P0,P0 featured photo shows wrong vehicle: Ford Escape | P1 hitch missing towing capacity
2014-2020-acura-mdx-2016-2022-honda-pilot-class-3-trailer-hitch-receiver-2-inch,2014-2020 Acura MDX & 2016-2022 Honda Pilot Class 3 Trailer Hitch Receiver — 2 Inch,trailer hitch,https://stehlenauto.com/products/2014-2020-acura-mdx-2016-2022-honda-pilot-class-3-trailer-hitch-receiver-2-inch,P0,P0 featured photo shows wrong vehicle: Ford Escape | P1 hitch missing towing capacity
2022-2026-acura-mdx-2023-2025-honda-pilot-class-3-trailer-hitch-receiver-2-inch,2022-2026 Acura MDX & 2023-2025 Honda Pilot Class 3 Trailer Hitch Receiver — 2 Inch,trailer hitch,https://stehlenauto.com/products/2022-2026-acura-mdx-2023-2025-honda-pilot-class-3-trailer-hitch-receiver-2-inch,P0,P0 featured photo shows wrong vehicle: Ford Escape | P1 hitch missing towing capacity
2015-2021-lexus-nx200t-nx300-nx300h-class-3-trailer-hitch-receiver-2-inch,2015-2021 Lexus NX200t/NX300/NX300h Class 3 Trailer Hitch Receiver — 2 Inch,trailer hitch,https://stehlenauto.com/products/2015-2021-lexus-nx200t-nx300-nx300h-class-3-trailer-hitch-receiver-2-inch,P0,P0 featured photo shows wrong vehicle: Ford Escape | P1 hitch missing towing capacity
2014-2020-mitsubishi-outlander-class-3-trailer-hitch-receiver-2-inch,2014-2020 Mitsubishi Outlander Class 3 Trailer Hitch Receiver — 2 Inch,trailer hitch,https://stehlenauto.com/products/2014-2020-mitsubishi-outlander-class-3-trailer-hitch-receiver-2-inch,P0,P0 featured photo shows wrong vehicle: Ford Escape | P1 hitch missing towing capacity
2022-2026-nissan-pathfinder-infiniti-qx60-class-3-trailer-hitch-receiver-2-inch,2022-2026 Nissan Pathfinder & Infiniti QX60 Class 3 Trailer Hitch Receiver — 2 Inch,trailer hitch,https://stehlenauto.com/products/2022-2026-nissan-pathfinder-infiniti-qx60-class-3-trailer-hitch-receiver-2-inch,P0,P0 featured photo shows wrong vehicle: Ford Escape | P1 hitch missing towing capacity
2004-2009-toyota-prius-class-1-trailer-hitch-receiver-1-25-inch,2004-2009 Toyota Prius Class 1 Trailer Hitch Receiver — 1.25 Inch,trailer hitch,https://stehlenauto.com/products/2004-2009-toyota-prius-class-1-trailer-hitch-receiver-1-25-inch,P0,P0 featured photo shows wrong vehicle: Ford Escape | P1 hitch missing towing capacity
2010-2015-toyota-prius-2012-2017-prius-v-class-1-trailer-hitch-receiver-1-25-inch,2010-2015 Toyota Prius & 2012-2017 Prius V Class 1 Trailer Hitch Receiver — 1.25 Inch,trailer hitch,https://stehlenauto.com/products/2010-2015-toyota-prius-2012-2017-prius-v-class-1-trailer-hitch-receiver-1-25-inch,P0,P0 featured photo shows wrong vehicle: Ford Escape | P1 hitch missing towing capacity
2016-2022-toyota-prius-prius-prime-class-1-trailer-hitch-receiver-1-25-inch,2016-2022 Toyota Prius & Prius Prime Class 1 Trailer Hitch Receiver — 1.25 Inch,trailer hitch,https://stehlenauto.com/products/2016-2022-toyota-prius-prius-prime-class-1-trailer-hitch-receiver-1-25-inch,P0,P0 featured photo shows wrong vehicle: Ford Escape | P1 hitch missing towing capacity
2014-2026-ram-promaster-1500-2500-3500-class-3-trailer-hitch-receiver-2-inch,2014-2026 Ram ProMaster 1500/2500/3500 Class 3 Trailer Hitch Receiver — 2 Inch,trailer hitch,https://stehlenauto.com/products/2014-2026-ram-promaster-1500-2500-3500-class-3-trailer-hitch-receiver-2-inch,P0,P0 featured photo shows wrong vehicle: Ford Escape | P1 hitch missing towing capacity
2002-2008-dodge-ram-1500-2003-2022-ram-2500-3500-class-3-trailer-hitch-receiver-2-inch,2002-2008 Dodge Ram 1500 & 2003-2022 Ram 2500/3500 Class 3 Trailer Hitch Receiver — 2 Inch,trailer hitch,https://stehlenauto.com/products/2002-2008-dodge-ram-1500-2003-2022-ram-2500-3500-class-3-trailer-hitch-receiver-2-inch,P0,P0 featured photo shows wrong vehicle: Ford Escape | P1 hitch missing towing capacity
2009-2018-ram-1500-2019-2022-ram-1500-classic-class-4-trailer-hitch-receiver-2-inch,2009-2018 Ram 1500 & 2019-2022 Ram 1500 Classic Class 4 Trailer Hitch Receiver — 2 Inch,trailer hitch,https://stehlenauto.com/products/2009-2018-ram-1500-2019-2022-ram-1500-classic-class-4-trailer-hitch-receiver-2-inch,P0,P0 featured photo shows wrong vehicle: Ford Escape | P1 hitch missing towing capacity
2019-2025-toyota-rav4-rav4-prime-class-2-trailer-hitch-receiver-1-25-inch,2019-2025 Toyota RAV4 & RAV4 Prime Class 2 Trailer Hitch Receiver — 1.25 Inch,trailer hitch,https://stehlenauto.com/products/2019-2025-toyota-rav4-rav4-prime-class-2-trailer-hitch-receiver-1-25-inch,P0,P0 featured photo shows wrong vehicle: Ford Escape | P1 hitch missing towing capacity
2023-2026-lexus-rx350-rx350h-rx500h-class-3-trailer-hitch-receiver-2-inch,2023-2026 Lexus RX350/RX350h/RX500h Class 3 Trailer Hitch Receiver — 2 Inch,trailer hitch,https://stehlenauto.com/products/2023-2026-lexus-rx350-rx350h-rx500h-class-3-trailer-hitch-receiver-2-inch,P0,P0 featured photo shows wrong vehicle: Ford Escape | P1 hitch missing towing capacity
2022-2026-hyundai-santa-cruz-class-3-trailer-hitch-receiver-2-inch,2022-2026 Hyundai Santa Cruz Class 3 Trailer Hitch Receiver — 2 Inch,trailer hitch,https://stehlenauto.com/products/2022-2026-hyundai-santa-cruz-class-3-trailer-hitch-receiver-2-inch,P0,P0 featured photo shows wrong vehicle: Ford Escape | P1 hitch missing towing capacity
1996-2026-chevrolet-express-gmc-savana-class-5-trailer-hitch-receiver-2-inch,1996-2026 Chevrolet Express & GMC Savana Class 5 Trailer Hitch Receiver — 2 Inch,trailer hitch,https://stehlenauto.com/products/1996-2026-chevrolet-express-gmc-savana-class-5-trailer-hitch-receiver-2-inch,P0,P0 featured photo shows wrong vehicle: Ford Escape | P1 hitch missing towing capacity
2007-2019-gmc-sierra-1500-class-3-trailer-hitch-receiver-2-inch,2007-2019 GMC Sierra 1500 Class 3 Trailer Hitch Receiver — 2 Inch,trailer hitch,https://stehlenauto.com/products/2007-2019-gmc-sierra-1500-class-3-trailer-hitch-receiver-2-inch,P0,P0 featured photo shows wrong vehicle: Ford Escape | P1 hitch missing towing capacity
2019-2026-chevrolet-silverado-1500-gmc-sierra-1500-class-3-trailer-hitch-receiver-2-inch,2019-2026 Chevrolet Silverado 1500 & GMC Sierra 1500 Class 3 Trailer Hitch Receiver — 2 Inch,trailer hitch,https://stehlenauto.com/products/2019-2026-chevrolet-silverado-1500-gmc-sierra-1500-class-3-trailer-hitch-receiver-2-inch,P0,P0 featured photo shows wrong vehicle: Ford Escape | P2 title >90 chars | P1 hitch missing towing capacity
1999-2013-chevrolet-silverado-1500-gmc-sierra-1500-class-3-trailer-hitch-receiver-2-inch,1999-2013 Chevrolet Silverado 1500 & GMC Sierra 1500 Class 3 Trailer Hitch Receiver — 2 Inch,trailer hitch,https://stehlenauto.com/products/1999-2013-chevrolet-silverado-1500-gmc-sierra-1500-class-3-trailer-hitch-receiver-2-inch,P0,P0 featured photo shows wrong vehicle: Ford Escape | P2 title >90 chars | P1 hitch missing towing capacity
2020-2025-kia-soul-class-1-trailer-hitch-receiver-1-25-inch,2020-2025 Kia Soul Class 1 Trailer Hitch Receiver — 1.25 Inch,trailer hitch,https://stehlenauto.com/products/2020-2025-kia-soul-class-1-trailer-hitch-receiver-1-25-inch,P0,P0 featured photo shows wrong vehicle: Ford Escape | P1 hitch missing towing capacity
2017-2022-kia-sportage-class-3-trailer-hitch-receiver-2-inch,2017-2022 Kia Sportage Class 3 Trailer Hitch Receiver — 2 Inch,trailer hitch,https://stehlenauto.com/products/2017-2022-kia-sportage-class-3-trailer-hitch-receiver-2-inch,P0,P0 featured photo shows wrong vehicle: Ford Escape | P1 hitch missing towing capacity
2007-2025-mercedes-benz-freightliner-dodge-sprinter-class-3-trailer-hitch-receiver-2-inch,2007-2025 Mercedes-Benz/Freightliner/Dodge Sprinter Class 3 Trailer Hitch Receiver — 2 Inch,trailer hitch,https://stehlenauto.com/products/2007-2025-mercedes-benz-freightliner-dodge-sprinter-class-3-trailer-hitch-receiver-2-inch,P0,P0 featured photo shows wrong vehicle: Ford Escape | P2 title >90 chars | P1 hitch missing towing capacity
2005-2015-toyota-tacoma-class-3-trailer-hitch-receiver-2-inch,2005-2015 Toyota Tacoma Class 3 Trailer Hitch Receiver — 2 Inch,trailer hitch,https://stehlenauto.com/products/2005-2015-toyota-tacoma-class-3-trailer-hitch-receiver-2-inch,P0,P0 featured photo shows wrong vehicle: Ford Escape | P1 hitch missing towing capacity
2022-2026-hyundai-tucson-2023-2026-kia-sportage-class-3-trailer-hitch-receiver-2-inch,2022-2026 Hyundai Tucson & 2023-2026 Kia Sportage Class 3 Trailer Hitch Receiver — 2 Inch,trailer hitch,https://stehlenauto.com/products/2022-2026-hyundai-tucson-2023-2026-kia-sportage-class-3-trailer-hitch-receiver-2-inch,P0,P0 featured photo shows wrong vehicle: Ford Escape | P1 hitch missing towing capacity
2017-2024-nissan-titan-class-3-trailer-hitch-receiver-2-inch,2017-2024 Nissan Titan Class 3 Trailer Hitch Receiver — 2 Inch,trailer hitch,https://stehlenauto.com/products/2017-2024-nissan-titan-class-3-trailer-hitch-receiver-2-inch,P0,P0 featured photo shows wrong vehicle: Ford Escape | P1 hitch missing towing capacity
1984-1995-toyota-pickup-class-3-trailer-hitch-receiver-2-inch,1984-1995 Toyota Pickup Class 3 Trailer Hitch Receiver — 2 Inch,trailer hitch,https://stehlenauto.com/products/1984-1995-toyota-pickup-class-3-trailer-hitch-receiver-2-inch,P0,P0 featured photo shows wrong vehicle: Ford Escape | P1 hitch missing towing capacity
2009-2016-toyota-venza-class-3-trailer-hitch-receiver-2-inch,2009-2016 Toyota Venza Class 3 Trailer Hitch Receiver — 2 Inch,trailer hitch,https://stehlenauto.com/products/2009-2016-toyota-venza-class-3-trailer-hitch-receiver-2-inch,P0,P0 featured photo shows wrong vehicle: Ford Escape | P1 hitch missing towing capacity
1997-2006-jeep-wrangler-tj-class-3-trailer-hitch-receiver-2-inch,1997-2006 Jeep Wrangler TJ Class 3 Trailer Hitch Receiver — 2 Inch,trailer hitch,https://stehlenauto.com/products/1997-2006-jeep-wrangler-tj-class-3-trailer-hitch-receiver-2-inch,P0,P0 featured photo shows wrong vehicle: Ford Escape | P1 hitch missing towing capacity
2000-2006-bmw-x5-class-3-trailer-hitch-receiver-2-inch,2000-2006 BMW X5 Class 3 Trailer Hitch Receiver — 2 Inch,trailer hitch,https://stehlenauto.com/products/2000-2006-bmw-x5-class-3-trailer-hitch-receiver-2-inch,P0,P0 featured photo shows wrong vehicle: Ford Escape | P1 hitch missing towing capacity
2007-2011-toyota-yaris-sedan-class-1-trailer-hitch-receiver-1-25-inch,2007-2011 Toyota Yaris Sedan Class 1 Trailer Hitch Receiver — 1.25 Inch,trailer hitch,https://stehlenauto.com/products/2007-2011-toyota-yaris-sedan-class-1-trailer-hitch-receiver-1-25-inch,P0,P0 featured photo shows wrong vehicle: Ford Escape | P1 hitch missing towing capacity
2019-2025-subaru-ascent-class-3-trailer-hitch-receiver-2-inch-c400,"2019-2025 Subaru Ascent Class 3 Trailer Hitch Receiver — 2 Inch, C400",trailer hitch,https://stehlenauto.com/products/2019-2025-subaru-ascent-class-3-trailer-hitch-receiver-2-inch-c400,P0,P0 featured photo shows wrong vehicle: Ford Escape | P1 hitch missing towing capacity
1988-2000-chevrolet-gmc-c-k-1500-3500-class-3-trailer-hitch-receiver-2-inch,1988-2000 Chevrolet & GMC C/K 1500-3500 Class 3 Trailer Hitch Receiver — 2 Inch,trailer hitch,https://stehlenauto.com/products/1988-2000-chevrolet-gmc-c-k-1500-3500-class-3-trailer-hitch-receiver-2-inch,P0,P0 featured photo shows wrong vehicle: Ford Escape | P1 hitch missing towing capacity
2018-2024-toyota-camry-2019-2022-avalon-lexus-es-class-1-trailer-hitch-receiver-1-25-inch,"2018-2024 Toyota Camry, 2019-2022 Avalon & Lexus ES Class 1 Trailer Hitch Receiver — 1.25 Inch",trailer hitch,https://stehlenauto.com/products/2018-2024-toyota-camry-2019-2022-avalon-lexus-es-class-1-trailer-hitch-receiver-1-25-inch,P0,P0 featured photo shows wrong vehicle: Ford Escape | P2 title >90 chars | P1 hitch missing towing capacity
2023-2026-chevrolet-colorado-gmc-canyon-class-3-trailer-hitch-receiver-2-inch,2023-2026 Chevrolet Colorado & GMC Canyon Class 3 Trailer Hitch Receiver — 2 Inch,trailer hitch,https://stehlenauto.com/products/2023-2026-chevrolet-colorado-gmc-canyon-class-3-trailer-hitch-receiver-2-inch,P0,P0 featured photo shows wrong vehicle: Ford Escape | P1 hitch missing towing capacity
2013-2017-subaru-xv-crosstrek-class-3-trailer-hitch-receiver-2-inch,2013-2017 Subaru XV Crosstrek Class 3 Trailer Hitch Receiver — 2 Inch,trailer hitch,https://stehlenauto.com/products/2013-2017-subaru-xv-crosstrek-class-3-trailer-hitch-receiver-2-inch,P0,P0 featured photo shows wrong vehicle: Ford Escape | P1 hitch missing towing capacity
1998-2008-subaru-forester-class-2-trailer-hitch-receiver-1-25-inch,1998-2008 Subaru Forester Class 2 Trailer Hitch Receiver — 1.25 Inch,trailer hitch,https://stehlenauto.com/products/1998-2008-subaru-forester-class-2-trailer-hitch-receiver-1-25-inch,P0,P0 featured photo shows wrong vehicle: Ford Escape | P1 hitch missing towing capacity
2020-2026-toyota-highlander-class-3-trailer-hitch-receiver-2-inch,2020-2026 Toyota Highlander Class 3 Trailer Hitch Receiver — 2 Inch,trailer hitch,https://stehlenauto.com/products/2020-2026-toyota-highlander-class-3-trailer-hitch-receiver-2-inch,P0,P0 featured photo shows wrong vehicle: Ford Escape | P1 hitch missing towing capacity
2021-2025-volkswagen-id-4-audi-q4-e-tron-class-3-trailer-hitch-receiver-2-inch,2021-2025 Volkswagen ID.4 & Audi Q4 e-tron Class 3 Trailer Hitch Receiver — 2 Inch,trailer hitch,https://stehlenauto.com/products/2021-2025-volkswagen-id-4-audi-q4-e-tron-class-3-trailer-hitch-receiver-2-inch,P0,P0 featured photo shows wrong vehicle: Ford Escape | P1 hitch missing towing capacity
2021-2025-jeep-grand-cherokee-grand-cherokee-l-class-3-trailer-hitch-receiver-2-inch,2021-2025 Jeep Grand Cherokee & Grand Cherokee L Class 3 Trailer Hitch Receiver — 2 Inch,trailer hitch,https://stehlenauto.com/products/2021-2025-jeep-grand-cherokee-grand-cherokee-l-class-3-trailer-hitch-receiver-2-inch,P0,P0 featured photo shows wrong vehicle: Ford Escape | P1 hitch missing towing capacity
2018-2026-honda-odyssey-class-3-trailer-hitch-receiver-2-inch-wd-compatible,"2018-2026 Honda Odyssey Class 3 Trailer Hitch Receiver — 2 Inch, WD-Compatible",trailer hitch,https://stehlenauto.com/products/2018-2026-honda-odyssey-class-3-trailer-hitch-receiver-2-inch-wd-compatible,P0,P0 featured photo shows wrong vehicle: Ford Escape | P1 hitch missing towing capacity
2011-2020-mitsubishi-outlander-sport-class-3-trailer-hitch-receiver-2-inch,2011-2020 Mitsubishi Outlander Sport Class 3 Trailer Hitch Receiver — 2 Inch,trailer hitch,https://stehlenauto.com/products/2011-2020-mitsubishi-outlander-sport-class-3-trailer-hitch-receiver-2-inch,P0,P0 featured photo shows wrong vehicle: Ford Escape | P1 hitch missing towing capacity
2019-2026-acura-rdx-class-3-trailer-hitch-receiver-2-inch,2019-2026 Acura RDX Class 3 Trailer Hitch Receiver — 2 Inch,trailer hitch,https://stehlenauto.com/products/2019-2026-acura-rdx-class-3-trailer-hitch-receiver-2-inch,P0,P0 featured photo shows wrong vehicle: Ford Escape | P1 hitch missing towing capacity
1998-2004-isuzu-rodeo-1998-2002-honda-passport-class-3-trailer-hitch-receiver-2-inch,1998-2004 Isuzu Rodeo & 1998-2002 Honda Passport Class 3 Trailer Hitch Receiver — 2 Inch,trailer hitch,https://stehlenauto.com/products/1998-2004-isuzu-rodeo-1998-2002-honda-passport-class-3-trailer-hitch-receiver-2-inch,P0,P0 featured photo shows wrong vehicle: Ford Escape | P1 hitch missing towing capacity
2007-2017-chevrolet-silverado-1500-gmc-sierra-1500-class-4-trailer-hitch-receiver-2-inch,2007-2017 Chevrolet Silverado 1500 & GMC Sierra 1500 Class 4 Trailer Hitch Receiver — 2 Inch,trailer hitch,https://stehlenauto.com/products/2007-2017-chevrolet-silverado-1500-gmc-sierra-1500-class-4-trailer-hitch-receiver-2-inch,P0,P0 featured photo shows wrong vehicle: Ford Escape | P2 title >90 chars | P1 hitch missing towing capacity
2007-2016-mercedes-benz-freightliner-dodge-sprinter-cargo-van-class-3-trailer-hitch-receiver-2-inch,2007-2016 Mercedes-Benz/Freightliner/Dodge Sprinter Cargo Van Class 3 Trailer Hitch Receiver — 2 Inch,trailer hitch,https://stehlenauto.com/products/2007-2016-mercedes-benz-freightliner-dodge-sprinter-cargo-van-class-3-trailer-hitch-receiver-2-inch,P0,P0 featured photo shows wrong vehicle: Ford Escape | P2 title >90 chars | P1 hitch missing towing capacity
2017-2023-tesla-model-3-class-3-trailer-hitch-receiver-2-inch,2017-2023 Tesla Model 3 Class 3 Trailer Hitch Receiver — 2 Inch,trailer hitch,https://stehlenauto.com/products/2017-2023-tesla-model-3-class-3-trailer-hitch-receiver-2-inch,P0,P0 featured photo shows wrong vehicle: Ford Escape | P1 hitch missing towing capacity
2020-2023-tesla-model-y-class-3-trailer-hitch-receiver-2-inch,2020-2023 Tesla Model Y Class 3 Trailer Hitch Receiver — 2 Inch,trailer hitch,https://stehlenauto.com/products/2020-2023-tesla-model-y-class-3-trailer-hitch-receiver-2-inch,P0,P0 featured photo shows wrong vehicle: Ford Escape | P1 hitch missing towing capacity
2018-2024-chevrolet-traverse-buick-enclave-class-3-trailer-hitch-receiver-2-inch,2018-2024 Chevrolet Traverse & Buick Enclave Class 3 Trailer Hitch Receiver — 2 Inch,trailer hitch,https://stehlenauto.com/products/2018-2024-chevrolet-traverse-buick-enclave-class-3-trailer-hitch-receiver-2-inch,P0,P0 featured photo shows wrong vehicle: Ford Escape | P1 hitch missing towing capacity
2020-2026-cadillac-xt6-class-3-trailer-hitch-receiver-2-inch,2020-2026 Cadillac XT6 Class 3 Trailer Hitch Receiver — 2 Inch,trailer hitch,https://stehlenauto.com/products/2020-2026-cadillac-xt6-class-3-trailer-hitch-receiver-2-inch,P0,P0 featured photo shows wrong vehicle: Ford Escape | P1 hitch missing towing capacity
1988-2000-gmc-c-k-series-class-4-trailer-hitch-14081,1988-2000 GMC C/K Series Class 4 Trailer Hitch - 14081,trailer hitch kit,https://stehlenauto.com/products/1988-2000-gmc-c-k-series-class-4-trailer-hitch-14081,P0,P0 title years 1988-2000 exceed fitment data 1992-1999 | P1 part number/code in title
1988-2000-gmc-c-k-series-class-4-trailer-hitch-w-ball-mount,1988-2000 GMC C/K Series Class 4 Trailer Hitch w/ Ball Mount,trailer hitch kit,https://stehlenauto.com/products/1988-2000-gmc-c-k-series-class-4-trailer-hitch-w-ball-mount,P0,P0 title years 1988-2000 exceed fitment data 1992-1999 | P1 hitch missing towing capacity
2016-2023-mazda-mx-5-miata-1-25-trailer-hitch-receiver-curt-11435,"2016-2023 Mazda MX-5 Miata 1.25"" Trailer Hitch Receiver - Curt 11435",trailer hitch kit,https://stehlenauto.com/products/2016-2023-mazda-mx-5-miata-1-25-trailer-hitch-receiver-curt-11435,P0,P1 2 gallery photo(s) show wrong vehicle | P0 title years 2016-2023 exceed fitment data 2016-2022 | P1 hitch missing towing capacity
01-10-silverado-sierra-2500-3500-class-4-trailer-hitch-black,2001-2010 Chevy Silverado GMC Sierra 2500/3500 Class 4 Trailer Hitch Black,trailer hitch kit,https://stehlenauto.com/products/01-10-silverado-sierra-2500-3500-class-4-trailer-hitch-black,P0,P0 title years 2001-2010 exceed fitment data 2004-2007 | P1 hitch missing towing capacity
01-10-silverado-sierra-2500-3500-class-4-hitch-ball-mount-combo,2001-2010 Chevy Silverado GMC Sierra 2500/3500 Class 4 Hitch & Ball Mount Combo,trailer hitch kit,https://stehlenauto.com/products/01-10-silverado-sierra-2500-3500-class-4-hitch-ball-mount-combo,P0,P0 title years 2001-2010 exceed fitment data 2004-2007 | P1 hitch missing towing capacity
2006-2007-nissan-murano-trailer-wiring-harness-w-4-way-flat-t-connector,2006-2007 Nissan Murano Trailer Wiring Harness w/ 4-Way Flat T-Connector,trailer hitches - wire,https://stehlenauto.com/products/2006-2007-nissan-murano-trailer-wiring-harness-w-4-way-flat-t-connector,P0,P0 featured photo shows wrong vehicle: Toyota Highlander | P1 third-party watermark: TOPTIER AUTOPART | P1 hitch missing towing capacity
2007-2012-dodge-nitro-2008-2012-jeep-liberty-trailer-wiring-harness-w-4-way-flat-t-connector,2007-2012 Dodge Nitro & 2008-2012 Jeep Liberty Trailer Wiring Harness w/ 4-Way Flat T-Connector,trailer hitches - wire,https://stehlenauto.com/products/2007-2012-dodge-nitro-2008-2012-jeep-liberty-trailer-wiring-harness-w-4-way-flat-t-connector,P0,P0 featured photo shows wrong vehicle: Toyota Highlander | P1 third-party watermark: TOPTIER AUTOPART | P2 title >90 chars | P1 hitch missing towing capacity
2005-2010-honda-odyssey-trailer-wiring-harness-w-4-way-flat-t-connector,2005-2010 Honda Odyssey Trailer Wiring Harness w/ 4-Way Flat T-Connector,trailer hitches - wire,https://stehlenauto.com/products/2005-2010-honda-odyssey-trailer-wiring-harness-w-4-way-flat-t-connector,P0,P0 featured photo shows wrong vehicle: Toyota Highlander | P1 third-party watermark: TOPTIER AUTOPART | P1 hitch missing towing capacity
2005-2014-volvo-xc90-trailer-wiring-harness-w-4-way-flat-t-connector,2005-2014 Volvo XC90 Trailer Wiring Harness w/ 4-Way Flat T-Connector,trailer hitches - wire,https://stehlenauto.com/products/2005-2014-volvo-xc90-trailer-wiring-harness-w-4-way-flat-t-connector,P0,P0 featured photo shows wrong vehicle: Toyota Highlander | P1 third-party watermark: TOPTIER AUTOPART | P1 hitch missing towing capacity
2004-2007-dodge-caravan-grand-caravan-chrysler-town-country-trailer-wiring-harness-w-4-way-flat-t-connector,2004-2007 Dodge Caravan/Grand Caravan & Chrysler Town & Country Trailer Wiring Harness w/ 4-Way Flat T-Connector,trailer hitches - wire,https://stehlenauto.com/products/2004-2007-dodge-caravan-grand-caravan-chrysler-town-country-trailer-wiring-harness-w-4-way-flat-t-connector,P0,P0 featured photo shows wrong vehicle: Toyota Highlander | P1 third-party watermark: TOPTIER AUTOPART | P2 title >90 chars | P1 hitch missing towing capacity
2011-2014-ford-edge-trailer-wiring-harness-w-4-way-flat-t-connector,2011-2014 Ford Edge Trailer Wiring Harness w/ 4-Way Flat T-Connector,trailer hitches - wire,https://stehlenauto.com/products/2011-2014-ford-edge-trailer-wiring-harness-w-4-way-flat-t-connector,P0,P0 featured photo shows wrong vehicle: Toyota Highlander | P1 third-party watermark: TOPTIER AUTOPART | P1 hitch missing towing capacity
2009-2017-subaru-forester-outback-crosstrek-trailer-wiring-harness-w-4-way-flat-t-connector,"2009-2017 Subaru Forester, Outback & Crosstrek Trailer Wiring Harness w/ 4-Way Flat T-Connector",trailer hitches - wire,https://stehlenauto.com/products/2009-2017-subaru-forester-outback-crosstrek-trailer-wiring-harness-w-4-way-flat-t-connector,P0,P0 featured photo shows wrong vehicle: Toyota Highlander | P1 third-party watermark: TOPTIER AUTOPART | P2 title >90 chars | P1 hitch missing towing capacity
2003-2005-2009-2014-nissan-murano-trailer-wiring-harness-w-4-way-flat-t-connector,2003-2005 & 2009-2014 Nissan Murano Trailer Wiring Harness w/ 4-Way Flat T-Connector,trailer hitches - wire,https://stehlenauto.com/products/2003-2005-2009-2014-nissan-murano-trailer-wiring-harness-w-4-way-flat-t-connector,P0,P0 featured photo shows wrong vehicle: Toyota Highlander | P1 third-party watermark: TOPTIER AUTOPART | P1 hitch missing towing capacity
2011-2017-honda-odyssey-trailer-wiring-harness-w-4-way-flat-t-connector,2011-2017 Honda Odyssey Trailer Wiring Harness w/ 4-Way Flat T-Connector,trailer hitches - wire,https://stehlenauto.com/products/2011-2017-honda-odyssey-trailer-wiring-harness-w-4-way-flat-t-connector,P0,P0 featured photo shows wrong vehicle: Toyota Highlander | P1 third-party watermark: TOPTIER AUTOPART | P1 hitch missing towing capacity
2014-2020-mitsubishi-outlander-trailer-wiring-harness-w-4-way-flat-t-connector,2014-2020 Mitsubishi Outlander Trailer Wiring Harness w/ 4-Way Flat T-Connector,trailer hitches - wire,https://stehlenauto.com/products/2014-2020-mitsubishi-outlander-trailer-wiring-harness-w-4-way-flat-t-connector,P0,P0 featured photo shows wrong vehicle: Toyota Highlander | P1 third-party watermark: TOPTIER AUTOPART | P1 hitch missing towing capacity
2007-2018-kia-sorento-hyundai-veracruz-santa-fe-trailer-wiring-harness-w-4-way-flat-t-connector,2007-2018 Kia Sorento & Hyundai Veracruz/Santa Fe Trailer Wiring Harness w/ 4-Way Flat T-Connector,trailer hitches - wire,https://stehlenauto.com/products/2007-2018-kia-sorento-hyundai-veracruz-santa-fe-trailer-wiring-harness-w-4-way-flat-t-connector,P0,P0 featured photo shows wrong vehicle: Toyota Highlander | P1 third-party watermark: TOPTIER AUTOPART | P2 title >90 chars | P1 hitch missing towing capacity
2011-2016-kia-sportage-trailer-wiring-harness-w-4-way-flat-t-connector,2011-2016 Kia Sportage Trailer Wiring Harness w/ 4-Way Flat T-Connector,trailer hitches - wire,https://stehlenauto.com/products/2011-2016-kia-sportage-trailer-wiring-harness-w-4-way-flat-t-connector,P0,P0 featured photo shows wrong vehicle: Toyota Highlander | P1 third-party watermark: TOPTIER AUTOPART | P1 hitch missing towing capacity
2014-2019-ford-transit-connect-trailer-wiring-harness-w-4-way-flat-t-connector,2014-2019 Ford Transit Connect Trailer Wiring Harness w/ 4-Way Flat T-Connector,trailer hitches - wire,https://stehlenauto.com/products/2014-2019-ford-transit-connect-trailer-wiring-harness-w-4-way-flat-t-connector,P0,P0 featured photo shows wrong vehicle: Toyota Highlander | P1 third-party watermark: TOPTIER AUTOPART | P1 hitch missing towing capacity
97-00-chevy-gmc-c-k-truck-6-5ft-bed-rubber-mat-lightweight-v2,1997-2000 Chevy/GMC C/K Truck 6.5 ft Fleetside Bed Mat - AA041-V2,truck bed mat - rubber,https://stehlenauto.com/products/97-00-chevy-gmc-c-k-truck-6-5ft-bed-rubber-mat-lightweight-v2,P0,P0 title years 1997-2000 exceed fitment data 1988-1992
2004-2023-ford-f-150-2003-2017-expedition-advanced-series-bull-guard-w-built-in-led-light-bar-matte-black,2004-2023 Ford F-150 & 2003-2017 Expedition Advanced Series Bull Guard w/ Built-In LED Light Bar — Matte Black,bull guard - advance series w/led light bar,https://stehlenauto.com/products/2004-2023-ford-f-150-2003-2017-expedition-advanced-series-bull-guard-w-built-in-led-light-bar-matte-black,P1,P1 1 gallery photo(s) show wrong vehicle | P2 title >90 chars
2011-2019-ford-explorer-advanced-series-bull-guard-w-built-in-led-light-bar-matte-black,2011-2019 Ford Explorer Advanced Series Bull Guard w/ Built-In LED Light Bar — Matte Black,bull guard - advance series w/led light bar,https://stehlenauto.com/products/2011-2019-ford-explorer-advanced-series-bull-guard-w-built-in-led-light-bar-matte-black,P1,P1 1 gallery photo(s) show wrong vehicle
2008-2012-ford-escape-advanced-series-bull-guard-w-built-in-led-light-bar-matte-black,2008-2012 Ford Escape Advanced Series Bull Guard w/ Built-In LED Light Bar — Matte Black,bull guard - advance series w/led light bar,https://stehlenauto.com/products/2008-2012-ford-escape-advanced-series-bull-guard-w-built-in-led-light-bar-matte-black,P1,P1 1 gallery photo(s) show wrong vehicle
2006-2010-ford-explorer-sport-trac-advanced-series-bull-guard-w-built-in-led-light-bar-matte-black,2006-2010 Ford Explorer & Sport Trac Advanced Series Bull Guard w/ Built-In LED Light Bar — Matte Black,bull guard - advance series w/led light bar,https://stehlenauto.com/products/2006-2010-ford-explorer-sport-trac-advanced-series-bull-guard-w-built-in-led-light-bar-matte-black,P1,P1 1 gallery photo(s) show wrong vehicle | P2 title >90 chars
2009-2012-dodge-ram-1500-front-grille-chrome-mesh-style,2009-2012 Dodge Ram 1500 Front Grille Guard - GRZT,bull guard - advance series w/skid plate,https://stehlenauto.com/products/2009-2012-dodge-ram-1500-front-grille-chrome-mesh-style,P1,P1 part number/code in title
2008-2014-ford-e-150-e-250-e-350-econoline-advanced-series-bull-guard-w-skid-plate-matte-black,2008-2014 Ford E-150/E-250/E-350 Econoline Advanced Series Bull Guard w/ Skid Plate — Matte Black,bull guard - advance series w/skid plate,https://stehlenauto.com/products/2008-2014-ford-e-150-e-250-e-350-econoline-advanced-series-bull-guard-w-skid-plate-matte-black,P1,P1 1 gallery photo(s) show wrong vehicle | P2 title >90 chars
2008-2012-ford-escape-advanced-series-bull-guard-w-skid-plate-matte-black,2008-2012 Ford Escape Advanced Series Bull Guard w/ Skid Plate — Matte Black,bull guard - advance series w/skid plate,https://stehlenauto.com/products/2008-2012-ford-escape-advanced-series-bull-guard-w-skid-plate-matte-black,P1,P1 1 gallery photo(s) show wrong vehicle
2006-2010-ford-explorer-sport-trac-advanced-series-bull-guard-w-skid-plate-matte-black,2006-2010 Ford Explorer & Sport Trac Advanced Series Bull Guard w/ Skid Plate — Matte Black,bull guard - advance series w/skid plate,https://stehlenauto.com/products/2006-2010-ford-explorer-sport-trac-advanced-series-bull-guard-w-skid-plate-matte-black,P1,P1 1 gallery photo(s) show wrong vehicle | P2 title >90 chars
1998-2011-ford-ranger-advanced-series-bull-guard-w-skid-plate-matte-black,1998-2011 Ford Ranger Advanced Series Bull Guard w/ Skid Plate — Matte Black,bull guard - advance series w/skid plate,https://stehlenauto.com/products/1998-2011-ford-ranger-advanced-series-bull-guard-w-skid-plate-matte-black,P1,P1 1 gallery photo(s) show wrong vehicle
2008-2012-ford-escape-bull-guard-w-studded-mesh-skid-plate-matte-black,2008-2012 Ford Escape Bull Guard w/ Studded Mesh Skid Plate — Matte Black,bull guard - w/studded mesh skid plate,https://stehlenauto.com/products/2008-2012-ford-escape-bull-guard-w-studded-mesh-skid-plate-matte-black,P1,P1 1 gallery photo(s) show wrong vehicle
2011-2019-ford-explorer-bull-guard-w-studded-mesh-skid-plate-matte-black,2011-2019 Ford Explorer Bull Guard w/ Studded Mesh Skid Plate — Matte Black,bull guard - w/studded mesh skid plate,https://stehlenauto.com/products/2011-2019-ford-explorer-bull-guard-w-studded-mesh-skid-plate-matte-black,P1,P1 1 gallery photo(s) show wrong vehicle
2011-2016-ford-f-250-f-350-f-450-f-550-super-duty-bull-guard-w-studded-mesh-skid-plate-matte-black,2011-2016 Ford F-250/F-350/F-450/F-550 Super Duty Bull Guard w/ Studded Mesh Skid Plate — Matte Black,bull guard - w/studded mesh skid plate,https://stehlenauto.com/products/2011-2016-ford-f-250-f-350-f-450-f-550-super-duty-bull-guard-w-studded-mesh-skid-plate-matte-black,P1,P1 1 gallery photo(s) show wrong vehicle | P2 title >90 chars
1998-2011-ford-ranger-bull-guard-w-studded-mesh-skid-plate-matte-black,1998-2011 Ford Ranger Bull Guard w/ Studded Mesh Skid Plate — Matte Black,bull guard - w/studded mesh skid plate,https://stehlenauto.com/products/1998-2011-ford-ranger-bull-guard-w-studded-mesh-skid-plate-matte-black,P1,P1 1 gallery photo(s) show wrong vehicle
1997-2002-ford-expedition-1997-2003-f-150-bull-guard-w-studded-mesh-skid-plate-matte-black,1997-2002 Ford Expedition & 1997-2003 F-150 Bull Guard w/ Studded Mesh Skid Plate — Matte Black,bull guard - w/studded mesh skid plate,https://stehlenauto.com/products/1997-2002-ford-expedition-1997-2003-f-150-bull-guard-w-studded-mesh-skid-plate-matte-black,P1,P1 1 gallery photo(s) show wrong vehicle | P2 title >90 chars
2015-2023-dodge-charger-hex-style-front-grille-w-led-light-bar-matte-black,2015-2023 Dodge Charger Hex Style Front Grille w/LED Light Bar - Matte Black,front grille,https://stehlenauto.com/products/2015-2023-dodge-charger-hex-style-front-grille-w-led-light-bar-matte-black,P1,P1 3 gallery photo(s) show wrong vehicle
2003-2006-ford-expedition-vertical-style-chrome-front-grille-abs,2003-2006 Ford Expedition Vertical Style Chrome Front Grille - ABS,front grille,https://stehlenauto.com/products/2003-2006-ford-expedition-vertical-style-chrome-front-grille-abs,P1,P1 part number/code in title
2021-2023-ford-f-150-badgeless-front-grille-glossy-black-abs,2021-2023 Ford F-150 Badgeless Front Grille - Glossy Black ABS,front grille,https://stehlenauto.com/products/2021-2023-ford-f-150-badgeless-front-grille-glossy-black-abs,P1,P1 3 gallery photo(s) show wrong vehicle
2021-2023-ford-f150-badgeless-front-grille-w-led-light-bar-black,2021-2023 Ford F150 Badgeless Front Grille w/ LED Light Bar - Black,front grille,https://stehlenauto.com/products/2021-2023-ford-f150-badgeless-front-grille-w-led-light-bar-black,P1,P1 3 gallery photo(s) show wrong vehicle
2007-2014-gmc-yukon-xl-front-lower-bumper-grille-chrome,2007-2014 GMC Yukon XL Front Lower Bumper Grille - Chrome | MPN FGGG-GRBT-DNL07LO-ME-CH,front grille,https://stehlenauto.com/products/2007-2014-gmc-yukon-xl-front-lower-bumper-grille-chrome,P1,P1 part number/code in title
1999-2005-volkswagen-jetta-mk4-horizontal-front-grille-black,1999-2005 Volkswagen Jetta MK4 Horizontal Front Grille - FG,front grille,https://stehlenauto.com/products/1999-2005-volkswagen-jetta-mk4-horizontal-front-grille-black,P1,P1 part number/code in title
1999-2005-volkswagen-jetta-mk4-front-grille-matte-black,1999-2005 Volkswagen Jetta MK4 Front Grille - FGGG,front grille,https://stehlenauto.com/products/1999-2005-volkswagen-jetta-mk4-front-grille-matte-black,P1,P1 part number/code in title
2001-2005-volkswagen-passat-b5-5-front-grille-matte-black,2001-2005 Volkswagen Passat B5.5 Front Grille - FGGG,front grille,https://stehlenauto.com/products/2001-2005-volkswagen-passat-b5-5-front-grille-matte-black,P1,P1 part number/code in title
1998-2001-volkswagen-passat-b5-front-grille-matte-black,1998-2001 Volkswagen Passat B5 Front Grille - FGGG,front grille,https://stehlenauto.com/products/1998-2001-volkswagen-passat-b5-front-grille-matte-black,P1,P1 part number/code in title
2006-2009-volkswagen-rabbit-front-grille-matte-black-mk5,2006-2009 Volkswagen Rabbit Front Grille - FGGG,front grille,https://stehlenauto.com/products/2006-2009-volkswagen-rabbit-front-grille-matte-black-mk5,P1,P1 part number/code in title
2005-2009-ford-mustang-gt-front-grille-matte-black,2005-2009 Ford Mustang GT Front Grille - Matte Black | MPN FGGG-GRZ-MUS05GT-ME-MB,front grille,https://stehlenauto.com/products/2005-2009-ford-mustang-gt-front-grille-matte-black,P1,P1 part number/code in title
2005-2009-ford-mustang-gt-front-grille-matte-black-1,2005-2009 Ford Mustang GT Front Grille - Matte Black | MPN FGGG-GRZ-MUS05GT-ME-BK,front grille,https://stehlenauto.com/products/2005-2009-ford-mustang-gt-front-grille-matte-black-1,P1,P1 part number/code in title
1998-2004-chevy-s10-blazer-s10-pickup-front-grille-chrome,1998-2004 Chevrolet Blazer S10 Front Grille - GRZ,front grille,https://stehlenauto.com/products/1998-2004-chevy-s10-blazer-s10-pickup-front-grille-chrome,P1,P1 part number/code in title
2000-2005-chevy-impala-front-grille-matte-black-replacement-1,2000-2005 Chevrolet Impala Matte Black Front Grille - FGGG,front grille,https://stehlenauto.com/products/2000-2005-chevy-impala-front-grille-matte-black-replacement-1,P1,P1 part number/code in title
2006-2016-chevy-impala-monte-carlo-front-grille-chrome,2006-2016 Chevrolet Impala & Monte Carlo Front Grille - GRZT,front grille,https://stehlenauto.com/products/2006-2016-chevy-impala-monte-carlo-front-grille-chrome,P1,P1 part number/code in title
2007-2014-gmc-yukon-xl-front-lower-bumper-grille-chrome-1,2007-2014 GMC Yukon XL Front Lower Bumper Grille - Chrome | MPN FG-GRBD-DNL07LOWER-CH,front grille,https://stehlenauto.com/products/2007-2014-gmc-yukon-xl-front-lower-bumper-grille-chrome-1,P1,P1 part number/code in title
2007-2010-chrysler-sebring-bentley-style-chrome-mesh-grille-abs,2007-2010 Chrysler Sebring Bentley Style Chrome Mesh Grille - ABS,front grille,https://stehlenauto.com/products/2007-2010-chrysler-sebring-bentley-style-chrome-mesh-grille-abs,P1,P1 part number/code in title
2004-2007-volkswagen-touareg-front-grille-black-torg-0206-bk,2004-2007 Volkswagen Touareg Front Grille - Black | TORG-0206-BK,front grille,https://stehlenauto.com/products/2004-2007-volkswagen-touareg-front-grille-black-torg-0206-bk,P1,P1 part number/code in title
06-11-honda-civic-4dr-crystal-headlights-led-light-bar-black-jdma,2006-2011 Honda Civic 4DR Crystal Headlights LED Light Bar Black - JDMA,headlights - led crystal style,https://stehlenauto.com/products/06-11-honda-civic-4dr-crystal-headlights-led-light-bar-black-jdma,P1,P1 part number/code in title
06-13-chevy-impala-sequential-led-crystal-headlights-black,2006-2016 Chevrolet Impala Monte Carlo LED Headlights - JDMA,headlights - led crystal style,https://stehlenauto.com/products/06-13-chevy-impala-sequential-led-crystal-headlights-black,P1,P1 part number/code in title
09-18-dodge-ram-crystal-headlights-sequential-led-turn-signal-black,2009-2024 Dodge Ram 1500/2500/3500 Crystal Headlights Sequential LED - JDMA,headlights - led crystal style,https://stehlenauto.com/products/09-18-dodge-ram-crystal-headlights-sequential-led-turn-signal-black,P1,P1 part number/code in title
2009-2022-dodge-ram-crystal-black-headlights-quad-style,2009-2022 Dodge Ram 1500 2500 3500 Crystal Headlights Black - JDM,headlights - led crystal style,https://stehlenauto.com/products/2009-2022-dodge-ram-crystal-black-headlights-quad-style,P1,P2 title years 2009-2022 narrower than fitment 2009-2024 | P1 part number/code in title
01-11-ford-ranger-crystal-headlights-4pc-led-light-bar-black-jdma,2001-2011 Ford Ranger Crystal Headlights 4PC LED Light Bar Black - JDMA,headlights - led crystal style,https://stehlenauto.com/products/01-11-ford-ranger-crystal-headlights-4pc-led-light-bar-black-jdma,P1,P1 part number/code in title
07-13-chevy-silverado-1500-led-crystal-headlights-sequential-signal,2007-2014 Chevrolet Silverado Crystal Headlights Sequential LED - JDMA,headlights - led crystal style,https://stehlenauto.com/products/07-13-chevy-silverado-1500-led-crystal-headlights-sequential-signal,P1,P1 part number/code in title
2001-2004-toyota-tacoma-crystal-headlights-black-6pc-set-jdma,2001-2004 Toyota Tacoma Crystal Headlights Black 6PC Set - JDMA,headlights - led crystal style,https://stehlenauto.com/products/2001-2004-toyota-tacoma-crystal-headlights-black-6pc-set-jdma,P1,P1 part number/code in title
2012-2015-toyota-tacoma-led-crystal-headlights-black-jdma,2012-2015 Toyota Tacoma LED Crystal Headlights Black - JDMA,headlights - led crystal style,https://stehlenauto.com/products/2012-2015-toyota-tacoma-led-crystal-headlights-black-jdma,P1,P1 part number/code in title
04-15-nissan-titan-led-crystal-headlights-black-jdma,2004-2015 Nissan Titan LED Crystal Headlights Black - JDMA,headlights - led crystal style,https://stehlenauto.com/products/04-15-nissan-titan-led-crystal-headlights-black-jdma,P1,P1 part number/code in title
2014-2021-toyota-tundra-led-crystal-headlights-black-jdma,2014-2021 Toyota Tundra LED Crystal Headlights Black - JDMA,headlights - led crystal style,https://stehlenauto.com/products/2014-2021-toyota-tundra-led-crystal-headlights-black-jdma,P1,P1 part number/code in title
2015-2022-chevy-colorado-crew-cab-low-profile-roof-basket-steel,2015-2022 Chevrolet Colorado/GMC Canyon Crew Cab Roof Basket,roof basket,https://stehlenauto.com/products/2015-2022-chevy-colorado-crew-cab-low-profile-roof-basket-steel,P1,P1 1 gallery photo(s) show wrong vehicle
2015-2019-silverado-sierra-2500-3500-hd-crew-cab-roof-basket,2015-2019 Chevy/GMC Silverado/Sierra 2500/3500 HD Crew Cab Roof Basket,roof basket,https://stehlenauto.com/products/2015-2019-silverado-sierra-2500-3500-hd-crew-cab-roof-basket,P1,P1 1 gallery photo(s) show wrong vehicle
2022-2025-ford-f-150-lightning-ev-low-profile-roof-basket-system,2022-2025 Ford F-150 Lightning EV Low Profile Roof Basket System,roof rack,https://stehlenauto.com/products/2022-2025-ford-f-150-lightning-ev-low-profile-roof-basket-system,P1,P1 1 gallery photo(s) show wrong vehicle | P2 title years 2022-2025 narrower than fitment 2022-2026
2024-ford-ranger-supercrew-cab-low-profile-roof-basket-system,2024+ Ford Ranger SuperCrew Cab Low Profile Roof Basket System,roof rack,https://stehlenauto.com/products/2024-ford-ranger-supercrew-cab-low-profile-roof-basket-system,P1,P1 1 gallery photo(s) show wrong vehicle | P2 title years 2024-2024 narrower than fitment 2024-2026
2015-2025-chevy-colorado-82-modular-steel-running-boards-black,2015-2022 Chevrolet Colorado & GMC Canyon Crew Cab Running Boards - Modular Steel,running boards,https://stehlenauto.com/products/2015-2025-chevy-colorado-82-modular-steel-running-boards-black,P1,"P1 4 gallery photo(s) show wrong vehicle | P1 third-party watermark: NITTO, ARMORFIELD, TITAN7"
2019-2024-ram-1500-76-oe-style-aluminum-running-boards-matte-black,2019-2024 Dodge Ram 1500 Extended Cab OE Running Boards - Matte Black,running boards,https://stehlenauto.com/products/2019-2024-ram-1500-76-oe-style-aluminum-running-boards-matte-black,P1,P1 4 gallery photo(s) show wrong vehicle | P2 title years 2019-2024 narrower than fitment 2019-2026
2019-2024-ram-1500-quad-cab-76-modular-steel-running-boards,2019-2024 Dodge Ram 1500 Extended Cab Running Boards Steel Modular,running boards,https://stehlenauto.com/products/2019-2024-ram-1500-quad-cab-76-modular-steel-running-boards,P1,"P1 4 gallery photo(s) show wrong vehicle | P1 third-party watermark: NITTO, ARMORFIELD, TITAN7 | P2 title years 2019-2024 narrower than fitment 2019-2026"
2019-2024-ram-1500-86-oe-style-aluminum-running-boards-matte-black,2019-2024 Dodge Ram 1500 Crew Cab OE Running Boards - Matte Black,running boards,https://stehlenauto.com/products/2019-2024-ram-1500-86-oe-style-aluminum-running-boards-matte-black,P1,P1 4 gallery photo(s) show wrong vehicle | P2 title years 2019-2024 narrower than fitment 2019-2026
2019-2024-ram-1500-modular-steel-running-boards-texture-black,"2019-2024 Dodge Ram 1500 Crew Cab Running Boards 86"" Modular Steel",running boards,https://stehlenauto.com/products/2019-2024-ram-1500-modular-steel-running-boards-texture-black,P1,"P1 4 gallery photo(s) show wrong vehicle | P1 third-party watermark: NITTO, ARMORFIELD, TITAN7 | P2 title years 2019-2024 narrower than fitment 2019-2026"
2019-2024-ford-ranger-crew-cab-82-modular-steel-running-boards,2019-2023 Ford Ranger Crew Cab Running Boards - Modular Steel,running boards,https://stehlenauto.com/products/2019-2024-ford-ranger-crew-cab-82-modular-steel-running-boards,P1,"P1 third-party watermark: NITTO, ARMORFIELD, TITAN7"
2019-2024-chevy-silverado-gmc-sierra-76-oe-running-boards-matte-black,2019-2024 Chevy/GMC Silverado/Sierra Double Cab OE Running Boards - Matte Black,running boards,https://stehlenauto.com/products/2019-2024-chevy-silverado-gmc-sierra-76-oe-running-boards-matte-black,P1,P1 4 gallery photo(s) show wrong vehicle
2019-2024-chevy-silverado-gmc-sierra-76-modular-steel-running-boards,2019-2024 Chevy/GMC Silverado/Sierra Extended Cab Running Boards - Steel,running boards,https://stehlenauto.com/products/2019-2024-chevy-silverado-gmc-sierra-76-modular-steel-running-boards,P1,"P1 4 gallery photo(s) show wrong vehicle | P1 third-party watermark: NITTO, ARMORFIELD, TITAN7"
2019-2024-silverado-sierra-86-oe-style-running-boards-matte-black,2019-2024 Chevrolet/GMC Silverado Sierra Crew Cab OE Running Boards,running boards,https://stehlenauto.com/products/2019-2024-silverado-sierra-86-oe-style-running-boards-matte-black,P1,P1 4 gallery photo(s) show wrong vehicle
2019-2024-chevy-silverado-gmc-sierra-86-modular-running-boards,2019-2024 Chevrolet/GMC Silverado Sierra Crew Cab Running Boards,running boards,https://stehlenauto.com/products/2019-2024-chevy-silverado-gmc-sierra-86-modular-running-boards,P1,"P1 4 gallery photo(s) show wrong vehicle | P1 third-party watermark: NITTO, ARMORFIELD, TITAN7"
2005-2022-toyota-tacoma-5-aluminum-running-boards-matte-black,"2005-2022 Toyota Tacoma Access Cab 5"" Running Boards - RBJZ",running boards,https://stehlenauto.com/products/2005-2022-toyota-tacoma-5-aluminum-running-boards-matte-black,P1,P1 part number/code in title
2005-2022-toyota-tacoma-access-cab-oe-style-running-boards-matte-black,2005-2022 Toyota Tacoma Access Cab OE Style Running Boards - RBJZ,running boards,https://stehlenauto.com/products/2005-2022-toyota-tacoma-access-cab-oe-style-running-boards-matte-black,P1,P1 part number/code in title
2005-2022-toyota-tacoma-86-aluminum-running-boards-matte-black,2005-2022 Toyota Tacoma Crew Cab Running Boards - RBJZ,running boards,https://stehlenauto.com/products/2005-2022-toyota-tacoma-86-aluminum-running-boards-matte-black,P1,P1 part number/code in title
2005-2022-toyota-tacoma-oe-style-running-boards-matte-black,2005-2022 Toyota Tacoma Crew Cab OE Style Running Boards - RBJZ,running boards,https://stehlenauto.com/products/2005-2022-toyota-tacoma-oe-style-running-boards-matte-black,P1,P1 part number/code in title
2007-2015-ford-edge-lincoln-mkx-4-side-step-bars-black,"2007-2015 Ford Edge / Lincoln MKX 4"" Side Step Bars - Black",running boards,https://stehlenauto.com/products/2007-2015-ford-edge-lincoln-mkx-4-side-step-bars-black,P1,P1 1 gallery photo(s) show wrong vehicle
2004-2008-ford-f-150-super-cab-4-oval-side-step-bars-matte-black,"2004-2008 Ford F-150 Super Cab 4"" Oval Side Step Bars - Matte Black",running boards,https://stehlenauto.com/products/2004-2008-ford-f-150-super-cab-4-oval-side-step-bars-matte-black,P1,P1 1 gallery photo(s) show wrong vehicle
2009-2014-ford-f-150-supercrew-4-step-bars-black-sbfd5003-4s,"2009-2014 Ford F-150 Crew Cab 4"" Side Step Bars - Black",running boards,https://stehlenauto.com/products/2009-2014-ford-f-150-supercrew-4-step-bars-black-sbfd5003-4s,P1,P1 1 gallery photo(s) show wrong vehicle
2009-2014-ford-f-150-supercrew-4-step-bars-matte-black,"2009-2014 Ford F-150 SuperCrew 4"" Step Bars - Matte Black",running boards,https://stehlenauto.com/products/2009-2014-ford-f-150-supercrew-4-step-bars-matte-black,P1,P1 1 gallery photo(s) show wrong vehicle
2004-2024-nissan-titan-crew-cab-4-oval-side-step-bars-matte-black,"2004-2024 Nissan Titan Crew Cab 4"" Oval Side Step Bars - Matte Black",running boards,https://stehlenauto.com/products/2004-2024-nissan-titan-crew-cab-4-oval-side-step-bars-matte-black,P1,P1 1 gallery photo(s) show wrong vehicle
2015-2018-chevy-colorado-gmc-canyon-crew-cab-modular-step-bars,2015-2022 Chevrolet Colorado/GMC Canyon Crew Cab Step Bars - Matte Black,running boards,https://stehlenauto.com/products/2015-2018-chevy-colorado-gmc-canyon-crew-cab-modular-step-bars,P1,P1 1 gallery photo(s) show wrong vehicle
2015-2018-ford-f-150-f-250-super-crew-modular-step-bars-matte-black,2015-2023 Ford F-150/Super Duty Crew Cab Modular Side Steps,running boards,https://stehlenauto.com/products/2015-2018-ford-f-150-f-250-super-crew-modular-step-bars-matte-black,P1,P1 1 gallery photo(s) show wrong vehicle
09-18-dodge-ram-1500-2500-3500-quad-cab-modular-side-step-bars,2009-2023 Dodge Ram 1500/2500/3500 Quad Cab Side Step Bars - Matte Black,running boards,https://stehlenauto.com/products/09-18-dodge-ram-1500-2500-3500-quad-cab-modular-side-step-bars,P1,P1 1 gallery photo(s) show wrong vehicle | P2 title years 2009-2023 narrower than fitment 2009-2024
2010-2018-ram-2500-3500-mega-cab-modular-drop-step-bars-matte-black,2010-2018 Dodge Ram 2500/3500 Mega Cab Modular Side Step Bars - Matte Black,running boards,https://stehlenauto.com/products/2010-2018-ram-2500-3500-mega-cab-modular-drop-step-bars-matte-black,P1,P1 1 gallery photo(s) show wrong vehicle
07-18-chevy-silverado-gmc-sierra-crew-cab-modular-step-bars-matte-black,2007-2018 Chevy/GMC Silverado/Sierra Crew Cab Modular Side Steps - Matte Black,running boards,https://stehlenauto.com/products/07-18-chevy-silverado-gmc-sierra-crew-cab-modular-step-bars-matte-black,P1,P1 1 gallery photo(s) show wrong vehicle
07-18-chevy-silverado-gmc-sierra-ext-cab-modular-step-bars-matte-black,2007-2019 Chevy/GMC Silverado/Sierra Extended Cab Modular Side Steps - Matte Black,running boards,https://stehlenauto.com/products/07-18-chevy-silverado-gmc-sierra-ext-cab-modular-step-bars-matte-black,P1,P1 1 gallery photo(s) show wrong vehicle
2019-ram-1500-crew-cab-rock-sliders-side-step-bars-texture-black,2019-2023 Dodge Ram 1500 Crew Cab Rock Slider Side Steps - Texture Black,running boards,https://stehlenauto.com/products/2019-ram-1500-crew-cab-rock-sliders-side-step-bars-texture-black,P1,P1 1 gallery photo(s) show wrong vehicle | P2 title years 2019-2023 narrower than fitment 2019-2026
2022-toyota-tundra-double-cab-rock-sliders-side-steps-texture-black,2022-2023 Toyota Tundra Double Cab Rock Sliders Side Steps - Texture Black,running boards,https://stehlenauto.com/products/2022-toyota-tundra-double-cab-rock-sliders-side-steps-texture-black,P1,P1 1 gallery photo(s) show wrong vehicle
2007-2018-jeep-wrangler-jk-4-door-modular-side-step-bars-matte-black,2007-2018 Jeep Wrangler JK 4-Door Modular Side Step Bars - Matte Black,running boards - modular steel,https://stehlenauto.com/products/2007-2018-jeep-wrangler-jk-4-door-modular-side-step-bars-matte-black,P1,P1 1 gallery photo(s) show wrong vehicle
1999-2016-ford-f-250-f-350-f-450-super-duty-6-5-ft-bed-hidden-snap-soft-roll-up-tonneau-cover,1999-2016 Ford F-250/F-350/F-450 Super Duty 6.5 Ft Bed Hidden Snap Soft Roll-Up Tonneau Cover,tonneau cover - hidden snap,https://stehlenauto.com/products/1999-2016-ford-f-250-f-350-f-450-super-duty-6-5-ft-bed-hidden-snap-soft-roll-up-tonneau-cover,P1,P1 1 gallery photo(s) show wrong vehicle | P2 title >90 chars
2009-2018-ram-1500-2019-2024-ram-1500-classic-5-7-ft-bed-hidden-snap-soft-roll-up-tonneau-cover,2009-2018 Ram 1500 & 2019-2024 Ram 1500 Classic 5.7 Ft Bed Hidden Snap Soft Roll-Up Tonneau Cover,tonneau cover - hidden snap,https://stehlenauto.com/products/2009-2018-ram-1500-2019-2024-ram-1500-classic-5-7-ft-bed-hidden-snap-soft-roll-up-tonneau-cover,P1,P1 1 gallery photo(s) show wrong vehicle | P2 title >90 chars
2005-2015-toyota-tacoma-5-ft-bed-hidden-snap-soft-roll-up-tonneau-cover,2005-2015 Toyota Tacoma 5 Ft Bed Hidden Snap Soft Roll-Up Tonneau Cover,tonneau cover - hidden snap,https://stehlenauto.com/products/2005-2015-toyota-tacoma-5-ft-bed-hidden-snap-soft-roll-up-tonneau-cover,P1,P1 1 gallery photo(s) show wrong vehicle
2005-2015-toyota-tacoma-6-ft-bed-hidden-snap-soft-roll-up-tonneau-cover,2005-2015 Toyota Tacoma 6 Ft Bed Hidden Snap Soft Roll-Up Tonneau Cover,tonneau cover - hidden snap,https://stehlenauto.com/products/2005-2015-toyota-tacoma-6-ft-bed-hidden-snap-soft-roll-up-tonneau-cover,P1,P1 1 gallery photo(s) show wrong vehicle
2017-2024-nissan-titan-5-5-ft-bed-hidden-snap-soft-roll-up-tonneau-cover,2017-2024 Nissan Titan 5.5 Ft Bed Hidden Snap Soft Roll-Up Tonneau Cover,tonneau cover - hidden snap,https://stehlenauto.com/products/2017-2024-nissan-titan-5-5-ft-bed-hidden-snap-soft-roll-up-tonneau-cover,P1,P1 1 gallery photo(s) show wrong vehicle
2000-2006-toyota-tundra-6-2-ft-bed-hidden-snap-soft-roll-up-tonneau-cover,2000-2006 Toyota Tundra 6.2 Ft Bed Hidden Snap Soft Roll-Up Tonneau Cover,tonneau cover - hidden snap,https://stehlenauto.com/products/2000-2006-toyota-tundra-6-2-ft-bed-hidden-snap-soft-roll-up-tonneau-cover,P1,P1 1 gallery photo(s) show wrong vehicle
2004-2012-ford-f-150-lincoln-mark-lt-supercrew-5-5-ft-bed-hidden-snap-soft-roll-up-tonneau-cover,2004-2012 Ford F-150 & Lincoln Mark LT SuperCrew 5.5 Ft Bed Hidden Snap Soft Roll-Up Tonneau Cover,tonneau cover - hidden snap,https://stehlenauto.com/products/2004-2012-ford-f-150-lincoln-mark-lt-supercrew-5-5-ft-bed-hidden-snap-soft-roll-up-tonneau-cover,P1,P1 1 gallery photo(s) show wrong vehicle | P2 title >90 chars
2004-2012-ford-f-150-styleside-6-5-ft-bed-hidden-snap-soft-roll-up-tonneau-cover,2004-2012 Ford F-150 Styleside 6.5 Ft Bed Hidden Snap Soft Roll-Up Tonneau Cover,tonneau cover - hidden snap,https://stehlenauto.com/products/2004-2012-ford-f-150-styleside-6-5-ft-bed-hidden-snap-soft-roll-up-tonneau-cover,P1,P1 1 gallery photo(s) show wrong vehicle
2015-2026-ford-f-150-5-5-ft-bed-hidden-snap-soft-roll-up-tonneau-cover,2015-2026 Ford F-150 5.5 Ft Bed Hidden Snap Soft Roll-Up Tonneau Cover,tonneau cover - hidden snap,https://stehlenauto.com/products/2015-2026-ford-f-150-5-5-ft-bed-hidden-snap-soft-roll-up-tonneau-cover,P1,P1 1 gallery photo(s) show wrong vehicle
2015-2026-ford-f-150-6-5-ft-bed-hidden-snap-soft-roll-up-tonneau-cover,2015-2026 Ford F-150 6.5 Ft Bed Hidden Snap Soft Roll-Up Tonneau Cover,tonneau cover - hidden snap,https://stehlenauto.com/products/2015-2026-ford-f-150-6-5-ft-bed-hidden-snap-soft-roll-up-tonneau-cover,P1,P1 1 gallery photo(s) show wrong vehicle
1997-2004-ford-f-150-f-250-styleside-6-5-ft-bed-hidden-snap-soft-roll-up-tonneau-cover,1997-2004 Ford F-150 & F-250 Styleside 6.5 Ft Bed Hidden Snap Soft Roll-Up Tonneau Cover,tonneau cover - hidden snap,https://stehlenauto.com/products/1997-2004-ford-f-150-f-250-styleside-6-5-ft-bed-hidden-snap-soft-roll-up-tonneau-cover,P1,P1 1 gallery photo(s) show wrong vehicle
2017-2022-ford-f-250-f-350-super-duty-6-75-ft-bed-hidden-snap-soft-roll-up-tonneau-cover,2017-2022 Ford F-250/F-350 Super Duty 6.75 Ft Bed Hidden Snap Soft Roll-Up Tonneau Cover,tonneau cover - hidden snap,https://stehlenauto.com/products/2017-2022-ford-f-250-f-350-super-duty-6-75-ft-bed-hidden-snap-soft-roll-up-tonneau-cover,P1,P1 1 gallery photo(s) show wrong vehicle
2002-2008-dodge-ram-1500-2003-2009-ram-2500-3500-6-5-ft-bed-hidden-snap-soft-roll-up-tonneau-cover,2002-2008 Dodge Ram 1500 & 2003-2009 Ram 2500/3500 6.5 Ft Bed Hidden Snap Soft Roll-Up Tonneau Cover,tonneau cover - hidden snap,https://stehlenauto.com/products/2002-2008-dodge-ram-1500-2003-2009-ram-2500-3500-6-5-ft-bed-hidden-snap-soft-roll-up-tonneau-cover,P1,P1 1 gallery photo(s) show wrong vehicle | P2 title >90 chars
2009-2013-ram-1500-2010-2013-ram-2500-3500-6-5-ft-bed-hidden-snap-soft-roll-up-tonneau-cover,2009-2013 Ram 1500 & 2010-2013 Ram 2500/3500 6.5 Ft Bed Hidden Snap Soft Roll-Up Tonneau Cover,tonneau cover - hidden snap,https://stehlenauto.com/products/2009-2013-ram-1500-2010-2013-ram-2500-3500-6-5-ft-bed-hidden-snap-soft-roll-up-tonneau-cover,P1,P1 1 gallery photo(s) show wrong vehicle | P2 title >90 chars
2019-2026-ram-1500-5-7-ft-bed-hidden-snap-soft-roll-up-tonneau-cover,2019-2026 Ram 1500 5.7 Ft Bed Hidden Snap Soft Roll-Up Tonneau Cover,tonneau cover - hidden snap,https://stehlenauto.com/products/2019-2026-ram-1500-5-7-ft-bed-hidden-snap-soft-roll-up-tonneau-cover,P1,P1 1 gallery photo(s) show wrong vehicle
2019-2026-ram-1500-6-4-ft-bed-hidden-snap-soft-roll-up-tonneau-cover,2019-2026 Ram 1500 6.4 Ft Bed Hidden Snap Soft Roll-Up Tonneau Cover,tonneau cover - hidden snap,https://stehlenauto.com/products/2019-2026-ram-1500-6-4-ft-bed-hidden-snap-soft-roll-up-tonneau-cover,P1,P1 1 gallery photo(s) show wrong vehicle
1994-2001-dodge-ram-1500-1994-2002-ram-2500-3500-6-5-ft-bed-hidden-snap-soft-roll-up-tonneau-cover,1994-2001 Dodge Ram 1500 & 1994-2002 Ram 2500/3500 6.5 Ft Bed Hidden Snap Soft Roll-Up Tonneau Cover,tonneau cover - hidden snap,https://stehlenauto.com/products/1994-2001-dodge-ram-1500-1994-2002-ram-2500-3500-6-5-ft-bed-hidden-snap-soft-roll-up-tonneau-cover,P1,P1 1 gallery photo(s) show wrong vehicle | P2 title >90 chars
1993-2011-ford-ranger-6-ft-bed-hidden-snap-soft-roll-up-tonneau-cover,1993-2011 Ford Ranger 6 Ft Bed Hidden Snap Soft Roll-Up Tonneau Cover,tonneau cover - hidden snap,https://stehlenauto.com/products/1993-2011-ford-ranger-6-ft-bed-hidden-snap-soft-roll-up-tonneau-cover,P1,P1 1 gallery photo(s) show wrong vehicle
2016-2023-toyota-tacoma-5-ft-bed-hidden-snap-soft-roll-up-tonneau-cover,2016-2023 Toyota Tacoma 5 Ft Bed Hidden Snap Soft Roll-Up Tonneau Cover,tonneau cover - hidden snap,https://stehlenauto.com/products/2016-2023-toyota-tacoma-5-ft-bed-hidden-snap-soft-roll-up-tonneau-cover,P1,P1 1 gallery photo(s) show wrong vehicle
1995-2004-toyota-tacoma-1989-1994-pickup-6-ft-bed-hidden-snap-soft-roll-up-tonneau-cover,1995-2004 Toyota Tacoma & 1989-1994 Pickup 6 Ft Bed Hidden Snap Soft Roll-Up Tonneau Cover,tonneau cover - hidden snap,https://stehlenauto.com/products/1995-2004-toyota-tacoma-1989-1994-pickup-6-ft-bed-hidden-snap-soft-roll-up-tonneau-cover,P1,P1 1 gallery photo(s) show wrong vehicle
2004-2012-nissan-titan-crew-cab-5-5-ft-bed-hidden-snap-soft-roll-up-tonneau-cover,2004-2012 Nissan Titan Crew Cab 5.5 Ft Bed Hidden Snap Soft Roll-Up Tonneau Cover,tonneau cover - hidden snap,https://stehlenauto.com/products/2004-2012-nissan-titan-crew-cab-5-5-ft-bed-hidden-snap-soft-roll-up-tonneau-cover,P1,P1 1 gallery photo(s) show wrong vehicle
2016-2024-nissan-titan-6-5-ft-bed-hidden-snap-soft-roll-up-tonneau-cover,2016-2024 Nissan Titan 6.5 Ft Bed Hidden Snap Soft Roll-Up Tonneau Cover,tonneau cover - hidden snap,https://stehlenauto.com/products/2016-2024-nissan-titan-6-5-ft-bed-hidden-snap-soft-roll-up-tonneau-cover,P1,P1 1 gallery photo(s) show wrong vehicle
2004-2006-toyota-tundra-double-cab-6-2-ft-bed-hidden-snap-soft-roll-up-tonneau-cover,2004-2006 Toyota Tundra Double Cab 6.2 Ft Bed Hidden Snap Soft Roll-Up Tonneau Cover,tonneau cover - hidden snap,https://stehlenauto.com/products/2004-2006-toyota-tundra-double-cab-6-2-ft-bed-hidden-snap-soft-roll-up-tonneau-cover,P1,P1 1 gallery photo(s) show wrong vehicle
1988-2000-gmc-c-k-1500-3500-6-5-roll-up-tonneau-cover-503301,1988-2000 GMC C/K 6.5 ft Bed Roll-Up Tonneau Cover,tonneau cover - lock & roll up,https://stehlenauto.com/products/1988-2000-gmc-c-k-1500-3500-6-5-roll-up-tonneau-cover-503301,P1,P1 3 gallery photo(s) show wrong vehicle
04-12-chevy-colorado-gmc-canyon-6-bed-roll-up-tonneau-cover,2004-2012 Chevy Colorado/GMC Canyon 6 ft Bed Roll-Up Tonneau Cover,tonneau cover - lock & roll up,https://stehlenauto.com/products/04-12-chevy-colorado-gmc-canyon-6-bed-roll-up-tonneau-cover,P1,P1 3 gallery photo(s) show wrong vehicle
04-12-chevy-colorado-gmc-canyon-6-roll-up-tonneau-cover-w-led-kit,2004-2012 Chevy Colorado/GMC Canyon 6 ft Bed Roll-Up Tonneau Cover w/ LED Lights,tonneau cover - lock & roll up,https://stehlenauto.com/products/04-12-chevy-colorado-gmc-canyon-6-roll-up-tonneau-cover-w-led-kit,P1,P1 3 gallery photo(s) show wrong vehicle
2015-chevy-gmc-colorado-canyon-5-bed-flush-roll-up-tonneau-cover,2015-2022 Chevrolet Colorado/GMC Canyon 5 ft Bed Tonneau Cover - Flush Roll Up,tonneau cover - lock & roll up,https://stehlenauto.com/products/2015-chevy-gmc-colorado-canyon-5-bed-flush-roll-up-tonneau-cover,P1,P1 1 gallery photo(s) show wrong vehicle
2015-2022-chevy-colorado-gmc-canyon-5-bed-roll-up-tonneau-cover,2015-2022 Chevrolet Colorado/GMC Canyon 5 ft Bed Roll-Up Tonneau Cover,tonneau cover - lock & roll up,https://stehlenauto.com/products/2015-2022-chevy-colorado-gmc-canyon-5-bed-roll-up-tonneau-cover,P1,P1 3 gallery photo(s) show wrong vehicle
2015-2022-colorado-canyon-5-roll-up-tonneau-cover-w-led-lights,2015-2022 Chevy Colorado/GMC Canyon 5 ft Bed Roll-Up Tonneau Cover w/ LED Lights,tonneau cover - lock & roll up,https://stehlenauto.com/products/2015-2022-colorado-canyon-5-roll-up-tonneau-cover-w-led-lights,P1,P1 3 gallery photo(s) show wrong vehicle
2015-2022-chevy-colorado-gmc-canyon-6-bed-roll-up-tonneau-cover,2015-2022 Chevy Colorado/GMC Canyon 6 ft Bed Roll-Up Tonneau Cover,tonneau cover - lock & roll up,https://stehlenauto.com/products/2015-2022-chevy-colorado-gmc-canyon-6-bed-roll-up-tonneau-cover,P1,P1 3 gallery photo(s) show wrong vehicle
2015-2022-colorado-canyon-6-roll-up-tonneau-cover-w-led-lights,2015-2022 Chevrolet Colorado/GMC Canyon 6 ft Bed Roll-Up Tonneau Cover with LED Lights,tonneau cover - lock & roll up,https://stehlenauto.com/products/2015-2022-colorado-canyon-6-roll-up-tonneau-cover-w-led-lights,P1,P1 3 gallery photo(s) show wrong vehicle
2023-chevy-colorado-gmc-canyon-5-bed-low-profile-roll-up-tonneau-cover,2023-2026 Chevrolet Colorado/GMC Canyon 5 ft Bed Roll-Up Tonneau Cover,tonneau cover - lock & roll up,https://stehlenauto.com/products/2023-chevy-colorado-gmc-canyon-5-bed-low-profile-roll-up-tonneau-cover,P1,P1 3 gallery photo(s) show wrong vehicle
2023-chevy-colorado-gmc-canyon-5-bed-roll-up-cover-led-light-kit,2023-2026 Chevy Colorado/GMC Canyon 5 ft Bed Roll-Up Tonneau Cover Combo,tonneau cover - lock & roll up,https://stehlenauto.com/products/2023-chevy-colorado-gmc-canyon-5-bed-roll-up-cover-led-light-kit,P1,P1 3 gallery photo(s) show wrong vehicle
2000-2004-dodge-dakota-roll-up-vinyl-tonneau-cover-5-5-bed,2000-2004 Dodge Dakota 5.5 ft Bed Roll-Up Tonneau Cover,tonneau cover - lock & roll up,https://stehlenauto.com/products/2000-2004-dodge-dakota-roll-up-vinyl-tonneau-cover-5-5-bed,P1,P1 3 gallery photo(s) show wrong vehicle
00-04-dodge-dakota-roll-up-tonneau-cover-led-bed-light-kit-5-5,2000-2004 Dodge Dakota 5.5 ft Bed Roll-Up Tonneau Cover Combo w/ LED,tonneau cover - lock & roll up,https://stehlenauto.com/products/00-04-dodge-dakota-roll-up-tonneau-cover-led-bed-light-kit-5-5,P1,P1 3 gallery photo(s) show wrong vehicle
05-11-dodge-dakota-ram-raider-6-5-roll-up-tonneau-cover,2005-2011 Dodge Dakota 6.5 ft Bed Roll-Up Tonneau Cover - Vinyl,tonneau cover - lock & roll up,https://stehlenauto.com/products/05-11-dodge-dakota-ram-raider-6-5-roll-up-tonneau-cover,P1,P1 3 gallery photo(s) show wrong vehicle
05-11-dakota-raider-6-5-roll-up-tonneau-cover-led-bed-lights,2005-2011 Dodge Dakota 6.5 ft Bed Roll-Up Tonneau Cover - Vinyl with LED Bed Lights,tonneau cover - lock & roll up,https://stehlenauto.com/products/05-11-dakota-raider-6-5-roll-up-tonneau-cover-led-bed-lights,P1,P1 3 gallery photo(s) show wrong vehicle
1997-2004-dodge-dakota-6-5-bed-roll-up-vinyl-tonneau-cover,1997-2004 Dodge Dakota 6.5 ft Bed Roll-Up Tonneau Cover,tonneau cover - lock & roll up,https://stehlenauto.com/products/1997-2004-dodge-dakota-6-5-bed-roll-up-vinyl-tonneau-cover,P1,P1 3 gallery photo(s) show wrong vehicle
1997-2004-dodge-dakota-6-5-roll-up-tonneau-cover-w-led-bed-lights,1997-2004 Dodge Dakota 6.5 ft Bed Roll-Up Tonneau Cover Combo w/ LED,tonneau cover - lock & roll up,https://stehlenauto.com/products/1997-2004-dodge-dakota-6-5-roll-up-tonneau-cover-w-led-bed-lights,P1,P1 3 gallery photo(s) show wrong vehicle
2001-2003-ford-f-150-5-5-bed-roll-up-tonneau-cover-mpn-503311,2001-2003 Ford F-150 5.5 ft Bed Roll-Up Tonneau Cover - Vinyl,tonneau cover - lock & roll up,https://stehlenauto.com/products/2001-2003-ford-f-150-5-5-bed-roll-up-tonneau-cover-mpn-503311,P1,P1 3 gallery photo(s) show wrong vehicle
2001-2003-ford-f-150-5-5-roll-up-tonneau-cover-w-led-bed-lights,2001-2003 Ford F-150 5.5 ft Bed Roll-Up Tonneau Cover w/ LED Lights,tonneau cover - lock & roll up,https://stehlenauto.com/products/2001-2003-ford-f-150-5-5-roll-up-tonneau-cover-w-led-bed-lights,P1,P1 3 gallery photo(s) show wrong vehicle
2004-2014-ford-f-150-5-5-bed-flush-roll-up-tonneau-cover,2004-2014 Ford F-150 5.5 ft Bed Flush Roll Up Tonneau Cover,tonneau cover - lock & roll up,https://stehlenauto.com/products/2004-2014-ford-f-150-5-5-bed-flush-roll-up-tonneau-cover,P1,P1 1 gallery photo(s) show wrong vehicle
04-14-ford-f-150-lincoln-mark-lt-5-5-roll-up-tonneau-cover,2004-2014 Ford F-150 5.5 ft Bed Roll-Up Tonneau Cover - 503321,tonneau cover - lock & roll up,https://stehlenauto.com/products/04-14-ford-f-150-lincoln-mark-lt-5-5-roll-up-tonneau-cover,P1,P1 3 gallery photo(s) show wrong vehicle | P1 part number/code in title
04-14-ford-f-150-5-5-roll-up-tonneau-cover-w-led-bed-lights,2004-2014 Ford F-150/Lincoln Mark LT 5.5 ft Bed Tonneau Cover + LED Kit,tonneau cover - lock & roll up,https://stehlenauto.com/products/04-14-ford-f-150-5-5-roll-up-tonneau-cover-w-led-bed-lights,P1,P1 3 gallery photo(s) show wrong vehicle
2004-2014-ford-f-150-6-5-roll-up-tonneau-cover-mpn-503309,2004-2014 Ford F-150 6.5 ft Bed Roll-Up Tonneau Cover,tonneau cover - lock & roll up,https://stehlenauto.com/products/2004-2014-ford-f-150-6-5-roll-up-tonneau-cover-mpn-503309,P1,P1 3 gallery photo(s) show wrong vehicle
04-14-ford-f-150-6-5-roll-up-tonneau-cover-w-led-bed-lights,2004-2014 Ford F-150 6.5 ft Bed Roll-Up Tonneau Cover w/ LED Lights,tonneau cover - lock & roll up,https://stehlenauto.com/products/04-14-ford-f-150-6-5-roll-up-tonneau-cover-w-led-bed-lights,P1,P1 3 gallery photo(s) show wrong vehicle
2015-2024-ford-f-150-5-5-bed-soft-roll-up-tonneau-cover-503362,2015-2024 Ford F-150 5.5 ft Bed Soft Roll-Up Tonneau Cover,tonneau cover - lock & roll up,https://stehlenauto.com/products/2015-2024-ford-f-150-5-5-bed-soft-roll-up-tonneau-cover-503362,P1,P1 3 gallery photo(s) show wrong vehicle | P2 title years 2015-2024 narrower than fitment 2015-2026
2015-2024-ford-f-150-5-5-tonneau-cover-with-led-bed-lights,2015-2024 Ford F-150 5.5 ft Bed Roll Up Tonneau Cover w/ LED Lights,tonneau cover - lock & roll up,https://stehlenauto.com/products/2015-2024-ford-f-150-5-5-tonneau-cover-with-led-bed-lights,P1,P1 3 gallery photo(s) show wrong vehicle | P2 title years 2015-2024 narrower than fitment 2015-2026
2015-2024-ford-f-150-6-5-bed-soft-roll-up-tonneau-cover-503363,2015-2024 Ford F-150 6.5 ft Bed Soft Roll-Up Tonneau Cover,tonneau cover - lock & roll up,https://stehlenauto.com/products/2015-2024-ford-f-150-6-5-bed-soft-roll-up-tonneau-cover-503363,P1,P1 3 gallery photo(s) show wrong vehicle | P2 title years 2015-2024 narrower than fitment 2015-2026
2015-2024-ford-f-150-6-5-tonneau-cover-with-led-bed-lights,2015-2024 Ford F-150 6.5 ft Bed Tonneau Cover w/ LED Lights,tonneau cover - lock & roll up,https://stehlenauto.com/products/2015-2024-ford-f-150-6-5-tonneau-cover-with-led-bed-lights,P1,P1 3 gallery photo(s) show wrong vehicle | P2 title years 2015-2024 narrower than fitment 2015-2026
2015-2024-ford-f-150-8ft-bed-soft-roll-up-tonneau-cover-503368,2015-2024 Ford F-150 8 ft Bed Soft Roll-Up Tonneau Cover,tonneau cover - lock & roll up,https://stehlenauto.com/products/2015-2024-ford-f-150-8ft-bed-soft-roll-up-tonneau-cover-503368,P1,P1 3 gallery photo(s) show wrong vehicle | P2 title years 2015-2024 narrower than fitment 2015-2026
2015-2024-ford-f-150-8-bed-roll-up-tonneau-cover-w-led-lights,2015-2024 Ford F-150 8 ft Bed Soft Roll-Up Tonneau Cover w/ LED Lights,tonneau cover - lock & roll up,https://stehlenauto.com/products/2015-2024-ford-f-150-8-bed-roll-up-tonneau-cover-w-led-lights,P1,P1 3 gallery photo(s) show wrong vehicle | P2 title years 2015-2024 narrower than fitment 2015-2026
2022-ford-f-150-lightning-5-7ft-bed-tonneau-cover-lock-roll-up,2022-2026 Ford F-150 Lightning 5.5 ft Bed Tonneau Cover - Lock & Roll-Up,tonneau cover - lock & roll up,https://stehlenauto.com/products/2022-ford-f-150-lightning-5-7ft-bed-tonneau-cover-lock-roll-up,P1,P1 3 gallery photo(s) show wrong vehicle
2022-ford-f-150-lightning-5-7-bed-tonneau-cover-w-led-lights,2022-2026 Ford F-150 Lightning 5.5 ft Bed Tonneau Cover Combo,tonneau cover - lock & roll up,https://stehlenauto.com/products/2022-ford-f-150-lightning-5-7-bed-tonneau-cover-w-led-lights,P1,P1 2 gallery photo(s) show wrong vehicle
1997-2004-ford-f-150-f-250-6-5-bed-roll-up-tonneau-cover-503306,1997-2004 Ford F-150 6.5 ft Bed Roll-Up Tonneau Cover - MPN 503306,tonneau cover - lock & roll up,https://stehlenauto.com/products/1997-2004-ford-f-150-f-250-6-5-bed-roll-up-tonneau-cover-503306,P1,P1 3 gallery photo(s) show wrong vehicle | P1 part number/code in title
1997-2004-ford-f-150-roll-up-tonneau-cover-w-led-bed-lights,1997-2004 Ford F-150 6.5 ft Bed Roll-Up Tonneau Cover w/ LED Lights,tonneau cover - lock & roll up,https://stehlenauto.com/products/1997-2004-ford-f-150-roll-up-tonneau-cover-w-led-bed-lights,P1,P1 3 gallery photo(s) show wrong vehicle
1999-2016-ford-super-duty-6-5-roll-up-tonneau-cover-503308,1999-2016 Ford Super Duty 6.5 ft Bed Roll-Up Tonneau Cover,tonneau cover - lock & roll up,https://stehlenauto.com/products/1999-2016-ford-super-duty-6-5-roll-up-tonneau-cover-503308,P1,P1 3 gallery photo(s) show wrong vehicle
99-16-ford-super-duty-6-5-roll-up-tonneau-cover-w-led-bed-lights,1999-2016 Ford Super Duty 6.5 ft Bed Roll Up Tonneau Cover w/ LED Kit,tonneau cover - lock & roll up,https://stehlenauto.com/products/99-16-ford-super-duty-6-5-roll-up-tonneau-cover-w-led-bed-lights,P1,P1 3 gallery photo(s) show wrong vehicle
05-21-nissan-frontier-5-bed-roll-up-tonneau-cover-503340,2005-2021 Nissan Frontier 5 ft Bed Roll-Up Tonneau Cover,tonneau cover - lock & roll up,https://stehlenauto.com/products/05-21-nissan-frontier-5-bed-roll-up-tonneau-cover-503340,P1,P1 2 gallery photo(s) show wrong vehicle
05-21-nissan-frontier-5-roll-up-tonneau-cover-led-bed-lights,2005-2021 Nissan Frontier 5 ft Bed Roll Up Tonneau Cover + LED Kit,tonneau cover - lock & roll up,https://stehlenauto.com/products/05-21-nissan-frontier-5-roll-up-tonneau-cover-led-bed-lights,P1,P1 3 gallery photo(s) show wrong vehicle
05-21-nissan-frontier-6-bed-roll-up-vinyl-tonneau-cover-503341,2005-2021 Nissan Frontier 6 ft Bed Roll-Up Tonneau Cover,tonneau cover - lock & roll up,https://stehlenauto.com/products/05-21-nissan-frontier-6-bed-roll-up-vinyl-tonneau-cover-503341,P1,P1 3 gallery photo(s) show wrong vehicle
05-21-nissan-frontier-6-roll-up-tonneau-cover-with-led-bed-lights,2005-2021 Nissan Frontier 6 ft Bed Roll Up Tonneau Cover w/ LED Kit,tonneau cover - lock & roll up,https://stehlenauto.com/products/05-21-nissan-frontier-6-roll-up-tonneau-cover-with-led-bed-lights,P1,P1 3 gallery photo(s) show wrong vehicle
2022-nissan-frontier-5ft-bed-soft-roll-up-tonneau-cover-5033110,2022-2026 Nissan Frontier 5 ft Bed Tonneau Cover - Lock & Roll-Up,tonneau cover - lock & roll up,https://stehlenauto.com/products/2022-nissan-frontier-5ft-bed-soft-roll-up-tonneau-cover-5033110,P1,P1 3 gallery photo(s) show wrong vehicle
2022-2023-nissan-frontier-5ft-bed-roll-up-tonneau-cover-w-led-lights,2022-2026 Nissan Frontier 5 ft Bed Roll-Up Tonneau Cover Combo w/ LED Lights,tonneau cover - lock & roll up,https://stehlenauto.com/products/2022-2023-nissan-frontier-5ft-bed-roll-up-tonneau-cover-w-led-lights,P1,P1 2 gallery photo(s) show wrong vehicle
2022-ford-maverick-4-6ft-bed-soft-roll-up-tonneau-cover-5033115,2022-2024 Ford Maverick 4.5 ft Bed Tonneau Cover - Lock & Roll-Up,tonneau cover - lock & roll up,https://stehlenauto.com/products/2022-ford-maverick-4-6ft-bed-soft-roll-up-tonneau-cover-5033115,P1,P1 3 gallery photo(s) show wrong vehicle
2022-ford-maverick-4-6ft-tonneau-cover-led-light-combo-kit,2022-2024 Ford Maverick 4.5 ft Bed Tonneau Cover & LED Light Kit,tonneau cover - lock & roll up,https://stehlenauto.com/products/2022-ford-maverick-4-6ft-tonneau-cover-led-light-combo-kit,P1,P1 3 gallery photo(s) show wrong vehicle
02-08-dodge-ram-1500-6-5-bed-flush-roll-up-tonneau-cover-133304,2002-2009 Dodge Ram 1500/2500/3500 6.5 ft Bed Flush Roll-Up Tonneau Cover,tonneau cover - lock & roll up,https://stehlenauto.com/products/02-08-dodge-ram-1500-6-5-bed-flush-roll-up-tonneau-cover-133304,P1,P1 1 gallery photo(s) show wrong vehicle
02-09-dodge-ram-1500-2500-3500-roll-up-tonneau-cover-6-5-bed,2002-2009 Dodge Ram 1500/2500/3500 6.5 ft Bed Lock & Roll-Up Tonneau Cover,tonneau cover - lock & roll up,https://stehlenauto.com/products/02-09-dodge-ram-1500-2500-3500-roll-up-tonneau-cover-6-5-bed,P1,P1 3 gallery photo(s) show wrong vehicle
02-09-dodge-ram-1500-2500-3500-6-5-roll-up-tonneau-cover-w-led,2002-2009 Dodge Ram 1500/2500/3500 6.5 ft Bed Tonneau Cover & LED Kit,tonneau cover - lock & roll up,https://stehlenauto.com/products/02-09-dodge-ram-1500-2500-3500-6-5-roll-up-tonneau-cover-w-led,P1,P1 3 gallery photo(s) show wrong vehicle
09-22-ram-1500-5-7-bed-roll-up-vinyl-tonneau-cover-503353,2009-2022 Dodge Ram 1500/2500/3500 5.7 ft Bed Roll-Up Tonneau Cover,tonneau cover - lock & roll up,https://stehlenauto.com/products/09-22-ram-1500-5-7-bed-roll-up-vinyl-tonneau-cover-503353,P1,P1 2 gallery photo(s) show wrong vehicle | P2 title years 2009-2022 narrower than fitment 2009-2024
09-22-ram-1500-roll-up-tonneau-cover-w-led-bed-lights-5-7-bed,2009-2022 Dodge Ram 1500 5.7 ft Bed Roll-Up Tonneau Cover w/ LED Lights,tonneau cover - lock & roll up,https://stehlenauto.com/products/09-22-ram-1500-roll-up-tonneau-cover-w-led-bed-lights-5-7-bed,P1,P1 2 gallery photo(s) show wrong vehicle | P2 title years 2009-2022 narrower than fitment 2009-2024
09-22-dodge-ram-1500-2500-3500-6-4-roll-up-tonneau-cover,2009-2022 Dodge Ram 1500/2500/3500 6.4 ft Bed Roll-Up Tonneau Cover,tonneau cover - lock & roll up,https://stehlenauto.com/products/09-22-dodge-ram-1500-2500-3500-6-4-roll-up-tonneau-cover,P1,P1 2 gallery photo(s) show wrong vehicle | P2 title years 2009-2022 narrower than fitment 2009-2024
09-22-ram-1500-2500-3500-roll-up-tonneau-cover-w-led-bed-lights,2009-2022 Dodge Ram 1500/2500/3500 6.4 ft Bed Roll-Up Tonneau Cover with LED Lights Combo,tonneau cover - lock & roll up,https://stehlenauto.com/products/09-22-ram-1500-2500-3500-roll-up-tonneau-cover-w-led-bed-lights,P1,P1 2 gallery photo(s) show wrong vehicle | P2 title years 2009-2022 narrower than fitment 2009-2024
2019-2024-ram-1500-5-7ft-bed-lock-roll-up-tonneau-cover,2019-2024 Dodge Ram 1500 5.7 ft Bed Roll-Up Tonneau Cover,tonneau cover - lock & roll up,https://stehlenauto.com/products/2019-2024-ram-1500-5-7ft-bed-lock-roll-up-tonneau-cover,P1,P1 2 gallery photo(s) show wrong vehicle | P2 title years 2019-2024 narrower than fitment 2019-2026
2019-2024-ram-1500-tonneau-cover-led-light-combo-5-7ft-bed,2019-2024 Dodge Ram 1500 5.7 ft Bed Tonneau Cover & LED Kit - Roll Up,tonneau cover - lock & roll up,https://stehlenauto.com/products/2019-2024-ram-1500-tonneau-cover-led-light-combo-5-7ft-bed,P1,P1 2 gallery photo(s) show wrong vehicle | P2 title years 2019-2024 narrower than fitment 2019-2026
2019-2024-ram-1500-lock-roll-up-tonneau-cover-6-4-ft-bed,2019-2024 Dodge Ram 1500 6.4 ft Bed Roll-Up Tonneau Cover,tonneau cover - lock & roll up,https://stehlenauto.com/products/2019-2024-ram-1500-lock-roll-up-tonneau-cover-6-4-ft-bed,P1,P1 2 gallery photo(s) show wrong vehicle | P2 title years 2019-2024 narrower than fitment 2019-2026
2019-2024-ram-1500-tonneau-cover-led-bed-light-kit-6-4-ft,2019-2024 Dodge Ram 1500 6.4 ft Bed Tonneau Cover w/ LED Lights,tonneau cover - lock & roll up,https://stehlenauto.com/products/2019-2024-ram-1500-tonneau-cover-led-bed-light-kit-6-4-ft,P1,P1 2 gallery photo(s) show wrong vehicle | P2 title years 2019-2024 narrower than fitment 2019-2026
1994-2002-dodge-ram-1500-2500-3500-roll-up-tonneau-cover-6-5-bed,1994-2002 Dodge Ram 1500/2500/3500 6.5 ft Bed Roll-Up Tonneau Cover,tonneau cover - lock & roll up,https://stehlenauto.com/products/1994-2002-dodge-ram-1500-2500-3500-roll-up-tonneau-cover-6-5-bed,P1,P1 3 gallery photo(s) show wrong vehicle
94-02-dodge-ram-1500-2500-3500-6-5-tonneau-cover-led-lights,1994-2002 Dodge Ram 6.5 ft Bed Roll Up Tonneau Cover + LED Light Kit,tonneau cover - lock & roll up,https://stehlenauto.com/products/94-02-dodge-ram-1500-2500-3500-6-5-tonneau-cover-led-lights,P1,P1 3 gallery photo(s) show wrong vehicle
2019-ford-ranger-5-bed-flush-roll-up-vinyl-tonneau-cover,2019-2023 Ford Ranger 5 ft Bed Flush Roll-Up Tonneau Cover,tonneau cover - lock & roll up,https://stehlenauto.com/products/2019-ford-ranger-5-bed-flush-roll-up-vinyl-tonneau-cover,P1,P1 1 gallery photo(s) show wrong vehicle
2019-ford-ranger-6-bed-flush-roll-up-vinyl-tonneau-cover,2019-2023 Ford Ranger 6 ft Bed Flush Roll-Up Tonneau Cover,tonneau cover - lock & roll up,https://stehlenauto.com/products/2019-ford-ranger-6-bed-flush-roll-up-vinyl-tonneau-cover,P1,P1 1 gallery photo(s) show wrong vehicle
1983-2011-ford-ranger-mazda-b-series-6-roll-up-tonneau-cover,1983-2011 Ford Ranger 6 ft Bed Roll-Up Tonneau Cover,tonneau cover - lock & roll up,https://stehlenauto.com/products/1983-2011-ford-ranger-mazda-b-series-6-roll-up-tonneau-cover,P1,P1 3 gallery photo(s) show wrong vehicle
roll-up-tonneau-cover-w-led-bed-lights-6-bed-ranger-b-series,1983-2011 Ford Ranger 6 ft Bed Roll-Up Tonneau Cover Combo w/ LED,tonneau cover - lock & roll up,https://stehlenauto.com/products/roll-up-tonneau-cover-w-led-bed-lights-6-bed-ranger-b-series,P1,P1 3 gallery photo(s) show wrong vehicle
1982-1993-chevy-s10-gmc-s15-sonoma-6-bed-roll-up-tonneau-cover,1982-1993 Chevy/GMC S10/S15/Sonoma 6 ft Bed Tonneau Cover - Roll-Up,tonneau cover - lock & roll up,https://stehlenauto.com/products/1982-1993-chevy-s10-gmc-s15-sonoma-6-bed-roll-up-tonneau-cover,P1,P1 3 gallery photo(s) show wrong vehicle
82-93-chevy-s10-gmc-s15-sonoma-6-roll-up-tonneau-cover-led-kit,1982-1993 Chevy/GMC S10 S15 Sonoma 6 ft Bed Roll-Up Tonneau Cover,tonneau cover - lock & roll up,https://stehlenauto.com/products/82-93-chevy-s10-gmc-s15-sonoma-6-roll-up-tonneau-cover-led-kit,P1,P1 3 gallery photo(s) show wrong vehicle
1994-2003-gmc-sonoma-isuzu-hombre-6-roll-up-tonneau-cover,1994-2003 GMC Sonoma / Isuzu Hombre 6 ft Bed Roll-Up Tonneau Cover,tonneau cover - lock & roll up,https://stehlenauto.com/products/1994-2003-gmc-sonoma-isuzu-hombre-6-roll-up-tonneau-cover,P1,P1 3 gallery photo(s) show wrong vehicle
94-03-chevy-s10-gmc-sonoma-6-roll-up-tonneau-cover-led-lights,1994-2003 Chevy S10/GMC Sonoma 6 ft Bed Roll-Up Tonneau Cover,tonneau cover - lock & roll up,https://stehlenauto.com/products/94-03-chevy-s10-gmc-sonoma-6-roll-up-tonneau-cover-led-lights,P1,P1 3 gallery photo(s) show wrong vehicle
04-07-chevy-silverado-gmc-sierra-5-8-roll-up-tonneau-cover,2004-2007 Chevy/GMC Silverado/Sierra 5.8 ft Bed Roll-Up Tonneau Cover,tonneau cover - lock & roll up,https://stehlenauto.com/products/04-07-chevy-silverado-gmc-sierra-5-8-roll-up-tonneau-cover,P1,P1 3 gallery photo(s) show wrong vehicle
04-07-chevy-silverado-gmc-sierra-5-8-roll-up-tonneau-cover-led-kit,2004-2007 Chevy/GMC Silverado/Sierra 5.8 ft Bed Roll-Up Tonneau Cover w/ LED Lights,tonneau cover - lock & roll up,https://stehlenauto.com/products/04-07-chevy-silverado-gmc-sierra-5-8-roll-up-tonneau-cover-led-kit,P1,P1 3 gallery photo(s) show wrong vehicle
07-14-chevy-silverado-gmc-sierra-5-8-roll-up-tonneau-cover,2007-2014 Chevy/GMC Silverado/Sierra 5.8 ft Bed Roll-Up Tonneau Cover,tonneau cover - lock & roll up,https://stehlenauto.com/products/07-14-chevy-silverado-gmc-sierra-5-8-roll-up-tonneau-cover,P1,P1 3 gallery photo(s) show wrong vehicle
07-14-silverado-sierra-5-8-roll-up-tonneau-cover-w-led-lights,2007-2014 Chevy/GMC Silverado/Sierra 5.8 ft Bed Roll-Up Tonneau Cover w/ LED Kit,tonneau cover - lock & roll up,https://stehlenauto.com/products/07-14-silverado-sierra-5-8-roll-up-tonneau-cover-w-led-lights,P1,P1 3 gallery photo(s) show wrong vehicle
07-14-chevy-silverado-gmc-sierra-6-5-roll-up-tonneau-cover,2007-2014 Chevy/GMC Silverado/Sierra 6.5 ft Bed Roll-Up Tonneau Cover,tonneau cover - lock & roll up,https://stehlenauto.com/products/07-14-chevy-silverado-gmc-sierra-6-5-roll-up-tonneau-cover,P1,P1 3 gallery photo(s) show wrong vehicle
07-14-silverado-sierra-6-5-roll-up-tonneau-cover-led-bed-lights,2007-2014 Chevy/GMC Silverado/Sierra 6.5 ft Bed Roll-Up Tonneau Cover w/ LED Kit,tonneau cover - lock & roll up,https://stehlenauto.com/products/07-14-silverado-sierra-6-5-roll-up-tonneau-cover-led-bed-lights,P1,P1 3 gallery photo(s) show wrong vehicle
2014-2018-chevy-silverado-gmc-sierra-5-8-flush-roll-up-tonneau-cover,2014-2018 Chevy Silverado/GMC Sierra 5.8 ft Bed Flush Roll-Up Tonneau Cover,tonneau cover - lock & roll up,https://stehlenauto.com/products/2014-2018-chevy-silverado-gmc-sierra-5-8-flush-roll-up-tonneau-cover,P1,P1 1 gallery photo(s) show wrong vehicle
2014-2018-gmc-sierra-5-8-roll-up-vinyl-tonneau-cover-503360,2014-2018 GMC Sierra 5.8 ft Bed Roll-Up Tonneau Cover - 503360,tonneau cover - lock & roll up,https://stehlenauto.com/products/2014-2018-gmc-sierra-5-8-roll-up-vinyl-tonneau-cover-503360,P1,P1 3 gallery photo(s) show wrong vehicle | P1 part number/code in title
2014-2018-gmc-sierra-5-8-roll-up-tonneau-cover-w-led-bed-lights,2014-2018 GMC Sierra 5.8 ft Bed Tonneau Cover & LED Light Kit,tonneau cover - lock & roll up,https://stehlenauto.com/products/2014-2018-gmc-sierra-5-8-roll-up-tonneau-cover-w-led-bed-lights,P1,P1 3 gallery photo(s) show wrong vehicle
2014-2019-gmc-sierra-6-5-roll-up-vinyl-tonneau-cover-503361,2014-2019 GMC Sierra 6.5 ft Bed Roll-Up Tonneau Cover,tonneau cover - lock & roll up,https://stehlenauto.com/products/2014-2019-gmc-sierra-6-5-roll-up-vinyl-tonneau-cover-503361,P1,P1 3 gallery photo(s) show wrong vehicle
2014-2019-gmc-sierra-6-5-roll-up-tonneau-cover-w-led-bed-lights,2014-2019 GMC Sierra 6.5 ft Bed Roll-Up Tonneau Cover w/ LED Lights,tonneau cover - lock & roll up,https://stehlenauto.com/products/2014-2019-gmc-sierra-6-5-roll-up-tonneau-cover-w-led-bed-lights,P1,P1 3 gallery photo(s) show wrong vehicle
2019-chevy-silverado-gmc-sierra-1500-5-8-flush-roll-up-tonneau-cover,2019-2026 Chevy/GMC Silverado/Sierra 1500 5.8 ft Bed Tonneau Cover,tonneau cover - lock & roll up,https://stehlenauto.com/products/2019-chevy-silverado-gmc-sierra-1500-5-8-flush-roll-up-tonneau-cover,P1,P1 1 gallery photo(s) show wrong vehicle
2019-chevy-silverado-gmc-sierra-1500-6-5-flush-roll-up-tonneau-cover,2019-2026 Chevy/GMC Silverado/Sierra 1500 6.6 ft Bed Flush Roll-Up Tonneau Cover,tonneau cover - lock & roll up,https://stehlenauto.com/products/2019-chevy-silverado-gmc-sierra-1500-6-5-flush-roll-up-tonneau-cover,P1,P1 1 gallery photo(s) show wrong vehicle
99-07-chevy-silverado-gmc-sierra-6-5-roll-up-tonneau-cover,1999-2007 Chevrolet/GMC Silverado/Sierra 6.5 ft Bed Roll-Up Tonneau Cover,tonneau cover - lock & roll up,https://stehlenauto.com/products/99-07-chevy-silverado-gmc-sierra-6-5-roll-up-tonneau-cover,P1,P1 3 gallery photo(s) show wrong vehicle
99-07-chevy-silverado-gmc-sierra-6-5-roll-up-tonneau-cover-w-led,1999-2007 Chevy/GMC Silverado/Sierra 6.5 ft Bed Roll-Up Tonneau Cover w/ LED Kit,tonneau cover - lock & roll up,https://stehlenauto.com/products/99-07-chevy-silverado-gmc-sierra-6-5-roll-up-tonneau-cover-w-led,P1,P1 3 gallery photo(s) show wrong vehicle
2004-2015-nissan-titan-5-5-roll-up-vinyl-tonneau-cover,2004-2015 Nissan Titan 5.5 ft Bed Roll-Up Tonneau Cover,tonneau cover - lock & roll up,https://stehlenauto.com/products/2004-2015-nissan-titan-5-5-roll-up-vinyl-tonneau-cover,P1,P1 3 gallery photo(s) show wrong vehicle
04-15-nissan-titan-5-5-roll-up-tonneau-cover-w-led-bed-lights,2004-2015 Nissan Titan 5.5 ft Bed Roll-Up Tonneau Cover w/ LED Lights,tonneau cover - lock & roll up,https://stehlenauto.com/products/04-15-nissan-titan-5-5-roll-up-tonneau-cover-w-led-bed-lights,P1,P1 3 gallery photo(s) show wrong vehicle
2004-2015-nissan-titan-6-5-bed-roll-up-vinyl-tonneau-cover,2004-2015 Nissan Titan 6.5 ft Bed Roll-Up Tonneau Cover,tonneau cover - lock & roll up,https://stehlenauto.com/products/2004-2015-nissan-titan-6-5-bed-roll-up-vinyl-tonneau-cover,P1,P1 3 gallery photo(s) show wrong vehicle
2004-2015-nissan-titan-6-5-roll-up-tonneau-cover-w-led-bed-lights,2004-2015 Nissan Titan 6.5 ft Bed Roll-Up Tonneau Cover w/ LED Lights,tonneau cover - lock & roll up,https://stehlenauto.com/products/2004-2015-nissan-titan-6-5-roll-up-tonneau-cover-w-led-bed-lights,P1,P1 3 gallery photo(s) show wrong vehicle
2016-nissan-titan-5-5-bed-flush-roll-up-vinyl-tonneau-cover,2017-2024 Nissan Titan 5.5 ft Bed Flush Roll-Up Tonneau Cover,tonneau cover - lock & roll up,https://stehlenauto.com/products/2016-nissan-titan-5-5-bed-flush-roll-up-vinyl-tonneau-cover,P1,P1 1 gallery photo(s) show wrong vehicle
2017-2024-nissan-titan-5-5-soft-roll-up-tonneau-cover-503334,2017-2024 Nissan Titan 5.5 ft Bed Soft Roll-Up Tonneau Cover,tonneau cover - lock & roll up,https://stehlenauto.com/products/2017-2024-nissan-titan-5-5-soft-roll-up-tonneau-cover-503334,P1,P1 3 gallery photo(s) show wrong vehicle
2017-2024-nissan-titan-5-5-soft-roll-up-tonneau-cover-led-kit,2017-2024 Nissan Titan 5.5 ft Bed Soft Roll-Up Tonneau Cover Combo,tonneau cover - lock & roll up,https://stehlenauto.com/products/2017-2024-nissan-titan-5-5-soft-roll-up-tonneau-cover-led-kit,P1,P1 3 gallery photo(s) show wrong vehicle
2016-2024-nissan-titan-6-5-soft-roll-up-tonneau-cover-503330,2016-2024 Nissan Titan 6.5 ft Bed Soft Roll-Up Tonneau Cover,tonneau cover - lock & roll up,https://stehlenauto.com/products/2016-2024-nissan-titan-6-5-soft-roll-up-tonneau-cover-503330,P1,P1 3 gallery photo(s) show wrong vehicle
2016-2024-nissan-titan-6-5-soft-roll-up-cover-led-light-kit,2016-2024 Nissan Titan 6.5 ft Bed Soft Roll-Up Tonneau Cover Combo,tonneau cover - lock & roll up,https://stehlenauto.com/products/2016-2024-nissan-titan-6-5-soft-roll-up-cover-led-light-kit,P1,P1 3 gallery photo(s) show wrong vehicle
2004-2006-toyota-tundra-6-5-bed-roll-up-tonneau-cover-503325,2004-2006 Toyota Tundra 6.2 ft Bed Roll-Up Tonneau Cover - 503325,tonneau cover - lock & roll up,https://stehlenauto.com/products/2004-2006-toyota-tundra-6-5-bed-roll-up-tonneau-cover-503325,P1,P1 part number/code in title
2022-2026-nissan-frontier-6-ft-bed-lock-roll-up-tonneau-cover,2022-2026 Nissan Frontier 6 Ft Bed Lock & Roll-Up Tonneau Cover,tonneau cover - lock & roll up,https://stehlenauto.com/products/2022-2026-nissan-frontier-6-ft-bed-lock-roll-up-tonneau-cover,P1,P1 1 gallery photo(s) show wrong vehicle
2020-2026-jeep-gladiator-5-ft-bed-lock-roll-up-tonneau-cover,2020-2026 Jeep Gladiator 5 Ft Bed Lock & Roll-Up Tonneau Cover,tonneau cover - lock & roll up,https://stehlenauto.com/products/2020-2026-jeep-gladiator-5-ft-bed-lock-roll-up-tonneau-cover,P1,P1 1 gallery photo(s) show wrong vehicle
2019-2026-chevrolet-silverado-1500-gmc-sierra-1500-5-8-ft-bed-lock-roll-up-tonneau-cover,2019-2026 Chevrolet Silverado 1500 & GMC Sierra 1500 5.8 Ft Bed Lock & Roll-Up Tonneau Cover,tonneau cover - lock & roll up,https://stehlenauto.com/products/2019-2026-chevrolet-silverado-1500-gmc-sierra-1500-5-8-ft-bed-lock-roll-up-tonneau-cover,P1,P1 1 gallery photo(s) show wrong vehicle | P2 title >90 chars
2019-2026-chevrolet-silverado-1500-gmc-sierra-1500-6-6-ft-bed-lock-roll-up-tonneau-cover,2019-2026 Chevrolet Silverado 1500 & GMC Sierra 1500 6.6 Ft Bed Lock & Roll-Up Tonneau Cover,tonneau cover - lock & roll up,https://stehlenauto.com/products/2019-2026-chevrolet-silverado-1500-gmc-sierra-1500-6-6-ft-bed-lock-roll-up-tonneau-cover,P1,P1 1 gallery photo(s) show wrong vehicle | P2 title >90 chars
2020-2026-chevrolet-silverado-gmc-sierra-2500-3500-hd-6-9-ft-bed-lock-roll-up-tonneau-cover,2020-2026 Chevrolet Silverado & GMC Sierra 2500/3500 HD 6.9 Ft Bed Lock & Roll-Up Tonneau Cover,tonneau cover - lock & roll up,https://stehlenauto.com/products/2020-2026-chevrolet-silverado-gmc-sierra-2500-3500-hd-6-9-ft-bed-lock-roll-up-tonneau-cover,P1,P1 1 gallery photo(s) show wrong vehicle | P2 title >90 chars
2024-2026-toyota-tacoma-6-ft-bed-lock-roll-up-tonneau-cover,2024-2026 Toyota Tacoma 6 Ft Bed Lock & Roll-Up Tonneau Cover,tonneau cover - lock & roll up,https://stehlenauto.com/products/2024-2026-toyota-tacoma-6-ft-bed-lock-roll-up-tonneau-cover,P1,P1 1 gallery photo(s) show wrong vehicle
2000-2006-toyota-tundra-6-2-ft-bed-lock-roll-up-tonneau-cover,2000-2006 Toyota Tundra 6.2 Ft Bed Lock & Roll-Up Tonneau Cover,tonneau cover - lock & roll up,https://stehlenauto.com/products/2000-2006-toyota-tundra-6-2-ft-bed-lock-roll-up-tonneau-cover,P1,P1 1 gallery photo(s) show wrong vehicle
2022-2026-toyota-tundra-6-5-ft-bed-lock-roll-up-tonneau-cover,2022-2026 Toyota Tundra 6.5 Ft Bed Lock & Roll-Up Tonneau Cover,tonneau cover - lock & roll up,https://stehlenauto.com/products/2022-2026-toyota-tundra-6-5-ft-bed-lock-roll-up-tonneau-cover,P1,P1 1 gallery photo(s) show wrong vehicle
2017-2026-honda-ridgeline-5-3-ft-bed-lock-roll-up-tonneau-cover,2017-2026 Honda Ridgeline 5.3 Ft Bed Lock & Roll-Up Tonneau Cover,tonneau cover - lock & roll up,https://stehlenauto.com/products/2017-2026-honda-ridgeline-5-3-ft-bed-lock-roll-up-tonneau-cover,P1,P1 1 gallery photo(s) show wrong vehicle
2005-2015-toyota-tacoma-6-ft-bed-lock-roll-up-tonneau-cover,2005-2015 Toyota Tacoma 6 Ft Bed Lock & Roll-Up Tonneau Cover,tonneau cover - lock & roll up,https://stehlenauto.com/products/2005-2015-toyota-tacoma-6-ft-bed-lock-roll-up-tonneau-cover,P1,P1 1 gallery photo(s) show wrong vehicle
2022-2026-toyota-tundra-5-5-ft-bed-lock-roll-up-tonneau-cover,2022-2026 Toyota Tundra 5.5 Ft Bed Lock & Roll-Up Tonneau Cover,tonneau cover - lock & roll up,https://stehlenauto.com/products/2022-2026-toyota-tundra-5-5-ft-bed-lock-roll-up-tonneau-cover,P1,P1 1 gallery photo(s) show wrong vehicle
2004-2014-chevy-colorado-gmc-canyon-6-bed-hard-tri-fold-tonneau-cover,2004-2012 Chevy Colorado/GMC Canyon 6 ft Bed Tonneau Cover,tonneau cover - tri-fold,https://stehlenauto.com/products/2004-2014-chevy-colorado-gmc-canyon-6-bed-hard-tri-fold-tonneau-cover,P1,P1 5 gallery photo(s) show wrong vehicle
04-14-chevy-colorado-gmc-canyon-6ft-tri-fold-tonneau-cover-w-led,2004-2012 Chevy Colorado/GMC Canyon 6 ft Bed Tri-Fold Tonneau Cover + LED Kit,tonneau cover - tri-fold,https://stehlenauto.com/products/04-14-chevy-colorado-gmc-canyon-6ft-tri-fold-tonneau-cover-w-led,P1,P1 4 gallery photo(s) show wrong vehicle
2015-chevy-colorado-gmc-canyon-5ft-hard-tri-fold-tonneau-cover,2015-2022 Chevrolet Colorado/GMC Canyon 5 ft Bed Tonneau Cover,tonneau cover - tri-fold,https://stehlenauto.com/products/2015-chevy-colorado-gmc-canyon-5ft-hard-tri-fold-tonneau-cover,P1,P1 5 gallery photo(s) show wrong vehicle
2015-chevy-colorado-gmc-canyon-5ft-tri-fold-tonneau-cover-w-led,2015-2022 Chevy Colorado/GMC Canyon 5 ft Bed Tonneau Cover & LED Kit,tonneau cover - tri-fold,https://stehlenauto.com/products/2015-chevy-colorado-gmc-canyon-5ft-tri-fold-tonneau-cover-w-led,P1,P1 4 gallery photo(s) show wrong vehicle
2015-chevy-colorado-gmc-canyon-6ft-bed-hard-tri-fold-tonneau-cover,2015-2022 Chevy Colorado/GMC Canyon 6 ft Bed Tonneau Cover,tonneau cover - tri-fold,https://stehlenauto.com/products/2015-chevy-colorado-gmc-canyon-6ft-bed-hard-tri-fold-tonneau-cover,P1,P1 5 gallery photo(s) show wrong vehicle
2015-chevy-colorado-gmc-canyon-6ft-tri-fold-tonneau-cover-w-led-kit,2015-2022 Chevy Colorado/GMC Canyon 6 ft Bed Hard Tri-Fold Tonneau Cover & LED Kit,tonneau cover - tri-fold,https://stehlenauto.com/products/2015-chevy-colorado-gmc-canyon-6ft-tri-fold-tonneau-cover-w-led-kit,P1,P1 4 gallery photo(s) show wrong vehicle
2023-chevy-colorado-gmc-canyon-5-bed-low-profile-hard-tri-fold-cover,2023-2026 Chevy Colorado/GMC Canyon 5 ft Bed Tonneau Cover - LTH,tonneau cover - tri-fold,https://stehlenauto.com/products/2023-chevy-colorado-gmc-canyon-5-bed-low-profile-hard-tri-fold-cover,P1,P1 5 gallery photo(s) show wrong vehicle | P1 part number/code in title
2000-2004-dodge-dakota-5-5-hard-tri-fold-tonneau-cover-243312,2000-2004 Dodge Dakota 5.5 ft Bed Tonneau Cover - Hard Tri-Fold,tonneau cover - tri-fold,https://stehlenauto.com/products/2000-2004-dodge-dakota-5-5-hard-tri-fold-tonneau-cover-243312,P1,P1 5 gallery photo(s) show wrong vehicle
2000-2004-dodge-dakota-5-5-bed-tri-fold-tonneau-cover-w-led-lights,2000-2004 Dodge Dakota 5.5 ft Bed Tonneau Cover with LED Lights,tonneau cover - tri-fold,https://stehlenauto.com/products/2000-2004-dodge-dakota-5-5-bed-tri-fold-tonneau-cover-w-led-lights,P1,P1 4 gallery photo(s) show wrong vehicle
2005-2011-dodge-dakota-6-5-ft-hard-tri-fold-tonneau-cover,2005-2011 Dodge Dakota 6.5 ft Bed Tonneau Cover - Low Profile Hard Tri-Fold,tonneau cover - tri-fold,https://stehlenauto.com/products/2005-2011-dodge-dakota-6-5-ft-hard-tri-fold-tonneau-cover,P1,P1 5 gallery photo(s) show wrong vehicle
2005-2011-dodge-dakota-6-5ft-tri-fold-tonneau-cover-w-led-lights,2005-2011 Dodge Dakota 6.5 ft Bed Tonneau Cover - Low Profile Hard Tri-Fold with LED Lights,tonneau cover - tri-fold,https://stehlenauto.com/products/2005-2011-dodge-dakota-6-5ft-tri-fold-tonneau-cover-w-led-lights,P1,P1 4 gallery photo(s) show wrong vehicle | P2 title >90 chars
1997-2004-dodge-dakota-6-5-hard-tri-fold-tonneau-cover,1997-2004 Dodge Dakota 6.5 ft Bed Tonneau Cover - Hard Tri-Fold,tonneau cover - tri-fold,https://stehlenauto.com/products/1997-2004-dodge-dakota-6-5-hard-tri-fold-tonneau-cover,P1,P1 5 gallery photo(s) show wrong vehicle
1997-2004-dodge-dakota-6-5-tri-fold-tonneau-cover-w-led-lights,1997-2004 Dodge Dakota 6.5 ft Bed Tri-Fold Tonneau Cover Combo,tonneau cover - tri-fold,https://stehlenauto.com/products/1997-2004-dodge-dakota-6-5-tri-fold-tonneau-cover-w-led-lights,P1,P1 4 gallery photo(s) show wrong vehicle
2004-2014-ford-f-150-5-5ft-bed-hard-tri-fold-tonneau-cover,2004-2014 Ford F-150 5.5 ft Bed Hard Tri-Fold Tonneau Cover,tonneau cover - tri-fold,https://stehlenauto.com/products/2004-2014-ford-f-150-5-5ft-bed-hard-tri-fold-tonneau-cover,P1,P1 2 gallery photo(s) show wrong vehicle
2004-2014-ford-f-150-5-5ft-tri-fold-tonneau-cover-w-led-bed-lights,2004-2014 Ford F-150 5.5 ft Bed Hard Tri-Fold Tonneau Cover Combo,tonneau cover - tri-fold,https://stehlenauto.com/products/2004-2014-ford-f-150-5-5ft-tri-fold-tonneau-cover-w-led-bed-lights,P1,P1 2 gallery photo(s) show wrong vehicle
2004-2014-ford-f-150-6-5ft-bed-hard-tri-fold-tonneau-cover,2004-2014 Ford F-150 6.5 ft Bed Hard Tri-Fold Tonneau Cover,tonneau cover - tri-fold,https://stehlenauto.com/products/2004-2014-ford-f-150-6-5ft-bed-hard-tri-fold-tonneau-cover,P1,P1 2 gallery photo(s) show wrong vehicle
2004-2014-ford-f-150-6-5ft-tri-fold-tonneau-cover-w-led-bed-lights,2004-2014 Ford F-150 6.5 ft Bed Tri-Fold Tonneau Cover w/ LED Lights,tonneau cover - tri-fold,https://stehlenauto.com/products/2004-2014-ford-f-150-6-5ft-tri-fold-tonneau-cover-w-led-bed-lights,P1,P1 2 gallery photo(s) show wrong vehicle
2015-ford-f-150-5-5ft-bed-hard-tri-fold-tonneau-cover-low-profile,2015-2026 Ford F-150 5.5 ft Bed Tonneau Cover - Hard Tri-Fold,tonneau cover - tri-fold,https://stehlenauto.com/products/2015-ford-f-150-5-5ft-bed-hard-tri-fold-tonneau-cover-low-profile,P1,P1 2 gallery photo(s) show wrong vehicle
2015-2026-ford-f-150-5-5ft-bed-hard-tri-fold-tonneau-cover-w-led,2015-2026 Ford F-150 5.5 ft Bed Tonneau Cover Combo w/ LED Lights,tonneau cover - tri-fold,https://stehlenauto.com/products/2015-2026-ford-f-150-5-5ft-bed-hard-tri-fold-tonneau-cover-w-led,P1,P1 2 gallery photo(s) show wrong vehicle
2015-2024-ford-f-150-6-5ft-bed-hard-tri-fold-tonneau-cover-w-led,2015-2026 Ford F-150 6.5 ft Bed Hard Tri-Fold Tonneau Cover Combo,tonneau cover - tri-fold,https://stehlenauto.com/products/2015-2024-ford-f-150-6-5ft-bed-hard-tri-fold-tonneau-cover-w-led,P1,P1 2 gallery photo(s) show wrong vehicle
2022-ford-f-150-lightning-5-7ft-bed-hard-tri-fold-tonneau-cover,2022-2026 Ford F-150 Lightning 5.5 ft Bed Tonneau Cover - Hard Tri-Fold,tonneau cover - tri-fold,https://stehlenauto.com/products/2022-ford-f-150-lightning-5-7ft-bed-hard-tri-fold-tonneau-cover,P1,P1 2 gallery photo(s) show wrong vehicle
2022-ford-f-150-lightning-5-7-tri-fold-tonneau-cover-w-led-kit,2022-2026 Ford F-150 Lightning 5.5 ft Bed Tonneau Cover Combo w/ LED,tonneau cover - tri-fold,https://stehlenauto.com/products/2022-ford-f-150-lightning-5-7-tri-fold-tonneau-cover-w-led-kit,P1,P1 2 gallery photo(s) show wrong vehicle
1997-2003-ford-f-150-6-5-bed-hard-tri-fold-tonneau-cover,1997-2004 Ford F-150 6.5 ft Bed Tonneau Cover - Hard Tri-Fold,tonneau cover - tri-fold,https://stehlenauto.com/products/1997-2003-ford-f-150-6-5-bed-hard-tri-fold-tonneau-cover,P1,P1 2 gallery photo(s) show wrong vehicle
1997-2003-ford-f-150-6-5-tri-fold-tonneau-cover-w-led-bed-lights,1997-2004 Ford F-150 6.5 ft Bed Tri-Fold Tonneau Cover w/ LED Lights,tonneau cover - tri-fold,https://stehlenauto.com/products/1997-2003-ford-f-150-6-5-tri-fold-tonneau-cover-w-led-bed-lights,P1,P1 2 gallery photo(s) show wrong vehicle
2017-ford-f250-super-duty-6-8ft-bed-hard-tri-fold-tonneau-cover,2017-2022 Ford Super Duty 6.75 ft Bed Tonneau Cover - Hard Tri-Fold,tonneau cover - tri-fold,https://stehlenauto.com/products/2017-ford-f250-super-duty-6-8ft-bed-hard-tri-fold-tonneau-cover,P1,P1 2 gallery photo(s) show wrong vehicle
2017-2022-ford-f-250-f-350-6-8ft-bed-tri-fold-tonneau-cover-w-led,2017-2022 Ford Super Duty 6.75 ft Bed Tonneau Cover with LED Lights,tonneau cover - tri-fold,https://stehlenauto.com/products/2017-2022-ford-f-250-f-350-6-8ft-bed-tri-fold-tonneau-cover-w-led,P1,P1 2 gallery photo(s) show wrong vehicle
1999-2015-ford-f-250-f-350-f-450-6-5-hard-tri-fold-tonneau-cover,1997-2016 Ford Super Duty 6.5 ft Bed Hard Tri-Fold Tonneau Cover,tonneau cover - tri-fold,https://stehlenauto.com/products/1999-2015-ford-f-250-f-350-f-450-6-5-hard-tri-fold-tonneau-cover,P1,P1 2 gallery photo(s) show wrong vehicle
1999-2016-ford-f-250-f-350-6-5-bed-tri-fold-tonneau-cover-led-kit,1999-2006 Ford F-250/F-350/F-450 6.5 ft Bed Tonneau Cover Combo,tonneau cover - tri-fold,https://stehlenauto.com/products/1999-2016-ford-f-250-f-350-6-5-bed-tri-fold-tonneau-cover-led-kit,P1,P1 2 gallery photo(s) show wrong vehicle
2005-nissan-frontier-5ft-bed-hard-tri-fold-tonneau-cover-243340,2005-2021 Nissan Frontier 5 ft Bed Tonneau Cover - Hard Tri-Fold,tonneau cover - tri-fold,https://stehlenauto.com/products/2005-nissan-frontier-5ft-bed-hard-tri-fold-tonneau-cover-243340,P1,P1 5 gallery photo(s) show wrong vehicle
2005-2021-nissan-frontier-5ft-bed-tri-fold-tonneau-cover-led-kit,2005-2021 Nissan Frontier 5 ft Bed Tri-Fold Tonneau Cover w/ LED,tonneau cover - tri-fold,https://stehlenauto.com/products/2005-2021-nissan-frontier-5ft-bed-tri-fold-tonneau-cover-led-kit,P1,P1 4 gallery photo(s) show wrong vehicle
2005-2021-nissan-frontier-6ft-bed-hard-tri-fold-tonneau-cover,2005-2021 Nissan Frontier 6 ft Bed Hard Tri-Fold Tonneau Cover,tonneau cover - tri-fold,https://stehlenauto.com/products/2005-2021-nissan-frontier-6ft-bed-hard-tri-fold-tonneau-cover,P1,P1 5 gallery photo(s) show wrong vehicle
2005-2021-nissan-frontier-6ft-bed-hard-tri-fold-tonneau-cover-w-led,2005-2021 Nissan Frontier 6 ft Bed Hard Tri-Fold Tonneau Cover + LED,tonneau cover - tri-fold,https://stehlenauto.com/products/2005-2021-nissan-frontier-6ft-bed-hard-tri-fold-tonneau-cover-w-led,P1,P1 4 gallery photo(s) show wrong vehicle
2022-nissan-frontier-5ft-bed-hard-tri-fold-tonneau-cover,2022-2026 Nissan Frontier 5 ft Bed Tonneau Cover - Hard Tri-Fold,tonneau cover - tri-fold,https://stehlenauto.com/products/2022-nissan-frontier-5ft-bed-hard-tri-fold-tonneau-cover,P1,P1 5 gallery photo(s) show wrong vehicle
2020-2021-jeep-gladiator-5ft-bed-hard-tri-fold-tonneau-cover,2020-2026 Jeep Gladiator 5 ft Bed Hard Tri-Fold Tonneau Cover,tonneau cover - tri-fold,https://stehlenauto.com/products/2020-2021-jeep-gladiator-5ft-bed-hard-tri-fold-tonneau-cover,P1,P1 5 gallery photo(s) show wrong vehicle
2022-nissan-frontier-5ft-hard-tri-fold-tonneau-cover-w-led-lights,2022-2026 Nissan Frontier 5 ft Bed Hard Tri-Fold Tonneau Cover Combo w/ LED Lights,tonneau cover - tri-fold,https://stehlenauto.com/products/2022-nissan-frontier-5ft-hard-tri-fold-tonneau-cover-w-led-lights,P1,P1 4 gallery photo(s) show wrong vehicle
2020-2021-jeep-gladiator-5ft-tri-fold-tonneau-cover-led-light-kit,2020-2026 Jeep Gladiator 5 ft Bed Tonneau Cover Combo w/ LED Lights,tonneau cover - tri-fold,https://stehlenauto.com/products/2020-2021-jeep-gladiator-5ft-tri-fold-tonneau-cover-led-light-kit,P1,P1 4 gallery photo(s) show wrong vehicle
2022-ford-maverick-4-6-bed-hard-tri-fold-tonneau-cover-low-profile,2022-2024 Ford Maverick 4.5 ft Bed Tonneau Cover - Hard Tri-Fold,tonneau cover - tri-fold,https://stehlenauto.com/products/2022-ford-maverick-4-6-bed-hard-tri-fold-tonneau-cover-low-profile,P1,P1 2 gallery photo(s) show wrong vehicle
2022-2024-ford-maverick-4-5-bed-tri-fold-tonneau-cover-w-led-kit,2022-2024 Ford Maverick 4.5 ft Bed Tonneau Cover Combo w/ LED - LTH,tonneau cover - tri-fold,https://stehlenauto.com/products/2022-2024-ford-maverick-4-5-bed-tri-fold-tonneau-cover-w-led-kit,P1,P1 2 gallery photo(s) show wrong vehicle | P1 part number/code in title
09-18-ram-1500-5-8ft-bed-hard-tri-fold-tonneau-cover-243353,2009-2022 Dodge Ram 1500/2500/3500 5.7 ft Bed Tonneau Cover - Hard Tri-Fold,tonneau cover - tri-fold,https://stehlenauto.com/products/09-18-ram-1500-5-8ft-bed-hard-tri-fold-tonneau-cover-243353,P1,P1 5 gallery photo(s) show wrong vehicle | P2 title years 2009-2022 narrower than fitment 2009-2024
09-18-ram-1500-5-8ft-tri-fold-tonneau-cover-w-led-bed-lights,2009-2022 Dodge Ram 1500 5.7 ft Bed Tonneau Cover - Hard Tri-Fold,tonneau cover - tri-fold,https://stehlenauto.com/products/09-18-ram-1500-5-8ft-tri-fold-tonneau-cover-w-led-bed-lights,P1,P1 3 gallery photo(s) show wrong vehicle | P2 title years 2009-2022 narrower than fitment 2009-2024
09-18-dodge-ram-1500-6-5-bed-hard-tri-fold-tonneau-cover-243354,2009-2022 Dodge Ram 6.4 ft Bed Hard Tri-Fold Tonneau Cover,tonneau cover - tri-fold,https://stehlenauto.com/products/09-18-dodge-ram-1500-6-5-bed-hard-tri-fold-tonneau-cover-243354,P1,P1 5 gallery photo(s) show wrong vehicle | P2 title years 2009-2022 narrower than fitment 2009-2024
09-18-ram-1500-6-5ft-bed-tri-fold-tonneau-cover-w-led-lights,2009-2022 Dodge Ram 6.4 ft Bed Hard Tri-Fold Tonneau Cover - Combo,tonneau cover - tri-fold,https://stehlenauto.com/products/09-18-ram-1500-6-5ft-bed-tri-fold-tonneau-cover-w-led-lights,P1,P1 3 gallery photo(s) show wrong vehicle | P2 title years 2009-2022 narrower than fitment 2009-2024
2019-dodge-ram-5-8ft-bed-hard-tri-fold-tonneau-cover-low-profile,2019-2026 Dodge Ram 1500 5.7 ft Bed Hard Tri-Fold Tonneau Cover,tonneau cover - tri-fold,https://stehlenauto.com/products/2019-dodge-ram-5-8ft-bed-hard-tri-fold-tonneau-cover-low-profile,P1,P1 5 gallery photo(s) show wrong vehicle
2019-2026-ram-1500-5-8ft-tri-fold-tonneau-cover-w-led-bed-lights,2019-2026 Dodge Ram 1500 5.7 ft Bed Hard Tri-Fold Tonneau Cover - Combo,tonneau cover - tri-fold,https://stehlenauto.com/products/2019-2026-ram-1500-5-8ft-tri-fold-tonneau-cover-w-led-bed-lights,P1,P1 3 gallery photo(s) show wrong vehicle
2019-2026-dodge-ram-1500-6-5-tri-fold-tonneau-cover-w-led-lights,2019-2026 Dodge Ram 1500 6.4 ft Bed Hard Tri-Fold Tonneau Cover - Combo,tonneau cover - tri-fold,https://stehlenauto.com/products/2019-2026-dodge-ram-1500-6-5-tri-fold-tonneau-cover-w-led-lights,P1,P1 3 gallery photo(s) show wrong vehicle
1994-2001-dodge-ram-1500-2500-3500-6-5-bed-hard-tri-fold-cover,1994-2002 Dodge Ram 1500/2500/3500 6.5 ft Bed Tonneau Cover,tonneau cover - tri-fold,https://stehlenauto.com/products/1994-2001-dodge-ram-1500-2500-3500-6-5-bed-hard-tri-fold-cover,P1,P1 5 gallery photo(s) show wrong vehicle
1994-2001-dodge-ram-1500-2500-3500-6-5-tri-fold-tonneau-cover-w-led,1994-2002 Dodge Ram 1500/2500/3500 6.5 ft Bed Tonneau Cover w/ LED,tonneau cover - tri-fold,https://stehlenauto.com/products/1994-2001-dodge-ram-1500-2500-3500-6-5-tri-fold-tonneau-cover-w-led,P1,P1 4 gallery photo(s) show wrong vehicle
2019-ford-ranger-5ft-bed-hard-tri-fold-tonneau-cover-2433106,2019-2023 Ford Ranger 5 ft Bed Tonneau Cover - Hard Tri-Fold,tonneau cover - tri-fold,https://stehlenauto.com/products/2019-ford-ranger-5ft-bed-hard-tri-fold-tonneau-cover-2433106,P1,P1 2 gallery photo(s) show wrong vehicle
2019-2024-ford-ranger-5ft-bed-tri-fold-tonneau-cover-w-led-lights,2019-2023 Ford Ranger 5 ft Bed Tonneau Cover with LED Lights,tonneau cover - tri-fold,https://stehlenauto.com/products/2019-2024-ford-ranger-5ft-bed-tri-fold-tonneau-cover-w-led-lights,P1,P1 2 gallery photo(s) show wrong vehicle
2019-ford-ranger-6ft-bed-hard-tri-fold-tonneau-cover-low-profile,2019-2023 Ford Ranger 6 ft Bed Tonneau Cover - Hard Tri-Fold,tonneau cover - tri-fold,https://stehlenauto.com/products/2019-ford-ranger-6ft-bed-hard-tri-fold-tonneau-cover-low-profile,P1,P1 2 gallery photo(s) show wrong vehicle
2019-2023-ford-ranger-6ft-bed-hard-tri-fold-tonneau-cover-w-led-lights,2019-2023 Ford Ranger 6 ft Bed Tonneau Cover w/ LED Lights Combo,tonneau cover - tri-fold,https://stehlenauto.com/products/2019-2023-ford-ranger-6ft-bed-hard-tri-fold-tonneau-cover-w-led-lights,P1,P1 2 gallery photo(s) show wrong vehicle
1993-2011-ford-ranger-6-bed-hard-tri-fold-tonneau-cover-243315,1983-2011 Ford Ranger 6 ft Bed Hard Tri-Fold Tonneau Cover,tonneau cover - tri-fold,https://stehlenauto.com/products/1993-2011-ford-ranger-6-bed-hard-tri-fold-tonneau-cover-243315,P1,P1 2 gallery photo(s) show wrong vehicle
1993-2011-ford-ranger-6-bed-tri-fold-tonneau-cover-w-led-lights,1983-2011 Ford Ranger 6 ft Bed Tri-Fold Tonneau Cover with LED Lights,tonneau cover - tri-fold,https://stehlenauto.com/products/1993-2011-ford-ranger-6-bed-tri-fold-tonneau-cover-w-led-lights,P1,P1 2 gallery photo(s) show wrong vehicle
1982-1993-chevy-s-10-gmc-sonoma-6-bed-hard-tri-fold-tonneau-cover,1982-1993 Chevrolet S10/GMC S15 6 ft Bed Hard Tri-Fold Tonneau Cover,tonneau cover - tri-fold,https://stehlenauto.com/products/1982-1993-chevy-s-10-gmc-sonoma-6-bed-hard-tri-fold-tonneau-cover,P1,P1 5 gallery photo(s) show wrong vehicle
1982-1993-chevy-s10-gmc-s15-sonoma-6-tri-fold-tonneau-cover-w-led,1982-1993 Chevrolet S10 GMC S15 Sonoma 6 ft Bed Tri-Fold Tonneau Cover,tonneau cover - tri-fold,https://stehlenauto.com/products/1982-1993-chevy-s10-gmc-s15-sonoma-6-tri-fold-tonneau-cover-w-led,P1,P1 4 gallery photo(s) show wrong vehicle
1994-2004-chevy-s10-gmc-sonoma-6ft-hard-tri-fold-tonneau-cover,1994-2003 Chevy S10 GMC Sonoma 6 ft Bed Tonneau Cover - Hard Tri-Fold,tonneau cover - tri-fold,https://stehlenauto.com/products/1994-2004-chevy-s10-gmc-sonoma-6ft-hard-tri-fold-tonneau-cover,P1,P1 5 gallery photo(s) show wrong vehicle
1994-2004-chevy-s10-gmc-sonoma-6ft-tri-fold-tonneau-cover-w-led,1994-2003 Chevy S10/GMC Sonoma 6 ft Bed Hard Tri-Fold Tonneau Cover,tonneau cover - tri-fold,https://stehlenauto.com/products/1994-2004-chevy-s10-gmc-sonoma-6ft-tri-fold-tonneau-cover-w-led,P1,P1 4 gallery photo(s) show wrong vehicle
04-07-chevy-silverado-sierra-5-8-hard-tri-fold-tonneau-cover,2004-2007 Chevy Silverado GMC Sierra 5.8 ft Bed Tonneau Cover - Hard Tri-Fold,tonneau cover - tri-fold,https://stehlenauto.com/products/04-07-chevy-silverado-sierra-5-8-hard-tri-fold-tonneau-cover,P1,P1 5 gallery photo(s) show wrong vehicle
04-07-chevy-silverado-sierra-5-8-tri-fold-tonneau-cover-w-led-lights,2004-2007 Chevy/GMC Silverado/Sierra 5.8 ft Bed Tonneau Cover w/ LED Lights,tonneau cover - tri-fold,https://stehlenauto.com/products/04-07-chevy-silverado-sierra-5-8-tri-fold-tonneau-cover-w-led-lights,P1,P1 4 gallery photo(s) show wrong vehicle
2007-2013-chevy-silverado-5-8ft-bed-hard-tri-fold-tonneau-cover,2007-2014 Chevy/GMC Silverado/Sierra 5.8 ft Bed Hard Tri-Fold Tonneau Cover,tonneau cover - tri-fold,https://stehlenauto.com/products/2007-2013-chevy-silverado-5-8ft-bed-hard-tri-fold-tonneau-cover,P1,P1 5 gallery photo(s) show wrong vehicle
07-13-chevy-silverado-5-8ft-tri-fold-tonneau-cover-w-led-lights,2007-2014 Chevy/GMC Silverado/Sierra 5.8 ft Bed Tri-Fold Tonneau Cover w/ LED,tonneau cover - tri-fold,https://stehlenauto.com/products/07-13-chevy-silverado-5-8ft-tri-fold-tonneau-cover-w-led-lights,P1,P1 4 gallery photo(s) show wrong vehicle
2007-2013-chevy-silverado-6-5ft-low-profile-hard-tri-fold-tonneau-cover,2007-2014 Chevy Silverado GMC Sierra 6.5 ft Bed Hard Tri-Fold Tonneau Cover,tonneau cover - tri-fold,https://stehlenauto.com/products/2007-2013-chevy-silverado-6-5ft-low-profile-hard-tri-fold-tonneau-cover,P1,P1 5 gallery photo(s) show wrong vehicle
07-13-chevy-silverado-6-5ft-tri-fold-tonneau-cover-w-led-lights,2007-2014 Chevy/GMC Silverado/Sierra 6.5 ft Bed Tri-Fold Tonneau Cover + LED Kit,tonneau cover - tri-fold,https://stehlenauto.com/products/07-13-chevy-silverado-6-5ft-tri-fold-tonneau-cover-w-led-lights,P1,P1 4 gallery photo(s) show wrong vehicle
2014-2018-chevy-silverado-gmc-sierra-5-8ft-hard-tri-fold-tonneau,2014-2018 Chevrolet/GMC 5.8 ft Bed Hard Tri-Fold Tonneau Cover,tonneau cover - tri-fold,https://stehlenauto.com/products/2014-2018-chevy-silverado-gmc-sierra-5-8ft-hard-tri-fold-tonneau,P1,P1 5 gallery photo(s) show wrong vehicle
2014-2018-silverado-sierra-5-8ft-hard-tri-fold-tonneau-cover-led,2014-2018 Chevy/GMC Silverado/Sierra 1500 5.8 ft Bed Tonneau Cover w/ LED,tonneau cover - tri-fold,https://stehlenauto.com/products/2014-2018-silverado-sierra-5-8ft-hard-tri-fold-tonneau-cover-led,P1,P1 4 gallery photo(s) show wrong vehicle
2014-2018-chevy-silverado-gmc-sierra-6-5ft-hard-tri-fold-tonneau,2014-2019 Chevrolet/GMC Silverado Sierra 6.5 ft Bed Hard Tri-Fold Tonneau Cover,tonneau cover - tri-fold,https://stehlenauto.com/products/2014-2018-chevy-silverado-gmc-sierra-6-5ft-hard-tri-fold-tonneau,P1,P1 5 gallery photo(s) show wrong vehicle
2014-2018-silverado-sierra-6-5ft-hard-tri-fold-tonneau-cover-w-led,2014-2019 Chevy/GMC Silverado/Sierra 6.5 ft Bed Tri-Fold Tonneau Cover + LED Kit,tonneau cover - tri-fold,https://stehlenauto.com/products/2014-2018-silverado-sierra-6-5ft-hard-tri-fold-tonneau-cover-w-led,P1,P1 4 gallery photo(s) show wrong vehicle
2019-chevy-silverado-gmc-sierra-5-8ft-hard-tri-fold-tonneau-cover,2019-2026 Chevrolet Silverado 1500 5.8 ft Bed Hard Tri-Fold Tonneau Cover,tonneau cover - tri-fold,https://stehlenauto.com/products/2019-chevy-silverado-gmc-sierra-5-8ft-hard-tri-fold-tonneau-cover,P1,P1 5 gallery photo(s) show wrong vehicle
2019-chevy-silverado-gmc-sierra-5-8ft-tri-fold-tonneau-cover-w-led,2019-2026 Chevy/GMC Silverado/Sierra 1500 5.8 ft Bed Tonneau Cover w/ LED,tonneau cover - tri-fold,https://stehlenauto.com/products/2019-chevy-silverado-gmc-sierra-5-8ft-tri-fold-tonneau-cover-w-led,P1,P1 4 gallery photo(s) show wrong vehicle
2019-chevy-silverado-gmc-sierra-6-5ft-hard-tri-fold-tonneau-cover,2019-2026 Chevy/GMC Silverado/Sierra 1500 6.6 ft Bed Hard Tri-Fold Tonneau Cover,tonneau cover - tri-fold,https://stehlenauto.com/products/2019-chevy-silverado-gmc-sierra-6-5ft-hard-tri-fold-tonneau-cover,P1,P1 5 gallery photo(s) show wrong vehicle
2019-chevy-silverado-gmc-sierra-6-5-tri-fold-tonneau-cover-w-led,2019-2026 Chevy/GMC Silverado/Sierra 1500 6.6 ft Bed Tri-Fold Tonneau Cover & LED Kit,tonneau cover - tri-fold,https://stehlenauto.com/products/2019-chevy-silverado-gmc-sierra-6-5-tri-fold-tonneau-cover-w-led,P1,P1 4 gallery photo(s) show wrong vehicle
2016-toyota-tacoma-5ft-bed-hard-tri-fold-tonneau-cover-low-profile,2016-2023 Toyota Tacoma 5 ft Bed Hard Tri-Fold Tonneau Cover,tonneau cover - tri-fold,https://stehlenauto.com/products/2016-toyota-tacoma-5ft-bed-hard-tri-fold-tonneau-cover-low-profile,P1,P1 3 gallery photo(s) show wrong vehicle
2016-2023-toyota-tacoma-5ft-bed-hard-tri-fold-tonneau-cover-led,2016-2023 Toyota Tacoma 5 ft Bed Tonneau Cover Combo w/ LED Lights,tonneau cover - tri-fold,https://stehlenauto.com/products/2016-2023-toyota-tacoma-5ft-bed-hard-tri-fold-tonneau-cover-led,P1,P1 2 gallery photo(s) show wrong vehicle
2024-2025-toyota-tacoma-5-bed-low-profile-hard-tri-fold-cover,2024-2026 Toyota Tacoma 5 ft Bed Hard Tri-Fold Tonneau Cover,tonneau cover - tri-fold,https://stehlenauto.com/products/2024-2025-toyota-tacoma-5-bed-low-profile-hard-tri-fold-cover,P1,P1 3 gallery photo(s) show wrong vehicle
1995-2004-toyota-tacoma-6ft-bed-hard-tri-fold-tonneau-cover,1989-2004 Toyota Tacoma/Pickup 6 ft Bed Tonneau Cover - Hard Tri-Fold,tonneau cover - tri-fold,https://stehlenauto.com/products/1995-2004-toyota-tacoma-6ft-bed-hard-tri-fold-tonneau-cover,P1,P1 3 gallery photo(s) show wrong vehicle
1995-2004-toyota-tacoma-6ft-bed-hard-tri-fold-tonneau-cover-w-led,1989-2004 Toyota Tacoma/Pickup 6 ft Bed Tri-Fold Tonneau Cover Combo,tonneau cover - tri-fold,https://stehlenauto.com/products/1995-2004-toyota-tacoma-6ft-bed-hard-tri-fold-tonneau-cover-w-led,P1,P1 2 gallery photo(s) show wrong vehicle
2004-2015-nissan-titan-5-5ft-hard-tri-fold-tonneau-cover,2004-2015 Nissan Titan 5.5 ft Bed Hard Tri-Fold Tonneau Cover,tonneau cover - tri-fold,https://stehlenauto.com/products/2004-2015-nissan-titan-5-5ft-hard-tri-fold-tonneau-cover,P1,P1 5 gallery photo(s) show wrong vehicle
2004-2015-nissan-titan-5-5ft-tri-fold-tonneau-cover-w-led-lights,2004-2015 Nissan Titan 5.5 ft Bed Tri-Fold Tonneau Cover w/ LED Lights,tonneau cover - tri-fold,https://stehlenauto.com/products/2004-2015-nissan-titan-5-5ft-tri-fold-tonneau-cover-w-led-lights,P1,P1 4 gallery photo(s) show wrong vehicle
2004-2015-nissan-titan-6-5ft-low-profile-hard-tri-fold-tonneau-cover,2004-2015 Nissan Titan 6.5 ft Bed Tonneau Cover - Hard Tri-Fold,tonneau cover - tri-fold,https://stehlenauto.com/products/2004-2015-nissan-titan-6-5ft-low-profile-hard-tri-fold-tonneau-cover,P1,P1 5 gallery photo(s) show wrong vehicle
2004-2015-nissan-titan-6-5-hard-tri-fold-tonneau-cover-w-led,2004-2015 Nissan Titan 6.5 ft Bed Tonneau Cover with LED Lights,tonneau cover - tri-fold,https://stehlenauto.com/products/2004-2015-nissan-titan-6-5-hard-tri-fold-tonneau-cover-w-led,P1,P1 4 gallery photo(s) show wrong vehicle
2016-nissan-titan-5-5ft-bed-low-profile-hard-tri-fold-tonneau-cover,2017-2024 Nissan Titan 5.5 ft Bed Tonneau Cover - Hard Tri-Fold,tonneau cover - tri-fold,https://stehlenauto.com/products/2016-nissan-titan-5-5ft-bed-low-profile-hard-tri-fold-tonneau-cover,P1,P1 5 gallery photo(s) show wrong vehicle
2016-nissan-titan-5-5ft-tonneau-cover-w-led-bed-lights-combo,2017-2024 Nissan Titan 5.5 ft Bed Hard Tri-Fold Tonneau Cover Combo w/ LED Lights,tonneau cover - tri-fold,https://stehlenauto.com/products/2016-nissan-titan-5-5ft-tonneau-cover-w-led-bed-lights-combo,P1,P1 4 gallery photo(s) show wrong vehicle
2016-nissan-titan-6-5ft-bed-hard-tri-fold-tonneau-cover-243330,2016-2024 Nissan Titan 6.5 ft Bed Hard Tri-Fold Tonneau Cover,tonneau cover - tri-fold,https://stehlenauto.com/products/2016-nissan-titan-6-5ft-bed-hard-tri-fold-tonneau-cover-243330,P1,P1 5 gallery photo(s) show wrong vehicle
2016-nissan-titan-6-5-tonneau-cover-led-bed-light-combo-kit,2016-2024 Nissan Titan 6.5 ft Bed Tonneau Cover Combo w/ LED,tonneau cover - tri-fold,https://stehlenauto.com/products/2016-nissan-titan-6-5-tonneau-cover-led-bed-light-combo-kit,P1,P1 4 gallery photo(s) show wrong vehicle
2000-2006-toyota-tundra-6-2-hard-tri-fold-tonneau-cover-243326,2000-2006 Toyota Tundra 6.2 ft Bed Tonneau Cover - Hard Tri-Fold,tonneau cover - tri-fold,https://stehlenauto.com/products/2000-2006-toyota-tundra-6-2-hard-tri-fold-tonneau-cover-243326,P1,P1 3 gallery photo(s) show wrong vehicle
2000-2006-toyota-tundra-6-2ft-tri-fold-tonneau-cover-w-led-lights,2000-2006 Toyota Tundra 6.2 ft Bed Tonneau Cover with LED Lights,tonneau cover - tri-fold,https://stehlenauto.com/products/2000-2006-toyota-tundra-6-2ft-tri-fold-tonneau-cover-w-led-lights,P1,P1 2 gallery photo(s) show wrong vehicle
2007-2013-toyota-tundra-5-5ft-bed-hard-tri-fold-tonneau-cover,2007-2016 Toyota Tundra 5.5 ft Bed Tonneau Cover - Hard Tri-Fold,tonneau cover - tri-fold,https://stehlenauto.com/products/2007-2013-toyota-tundra-5-5ft-bed-hard-tri-fold-tonneau-cover,P1,P1 3 gallery photo(s) show wrong vehicle
2007-2013-toyota-tundra-5-5ft-bed-hard-tri-fold-tonneau-cover-leds,2007-2016 Toyota Tundra 5.5 ft Bed Tonneau Cover Combo w/ LED Lights,tonneau cover - tri-fold,https://stehlenauto.com/products/2007-2013-toyota-tundra-5-5ft-bed-hard-tri-fold-tonneau-cover-leds,P1,P1 2 gallery photo(s) show wrong vehicle
2007-2013-toyota-tundra-6-5-ft-bed-hard-tri-fold-tonneau-cover,2007-2016 Toyota Tundra 6.5 ft Bed Tonneau Cover - Hard Tri-Fold,tonneau cover - tri-fold,https://stehlenauto.com/products/2007-2013-toyota-tundra-6-5-ft-bed-hard-tri-fold-tonneau-cover,P1,P1 3 gallery photo(s) show wrong vehicle
2007-2013-toyota-tundra-6-5ft-tri-fold-tonneau-cover-w-led-lights,2007-2016 Toyota Tundra 6.5 ft Bed Tonneau Cover Combo w/ LED Lights,tonneau cover - tri-fold,https://stehlenauto.com/products/2007-2013-toyota-tundra-6-5ft-tri-fold-tonneau-cover-w-led-lights,P1,P1 2 gallery photo(s) show wrong vehicle
2014-toyota-tundra-5-5ft-bed-hard-tri-fold-tonneau-cover-243364,2014-2021 Toyota Tundra 5.5 ft Bed Tonneau Cover - Hard Tri-Fold,tonneau cover - tri-fold,https://stehlenauto.com/products/2014-toyota-tundra-5-5ft-bed-hard-tri-fold-tonneau-cover-243364,P1,P1 3 gallery photo(s) show wrong vehicle
2014-2021-toyota-tundra-5-5-bed-tri-fold-tonneau-cover-w-led-lights,2004-2021 Toyota Tundra 5.5 ft Bed Tonneau Cover Combo w/ LED Lights,tonneau cover - tri-fold,https://stehlenauto.com/products/2014-2021-toyota-tundra-5-5-bed-tri-fold-tonneau-cover-w-led-lights,P1,P1 2 gallery photo(s) show wrong vehicle
2014-toyota-tundra-6-5ft-bed-hard-tri-fold-tonneau-cover-243365,2014-2021 Toyota Tundra 6.5 ft Bed Hard Tri-Fold Tonneau Cover,tonneau cover - tri-fold,https://stehlenauto.com/products/2014-toyota-tundra-6-5ft-bed-hard-tri-fold-tonneau-cover-243365,P1,P1 3 gallery photo(s) show wrong vehicle
2014-toyota-tundra-6-5-bed-low-profile-hard-tri-fold-tonneau-cover-w-led,2004-2021 Toyota Tundra 6.5 ft Bed Tri-Fold Tonneau Cover with LED,tonneau cover - tri-fold,https://stehlenauto.com/products/2014-toyota-tundra-6-5-bed-low-profile-hard-tri-fold-tonneau-cover-w-led,P1,P1 2 gallery photo(s) show wrong vehicle
2022-2025-toyota-tundra-5-5-bed-tonneau-cover-led-light-kit,2022-2026 Toyota Tundra 5.5 ft Bed Tonneau Cover Combo w/ LED Lights,tonneau cover - tri-fold,https://stehlenauto.com/products/2022-2025-toyota-tundra-5-5-bed-tonneau-cover-led-light-kit,P1,P1 2 gallery photo(s) show wrong vehicle
2011-2015-chevy-cruze-trailer-hitch-class-1-1-25-receiver,"2011-2017 Chevrolet Cruze & Buick Verano 1.25"" Trailer Hitch - Class 1",trailer hitch,https://stehlenauto.com/products/2011-2015-chevy-cruze-trailer-hitch-class-1-1-25-receiver,P1,P1 2 gallery photo(s) show wrong vehicle | P1 hitch missing towing capacity
1995-2005-chevrolet-cavalier-pontiac-sunfire-class-1-trailer-hitch,1995-2005 Chevrolet Cavalier & Pontiac Sunfire Trailer Hitch - Class 1,trailer hitch,https://stehlenauto.com/products/1995-2005-chevrolet-cavalier-pontiac-sunfire-class-1-trailer-hitch,P1,P1 hitch missing towing capacity
class-3-trailer-hitch-for-2009-2015-ram-c-v-volkswagen-routan,2009-2015 Dodge Ram C/V & VW Routan Class 3 Trailer Hitch - Black,trailer hitch,https://stehlenauto.com/products/class-3-trailer-hitch-for-2009-2015-ram-c-v-volkswagen-routan,P1,P2 title years 2009-2015 narrower than fitment 2008-2020 | P1 hitch missing towing capacity
curt-13028-class-3-trailer-hitch-2-receiver-for-ford-chevy-gmc,"1973-2007 Ford Chevrolet C/K 2"" Class 3 Trailer Hitch Receiver - Black",trailer hitch,https://stehlenauto.com/products/curt-13028-class-3-trailer-hitch-2-receiver-for-ford-chevy-gmc,P1,P1 3 gallery photo(s) show wrong vehicle
2006-2011-hyundai-azera-class-1-trailer-hitch-11080,2006-2011 Hyundai Azera Class 1 Trailer Hitch - Black | MPN 11080,trailer hitch,https://stehlenauto.com/products/2006-2011-hyundai-azera-class-1-trailer-hitch-11080,P1,P1 part number/code in title | P1 hitch missing towing capacity
2007-2025-nissan-altima-maxima-class-1-trailer-hitch-11352,Nissan Altima & Maxima Class 1 Trailer Hitch - Black | 11352,trailer hitch,https://stehlenauto.com/products/2007-2025-nissan-altima-maxima-class-1-trailer-hitch-11352,P1,P1 part number/code in title | P1 hitch missing towing capacity
2008-2013-nissan-altima-coupe-class-1-trailer-hitch-black,2008-2013 Nissan Altima Coupe Class 1 Trailer Hitch - Black,trailer hitch,https://stehlenauto.com/products/2008-2013-nissan-altima-coupe-class-1-trailer-hitch-black,P1,P1 hitch missing towing capacity
1994-1997-honda-accord-class-1-trailer-hitch-black,1994-1997 Honda Accord Class 1 Trailer Hitch - Black | MPN 11203,trailer hitch,https://stehlenauto.com/products/1994-1997-honda-accord-class-1-trailer-hitch-black,P1,P1 part number/code in title | P1 hitch missing towing capacity
1998-2007-honda-accord-acura-tl-cl-class-1-trailer-hitch,1998-2007 Honda Accord & Acura TL CL Class 1 Trailer Hitch - 11290,trailer hitch,https://stehlenauto.com/products/1998-2007-honda-accord-acura-tl-cl-class-1-trailer-hitch,P1,P1 part number/code in title | P1 hitch missing towing capacity
2008-2014-honda-accord-acura-tl-tsx-class-1-trailer-hitch,2008-2014 Honda Accord Acura TL TSX Class 1 Trailer Hitch - 11496,trailer hitch,https://stehlenauto.com/products/2008-2014-honda-accord-acura-tl-tsx-class-1-trailer-hitch,P1,P1 part number/code in title | P1 hitch missing towing capacity
2002-2008-audi-a4-s4-vw-passat-w8-class-1-trailer-hitch-11164,2002-2008 Audi A4 S4 VW Passat Class 1 Trailer Hitch - Black,trailer hitch,https://stehlenauto.com/products/2002-2008-audi-a4-s4-vw-passat-w8-class-1-trailer-hitch-11164,P1,P1 hitch missing towing capacity
2011-2023-dodge-chrysler-300-charger-challenger-class-3-hitch,2011-2023 Chrysler 300/Dodge Charger Challenger Class 3 Trailer Hitch,trailer hitch,https://stehlenauto.com/products/2011-2023-dodge-chrysler-300-charger-challenger-class-3-hitch,P1,P1 hitch missing towing capacity
2012-2017-hyundai-accent-kia-rio-class-1-trailer-hitch-11250,2012-2017 Hyundai Accent & Kia Rio Class 1 Trailer Hitch - 11250,trailer hitch,https://stehlenauto.com/products/2012-2017-hyundai-accent-kia-rio-class-1-trailer-hitch-11250,P1,P1 part number/code in title | P1 hitch missing towing capacity
2018-2024-chevy-equinox-gmc-terrain-class-3-trailer-hitch-2-receiver,"2018-2026 Chevrolet Equinox GMC Terrain 2"" Trailer Hitch - Class 3",trailer hitch,https://stehlenauto.com/products/2018-2024-chevy-equinox-gmc-terrain-class-3-trailer-hitch-2-receiver,P1,P1 3 gallery photo(s) show wrong vehicle
2013-2023-mazda-cx-5-class-3-trailer-hitch-2-receiver,"2013-2023 Mazda CX-5 2"" Class 3 Trailer Hitch Receiver - TH",trailer hitch,https://stehlenauto.com/products/2013-2023-mazda-cx-5-class-3-trailer-hitch-2-receiver,P1,P1 3 gallery photo(s) show wrong vehicle | P2 title years 2013-2023 narrower than fitment 2013-2025 | P1 part number/code in title | P1 hitch missing towing capacity
2015-vw-golf-gti-class-1-trailer-hitch-1-25-receiver,"2015-2026 Volkswagen Golf/GTI 1.25"" Trailer Hitch Receiver - Class 1",trailer hitch,https://stehlenauto.com/products/2015-vw-golf-gti-class-1-trailer-hitch-1-25-receiver,P1,P1 2 gallery photo(s) show wrong vehicle | P1 hitch missing towing capacity
1999-2005-volkswagen-jetta-class-1-trailer-hitch-black,1999-2005 Volkswagen Jetta Sedan Class 1 Trailer Hitch - Black,trailer hitch,https://stehlenauto.com/products/1999-2005-volkswagen-jetta-class-1-trailer-hitch-black,P1,P1 hitch missing towing capacity
2022-lexus-nx-2-trailer-hitch-receiver-class-3-mpn-13498,"2022-2025 Lexus NX250/NX350/NX350h/NX450h+ 2"" Trailer Hitch - Curt",trailer hitch,https://stehlenauto.com/products/2022-lexus-nx-2-trailer-hitch-receiver-class-3-mpn-13498,P1,P1 3 gallery photo(s) show wrong vehicle
2022-volkswagen-taos-class-3-trailer-hitch-2-receiver-curt-13496,"2022-2025 Volkswagen Taos 2"" Trailer Hitch Receiver Class 3 - TH",trailer hitch,https://stehlenauto.com/products/2022-volkswagen-taos-class-3-trailer-hitch-2-receiver-curt-13496,P1,P1 3 gallery photo(s) show wrong vehicle | P1 part number/code in title
2018-2024-volkswagen-tiguan-class-3-trailer-hitch-2-receiver-curt,"2018-2024 Volkswagen Tiguan 2"" Trailer Hitch Receiver Class 3 - 13381",trailer hitch,https://stehlenauto.com/products/2018-2024-volkswagen-tiguan-class-3-trailer-hitch-2-receiver-curt,P1,P1 3 gallery photo(s) show wrong vehicle | P1 part number/code in title | P1 hitch missing towing capacity
2024-lexus-tx-toyota-grand-highlander-2-trailer-hitch-class-3,"2024-2026 Lexus TX / Toyota Grand Highlander 2"" Hitch - Class 3",trailer hitch,https://stehlenauto.com/products/2024-lexus-tx-toyota-grand-highlander-2-trailer-hitch-class-3,P1,P1 3 gallery photo(s) show wrong vehicle
2021-2024-ford-bronco-sport-class-3-trailer-hitch-receiver-2-inch,2021-2024 Ford Bronco Sport Class 3 Trailer Hitch Receiver — 2 Inch,trailer hitch,https://stehlenauto.com/products/2021-2024-ford-bronco-sport-class-3-trailer-hitch-receiver-2-inch,P1,P1 hitch missing towing capacity
2015-2024-ford-edge-lincoln-mkx-nautilus-class-3-trailer-hitch-receiver-2-inch,2015-2024 Ford Edge & Lincoln MKX/Nautilus Class 3 Trailer Hitch Receiver — 2 Inch,trailer hitch,https://stehlenauto.com/products/2015-2024-ford-edge-lincoln-mkx-nautilus-class-3-trailer-hitch-receiver-2-inch,P1,P1 hitch missing towing capacity
2020-2026-ford-escape-lincoln-corsair-class-3-trailer-hitch-receiver-2-inch,2020-2026 Ford Escape & Lincoln Corsair Class 3 Trailer Hitch Receiver — 2 Inch,trailer hitch,https://stehlenauto.com/products/2020-2026-ford-escape-lincoln-corsair-class-3-trailer-hitch-receiver-2-inch,P1,P1 hitch missing towing capacity
2020-2026-ford-explorer-lincoln-aviator-class-3-trailer-hitch-receiver-2-inch,2020-2026 Ford Explorer & Lincoln Aviator Class 3 Trailer Hitch Receiver — 2 Inch,trailer hitch,https://stehlenauto.com/products/2020-2026-ford-explorer-lincoln-aviator-class-3-trailer-hitch-receiver-2-inch,P1,P1 hitch missing towing capacity
1973-1979-ford-f-series-1968-1979-dodge-d-series-class-4-trailer-hitch-receiver-2-inch,1973-1979 Ford F-Series & 1968-1979 Dodge D-Series Class 4 Trailer Hitch Receiver — 2 Inch,trailer hitch,https://stehlenauto.com/products/1973-1979-ford-f-series-1968-1979-dodge-d-series-class-4-trailer-hitch-receiver-2-inch,P1,P1 hitch missing towing capacity
2009-2019-ford-flex-2010-2019-lincoln-mkt-class-3-trailer-hitch-receiver-2-inch,2009-2019 Ford Flex & 2010-2019 Lincoln MKT Class 3 Trailer Hitch Receiver — 2 Inch,trailer hitch,https://stehlenauto.com/products/2009-2019-ford-flex-2010-2019-lincoln-mkt-class-3-trailer-hitch-receiver-2-inch,P1,P1 hitch missing towing capacity
2012-2018-ford-focus-class-1-trailer-hitch-receiver-1-25-inch,2012-2018 Ford Focus Class 1 Trailer Hitch Receiver — 1.25 Inch,trailer hitch,https://stehlenauto.com/products/2012-2018-ford-focus-class-1-trailer-hitch-receiver-1-25-inch,P1,P1 hitch missing towing capacity
2022-2026-ford-maverick-class-3-trailer-hitch-receiver-2-inch,2022-2026 Ford Maverick Class 3 Trailer Hitch Receiver — 2 Inch,trailer hitch,https://stehlenauto.com/products/2022-2026-ford-maverick-class-3-trailer-hitch-receiver-2-inch,P1,P1 hitch missing towing capacity
2005-2009-ford-mustang-class-1-trailer-hitch-receiver-1-25-inch,2005-2009 Ford Mustang Class 1 Trailer Hitch Receiver — 1.25 Inch,trailer hitch,https://stehlenauto.com/products/2005-2009-ford-mustang-class-1-trailer-hitch-receiver-1-25-inch,P1,P1 hitch missing towing capacity
1983-2011-ford-ranger-mazda-b-series-class-3-trailer-hitch-receiver-2-inch,1983-2011 Ford Ranger & Mazda B-Series Class 3 Trailer Hitch Receiver — 2 Inch,trailer hitch,https://stehlenauto.com/products/1983-2011-ford-ranger-mazda-b-series-class-3-trailer-hitch-receiver-2-inch,P1,P1 hitch missing towing capacity
2014-2023-ford-transit-connect-class-3-trailer-hitch-receiver-2-inch,2014-2023 Ford Transit Connect Class 3 Trailer Hitch Receiver — 2 Inch,trailer hitch,https://stehlenauto.com/products/2014-2023-ford-transit-connect-class-3-trailer-hitch-receiver-2-inch,P1,P1 hitch missing towing capacity
2021-2025-ford-bronco-class-3-trailer-hitch-receiver-2-inch-wd-compatible,"2021-2025 Ford Bronco Class 3 Trailer Hitch Receiver — 2 Inch, WD-Compatible",trailer hitch,https://stehlenauto.com/products/2021-2025-ford-bronco-class-3-trailer-hitch-receiver-2-inch-wd-compatible,P1,P1 hitch missing towing capacity
2015-2026-ford-transit-150-250-350-class-4-trailer-hitch-receiver-2-inch,2015-2026 Ford Transit-150/250/350 Class 4 Trailer Hitch Receiver — 2 Inch,trailer hitch,https://stehlenauto.com/products/2015-2026-ford-transit-150-250-350-class-4-trailer-hitch-receiver-2-inch,P1,P1 hitch missing towing capacity
2013-2025-mazda-cx-5-class-2-trailer-hitch-1-25-receiver,"2013-2025 Mazda CX-5 Trailer Hitch Receiver Class 2 1.25""",trailer hitch kit,https://stehlenauto.com/products/2013-2025-mazda-cx-5-class-2-trailer-hitch-1-25-receiver,P1,P1 3 gallery photo(s) show wrong vehicle | P1 hitch missing towing capacity
2017-2026-honda-cr-v-class-2-trailer-hitch-1-25-receiver,"2017-2026 Honda CR-V Class 2 Trailer Hitch 1.25"" Receiver",trailer hitch kit,https://stehlenauto.com/products/2017-2026-honda-cr-v-class-2-trailer-hitch-1-25-receiver,P1,P1 3 gallery photo(s) show wrong vehicle | P1 hitch missing towing capacity
2007-2011-honda-cr-v-class-3-trailer-hitch-mpn-13555,2007-2011 Honda CR-V Class 3 Trailer Hitch - Black | MPN 13555,trailer hitch kit,https://stehlenauto.com/products/2007-2011-honda-cr-v-class-3-trailer-hitch-mpn-13555,P1,P1 part number/code in title | P1 hitch missing towing capacity
2012-2016-honda-cr-v-class-3-trailer-hitch-black,2012-2016 Honda CR-V Class 3 Trailer Hitch - Black | CURT 13119,trailer hitch kit,https://stehlenauto.com/products/2012-2016-honda-cr-v-class-3-trailer-hitch-black,P1,P1 part number/code in title | P1 hitch missing towing capacity
2002-2006-honda-cr-v-class-3-trailer-hitch-black,2002-2006 Honda CR-V Class 3 Trailer Hitch - Black | MPN 13535,trailer hitch kit,https://stehlenauto.com/products/2002-2006-honda-cr-v-class-3-trailer-hitch-black,P1,P1 part number/code in title | P1 hitch missing towing capacity
2007-2011-honda-cr-v-class-1-trailer-hitch-black,2007-2011 Honda CR-V Class 1 Trailer Hitch - Black | MPN 11555,trailer hitch kit,https://stehlenauto.com/products/2007-2011-honda-cr-v-class-1-trailer-hitch-black,P1,P1 part number/code in title | P1 hitch missing towing capacity
2018-2023-subaru-crosstrek-2-class-3-trailer-hitch-curt-13382,"2018-2023 Subaru Crosstrek 2"" Trailer Hitch Receiver Class 3 - CURT",trailer hitch kit,https://stehlenauto.com/products/2018-2023-subaru-crosstrek-2-class-3-trailer-hitch-curt-13382,P1,P1 3 gallery photo(s) show wrong vehicle | P1 part number/code in title | P1 hitch missing towing capacity
2018-2023-subaru-crosstrek-1-25-trailer-hitch-receiver-curt,"2018-2023 Subaru Crosstrek 1.25"" Trailer Hitch Receiver - CURT",trailer hitch kit,https://stehlenauto.com/products/2018-2023-subaru-crosstrek-1-25-trailer-hitch-receiver-curt,P1,P1 1 gallery photo(s) show wrong vehicle | P1 part number/code in title | P1 hitch missing towing capacity
2017-jeep-compass-class-3-trailer-hitch-2-receiver,"2017-2025 Jeep Compass Class 3 Trailer Hitch 2"" Receiver",trailer hitch kit,https://stehlenauto.com/products/2017-jeep-compass-class-3-trailer-hitch-2-receiver,P1,P1 hitch missing towing capacity
1996-2007-chrysler-town-country-class-3-trailer-hitch-13362,1996-2007 Chrysler Town & Country Class 3 Trailer Hitch - 13362,trailer hitch kit,https://stehlenauto.com/products/1996-2007-chrysler-town-country-class-3-trailer-hitch-13362,P1,P1 part number/code in title | P1 hitch missing towing capacity
2007-2012-dodge-caliber-class-1-trailer-hitch-black,2007-2012 Dodge Caliber Class 1 Trailer Hitch - Black,trailer hitch kit,https://stehlenauto.com/products/2007-2012-dodge-caliber-class-1-trailer-hitch-black,P1,P1 hitch missing towing capacity
2011-2015-chevrolet-camaro-convertible-class-1-trailer-hitch,2011-2015 Chevrolet Camaro Convertible Class 1 Trailer Hitch - Black,trailer hitch kit,https://stehlenauto.com/products/2011-2015-chevrolet-camaro-convertible-class-1-trailer-hitch,P1,P1 hitch missing towing capacity
2004-2007-chrysler-town-country-class-3-trailer-hitch-13389,2004-2007 Chrysler Town & Country Class 3 Trailer Hitch - 13389,trailer hitch kit,https://stehlenauto.com/products/2004-2007-chrysler-town-country-class-3-trailer-hitch-13389,P1,P1 part number/code in title | P1 hitch missing towing capacity
1991-2002-ford-escort-mercury-tracer-class-1-trailer-hitch,1991-2002 Ford Escort & Mercury Tracer Class 1 Trailer Hitch,trailer hitch kit,https://stehlenauto.com/products/1991-2002-ford-escort-mercury-tracer-class-1-trailer-hitch,P1,P1 hitch missing towing capacity
class-3-trailer-hitch-for-ford-escape-mazda-tribute-mercury-mariner,2005-2012 Ford Escape Class 3 Trailer Hitch - Black - 13650,trailer hitch kit,https://stehlenauto.com/products/class-3-trailer-hitch-for-ford-escape-mazda-tribute-mercury-mariner,P1,P1 part number/code in title | P1 hitch missing towing capacity
pontiac-torrent-saturn-vue-class-3-trailer-hitch-13591,Class 3 Trailer Hitch Black - Pontiac Torrent Saturn Vue | 13591,trailer hitch kit,https://stehlenauto.com/products/pontiac-torrent-saturn-vue-class-3-trailer-hitch-13591,P1,P1 part number/code in title | P1 hitch missing towing capacity
2003-2011-honda-element-class-1-trailer-hitch-11700,2003-2011 Honda Element Class 1 Trailer Hitch - Black 11700,trailer hitch kit,https://stehlenauto.com/products/2003-2011-honda-element-class-1-trailer-hitch-11700,P1,P1 hitch missing towing capacity
2007-2010-hyundai-elantra-class-1-trailer-hitch-11467,2007-2010 Hyundai Elantra Class 1 Trailer Hitch - Black,trailer hitch kit,https://stehlenauto.com/products/2007-2010-hyundai-elantra-class-1-trailer-hitch-11467,P1,P1 hitch missing towing capacity
2007-2015-ford-edge-lincoln-mkx-class-3-trailer-hitch-13067,2007-2015 Ford Edge & Lincoln MKX Class 3 Trailer Hitch - 13067,trailer hitch kit,https://stehlenauto.com/products/2007-2015-ford-edge-lincoln-mkx-class-3-trailer-hitch-13067,P1,P1 part number/code in title | P1 hitch missing towing capacity
2003-2009-mercedes-benz-e-class-trailer-hitch-class-1,2003-2009 Mercedes-Benz E-Class Class 1 Trailer Hitch - 11701,trailer hitch kit,https://stehlenauto.com/products/2003-2009-mercedes-benz-e-class-trailer-hitch-class-1,P1,P1 part number/code in title | P1 hitch missing towing capacity
2000-2014-ford-e-series-class-4-trailer-hitch-14055,2000-2014 Ford E-Series Class 4 Trailer Hitch - Black 14055,trailer hitch kit,https://stehlenauto.com/products/2000-2014-ford-e-series-class-4-trailer-hitch-14055,P1,P1 hitch missing towing capacity
1998-2003-dodge-durango-class-3-trailer-hitch-black,1998-2003 Dodge Durango Class 3 Trailer Hitch - Black | 13056,trailer hitch kit,https://stehlenauto.com/products/1998-2003-dodge-durango-class-3-trailer-hitch-black,P1,P1 part number/code in title | P1 hitch missing towing capacity
2012-2022-jeep-grand-cherokee-class-3-trailer-hitch-13182,2012-2022 Jeep Grand Cherokee Class 3 Trailer Hitch - 13182,trailer hitch kit,https://stehlenauto.com/products/2012-2022-jeep-grand-cherokee-class-3-trailer-hitch-13182,P1,P2 title years 2012-2022 narrower than fitment 2011-2026 | P1 part number/code in title | P1 hitch missing towing capacity
2016-2023-mazda-cx-9-class-3-trailer-hitch-2-receiver,"2016-2023 Mazda CX-9 Class 3 Trailer Hitch 2"" Receiver - Stehlen",trailer hitch kit,https://stehlenauto.com/products/2016-2023-mazda-cx-9-class-3-trailer-hitch-2-receiver,P1,P1 3 gallery photo(s) show wrong vehicle
2004-2009-dodge-durango-chrysler-aspen-class-3-trailer-hitch,2004-2009 Dodge Durango Chrysler Aspen Class 3 Trailer Hitch,trailer hitch kit,https://stehlenauto.com/products/2004-2009-dodge-durango-chrysler-aspen-class-3-trailer-hitch,P1,P1 hitch missing towing capacity
2017-2025-honda-cr-v-class-3-trailer-hitch-2-receiver,"2017-2025 Honda CR-V Class 3 Trailer Hitch 2"" Receiver - CURT 13397",trailer hitch kit,https://stehlenauto.com/products/2017-2025-honda-cr-v-class-3-trailer-hitch-2-receiver,P1,P1 3 gallery photo(s) show wrong vehicle | P2 title years 2017-2025 narrower than fitment 2017-2026 | P1 part number/code in title | P1 hitch missing towing capacity
curt-2-loaded-ball-mount-with-1-7-8-ball-45034,CURT 2 in Loaded Ball Mount with 1-7/8 in Trailer Ball - CURT 45034,trailer hitch kit,https://stehlenauto.com/products/curt-2-loaded-ball-mount-with-1-7-8-ball-45034,P1,P1 part number/code in title | P1 hitch missing towing capacity
1997-2001-honda-cr-v-class-1-trailer-hitch-black,1997-2001 Honda CR-V Class 1 Trailer Hitch - Black | MPN 11014,trailer hitch kit,https://stehlenauto.com/products/1997-2001-honda-cr-v-class-1-trailer-hitch-black,P1,P1 part number/code in title | P1 hitch missing towing capacity
2008-2017-buick-enclave-chevy-traverse-class-3-hitch-kit-curt,2008-2017 Buick Enclave & Chevy Traverse Class 3 Trailer Hitch - CURT,trailer hitch kit,https://stehlenauto.com/products/2008-2017-buick-enclave-chevy-traverse-class-3-hitch-kit-curt,P1,P2 title years 2008-2017 narrower than fitment 2007-2017 | P1 part number/code in title | P1 hitch missing towing capacity
04-15-nissan-armada-infiniti-qx56-trailer-hitch-kit-curt,2004-2015 Nissan Armada Infiniti QX56 Trailer Hitch Kit - CURT,trailer hitch kit,https://stehlenauto.com/products/04-15-nissan-armada-infiniti-qx56-trailer-hitch-kit-curt,P1,P1 part number/code in title | P1 hitch missing towing capacity
04-07-chrysler-town-country-class-3-trailer-hitch-ball-mount-curt,2004-2007 Chrysler Town & Country Class 3 Trailer Hitch + Ball Mount - CURT,trailer hitch kit,https://stehlenauto.com/products/04-07-chrysler-town-country-class-3-trailer-hitch-ball-mount-curt,P1,P1 part number/code in title | P1 hitch missing towing capacity
curt-class-3-trailer-hitch-ball-mount-combo-town-country,CURT Class 3 Trailer Hitch & Ball Mount Combo - Town & Country,trailer hitch kit,https://stehlenauto.com/products/curt-class-3-trailer-hitch-ball-mount-combo-town-country,P1,P1 hitch missing towing capacity
curt-class-3-trailer-hitch-w-ball-mount-ram-c-v-vw-routan,Trailer Hitch & Ball Mount Combo - CURT 45034,trailer hitch kit,https://stehlenauto.com/products/curt-class-3-trailer-hitch-w-ball-mount-ram-c-v-vw-routan,P1,P1 part number/code in title | P1 hitch missing towing capacity
2018-2023-subaru-crosstrek-trailer-hitch-ball-mount-combo,2018-2023 Subaru Crosstrek Trailer Hitch & Ball Mount Combo,trailer hitch kit,https://stehlenauto.com/products/2018-2023-subaru-crosstrek-trailer-hitch-ball-mount-combo,P1,P1 2 gallery photo(s) show wrong vehicle | P1 hitch missing towing capacity
2002-2006-honda-cr-v-class-3-trailer-hitch-w-ball-mount-curt,2002-2006 Honda CR-V Class 3 Trailer Hitch w/ Ball Mount - CURT,trailer hitch kit,https://stehlenauto.com/products/2002-2006-honda-cr-v-class-3-trailer-hitch-w-ball-mount-curt,P1,P1 part number/code in title
2007-2011-honda-cr-v-class-3-trailer-hitch-w-ball-mount-curt,2007-2011 Honda CR-V Class 3 Trailer Hitch w/ Ball Mount - CURT,trailer hitch kit,https://stehlenauto.com/products/2007-2011-honda-cr-v-class-3-trailer-hitch-w-ball-mount-curt,P1,P1 part number/code in title | P1 hitch missing towing capacity
2012-2016-honda-cr-v-class-3-trailer-hitch-w-ball-mount-curt,2012-2016 Honda CR-V Class 3 Trailer Hitch w/ Ball Mount - CURT,trailer hitch kit,https://stehlenauto.com/products/2012-2016-honda-cr-v-class-3-trailer-hitch-w-ball-mount-curt,P1,P1 part number/code in title | P1 hitch missing towing capacity
2004-2009-dodge-durango-chrysler-aspen-class-3-trailer-hitch-kit,2004-2009 Dodge Durango Chrysler Aspen Class 3 Trailer Hitch Kit,trailer hitch kit,https://stehlenauto.com/products/2004-2009-dodge-durango-chrysler-aspen-class-3-trailer-hitch-kit,P1,P1 hitch missing towing capacity
2012-2022-jeep-grand-cherokee-class-3-trailer-hitch-combo-curt,2012-2022 Jeep Grand Cherokee Class 3 Trailer Hitch Combo - CURT,trailer hitch kit,https://stehlenauto.com/products/2012-2022-jeep-grand-cherokee-class-3-trailer-hitch-combo-curt,P1,P2 title years 2012-2022 narrower than fitment 2011-2026 | P1 part number/code in title | P1 hitch missing towing capacity
1998-2003-dodge-durango-class-3-trailer-hitch-w-ball-mount-curt,1998-2003 Dodge Durango Class 3 Trailer Hitch w/ Ball Mount - CURT,trailer hitch kit,https://stehlenauto.com/products/1998-2003-dodge-durango-class-3-trailer-hitch-w-ball-mount-curt,P1,P1 part number/code in title | P1 hitch missing towing capacity
2000-2014-ford-e-series-class-4-trailer-hitch-w-ball-mount-curt,2000-2014 Ford E-Series Class 4 Trailer Hitch w/ Ball Mount - CURT,trailer hitch kit,https://stehlenauto.com/products/2000-2014-ford-e-series-class-4-trailer-hitch-w-ball-mount-curt,P1,P1 part number/code in title | P1 hitch missing towing capacity
2007-2015-ford-edge-lincoln-mkx-class-3-trailer-hitch-ball-mount,2007-2015 Ford Edge Lincoln MKX Class 3 Trailer Hitch & Ball Mount,trailer hitch kit,https://stehlenauto.com/products/2007-2015-ford-edge-lincoln-mkx-class-3-trailer-hitch-ball-mount,P1,P1 hitch missing towing capacity
2005-2006-chevy-equinox-class-3-trailer-hitch-wiring-combo,2005-2006 Chevy Equinox & Pontiac Torrent Trailer Hitch & Wiring Kit,trailer hitch kit,https://stehlenauto.com/products/2005-2006-chevy-equinox-class-3-trailer-hitch-wiring-combo,P1,P1 hitch missing towing capacity
05-12-ford-escape-class-3-trailer-hitch-ball-mount-combo-curt,2005-2012 Ford Escape Class 3 Trailer Hitch & Ball Mount Combo - CURT,trailer hitch kit,https://stehlenauto.com/products/05-12-ford-escape-class-3-trailer-hitch-ball-mount-combo-curt,P1,P1 part number/code in title
2013-2019-ford-escape-class-3-trailer-hitch-black-mpn-13186,2013-2019 Ford Escape Class 3 Trailer Hitch - Black | MPN 13186,trailer hitch kit,https://stehlenauto.com/products/2013-2019-ford-escape-class-3-trailer-hitch-black-mpn-13186,P1,P1 part number/code in title | P1 hitch missing towing capacity
2013-2019-ford-escape-class-3-trailer-hitch-w-ball-mount-curt,2013-2019 Ford Escape Class 3 Trailer Hitch w/ Ball Mount - CURT,trailer hitch kit,https://stehlenauto.com/products/2013-2019-ford-escape-class-3-trailer-hitch-w-ball-mount-curt,P1,P1 part number/code in title | P1 hitch missing towing capacity
2013-2019-ford-escape-class-3-trailer-hitch-black-13131,2013-2019 Ford Escape Class 3 Trailer Hitch - Black | 13131,trailer hitch kit,https://stehlenauto.com/products/2013-2019-ford-escape-class-3-trailer-hitch-black-13131,P1,P1 part number/code in title
1996-2026-gmc-savana-class-3-trailer-hitch-black-13040,1996-2026 GMC Savana Class 3 Trailer Hitch Black - 13040,trailer hitch kit,https://stehlenauto.com/products/1996-2026-gmc-savana-class-3-trailer-hitch-black-13040,P1,P1 part number/code in title | P1 hitch missing towing capacity
gmc-savana-class-3-trailer-hitch-w-ball-mount-combo-curt,GMC Savana Class 3 Trailer Hitch w/ Ball Mount Combo - CURT,trailer hitch kit,https://stehlenauto.com/products/gmc-savana-class-3-trailer-hitch-w-ball-mount-combo-curt,P1,P1 part number/code in title | P1 hitch missing towing capacity
1996-2026-gmc-savana-class-4-trailer-hitch-black-14090,1996-2026 GMC Savana Class 4 Trailer Hitch - Black - 14090,trailer hitch kit,https://stehlenauto.com/products/1996-2026-gmc-savana-class-4-trailer-hitch-black-14090,P1,P1 part number/code in title
2011-2017-ford-explorer-class-3-trailer-hitch-black-mpn-13100,2011-2017 Ford Explorer Class 3 Trailer Hitch - Black | MPN 13100,trailer hitch kit,https://stehlenauto.com/products/2011-2017-ford-explorer-class-3-trailer-hitch-black-mpn-13100,P1,P1 part number/code in title | P1 hitch missing towing capacity
gmc-savana-class-4-trailer-hitch-ball-mount-combo-curt,GMC Savana Class 4 Trailer Hitch & Ball Mount Combo - CURT,trailer hitch kit,https://stehlenauto.com/products/gmc-savana-class-4-trailer-hitch-ball-mount-combo-curt,P1,P1 part number/code in title | P1 hitch missing towing capacity
2011-2017-ford-explorer-class-3-trailer-hitch-w-ball-mount-curt,2011-2017 Ford Explorer Class 3 Trailer Hitch w/ Ball Mount - CURT,trailer hitch kit,https://stehlenauto.com/products/2011-2017-ford-explorer-class-3-trailer-hitch-w-ball-mount-curt,P1,P1 part number/code in title | P1 hitch missing towing capacity
2011-2019-ford-explorer-class-3-trailer-hitch-2-receiver-13386,"2011-2019 Ford Explorer Class 3 Trailer Hitch 2"" Receiver - 13386",trailer hitch kit,https://stehlenauto.com/products/2011-2019-ford-explorer-class-3-trailer-hitch-2-receiver-13386,P1,P1 3 gallery photo(s) show wrong vehicle | P1 part number/code in title | P1 hitch missing towing capacity
2009-2014-ford-f-150-class-4-trailer-hitch-black-mpn-14002,2009-2014 Ford F-150 Class 4 Trailer Hitch - Black | MPN 14002,trailer hitch kit,https://stehlenauto.com/products/2009-2014-ford-f-150-class-4-trailer-hitch-black-mpn-14002,P1,P1 part number/code in title
2009-2014-ford-f-150-class-4-trailer-hitch-w-ball-mount-curt,2009-2014 Ford F-150 Class 4 Trailer Hitch w/ Ball Mount - CURT,trailer hitch kit,https://stehlenauto.com/products/2009-2014-ford-f-150-class-4-trailer-hitch-w-ball-mount-curt,P1,P1 part number/code in title | P1 hitch missing towing capacity
2015-2025-ford-f-150-class-3-trailer-hitch-black-13118,2015-2025 Ford F-150 Class 3 Trailer Hitch - Black | 13118,trailer hitch kit,https://stehlenauto.com/products/2015-2025-ford-f-150-class-3-trailer-hitch-black-13118,P1,P2 title years 2015-2025 narrower than fitment 2015-2026 | P1 part number/code in title | P1 hitch missing towing capacity
2015-2025-ford-f-150-class-3-trailer-hitch-combo-curt,2015-2025 Ford F-150 Class 3 Trailer Hitch Combo - CURT,trailer hitch kit,https://stehlenauto.com/products/2015-2025-ford-f-150-class-3-trailer-hitch-combo-curt,P1,P2 title years 2015-2025 narrower than fitment 2015-2026 | P1 part number/code in title | P1 hitch missing towing capacity
2015-2026-ford-f-150-class-4-trailer-hitch-black-14017,2015-2026 Ford F-150 Class 4 Trailer Hitch Black - 14017,trailer hitch kit,https://stehlenauto.com/products/2015-2026-ford-f-150-class-4-trailer-hitch-black-14017,P1,P1 part number/code in title | P1 hitch missing towing capacity
1997-2004-ford-f-150-f-250-class-3-trailer-hitch-13038,1997-2004 Ford F-150 F-250 Class 3 Trailer Hitch - 13038,trailer hitch kit,https://stehlenauto.com/products/1997-2004-ford-f-150-f-250-class-3-trailer-hitch-13038,P1,P1 part number/code in title | P1 hitch missing towing capacity
1997-2004-ford-f-150-class-3-trailer-hitch-ball-mount-kit-curt,1997-2004 Ford F-150 Class 3 Trailer Hitch & Ball Mount Kit - CURT,trailer hitch kit,https://stehlenauto.com/products/1997-2004-ford-f-150-class-3-trailer-hitch-ball-mount-kit-curt,P1,P1 part number/code in title | P1 hitch missing towing capacity
1999-2016-ford-f-250-f-350-super-duty-class-3-trailer-hitch,1999-2016 Ford F-250 F-350 Super Duty Class 3 Trailer Hitch,trailer hitch kit,https://stehlenauto.com/products/1999-2016-ford-f-250-f-350-super-duty-class-3-trailer-hitch,P1,P1 hitch missing towing capacity
1999-2016-ford-f-250-f-350-class-3-trailer-hitch-ball-mount-kit,1999-2016 Ford F-250/F-350 Class 3 Trailer Hitch & Ball Mount Kit,trailer hitch kit,https://stehlenauto.com/products/1999-2016-ford-f-250-f-350-class-3-trailer-hitch-ball-mount-kit,P1,P1 hitch missing towing capacity
2007-2014-toyota-fj-cruiser-class-3-trailer-hitch-black,2007-2014 Toyota FJ Cruiser Class 3 Trailer Hitch - Black,trailer hitch kit,https://stehlenauto.com/products/2007-2014-toyota-fj-cruiser-class-3-trailer-hitch-black,P1,P1 hitch missing towing capacity
2007-2014-toyota-fj-cruiser-class-3-trailer-hitch-kit-black,2007-2014 Toyota FJ Cruiser Class 3 Trailer Hitch Kit - Black,trailer hitch kit,https://stehlenauto.com/products/2007-2014-toyota-fj-cruiser-class-3-trailer-hitch-kit-black,P1,P1 hitch missing towing capacity
2000-2007-ford-focus-wagon-class-1-trailer-hitch-black-11296,2000-2007 Ford Focus Wagon Class 1 Trailer Hitch - Black | 11296,trailer hitch kit,https://stehlenauto.com/products/2000-2007-ford-focus-wagon-class-1-trailer-hitch-black-11296,P1,P1 part number/code in title | P1 hitch missing towing capacity
2014-2018-subaru-forester-class-2-trailer-hitch-1-25-curt-12100,"2014-2018 Subaru Forester Class 2 Trailer Hitch 1.25"" - CURT 12100",trailer hitch kit,https://stehlenauto.com/products/2014-2018-subaru-forester-class-2-trailer-hitch-1-25-curt-12100,P1,P1 1 gallery photo(s) show wrong vehicle | P1 part number/code in title | P1 hitch missing towing capacity
2014-2018-subaru-forester-class-3-trailer-hitch-black-13144,2014-2018 Subaru Forester Class 3 Trailer Hitch - Black | 13144,trailer hitch kit,https://stehlenauto.com/products/2014-2018-subaru-forester-class-3-trailer-hitch-black-13144,P1,P1 part number/code in title | P1 hitch missing towing capacity
2019-2025-subaru-forester-2-trailer-hitch-receiver-curt-13409,"2019-2025 Subaru Forester 2"" Trailer Hitch Receiver - CURT 13409",trailer hitch kit,https://stehlenauto.com/products/2019-2025-subaru-forester-2-trailer-hitch-receiver-curt-13409,P1,P1 3 gallery photo(s) show wrong vehicle | P1 part number/code in title | P1 hitch missing towing capacity
2000-2004-nissan-frontier-class-3-trailer-hitch-13841,2000-2004 Nissan Frontier Class 3 Trailer Hitch - 13841,trailer hitch kit,https://stehlenauto.com/products/2000-2004-nissan-frontier-class-3-trailer-hitch-13841,P1,P1 part number/code in title | P1 hitch missing towing capacity
2000-2004-nissan-frontier-class-3-trailer-hitch-combo-curt,2000-2004 Nissan Frontier Class 3 Trailer Hitch Combo - CURT,trailer hitch kit,https://stehlenauto.com/products/2000-2004-nissan-frontier-class-3-trailer-hitch-combo-curt,P1,P1 part number/code in title | P1 hitch missing towing capacity
2005-2026-nissan-frontier-class-3-trailer-hitch-13241,2005-2026 Nissan Frontier Class 3 Trailer Hitch - 13241,trailer hitch kit,https://stehlenauto.com/products/2005-2026-nissan-frontier-class-3-trailer-hitch-13241,P1,P1 part number/code in title | P1 hitch missing towing capacity
05-26-nissan-frontier-class-3-trailer-hitch-ball-mount-kit,2005-2026 Nissan Frontier Class 3 Trailer Hitch & Ball Mount Kit,trailer hitch kit,https://stehlenauto.com/products/05-26-nissan-frontier-class-3-trailer-hitch-ball-mount-kit,P1,P1 hitch missing towing capacity
2-hitch-cargo-carrier-300-lb-tray-style-fold-up-23x59-black,"2"" Hitch Cargo Carrier 300 LBS 23x59 Fold-Up Tray - Black",trailer hitch kit,https://stehlenauto.com/products/2-hitch-cargo-carrier-300-lb-tray-style-fold-up-23x59-black,P1,P1 hitch missing towing capacity
2005-2010-pontiac-g6-class-2-trailer-hitch-black-mpn-12333,2005-2010 Pontiac G6 Class 2 Trailer Hitch - Black | MPN 12333,trailer hitch kit,https://stehlenauto.com/products/2005-2010-pontiac-g6-class-2-trailer-hitch-black-mpn-12333,P1,P1 part number/code in title | P1 hitch missing towing capacity
2010-2023-lexus-gx460-class-3-trailer-hitch-2-receiver-black,"2010-2023 Lexus GX460 Class 3 Trailer Hitch 2"" Receiver - Black",trailer hitch kit,https://stehlenauto.com/products/2010-2023-lexus-gx460-class-3-trailer-hitch-2-receiver-black,P1,P1 3 gallery photo(s) show wrong vehicle | P1 hitch missing towing capacity
2006-2010-hummer-h3-class-3-trailer-hitch-black-mpn-13270,2006-2010 Hummer H3 Class 3 Trailer Hitch - Black | MPN 13270,trailer hitch kit,https://stehlenauto.com/products/2006-2010-hummer-h3-class-3-trailer-hitch-black-mpn-13270,P1,P1 part number/code in title | P1 hitch missing towing capacity
2006-2010-hummer-h3-class-3-trailer-hitch-w-ball-mount-curt,2006-2010 Hummer H3 Class 3 Trailer Hitch w/ Ball Mount - CURT,trailer hitch kit,https://stehlenauto.com/products/2006-2010-hummer-h3-class-3-trailer-hitch-w-ball-mount-curt,P1,P1 part number/code in title
curt-class-3-trailer-hitch-loaded-ball-mount-kit-45034,CURT Class 3 Trailer Hitch & Loaded Ball Mount Kit - 45034,trailer hitch kit,https://stehlenauto.com/products/curt-class-3-trailer-hitch-loaded-ball-mount-kit-45034,P1,P1 part number/code in title | P1 hitch missing towing capacity
2008-2013-toyota-highlander-class-3-trailer-hitch-black-13534,2008-2013 Toyota Highlander Class 3 Trailer Hitch - Black | 13534,trailer hitch kit,https://stehlenauto.com/products/2008-2013-toyota-highlander-class-3-trailer-hitch-black-13534,P1,P1 part number/code in title | P1 hitch missing towing capacity
2008-2013-toyota-highlander-class-3-trailer-hitch-w-ball-mount-curt,2008-2013 Toyota Highlander Class 3 Trailer Hitch w/ Ball Mount - CURT,trailer hitch kit,https://stehlenauto.com/products/2008-2013-toyota-highlander-class-3-trailer-hitch-w-ball-mount-curt,P1,P1 part number/code in title | P1 hitch missing towing capacity
2014-2019-toyota-highlander-2-trailer-hitch-receiver-curt-13200,"2014-2019 Toyota Highlander 2"" Trailer Hitch Receiver - CURT 13200",trailer hitch kit,https://stehlenauto.com/products/2014-2019-toyota-highlander-2-trailer-hitch-receiver-curt-13200,P1,P1 3 gallery photo(s) show wrong vehicle | P1 part number/code in title | P1 hitch missing towing capacity
2014-2019-toyota-highlander-2-trailer-hitch-receiver-w-ball-mount,"2014-2019 Toyota Highlander 2"" Trailer Hitch Receiver w/ Ball Mount",trailer hitch kit,https://stehlenauto.com/products/2014-2019-toyota-highlander-2-trailer-hitch-receiver-w-ball-mount,P1,P1 2 gallery photo(s) show wrong vehicle | P1 hitch missing towing capacity
2020-2024-toyota-highlander-2-trailer-hitch-receiver-class-3,"2020-2024 Toyota Highlander 2"" Trailer Hitch Receiver Class 3",trailer hitch kit,https://stehlenauto.com/products/2020-2024-toyota-highlander-2-trailer-hitch-receiver-class-3,P1,P1 3 gallery photo(s) show wrong vehicle | P2 title years 2020-2024 narrower than fitment 2020-2025 | P1 hitch missing towing capacity
2001-2005-lexus-is300-class-1-trailer-hitch-black-mpn-11762,2001-2005 Lexus IS300 Class 1 Trailer Hitch - Black | MPN 11762,trailer hitch kit,https://stehlenauto.com/products/2001-2005-lexus-is300-class-1-trailer-hitch-black-mpn-11762,P1,P1 part number/code in title | P1 hitch missing towing capacity
2014-2019-jeep-cherokee-class-3-trailer-hitch-black-mpn-13171,2014-2019 Jeep Cherokee Class 3 Trailer Hitch - Black | MPN 13171,trailer hitch kit,https://stehlenauto.com/products/2014-2019-jeep-cherokee-class-3-trailer-hitch-black-mpn-13171,P1,P1 part number/code in title
2014-2019-jeep-cherokee-class-3-trailer-hitch-w-ball-mount-curt,2014-2019 Jeep Cherokee Class 3 Trailer Hitch w/ Ball Mount - CURT,trailer hitch kit,https://stehlenauto.com/products/2014-2019-jeep-cherokee-class-3-trailer-hitch-w-ball-mount-curt,P1,P1 part number/code in title
2014-2018-jeep-cherokee-class-3-trailer-hitch-2-receiver-curt-13172,"2014-2018 Jeep Cherokee Class 3 Trailer Hitch 2"" Receiver - CURT 13172",trailer hitch kit,https://stehlenauto.com/products/2014-2018-jeep-cherokee-class-3-trailer-hitch-2-receiver-curt-13172,P1,P1 part number/code in title
1984-2001-jeep-cherokee-class-3-trailer-hitch-black,1984-2001 Jeep Cherokee Class 3 Trailer Hitch - Black,trailer hitch kit,https://stehlenauto.com/products/1984-2001-jeep-cherokee-class-3-trailer-hitch-black,P1,P1 hitch missing towing capacity
1984-2001-jeep-cherokee-class-3-trailer-hitch-w-ball-mount-curt,1984-2001 Jeep Cherokee Class 3 Trailer Hitch w/ Ball Mount - CURT,trailer hitch kit,https://stehlenauto.com/products/1984-2001-jeep-cherokee-class-3-trailer-hitch-w-ball-mount-curt,P1,P1 part number/code in title | P1 hitch missing towing capacity
2005-2010-jeep-grand-cherokee-class-3-trailer-hitch-black,2005-2010 Jeep Grand Cherokee Class 3 Trailer Hitch - Black,trailer hitch kit,https://stehlenauto.com/products/2005-2010-jeep-grand-cherokee-class-3-trailer-hitch-black,P1,P1 hitch missing towing capacity
2005-2010-jeep-grand-cherokee-class-3-trailer-hitch-kit-curt,2005-2010 Jeep Grand Cherokee Class 3 Trailer Hitch Kit - CURT,trailer hitch kit,https://stehlenauto.com/products/2005-2010-jeep-grand-cherokee-class-3-trailer-hitch-kit-curt,P1,P1 part number/code in title | P1 hitch missing towing capacity
2011-2022-jeep-grand-cherokee-class-3-trailer-hitch-black,2011-2022 Jeep Grand Cherokee Class 3 Trailer Hitch - Black,trailer hitch kit,https://stehlenauto.com/products/2011-2022-jeep-grand-cherokee-class-3-trailer-hitch-black,P1,P1 hitch missing towing capacity
2011-2022-jeep-grand-cherokee-class-3-trailer-hitch-combo-curt,2011-2022 Jeep Grand Cherokee Class 3 Trailer Hitch Combo - CURT,trailer hitch kit,https://stehlenauto.com/products/2011-2022-jeep-grand-cherokee-class-3-trailer-hitch-combo-curt,P1,P1 part number/code in title
1999-2004-jeep-grand-cherokee-class-3-trailer-hitch-black,1999-2004 Jeep Grand Cherokee Class 3 Trailer Hitch - Black,trailer hitch kit,https://stehlenauto.com/products/1999-2004-jeep-grand-cherokee-class-3-trailer-hitch-black,P1,P1 hitch missing towing capacity
1999-2004-jeep-grand-cherokee-class-3-trailer-hitch-combo-curt,1999-2004 Jeep Grand Cherokee Class 3 Trailer Hitch Combo - CURT,trailer hitch kit,https://stehlenauto.com/products/1999-2004-jeep-grand-cherokee-class-3-trailer-hitch-combo-curt,P1,P1 part number/code in title
2021-2025-jeep-grand-cherokee-l-2-trailer-hitch-receiver-class-3,"2021-2025 Jeep Grand Cherokee L 2"" Trailer Hitch Receiver Class 3",trailer hitch kit,https://stehlenauto.com/products/2021-2025-jeep-grand-cherokee-l-2-trailer-hitch-receiver-class-3,P1,P1 hitch missing towing capacity
2009-2020-dodge-journey-class-3-trailer-hitch-black,2009-2020 Dodge Journey Class 3 Trailer Hitch - Black,trailer hitch kit,https://stehlenauto.com/products/2009-2020-dodge-journey-class-3-trailer-hitch-black,P1,P1 hitch missing towing capacity
2009-2020-dodge-journey-class-3-trailer-hitch-w-ball-mount-curt,2009-2020 Dodge Journey Class 3 Trailer Hitch w/ Ball Mount - CURT,trailer hitch kit,https://stehlenauto.com/products/2009-2020-dodge-journey-class-3-trailer-hitch-w-ball-mount-curt,P1,P1 part number/code in title
2011-2017-jeep-patriot-compass-class-3-trailer-hitch-13081,2011-2017 Jeep Patriot Compass Class 3 Trailer Hitch - 13081,trailer hitch kit,https://stehlenauto.com/products/2011-2017-jeep-patriot-compass-class-3-trailer-hitch-13081,P1,P1 part number/code in title | P1 hitch missing towing capacity
2011-2017-jeep-patriot-compass-class-3-trailer-hitch-w-ball-mount,2011-2017 Jeep Patriot Compass Class 3 Trailer Hitch w/ Ball Mount,trailer hitch kit,https://stehlenauto.com/products/2011-2017-jeep-patriot-compass-class-3-trailer-hitch-w-ball-mount,P1,P1 hitch missing towing capacity
universal-2-tube-3-steel-rear-hitch-step-black,"Universal 2"" Hitch Receiver 3"" Steel Rear Hitch Step - Black",trailer hitch kit,https://stehlenauto.com/products/universal-2-tube-3-steel-rear-hitch-step-black,P1,P1 hitch missing towing capacity
universal-2-receiver-hitch-step-matte-black-hs207-31bk,"Universal 2"" Receiver Dropping Style Rear Hitch Step - Matte Black",trailer hitch kit,https://stehlenauto.com/products/universal-2-receiver-hitch-step-matte-black-hs207-31bk,P1,P1 hitch missing towing capacity
2010-2013-subaru-outback-class-3-trailer-hitch-black-13390,2010-2013 Subaru Outback Class 3 Trailer Hitch - Black | 13390,trailer hitch kit,https://stehlenauto.com/products/2010-2013-subaru-outback-class-3-trailer-hitch-black-13390,P1,P2 title years 2010-2013 narrower than fitment 2010-2019 | P1 part number/code in title | P1 hitch missing towing capacity
2002-2007-jeep-liberty-class-3-trailer-hitch-black-13244,2002-2007 Jeep Liberty Class 3 Trailer Hitch - Black | 13244,trailer hitch kit,https://stehlenauto.com/products/2002-2007-jeep-liberty-class-3-trailer-hitch-black-13244,P1,P1 part number/code in title | P1 hitch missing towing capacity
2002-2007-jeep-liberty-class-3-trailer-hitch-w-ball-mount-curt,2002-2007 Jeep Liberty Class 3 Trailer Hitch w/ Ball Mount - CURT,trailer hitch kit,https://stehlenauto.com/products/2002-2007-jeep-liberty-class-3-trailer-hitch-w-ball-mount-curt,P1,P1 part number/code in title | P1 hitch missing towing capacity
2008-2012-jeep-liberty-class-3-trailer-hitch-black-mpn-13245,2008-2012 Jeep Liberty Class 3 Trailer Hitch - Black | MPN 13245,trailer hitch kit,https://stehlenauto.com/products/2008-2012-jeep-liberty-class-3-trailer-hitch-black-mpn-13245,P1,P1 part number/code in title | P1 hitch missing towing capacity
2008-2012-jeep-liberty-class-3-trailer-hitch-w-ball-mount-curt,2008-2012 Jeep Liberty Class 3 Trailer Hitch w/ Ball Mount - CURT,trailer hitch kit,https://stehlenauto.com/products/2008-2012-jeep-liberty-class-3-trailer-hitch-w-ball-mount-curt,P1,P1 part number/code in title | P1 hitch missing towing capacity
2003-2008-toyota-matrix-class-2-trailer-hitch-black-12013,2003-2008 Toyota Matrix Class 2 Trailer Hitch Black - 12013,trailer hitch kit,https://stehlenauto.com/products/2003-2008-toyota-matrix-class-2-trailer-hitch-black-12013,P1,P1 part number/code in title | P1 hitch missing towing capacity
2014-2021-mazda-6-class-1-trailer-hitch-1-25-receiver,"2014-2021 Mazda 6 Class 1 Trailer Hitch 1.25"" Receiver",trailer hitch kit,https://stehlenauto.com/products/2014-2021-mazda-6-class-1-trailer-hitch-1-25-receiver,P1,P1 hitch missing towing capacity
2007-2013-acura-mdx-class-3-trailer-hitch-black-mpn-13354,2007-2013 Acura MDX Class 3 Trailer Hitch - Black | MPN 13354,trailer hitch kit,https://stehlenauto.com/products/2007-2013-acura-mdx-class-3-trailer-hitch-black-mpn-13354,P1,P1 part number/code in title | P1 hitch missing towing capacity
2007-2013-acura-mdx-class-3-trailer-hitch-w-ball-mount-curt,2007-2013 Acura MDX Class 3 Trailer Hitch w/ Ball Mount - CURT,trailer hitch kit,https://stehlenauto.com/products/2007-2013-acura-mdx-class-3-trailer-hitch-w-ball-mount-curt,P1,P1 part number/code in title | P1 hitch missing towing capacity
2007-2013-acura-mdx-class-3-trailer-hitch-wiring-harness-combo,2007-2013 Acura MDX Class 3 Trailer Hitch & Wiring Harness Combo,trailer hitch kit,https://stehlenauto.com/products/2007-2013-acura-mdx-class-3-trailer-hitch-wiring-harness-combo,P1,P1 hitch missing towing capacity
2007-2010-mini-cooper-s-class-1-trailer-hitch-black,2007-2010 Mini Cooper S Class 1 Trailer Hitch - Black,trailer hitch kit,https://stehlenauto.com/products/2007-2010-mini-cooper-s-class-1-trailer-hitch-black,P1,P1 hitch missing towing capacity
2014-2022-acura-mdx-honda-pilot-class-3-trailer-hitch-ball-mount-kit,2014-2022 Acura MDX Honda Pilot Class 3 Trailer Hitch & Ball Mount Kit,trailer hitch kit,https://stehlenauto.com/products/2014-2022-acura-mdx-honda-pilot-class-3-trailer-hitch-ball-mount-kit,P1,P1 hitch missing towing capacity
2012-2013-mini-cooper-class-1-trailer-hitch-black-mpn-11272,2012-2013 Mini Cooper Class 1 Trailer Hitch Black - MPN 11272,trailer hitch kit,https://stehlenauto.com/products/2012-2013-mini-cooper-class-1-trailer-hitch-black-mpn-11272,P1,P1 part number/code in title | P1 hitch missing towing capacity
2006-2011-mercedes-benz-ml-class-3-trailer-hitch-13342,2006-2011 Mercedes-Benz ML Class 3 Trailer Hitch - 13342,trailer hitch kit,https://stehlenauto.com/products/2006-2011-mercedes-benz-ml-class-3-trailer-hitch-13342,P1,P1 part number/code in title | P1 hitch missing towing capacity
2006-2011-mercedes-benz-ml-class-3-trailer-hitch-w-ball-mount,2006-2011 Mercedes-Benz ML Class 3 Trailer Hitch w/ Ball Mount,trailer hitch kit,https://stehlenauto.com/products/2006-2011-mercedes-benz-ml-class-3-trailer-hitch-w-ball-mount,P1,P1 hitch missing towing capacity
1998-2005-mercedes-benz-ml-class-3-trailer-hitch-black,1998-2005 Mercedes-Benz ML Class 3 Trailer Hitch - Black,trailer hitch kit,https://stehlenauto.com/products/1998-2005-mercedes-benz-ml-class-3-trailer-hitch-black,P1,P1 hitch missing towing capacity
2003-2007-nissan-murano-class-3-trailer-hitch-black-13571,2003-2007 Nissan Murano Class 3 Trailer Hitch - Black | 13571,trailer hitch kit,https://stehlenauto.com/products/2003-2007-nissan-murano-class-3-trailer-hitch-black-13571,P1,P1 part number/code in title | P1 hitch missing towing capacity
1998-2005-mercedes-benz-ml-class-3-trailer-hitch-w-ball-mount-curt,1998-2005 Mercedes-Benz ML Class 3 Trailer Hitch w/ Ball Mount - CURT,trailer hitch kit,https://stehlenauto.com/products/1998-2005-mercedes-benz-ml-class-3-trailer-hitch-w-ball-mount-curt,P1,P1 part number/code in title
2009-2014-nissan-murano-class-3-trailer-hitch-black-mpn-13577,2009-2014 Nissan Murano Class 3 Trailer Hitch - Black | MPN 13577,trailer hitch kit,https://stehlenauto.com/products/2009-2014-nissan-murano-class-3-trailer-hitch-black-mpn-13577,P1,P1 part number/code in title | P1 hitch missing towing capacity
2003-2007-nissan-murano-class-3-trailer-hitch-w-ball-mount-curt,2003-2007 Nissan Murano Class 3 Trailer Hitch w/ Ball Mount - CURT,trailer hitch kit,https://stehlenauto.com/products/2003-2007-nissan-murano-class-3-trailer-hitch-w-ball-mount-curt,P1,P1 part number/code in title
2009-2014-nissan-murano-class-3-trailer-hitch-w-ball-mount-curt,2009-2014 Nissan Murano Class 3 Trailer Hitch w/ Ball Mount - CURT,trailer hitch kit,https://stehlenauto.com/products/2009-2014-nissan-murano-class-3-trailer-hitch-w-ball-mount-curt,P1,P1 part number/code in title | P1 hitch missing towing capacity
2015-2024-nissan-murano-2-trailer-hitch-receiver-class-3-curt-13205,"2015-2024 Nissan Murano 2"" Trailer Hitch Receiver Class 3 - CURT 13205",trailer hitch kit,https://stehlenauto.com/products/2015-2024-nissan-murano-2-trailer-hitch-receiver-class-3-curt-13205,P1,P1 3 gallery photo(s) show wrong vehicle | P1 part number/code in title | P1 hitch missing towing capacity
1994-2004-ford-mustang-class-1-trailer-hitch-black,1994-2004 Ford Mustang Class 1 Trailer Hitch - Black,trailer hitch kit,https://stehlenauto.com/products/1994-2004-ford-mustang-class-1-trailer-hitch-black,P1,P1 hitch missing towing capacity
1999-2005-mazda-miata-mx-5-class-1-trailer-hitch-black,1999-2005 Mazda Miata MX-5 Class 1 Trailer Hitch - Black,trailer hitch kit,https://stehlenauto.com/products/1999-2005-mazda-miata-mx-5-class-1-trailer-hitch-black,P1,P1 hitch missing towing capacity
2007-2011-dodge-nitro-class-3-trailer-hitch-black,2007-2011 Dodge Nitro Class 3 Trailer Hitch - Black,trailer hitch kit,https://stehlenauto.com/products/2007-2011-dodge-nitro-class-3-trailer-hitch-black,P1,P1 hitch missing towing capacity
2007-2011-dodge-nitro-class-3-trailer-hitch-w-ball-mount-curt,2007-2011 Dodge Nitro Class 3 Trailer Hitch w/ Ball Mount - CURT,trailer hitch kit,https://stehlenauto.com/products/2007-2011-dodge-nitro-class-3-trailer-hitch-w-ball-mount-curt,P1,P1 part number/code in title | P1 hitch missing towing capacity
2018-2025-honda-odyssey-2-trailer-hitch-receiver-class-3,"2018-2025 Honda Odyssey 2"" Trailer Hitch Receiver - Class 3",trailer hitch kit,https://stehlenauto.com/products/2018-2025-honda-odyssey-2-trailer-hitch-receiver-class-3,P1,P1 3 gallery photo(s) show wrong vehicle | P2 title years 2018-2025 narrower than fitment 2018-2026
1999-2017-honda-odyssey-class-3-trailer-hitch-black-13068,1999-2017 Honda Odyssey Class 3 Trailer Hitch - Black | 13068,trailer hitch kit,https://stehlenauto.com/products/1999-2017-honda-odyssey-class-3-trailer-hitch-black-13068,P1,P1 part number/code in title | P1 hitch missing towing capacity
1999-2017-honda-odyssey-class-3-trailer-hitch-w-ball-mount-curt,1999-2017 Honda Odyssey Class 3 Trailer Hitch w/ Ball Mount - CURT,trailer hitch kit,https://stehlenauto.com/products/1999-2017-honda-odyssey-class-3-trailer-hitch-w-ball-mount-curt,P1,P1 part number/code in title
2014-2019-subaru-outback-1-25-trailer-hitch-receiver-curt-12136,"2014-2019 Subaru Outback 1.25"" Trailer Hitch Receiver - CURT 12136",trailer hitch kit,https://stehlenauto.com/products/2014-2019-subaru-outback-1-25-trailer-hitch-receiver-curt-12136,P1,P1 1 gallery photo(s) show wrong vehicle | P1 part number/code in title | P1 hitch missing towing capacity
2014-2019-subaru-outback-2-trailer-hitch-receiver-class-3,"2014-2019 Subaru Outback 2"" Trailer Hitch Receiver Class 3",trailer hitch kit,https://stehlenauto.com/products/2014-2019-subaru-outback-2-trailer-hitch-receiver-class-3,P1,P1 3 gallery photo(s) show wrong vehicle | P1 hitch missing towing capacity
2014-2019-subaru-outback-class-3-trailer-hitch-w-ball-mount-kit,2014-2019 Subaru Outback Class 3 Trailer Hitch w/ Ball Mount Kit,trailer hitch kit,https://stehlenauto.com/products/2014-2019-subaru-outback-class-3-trailer-hitch-w-ball-mount-kit,P1,P1 2 gallery photo(s) show wrong vehicle | P1 hitch missing towing capacity
2020-2025-subaru-outback-legacy-2-trailer-hitch-receiver-class-3,"2020-2025 Subaru Outback Legacy 2"" Trailer Hitch Receiver Class 3",trailer hitch kit,https://stehlenauto.com/products/2020-2025-subaru-outback-legacy-2-trailer-hitch-receiver-class-3,P1,P1 3 gallery photo(s) show wrong vehicle | P2 title years 2020-2025 narrower than fitment 2020-2026 | P1 hitch missing towing capacity
2007-2013-mitsubishi-outlander-class-3-trailer-hitch-black,2007-2013 Mitsubishi Outlander Class 3 Trailer Hitch - Black,trailer hitch kit,https://stehlenauto.com/products/2007-2013-mitsubishi-outlander-class-3-trailer-hitch-black,P1,P1 hitch missing towing capacity
2007-2013-mitsubishi-outlander-class-3-trailer-hitch-w-ball-mount-curt,2007-2013 Mitsubishi Outlander Class 3 Trailer Hitch w/ Ball Mount - CURT,trailer hitch kit,https://stehlenauto.com/products/2007-2013-mitsubishi-outlander-class-3-trailer-hitch-w-ball-mount-curt,P1,P1 part number/code in title | P1 hitch missing towing capacity
2022-2025-mitsubishi-outlander-2-trailer-hitch-receiver-class-3,"2022-2025 Mitsubishi Outlander 2"" Trailer Hitch Receiver - Class 3",trailer hitch kit,https://stehlenauto.com/products/2022-2025-mitsubishi-outlander-2-trailer-hitch-receiver-class-3,P1,P1 3 gallery photo(s) show wrong vehicle | P1 hitch missing towing capacity
2023-2025-mitsubishi-outlander-phev-2-trailer-hitch-class-3,"2023-2025 Mitsubishi Outlander PHEV 2"" Trailer Hitch - Class 3",trailer hitch kit,https://stehlenauto.com/products/2023-2025-mitsubishi-outlander-phev-2-trailer-hitch-class-3,P1,P1 3 gallery photo(s) show wrong vehicle
2017-2025-chrysler-pacifica-voyager-2-class-3-trailer-hitch-receiver,"2017-2025 Chrysler Pacifica Voyager 2"" Class 3 Trailer Hitch Receiver",trailer hitch kit,https://stehlenauto.com/products/2017-2025-chrysler-pacifica-voyager-2-class-3-trailer-hitch-receiver,P1,P2 title years 2017-2025 narrower than fitment 2017-2026 | P1 hitch missing towing capacity
2020-2024-hyundai-palisade-2-trailer-hitch-receiver-curt-13427,"2020-2024 Hyundai Palisade 2"" Trailer Hitch Receiver - CURT 13427",trailer hitch kit,https://stehlenauto.com/products/2020-2024-hyundai-palisade-2-trailer-hitch-receiver-curt-13427,P1,P1 3 gallery photo(s) show wrong vehicle | P2 title years 2020-2024 narrower than fitment 2020-2025 | P1 part number/code in title | P1 hitch missing towing capacity
2013-2020-nissan-pathfinder-infiniti-qx60-class-3-trailer-hitch-combo,2013-2020 Nissan Pathfinder Infiniti QX60 Class 3 Trailer Hitch Combo,trailer hitch kit,https://stehlenauto.com/products/2013-2020-nissan-pathfinder-infiniti-qx60-class-3-trailer-hitch-combo,P1,P1 hitch missing towing capacity
1996-2004-nissan-pathfinder-infiniti-qx4-class-3-trailer-hitch,1996-2004 Nissan Pathfinder Infiniti QX4 Class 3 Trailer Hitch,trailer hitch kit,https://stehlenauto.com/products/1996-2004-nissan-pathfinder-infiniti-qx4-class-3-trailer-hitch,P1,P1 hitch missing towing capacity
2001-2008-honda-pilot-acura-mdx-class-3-trailer-hitch-13328,2001-2008 Honda Pilot & Acura MDX Class 3 Trailer Hitch - 13328,trailer hitch kit,https://stehlenauto.com/products/2001-2008-honda-pilot-acura-mdx-class-3-trailer-hitch-13328,P1,P1 part number/code in title
96-04-nissan-pathfinder-infiniti-qx4-class-3-hitch-ball-mount-kit,1996-2004 Nissan Pathfinder Infiniti QX4 Class 3 Hitch & Ball Mount Kit,trailer hitch kit,https://stehlenauto.com/products/96-04-nissan-pathfinder-infiniti-qx4-class-3-hitch-ball-mount-kit,P1,P1 hitch missing towing capacity
2001-2008-honda-pilot-acura-mdx-class-3-trailer-hitch-combo-curt,2001-2008 Honda Pilot & Acura MDX Class 3 Trailer Hitch Combo - CURT,trailer hitch kit,https://stehlenauto.com/products/2001-2008-honda-pilot-acura-mdx-class-3-trailer-hitch-combo-curt,P1,P1 part number/code in title | P1 hitch missing towing capacity
1997-2007-pontiac-grand-prix-buick-regal-class-2-trailer-hitch,1997-2007 Pontiac Grand Prix / Buick Regal Class 2 Trailer Hitch,trailer hitch kit,https://stehlenauto.com/products/1997-2007-pontiac-grand-prix-buick-regal-class-2-trailer-hitch,P1,P1 hitch missing towing capacity
2017-2025-audi-q7-class-3-trailer-hitch-2-receiver-black,"2017-2025 Audi Q7 Class 3 Trailer Hitch 2"" Receiver - Black",trailer hitch kit,https://stehlenauto.com/products/2017-2025-audi-q7-class-3-trailer-hitch-2-receiver-black,P1,P1 3 gallery photo(s) show wrong vehicle | P2 title years 2017-2025 narrower than fitment 2017-2026 | P1 hitch missing towing capacity
2019-2023-ford-ranger-class-3-trailer-hitch-2-receiver-curt-13417,"2019-2023 Ford Ranger Class 3 Trailer Hitch 2"" Receiver - CURT 13417",trailer hitch kit,https://stehlenauto.com/products/2019-2023-ford-ranger-class-3-trailer-hitch-2-receiver-curt-13417,P1,P1 3 gallery photo(s) show wrong vehicle | P1 part number/code in title | P1 hitch missing towing capacity
1994-2009-mazda-b-series-class-3-trailer-hitch-combo-curt,1994-2009 Mazda B-Series Class 3 Trailer Hitch Combo - CURT,trailer hitch kit,https://stehlenauto.com/products/1994-2009-mazda-b-series-class-3-trailer-hitch-combo-curt,P1,P2 title years 1994-2009 narrower than fitment 1983-2011 | P1 part number/code in title | P1 hitch missing towing capacity
2006-2018-toyota-rav4-class-3-trailer-hitch-black-13149,2006-2018 Toyota RAV4 Class 3 Trailer Hitch - Black | 13149,trailer hitch kit,https://stehlenauto.com/products/2006-2018-toyota-rav4-class-3-trailer-hitch-black-13149,P1,P1 part number/code in title | P1 hitch missing towing capacity
2006-2018-toyota-rav4-1-25-trailer-hitch-receiver-class-2,"2006-2018 Toyota RAV4 1.25"" Trailer Hitch Receiver Class 2",trailer hitch kit,https://stehlenauto.com/products/2006-2018-toyota-rav4-1-25-trailer-hitch-receiver-class-2,P1,P1 2 gallery photo(s) show wrong vehicle | P1 hitch missing towing capacity
2006-2018-toyota-rav4-class-3-trailer-hitch-ball-mount-combo,2006-2018 Toyota RAV4 Class 3 Trailer Hitch & Ball Mount Combo,trailer hitch kit,https://stehlenauto.com/products/2006-2018-toyota-rav4-class-3-trailer-hitch-ball-mount-combo,P1,P1 hitch missing towing capacity
2006-2012-toyota-rav4-class-3-trailer-hitch-wiring-combo,2006-2012 Toyota RAV4 Class 3 Trailer Hitch & Wiring Combo,trailer hitch kit,https://stehlenauto.com/products/2006-2012-toyota-rav4-class-3-trailer-hitch-wiring-combo,P1,P1 hitch missing towing capacity
2019-2024-toyota-rav4-rav4-prime-2-trailer-hitch-curt-13416,"2019-2024 Toyota RAV4/RAV4 Prime 2"" Trailer Hitch - CURT 13416",trailer hitch kit,https://stehlenauto.com/products/2019-2024-toyota-rav4-rav4-prime-2-trailer-hitch-curt-13416,P1,P1 3 gallery photo(s) show wrong vehicle | P2 title years 2019-2024 narrower than fitment 2019-2025 | P1 part number/code in title | P1 hitch missing towing capacity
2015-2023-jeep-renegade-2-trailer-hitch-receiver-class-3,"2015-2023 Jeep Renegade 2"" Trailer Hitch Receiver Class 3",trailer hitch kit,https://stehlenauto.com/products/2015-2023-jeep-renegade-2-trailer-hitch-receiver-class-3,P1,P1 hitch missing towing capacity
2006-2014-honda-ridgeline-class-3-trailer-hitch-13385,2006-2014 Honda Ridgeline Class 3 Trailer Hitch - 13385,trailer hitch kit,https://stehlenauto.com/products/2006-2014-honda-ridgeline-class-3-trailer-hitch-13385,P1,P1 part number/code in title | P1 hitch missing towing capacity
2006-2014-honda-ridgeline-class-3-trailer-hitch-combo-curt,2006-2014 Honda Ridgeline Class 3 Trailer Hitch Combo - CURT,trailer hitch kit,https://stehlenauto.com/products/2006-2014-honda-ridgeline-class-3-trailer-hitch-combo-curt,P1,P1 part number/code in title | P1 hitch missing towing capacity
2008-2020-nissan-rogue-class-3-trailer-hitch-black-13204,2008-2020 Nissan Rogue Class 3 Trailer Hitch - Black 13204,trailer hitch kit,https://stehlenauto.com/products/2008-2020-nissan-rogue-class-3-trailer-hitch-black-13204,P1,P1 hitch missing towing capacity
2008-2020-nissan-rogue-class-3-trailer-hitch-w-ball-mount,2008-2020 Nissan Rogue Class 3 Trailer Hitch w/ Ball Mount,trailer hitch kit,https://stehlenauto.com/products/2008-2020-nissan-rogue-class-3-trailer-hitch-w-ball-mount,P1,P1 hitch missing towing capacity
2021-2026-nissan-rogue-class-3-trailer-hitch-2-receiver-black,"2021-2026 Nissan Rogue Class 3 Trailer Hitch 2"" Receiver - Black",trailer hitch kit,https://stehlenauto.com/products/2021-2026-nissan-rogue-class-3-trailer-hitch-2-receiver-black,P1,P1 3 gallery photo(s) show wrong vehicle | P1 hitch missing towing capacity
2017-2023-nissan-rogue-sport-qashqai-2-trailer-hitch-class-3,"2017-2023 Nissan Rogue Sport Qashqai 2"" Trailer Hitch Class 3",trailer hitch kit,https://stehlenauto.com/products/2017-2023-nissan-rogue-sport-qashqai-2-trailer-hitch-class-3,P1,P1 3 gallery photo(s) show wrong vehicle | P1 hitch missing towing capacity
curt-adjustable-rv-trailer-hitch-class-3-up-to-72-frames-13703,"CURT Adjustable RV Trailer Hitch Class 3 Up to 72"" Frames - 13703",trailer hitch kit,https://stehlenauto.com/products/curt-adjustable-rv-trailer-hitch-class-3-up-to-72-frames-13703,P1,P1 part number/code in title | P1 hitch missing towing capacity
rv-72-adjustable-class-3-trailer-hitch-w-loaded-ball-mount,"RV 72"" Adjustable Class 3 Trailer Hitch w/ Loaded Ball Mount",trailer hitch kit,https://stehlenauto.com/products/rv-72-adjustable-class-3-trailer-hitch-w-loaded-ball-mount,P1,P1 hitch missing towing capacity
2010-2015-lexus-rx350-rx450h-class-3-trailer-hitch-black,2010-2015 Lexus RX350 RX450h Class 3 Trailer Hitch - Black,trailer hitch kit,https://stehlenauto.com/products/2010-2015-lexus-rx350-rx450h-class-3-trailer-hitch-black,P1,P1 hitch missing towing capacity
2004-2012-volvo-s40-v50-class-1-trailer-hitch-black,2004-2012 Volvo S40 & V50 Class 1 Trailer Hitch - Black,trailer hitch kit,https://stehlenauto.com/products/2004-2012-volvo-s40-v50-class-1-trailer-hitch-black,P1,P1 hitch missing towing capacity
2014-2015-kia-sorento-class-3-trailer-hitch-black-13152,2014-2015 Kia Sorento Class 3 Trailer Hitch Black - 13152,trailer hitch kit,https://stehlenauto.com/products/2014-2015-kia-sorento-class-3-trailer-hitch-black-13152,P1,P2 title years 2014-2015 narrower than fitment 2013-2018 | P1 part number/code in title | P1 hitch missing towing capacity
2014-2015-kia-sorento-class-3-trailer-hitch-ball-mount-combo-curt,2014-2015 Kia Sorento Class 3 Trailer Hitch & Ball Mount Combo - CURT,trailer hitch kit,https://stehlenauto.com/products/2014-2015-kia-sorento-class-3-trailer-hitch-ball-mount-combo-curt,P1,P2 title years 2014-2015 narrower than fitment 2013-2018 | P1 part number/code in title | P1 hitch missing towing capacity
2013-2019-hyundai-santa-fe-2-class-3-trailer-hitch-receiver,"2013-2019 Hyundai Santa Fe 2"" Class 3 Trailer Hitch Receiver",trailer hitch kit,https://stehlenauto.com/products/2013-2019-hyundai-santa-fe-2-class-3-trailer-hitch-receiver,P1,P1 3 gallery photo(s) show wrong vehicle | P1 hitch missing towing capacity
2013-2019-hyundai-santa-fe-trailer-hitch-ball-mount-combo-kit,2013-2019 Hyundai Santa Fe Trailer Hitch & Ball Mount Combo Kit,trailer hitch kit,https://stehlenauto.com/products/2013-2019-hyundai-santa-fe-trailer-hitch-ball-mount-combo-kit,P1,P1 2 gallery photo(s) show wrong vehicle | P1 hitch missing towing capacity
2006-2014-kia-sedona-hyundai-entourage-class-3-hitch-wiring-kit,2006-2014 Kia Sedona & Hyundai Entourage Class 3 Hitch + Wiring Kit,trailer hitch kit,https://stehlenauto.com/products/2006-2014-kia-sedona-hyundai-entourage-class-3-hitch-wiring-kit,P1,P1 hitch missing towing capacity
2004-2020-toyota-sienna-class-3-trailer-hitch-black-13105,2004-2020 Toyota Sienna Class 3 Trailer Hitch - Black | 13105,trailer hitch kit,https://stehlenauto.com/products/2004-2020-toyota-sienna-class-3-trailer-hitch-black-13105,P1,P1 part number/code in title | P1 hitch missing towing capacity
2004-2020-toyota-sienna-class-3-trailer-hitch-w-ball-mount-curt,2004-2020 Toyota Sienna Class 3 Trailer Hitch w/ Ball Mount - CURT,trailer hitch kit,https://stehlenauto.com/products/2004-2020-toyota-sienna-class-3-trailer-hitch-w-ball-mount-curt,P1,P1 part number/code in title | P1 hitch missing towing capacity
07-19-silverado-sierra-1500-class-3-trailer-hitch-ball-mount-curt,2007-2019 Chevy/GMC Silverado/Sierra 1500 Class 3 Trailer Hitch & Ball Mount - CURT,trailer hitch kit,https://stehlenauto.com/products/07-19-silverado-sierra-1500-class-3-trailer-hitch-ball-mount-curt,P1,P1 part number/code in title | P1 hitch missing towing capacity
2007-2009-saturn-sky-class-1-trailer-hitch-black,2007-2009 Saturn Sky Class 1 Trailer Hitch - Black,trailer hitch kit,https://stehlenauto.com/products/2007-2009-saturn-sky-class-1-trailer-hitch-black,P1,P1 hitch missing towing capacity
99-13-silverado-sierra-1500-class-3-trailer-hitch-ball-mount-curt,1999-2013 Chevy Silverado GMC Sierra 1500 Class 3 Trailer Hitch & Ball Mount - CURT,trailer hitch kit,https://stehlenauto.com/products/99-13-silverado-sierra-1500-class-3-trailer-hitch-ball-mount-curt,P1,P1 part number/code in title | P1 hitch missing towing capacity
2011-2015-hyundai-sonata-kia-optima-class-1-trailer-hitch-black,2011-2015 Hyundai Sonata Kia Optima Class 1 Trailer Hitch - Black,trailer hitch kit,https://stehlenauto.com/products/2011-2015-hyundai-sonata-kia-optima-class-1-trailer-hitch-black,P1,P1 hitch missing towing capacity
2003-2009-kia-sorento-class-3-trailer-hitch-black-13513,2003-2009 Kia Sorento Class 3 Trailer Hitch - Black | 13513,trailer hitch kit,https://stehlenauto.com/products/2003-2009-kia-sorento-class-3-trailer-hitch-black-13513,P1,P1 part number/code in title | P1 hitch missing towing capacity
2010-2013-kia-sorento-hyundai-santa-fe-class-3-trailer-hitch,2010-2013 Kia Sorento Hyundai Santa Fe Class 3 Trailer Hitch,trailer hitch kit,https://stehlenauto.com/products/2010-2013-kia-sorento-hyundai-santa-fe-class-3-trailer-hitch,P1,P1 hitch missing towing capacity
2003-2009-kia-sorento-class-3-trailer-hitch-kit-w-ball-mount,2003-2009 Kia Sorento Class 3 Trailer Hitch Kit w/ Ball Mount,trailer hitch kit,https://stehlenauto.com/products/2003-2009-kia-sorento-class-3-trailer-hitch-kit-w-ball-mount,P1,P1 hitch missing towing capacity
class-2-trailer-hitch-black-kia-sorento-hyundai-santa-fe-sport,Class 2 Trailer Hitch Black - Kia Sorento & Hyundai Santa Fe Sport,trailer hitch kit,https://stehlenauto.com/products/class-2-trailer-hitch-black-kia-sorento-hyundai-santa-fe-sport,P1,P1 hitch missing towing capacity
2016-2020-kia-sorento-hyundai-santa-fe-class-3-trailer-hitch,2016-2020 Kia Sorento & Hyundai Santa Fe Class 3 Trailer Hitch,trailer hitch kit,https://stehlenauto.com/products/2016-2020-kia-sorento-hyundai-santa-fe-class-3-trailer-hitch,P1,P1 hitch missing towing capacity
2014-2015-kia-sorento-class-2-trailer-hitch-wiring-combo-black,2014-2015 Kia Sorento Class 2 Trailer Hitch & Wiring Combo - Black,trailer hitch kit,https://stehlenauto.com/products/2014-2015-kia-sorento-class-2-trailer-hitch-wiring-combo-black,P1,P1 hitch missing towing capacity
2016-2020-kia-sorento-class-3-trailer-hitch-w-ball-mount-curt,2016-2020 Kia Sorento Class 3 Trailer Hitch w/ Ball Mount - CURT,trailer hitch kit,https://stehlenauto.com/products/2016-2020-kia-sorento-class-3-trailer-hitch-w-ball-mount-curt,P1,P1 part number/code in title
2021-2024-kia-sorento-hyundai-santa-fe-2-hitch-receiver-class-3,"2021-2024 Kia Sorento Hyundai Santa Fe 2"" Hitch Receiver Class 3",trailer hitch kit,https://stehlenauto.com/products/2021-2024-kia-sorento-hyundai-santa-fe-2-hitch-receiver-class-3,P1,P1 3 gallery photo(s) show wrong vehicle | P2 title years 2021-2024 narrower than fitment 2021-2025 | P1 hitch missing towing capacity
2010-2013-kia-soul-class-1-trailer-hitch-black-mpn-11110,2010-2013 Kia Soul Class 1 Trailer Hitch - Black | MPN 11110,trailer hitch kit,https://stehlenauto.com/products/2010-2013-kia-soul-class-1-trailer-hitch-black-mpn-11110,P1,P1 part number/code in title | P1 hitch missing towing capacity
2010-2013-kia-soul-class-1-trailer-hitch-wiring-combo-black,2010-2013 Kia Soul Class 1 Trailer Hitch & Wiring Combo - Black,trailer hitch kit,https://stehlenauto.com/products/2010-2013-kia-soul-class-1-trailer-hitch-wiring-combo-black,P1,P1 hitch missing towing capacity
2010-2015-hyundai-tucson-adjustable-trailer-hitch-black-13120,2010-2015 Hyundai Tucson Adjustable Trailer Hitch Black - 13120,trailer hitch kit,https://stehlenauto.com/products/2010-2015-hyundai-tucson-adjustable-trailer-hitch-black-13120,P1,P2 title years 2010-2015 narrower than fitment 2010-2016 | P1 part number/code in title | P1 hitch missing towing capacity
2010-2015-hyundai-tucson-trailer-hitch-ball-mount-combo-black,2010-2015 Hyundai Tucson Trailer Hitch & Ball Mount Combo - Black,trailer hitch kit,https://stehlenauto.com/products/2010-2015-hyundai-tucson-trailer-hitch-ball-mount-combo-black,P1,P2 title years 2010-2015 narrower than fitment 2010-2016 | P1 hitch missing towing capacity
2010-2015-hyundai-tucson-trailer-hitch-wiring-harness-combo-kit,2010-2015 Hyundai Tucson Trailer Hitch & Wiring Harness Combo Kit,trailer hitch kit,https://stehlenauto.com/products/2010-2015-hyundai-tucson-trailer-hitch-wiring-harness-combo-kit,P1,P1 hitch missing towing capacity
2018-2024-alfa-romeo-stelvio-2-trailer-hitch-receiver-class-3,"2018-2024 Alfa Romeo Stelvio 2"" Trailer Hitch Receiver - Class 3",trailer hitch kit,https://stehlenauto.com/products/2018-2024-alfa-romeo-stelvio-2-trailer-hitch-receiver-class-3,P1,P1 3 gallery photo(s) show wrong vehicle
2016-2023-toyota-tacoma-class-3-trailer-hitch-black-13264,2016-2023 Toyota Tacoma Class 3 Trailer Hitch Black - 13264,trailer hitch kit,https://stehlenauto.com/products/2016-2023-toyota-tacoma-class-3-trailer-hitch-black-13264,P1,P1 part number/code in title | P1 hitch missing towing capacity
1995-2004-toyota-tacoma-class-3-trailer-hitch-black-13013,1995-2004 Toyota Tacoma Class 3 Trailer Hitch - Black | 13013,trailer hitch kit,https://stehlenauto.com/products/1995-2004-toyota-tacoma-class-3-trailer-hitch-black-13013,P1,P1 part number/code in title | P1 hitch missing towing capacity
1995-2004-toyota-tacoma-class-3-trailer-hitch-w-ball-mount,1995-2004 Toyota Tacoma Class 3 Trailer Hitch w/ Ball Mount,trailer hitch kit,https://stehlenauto.com/products/1995-2004-toyota-tacoma-class-3-trailer-hitch-w-ball-mount,P1,P1 hitch missing towing capacity
2005-2010-scion-tc-class-1-trailer-hitch-black-mpn-11330,2005-2010 Scion tC Class 1 Trailer Hitch - Black | MPN 11330,trailer hitch kit,https://stehlenauto.com/products/2005-2010-scion-tc-class-1-trailer-hitch-black-mpn-11330,P1,P1 part number/code in title | P1 hitch missing towing capacity
2020-2024-kia-telluride-2-trailer-hitch-receiver-class-3-curt,"2020-2024 Kia Telluride 2"" Trailer Hitch Receiver Class 3 - CURT",trailer hitch kit,https://stehlenauto.com/products/2020-2024-kia-telluride-2-trailer-hitch-receiver-class-3-curt,P1,P1 3 gallery photo(s) show wrong vehicle | P2 title years 2020-2024 narrower than fitment 2020-2025 | P1 part number/code in title | P1 hitch missing towing capacity
2004-2015-nissan-titan-class-3-trailer-hitch-black-13199,2004-2015 Nissan Titan Class 3 Trailer Hitch - Black | 13199,trailer hitch kit,https://stehlenauto.com/products/2004-2015-nissan-titan-class-3-trailer-hitch-black-13199,P1,P1 part number/code in title | P1 hitch missing towing capacity
2007-2015-audi-q7-quattro-class-3-trailer-hitch-black,2007-2015 Audi Q7 Quattro Class 3 Trailer Hitch - Black,trailer hitch kit,https://stehlenauto.com/products/2007-2015-audi-q7-quattro-class-3-trailer-hitch-black,P1,P2 title years 2007-2015 narrower than fitment 2004-2015 | P1 hitch missing towing capacity
2004-2015-nissan-titan-class-3-trailer-hitch-w-ball-mount-curt,2004-2015 Nissan Titan Class 3 Trailer Hitch w/ Ball Mount - CURT,trailer hitch kit,https://stehlenauto.com/products/2004-2015-nissan-titan-class-3-trailer-hitch-w-ball-mount-curt,P1,P1 part number/code in title | P1 hitch missing towing capacity
2015-2021-ford-transit-150-250-350-class-3-trailer-hitch-13193,2015-2021 Ford Transit-150/250/350 Class 3 Trailer Hitch - 13193,trailer hitch kit,https://stehlenauto.com/products/2015-2021-ford-transit-150-250-350-class-3-trailer-hitch-13193,P1,P1 part number/code in title | P1 hitch missing towing capacity
2007-2015-audi-q7-quattro-class-3-trailer-hitch-combo-curt,2007-2015 Audi Q7 Quattro Class 3 Trailer Hitch Combo - CURT,trailer hitch kit,https://stehlenauto.com/products/2007-2015-audi-q7-quattro-class-3-trailer-hitch-combo-curt,P1,P2 title years 2007-2015 narrower than fitment 2004-2015 | P1 part number/code in title
2015-2021-ford-transit-150-250-350-class-3-hitch-ball-mount-kit,2015-2021 Ford Transit-150/250/350 Class 3 Hitch & Ball Mount Kit,trailer hitch kit,https://stehlenauto.com/products/2015-2021-ford-transit-150-250-350-class-3-hitch-ball-mount-kit,P1,P1 hitch missing towing capacity
2016-2021-hyundai-tucson-trailer-hitch-receiver-class-2-curt,2016-2021 Hyundai Tucson Trailer Hitch Receiver Class 2 - CURT,trailer hitch kit,https://stehlenauto.com/products/2016-2021-hyundai-tucson-trailer-hitch-receiver-class-2-curt,P1,P1 3 gallery photo(s) show wrong vehicle | P1 part number/code in title | P1 hitch missing towing capacity
2016-2021-hyundai-tucson-2-trailer-hitch-receiver-class-3-curt,"2016-2021 Hyundai Tucson 2"" Trailer Hitch Receiver Class 3 - CURT",trailer hitch kit,https://stehlenauto.com/products/2016-2021-hyundai-tucson-2-trailer-hitch-receiver-class-3-curt,P1,P1 3 gallery photo(s) show wrong vehicle | P1 part number/code in title
2016-2021-hyundai-tucson-2-trailer-hitch-receiver-w-ball-mount,"2016-2021 Hyundai Tucson 2"" Trailer Hitch Receiver w/ Ball Mount",trailer hitch kit,https://stehlenauto.com/products/2016-2021-hyundai-tucson-2-trailer-hitch-receiver-w-ball-mount,P1,P1 2 gallery photo(s) show wrong vehicle | P1 hitch missing towing capacity
2012-2016-hyundai-veloster-class-1-trailer-hitch-black,2012-2016 Hyundai Veloster Class 1 Trailer Hitch - Black,trailer hitch kit,https://stehlenauto.com/products/2012-2016-hyundai-veloster-class-1-trailer-hitch-black,P1,P1 hitch missing towing capacity
2021-2024-toyota-venza-2-trailer-hitch-receiver-class-3,"2021-2024 Toyota Venza 2"" Trailer Hitch Receiver - Class 3",trailer hitch kit,https://stehlenauto.com/products/2021-2024-toyota-venza-2-trailer-hitch-receiver-class-3,P1,P1 3 gallery photo(s) show wrong vehicle
2003-2008-pontiac-vibe-class-2-trailer-hitch-black-12234,2003-2008 Pontiac Vibe Class 2 Trailer Hitch Black - 12234,trailer hitch kit,https://stehlenauto.com/products/2003-2008-pontiac-vibe-class-2-trailer-hitch-black-12234,P1,P1 part number/code in title
1989-1998-sidekick-tracker-class-1-trailer-hitch-11128,1989-1998 Sidekick Tracker Class 1 Trailer Hitch - 11128,trailer hitch kit,https://stehlenauto.com/products/1989-1998-sidekick-tracker-class-1-trailer-hitch-11128,P1,P1 part number/code in title | P1 hitch missing towing capacity
2005-2006-chevy-equinox-pontiac-torrent-trailer-wiring-harness,2005-2006 Chevrolet Equinox & Pontiac Torrent Trailer Wire Harness - 55560,trailer hitch kit,https://stehlenauto.com/products/2005-2006-chevy-equinox-pontiac-torrent-trailer-wiring-harness,P1,P1 part number/code in title | P1 hitch missing towing capacity
2013-2016-ford-escape-trailer-wiring-harness-4-way-t-connector,2013-2016 Ford Escape Trailer Wiring Harness 4-Way T-Connector,trailer hitch kit,https://stehlenauto.com/products/2013-2016-ford-escape-trailer-wiring-harness-4-way-t-connector,P1,P1 hitch missing towing capacity
trailer-wire-harness-t-connector-4-way-flat-mpn-55400,Trailer Wire Harness T-Connector 4-Way Flat - MPN 55400,trailer hitch kit,https://stehlenauto.com/products/trailer-wire-harness-t-connector-4-way-flat-mpn-55400,P1,P1 part number/code in title | P1 hitch missing towing capacity
2014-2020-acura-mdx-trailer-wiring-harness-t-connector-56192,2014-2020 Acura MDX Trailer Wiring Harness T-Connector - 56192,trailer hitch kit,https://stehlenauto.com/products/2014-2020-acura-mdx-trailer-wiring-harness-t-connector-56192,P1,P1 part number/code in title | P1 hitch missing towing capacity
2007-2013-acura-mdx-trailer-wiring-harness-t-connector-56038,2007-2013 Acura MDX Trailer Wiring Harness T-Connector - 56038,trailer hitch kit,https://stehlenauto.com/products/2007-2013-acura-mdx-trailer-wiring-harness-t-connector-56038,P1,P1 part number/code in title | P1 hitch missing towing capacity
2007-2013-mitsubishi-outlander-trailer-wiring-harness-56102,2007-2013 Mitsubishi Outlander Trailer Wiring Harness - 56102,trailer hitch kit,https://stehlenauto.com/products/2007-2013-mitsubishi-outlander-trailer-wiring-harness-56102,P1,P1 part number/code in title | P1 hitch missing towing capacity
2007-2024-jeep-wrangler-jk-jl-2-trailer-hitch-receiver-class-3,"2007-2024 Jeep Wrangler JK & JL 2"" Trailer Hitch Receiver Class 3",trailer hitch kit,https://stehlenauto.com/products/2007-2024-jeep-wrangler-jk-jl-2-trailer-hitch-receiver-class-3,P1,P2 title years 2007-2024 narrower than fitment 2007-2026 | P1 hitch missing towing capacity
2007-2018-jeep-wrangler-class-3-trailer-hitch-black-13432,2007-2018 Jeep Wrangler Class 3 Trailer Hitch - Black | 13432,trailer hitch kit,https://stehlenauto.com/products/2007-2018-jeep-wrangler-class-3-trailer-hitch-black-13432,P1,P1 part number/code in title | P1 hitch missing towing capacity
2007-2018-jeep-wrangler-class-3-trailer-hitch-w-ball-mount-curt,2007-2018 Jeep Wrangler Class 3 Trailer Hitch w/ Ball Mount - CURT,trailer hitch kit,https://stehlenauto.com/products/2007-2018-jeep-wrangler-class-3-trailer-hitch-w-ball-mount-curt,P1,P1 part number/code in title | P1 hitch missing towing capacity
1997-2006-jeep-wrangler-class-3-trailer-hitch-ball-mount-kit-curt,1997-2006 Jeep Wrangler Class 3 Trailer Hitch & Ball Mount Kit - CURT,trailer hitch kit,https://stehlenauto.com/products/1997-2006-jeep-wrangler-class-3-trailer-hitch-ball-mount-kit-curt,P1,P1 part number/code in title | P1 hitch missing towing capacity
1997-2006-jeep-wrangler-class-3-trailer-hitch-black,1997-2006 Jeep Wrangler Class 3 Trailer Hitch - Black,trailer hitch kit,https://stehlenauto.com/products/1997-2006-jeep-wrangler-class-3-trailer-hitch-black,P1,P1 hitch missing towing capacity
1997-2006-jeep-wrangler-class-3-trailer-hitch-w-ball-mount-curt,1997-2006 Jeep Wrangler Class 3 Trailer Hitch w/ Ball Mount - CURT,trailer hitch kit,https://stehlenauto.com/products/1997-2006-jeep-wrangler-class-3-trailer-hitch-w-ball-mount-curt,P1,P1 part number/code in title | P1 hitch missing towing capacity
1986-1992-ford-ranger-trailer-wiring-harness-t-connector-55314,1986-1992 Ford Ranger Trailer Wiring Harness T-Connector - 55314,trailer hitch kit,https://stehlenauto.com/products/1986-1992-ford-ranger-trailer-wiring-harness-t-connector-55314,P1,P1 part number/code in title | P1 hitch missing towing capacity
2006-2012-toyota-rav4-trailer-wire-harness-t-connector-56165,2006-2012 Toyota RAV4 Trailer Wire Harness T-Connector - 56165,trailer hitch kit,https://stehlenauto.com/products/2006-2012-toyota-rav4-trailer-wire-harness-t-connector-56165,P1,P1 part number/code in title | P1 hitch missing towing capacity
2006-2014-kia-sedona-hyundai-entourage-trailer-wiring-harness-55503,2006-2014 Kia Sedona Hyundai Entourage Trailer Wiring Harness 55503,trailer hitch kit,https://stehlenauto.com/products/2006-2014-kia-sedona-hyundai-entourage-trailer-wiring-harness-55503,P1,P1 hitch missing towing capacity
2014-2018-kia-sorento-trailer-wiring-harness-4-way-flat-56256,2014-2018 Kia Sorento Trailer Wiring Harness 4-Way Flat - 56256,trailer hitch kit,https://stehlenauto.com/products/2014-2018-kia-sorento-trailer-wiring-harness-4-way-flat-56256,P1,P1 part number/code in title | P1 hitch missing towing capacity
kia-soul-rondo-trailer-wiring-harness-4-way-t-connector-56220,Kia Soul & Rondo Trailer Wiring Harness 4-Way T-Connector - 56220,trailer hitch kit,https://stehlenauto.com/products/kia-soul-rondo-trailer-wiring-harness-4-way-t-connector-56220,P1,P1 part number/code in title | P1 hitch missing towing capacity
2010-2017-hyundai-tucson-trailer-wiring-harness-4-way-t-connector,2010-2017 Hyundai Tucson Trailer Wiring Harness 4-Way T-Connector,trailer hitch kit,https://stehlenauto.com/products/2010-2017-hyundai-tucson-trailer-wiring-harness-4-way-t-connector,P1,P1 hitch missing towing capacity
2016-2022-bmw-x1-class-3-trailer-hitch-2-receiver-black,"2016-2022 BMW X1 Class 3 Trailer Hitch 2"" Receiver - Black",trailer hitch kit,https://stehlenauto.com/products/2016-2022-bmw-x1-class-3-trailer-hitch-2-receiver-black,P1,P1 3 gallery photo(s) show wrong vehicle | P1 hitch missing towing capacity
2004-2010-bmw-x3-class-3-trailer-hitch-black-mpn-13573,2004-2010 BMW X3 Class 3 Trailer Hitch - Black | MPN 13573,trailer hitch kit,https://stehlenauto.com/products/2004-2010-bmw-x3-class-3-trailer-hitch-black-mpn-13573,P1,P1 part number/code in title | P1 hitch missing towing capacity
2004-2010-bmw-x3-class-3-trailer-hitch-ball-mount-kit-curt,2004-2010 BMW X3 Class 3 Trailer Hitch & Ball Mount Kit - CURT,trailer hitch kit,https://stehlenauto.com/products/2004-2010-bmw-x3-class-3-trailer-hitch-ball-mount-kit-curt,P1,P1 part number/code in title | P1 hitch missing towing capacity
2007-2019-bmw-x5-x6-class-3-trailer-hitch-black-13077,2007-2019 BMW X5 X6 Class 3 Trailer Hitch - Black | 13077,trailer hitch kit,https://stehlenauto.com/products/2007-2019-bmw-x5-x6-class-3-trailer-hitch-black-13077,P1,P1 part number/code in title | P1 hitch missing towing capacity
2007-2019-bmw-x5-x6-class-3-trailer-hitch-ball-mount-kit-curt,2007-2019 BMW X5 X6 Class 3 Trailer Hitch & Ball Mount Kit - CURT,trailer hitch kit,https://stehlenauto.com/products/2007-2019-bmw-x5-x6-class-3-trailer-hitch-ball-mount-kit-curt,P1,P1 part number/code in title
2008-2015-scion-xb-class-2-trailer-hitch-black-mpn-12490,2008-2015 Scion xB Class 2 Trailer Hitch - Black | MPN 12490,trailer hitch kit,https://stehlenauto.com/products/2008-2015-scion-xb-class-2-trailer-hitch-black-mpn-12490,P1,P1 part number/code in title | P1 hitch missing towing capacity
2003-2014-volvo-xc90-class-3-trailer-hitch-black-mpn-13559,2003-2014 Volvo XC90 Class 3 Trailer Hitch - Black | MPN 13559,trailer hitch kit,https://stehlenauto.com/products/2003-2014-volvo-xc90-class-3-trailer-hitch-black-mpn-13559,P1,P1 part number/code in title | P1 hitch missing towing capacity
2003-2014-volvo-xc90-class-3-trailer-hitch-ball-mount-combo,2003-2014 Volvo XC90 Class 3 Trailer Hitch & Ball Mount Combo,trailer hitch kit,https://stehlenauto.com/products/2003-2014-volvo-xc90-class-3-trailer-hitch-ball-mount-combo,P1,P1 hitch missing towing capacity
2008-2010-scion-xd-class-1-trailer-hitch-black-11491,2008-2010 Scion xD Class 1 Trailer Hitch Black - 11491,trailer hitch kit,https://stehlenauto.com/products/2008-2010-scion-xd-class-1-trailer-hitch-black-11491,P1,P1 part number/code in title | P1 hitch missing towing capacity
2017-2025-cadillac-xt5-class-3-trailer-hitch-2-receiver-stehlen,"2017-2025 Cadillac XT5 Class 3 Trailer Hitch 2"" Receiver - Stehlen",trailer hitch kit,https://stehlenauto.com/products/2017-2025-cadillac-xt5-class-3-trailer-hitch-2-receiver-stehlen,P1,P1 3 gallery photo(s) show wrong vehicle | P2 title years 2017-2025 narrower than fitment 2017-2026 | P1 hitch missing towing capacity
2005-2015-nissan-xterra-class-3-trailer-hitch-black-13514,2005-2015 Nissan Xterra Class 3 Trailer Hitch - Black | 13514,trailer hitch kit,https://stehlenauto.com/products/2005-2015-nissan-xterra-class-3-trailer-hitch-black-13514,P1,P1 part number/code in title | P1 hitch missing towing capacity
2005-2015-nissan-xterra-class-3-trailer-hitch-ball-mount-kit,2005-2015 Nissan Xterra Class 3 Trailer Hitch & Ball Mount Kit,trailer hitch kit,https://stehlenauto.com/products/2005-2015-nissan-xterra-class-3-trailer-hitch-ball-mount-kit,P1,P1 hitch missing towing capacity
2013-2019-ford-escape-class-3-trailer-hitch-receiver-2-inch-loaded-ball-mount-combo,2013-2019 Ford Escape Class 3 Trailer Hitch Receiver + 2 Inch Loaded Ball Mount Combo,trailer hitch kit,https://stehlenauto.com/products/2013-2019-ford-escape-class-3-trailer-hitch-receiver-2-inch-loaded-ball-mount-combo,P1,P1 hitch missing towing capacity
universal-3-stainless-steel-hitch-step-for-2-receivers-chrome,"Universal 3"" Stainless Steel Hitch Step for 2"" Receivers — Chrome",trailer hitch kit,https://stehlenauto.com/products/universal-3-stainless-steel-hitch-step-for-2-receivers-chrome,P1,P1 hitch missing towing capacity
2008-2019-toyota-highlander-trailer-wiring-harness-w-4-way-flat-t-connector,2008-2019 Toyota Highlander Trailer Wiring Harness w/ 4-Way Flat T-Connector,trailer hitches - wire,https://stehlenauto.com/products/2008-2019-toyota-highlander-trailer-wiring-harness-w-4-way-flat-t-connector,P1,P1 third-party watermark: TOPTIER AUTOPART | P1 hitch missing towing capacity
2004-2007-toyota-highlander-trailer-wiring-harness-w-4-way-flat-t-connector,2004-2007 Toyota Highlander Trailer Wiring Harness w/ 4-Way Flat T-Connector,trailer hitches - wire,https://stehlenauto.com/products/2004-2007-toyota-highlander-trailer-wiring-harness-w-4-way-flat-t-connector,P1,P1 third-party watermark: TOPTIER AUTOPART | P1 hitch missing towing capacity
2013-2018-toyota-rav4-avalon-trailer-wiring-harness-w-4-way-flat-t-connector,2013-2018 Toyota RAV4 & Avalon Trailer Wiring Harness w/ 4-Way Flat T-Connector,trailer hitches - wire,https://stehlenauto.com/products/2013-2018-toyota-rav4-avalon-trailer-wiring-harness-w-4-way-flat-t-connector,P1,P1 third-party watermark: TOPTIER AUTOPART | P1 hitch missing towing capacity
2016-2023-toyota-tacoma-trailer-wiring-harness-w-4-way-flat-t-connector,2016-2023 Toyota Tacoma Trailer Wiring Harness w/ 4-Way Flat T-Connector,trailer hitches - wire,https://stehlenauto.com/products/2016-2023-toyota-tacoma-trailer-wiring-harness-w-4-way-flat-t-connector,P1,P1 third-party watermark: TOPTIER AUTOPART | P1 hitch missing towing capacity
2015-2022-chevy-colorado-gmc-canyon-6-bed-pvc-truck-bed-mat,2015-2022 Chevrolet Colorado/GMC Canyon 6 ft Bed Mat - PVC,truck bed mat - rubber,https://stehlenauto.com/products/2015-2022-chevy-colorado-gmc-canyon-6-bed-pvc-truck-bed-mat,P1,P1 part number/code in title
2001-2003-ford-f-150-styleside-5-5-bed-pvc-truck-bed-mat-black,2001-2003 Ford F-150 5.5 ft Bed Truck Bed Mat - PVC,truck bed mat - rubber,https://stehlenauto.com/products/2001-2003-ford-f-150-styleside-5-5-bed-pvc-truck-bed-mat-black,P1,P1 part number/code in title
2022-gmc-hummer-ev-rubber-truck-bed-mat-2pc-w-front-trunk-mat,2022-2026 GMC Hummer EV Pickup 5 ft Bed Rubber Bed Mat 2PC - TBM,truck bed mat - rubber,https://stehlenauto.com/products/2022-gmc-hummer-ev-rubber-truck-bed-mat-2pc-w-front-trunk-mat,P1,P1 part number/code in title
02-22-dodge-ram-1500-2500-3500-6-5-bed-pvc-truck-bed-mat,2002-2022 Dodge Ram 1500/2500/3500 6.5 ft Bed Mat PVC - TBM,truck bed mat - rubber,https://stehlenauto.com/products/02-22-dodge-ram-1500-2500-3500-6-5-bed-pvc-truck-bed-mat,P1,P2 title years 2002-2022 narrower than fitment 2002-2024 | P1 part number/code in title
2019-2024-ram-1500-6-4ft-bed-rubber-truck-bed-mat-lightweight-v2,2019-2024 Dodge Ram 1500 6.4 ft Bed Rubber Bed Mat V2 - TBM,truck bed mat - rubber,https://stehlenauto.com/products/2019-2024-ram-1500-6-4ft-bed-rubber-truck-bed-mat-lightweight-v2,P1,P2 title years 2019-2024 narrower than fitment 2019-2026 | P1 part number/code in title
2019-2022-chevy-silverado-gmc-sierra-6-5-rubber-bed-mat-mpn-66,2019-2022 Chevrolet/GMC 1500 6.5 ft Bed Rubber Bed Mat - TBM,truck bed mat - rubber,https://stehlenauto.com/products/2019-2022-chevy-silverado-gmc-sierra-6-5-rubber-bed-mat-mpn-66,P1,P1 part number/code in title
2019-chevy-silverado-gmc-sierra-1500-8ft-bed-rubber-mat-v2,2019-2022 Chevrolet/GMC 1500 8 ft Bed Rubber Bed Mat V2 - TBM,truck bed mat - rubber,https://stehlenauto.com/products/2019-chevy-silverado-gmc-sierra-1500-8ft-bed-rubber-mat-v2,P1,P1 part number/code in title
92-99-chevy-gmc-suburban-tahoe-yukon-bull-guard-w-led-light-bar-1,1992-1999 Chevrolet GMC SUV Bull Bar w/ LED Light Bar - Matte Black,bull guard - advance series w/led light bar,https://stehlenauto.com/products/92-99-chevy-gmc-suburban-tahoe-yukon-bull-guard-w-led-light-bar-1,P2,P2 title years 1992-1999 narrower than fitment 1988-2000
2003-2014-lincoln-navigator-mark-lt-bull-guard-matte-black-led-bar,2003-2014 Lincoln Navigator/Mark LT Bull Guard Matte Black + LED Bar,bull guard - advance series w/led light bar,https://stehlenauto.com/products/2003-2014-lincoln-navigator-mark-lt-bull-guard-matte-black-led-bar,P2,P2 title years 2003-2014 narrower than fitment 2003-2023
97-03-ford-f-150-f-250-expedition-bull-guard-combo-w-led-bar,1997-2003 Ford F-150 F-250 Expedition Bull Guard Combo w/ LED Bar,bull guard - advance series w/led light bar,https://stehlenauto.com/products/97-03-ford-f-150-f-250-expedition-bull-guard-combo-w-led-bar,P2,P2 title years 1997-2003 narrower than fitment 1997-2004
2011-2016-ford-f-250-f-350-f-450-f-550-super-duty-advanced-series-bull-guard-w-built-in-led-light-bar-texture-black,2011-2016 Ford F-250/F-350/F-450/F-550 Super Duty Advanced Series Bull Guard w/ Built-In LED Light Bar — Texture Black,bull guard - advance series w/led light bar,https://stehlenauto.com/products/2011-2016-ford-f-250-f-350-f-450-f-550-super-duty-advanced-series-bull-guard-w-built-in-led-light-bar-texture-black,P2,P2 title >90 chars
chevrolet-gmc-suburban-tahoe-yukon-bull-guard-gbu10050,1992-1999 Chevy/GMC SUV Bull Guard w/ Chrome Skid Plate - Matte Black,bull guard - advance series w/skid plate,https://stehlenauto.com/products/chevrolet-gmc-suburban-tahoe-yukon-bull-guard-gbu10050,P2,P2 title years 1992-1999 narrower than fitment 1988-2000
2020-2023-tesla-model-y-front-bumper-guard-steel-black,2020-2023 Tesla Model Y Front Bumper Guard Steel - Black,bull guard - advance series w/skid plate,https://stehlenauto.com/products/2020-2023-tesla-model-y-front-bumper-guard-steel-black,P2,P2 title years 2020-2023 narrower than fitment 2020-2024
2020-2023-tesla-model-y-rear-bumper-guard-black,2020-2023 Tesla Model Y Rear Bumper Guard - Black,bull guard - advance series w/skid plate,https://stehlenauto.com/products/2020-2023-tesla-model-y-rear-bumper-guard-black,P2,P2 title years 2020-2023 narrower than fitment 2020-2024
2011-2016-ford-f-250-f-350-f-450-f-550-super-duty-advanced-series-bull-guard-w-brushed-chrome-skid-plate-matte-black,2011-2016 Ford F-250/F-350/F-450/F-550 Super Duty Advanced Series Bull Guard w/ Brushed Chrome Skid Plate — Matte Black,bull guard - advance series w/skid plate,https://stehlenauto.com/products/2011-2016-ford-f-250-f-350-f-450-f-550-super-duty-advanced-series-bull-guard-w-brushed-chrome-skid-plate-matte-black,P2,P2 title >90 chars
2010-2014-vw-golf-mk6-jetta-front-grille-matte-black,2010-2013 Volkswagen Golf MK6 Front Grille - Matte Black,front grille,https://stehlenauto.com/products/2010-2014-vw-golf-mk6-jetta-front-grille-matte-black,P2,P2 title years 2010-2013 narrower than fitment 2010-2014
2013-2022-ram-1500-big-horn-style-front-grille-matte-black-abs,2013-2022 Dodge Ram 1500 Big Horn Style Grille Matte Black,front grille,https://stehlenauto.com/products/2013-2022-ram-1500-big-horn-style-front-grille-matte-black-abs,P2,P2 title years 2013-2022 narrower than fitment 2013-2024
2013-2022-ram-1500-honeycomb-rebel-style-front-grille-matte-black,2013-2022 Dodge Ram 1500 Honeycomb Rebel Style Front Grille - Matte Black,front grille,https://stehlenauto.com/products/2013-2022-ram-1500-honeycomb-rebel-style-front-grille-matte-black,P2,P2 title years 2013-2022 narrower than fitment 2013-2024
1999-2002-chevrolet-silverado-2000-2006-tahoe-suburban-honeycomb-mesh-front-grille-black,1999-2002 Chevrolet Silverado & 2000-2006 Tahoe/Suburban Honeycomb Mesh Front Grille — Black,front grille,https://stehlenauto.com/products/1999-2002-chevrolet-silverado-2000-2006-tahoe-suburban-honeycomb-mesh-front-grille-black,P2,P2 title >90 chars
1999-2002-chevrolet-silverado-2000-2006-tahoe-suburban-mesh-style-abs-front-grille-matte-black,1999-2002 Chevrolet Silverado & 2000-2006 Tahoe/Suburban Mesh Style ABS Front Grille — Matte Black,front grille,https://stehlenauto.com/products/1999-2002-chevrolet-silverado-2000-2006-tahoe-suburban-mesh-style-abs-front-grille-matte-black,P2,P2 title >90 chars
2007-2014-chevrolet-tahoe-suburban-avalanche-2-piece-bentley-style-mesh-grille-matte-black,2007-2014 Chevrolet Tahoe/Suburban & Avalanche 2-Piece Bentley Style Mesh Grille — Matte Black,front grille,https://stehlenauto.com/products/2007-2014-chevrolet-tahoe-suburban-avalanche-2-piece-bentley-style-mesh-grille-matte-black,P2,P2 title >90 chars
2015-2020-chevrolet-tahoe-suburban-badgeless-front-grille-w-sequential-led-light-bar-glossy-black,2015-2020 Chevrolet Tahoe & Suburban Badgeless Front Grille w/ Sequential LED Light Bar — Glossy Black,front grille,https://stehlenauto.com/products/2015-2020-chevrolet-tahoe-suburban-badgeless-front-grille-w-sequential-led-light-bar-glossy-black,P2,P2 title >90 chars
2021-2024-gmc-yukon-yukon-xl-badgeless-front-grille-w-sequential-led-light-bar-glossy-black,2021-2024 GMC Yukon & Yukon XL Badgeless Front Grille w/ Sequential LED Light Bar — Glossy Black,front grille,https://stehlenauto.com/products/2021-2024-gmc-yukon-yukon-xl-badgeless-front-grille-w-sequential-led-light-bar-glossy-black,P2,P2 title >90 chars
2021-2025-ford-f-150-rvt-style-mesh-front-grille-w-sequential-led-light-bar-glossy-black-armordillo,2021-2025 Ford F-150 RVT Style Mesh Front Grille w/ Sequential LED Light Bar — Glossy Black (Armordillo),front grille,https://stehlenauto.com/products/2021-2025-ford-f-150-rvt-style-mesh-front-grille-w-sequential-led-light-bar-glossy-black-armordillo,P2,P2 title >90 chars
2007-2013-gmc-sierra-1500-2007-2014-2500-3500-hd-full-led-projector-headlights-black-w-amber,2007-2013 GMC Sierra 1500 & 2007-2014 2500/3500 HD Full LED Projector Headlights — Black w/ Amber,headlights - full led projector,https://stehlenauto.com/products/2007-2013-gmc-sierra-1500-2007-2014-2500-3500-hd-full-led-projector-headlights-black-w-amber,P2,P2 title >90 chars
2016-2023-toyota-tacoma-full-led-projector-headlights-factory-led-drl-models-black-w-amber,2016-2023 Toyota Tacoma Full LED Projector Headlights (Factory LED DRL Models) — Black w/ Amber,headlights - full led projector,https://stehlenauto.com/products/2016-2023-toyota-tacoma-full-led-projector-headlights-factory-led-drl-models-black-w-amber,P2,P2 title >90 chars
2009-2022-dodge-ram-crystal-headlights-chrome-quad-style,2009-2022 Dodge Ram 1500 2500 3500 Crystal Headlights - Chrome,headlights - led crystal style,https://stehlenauto.com/products/2009-2022-dodge-ram-crystal-headlights-chrome-quad-style,P2,P2 title years 2009-2022 narrower than fitment 2009-2024
07-13-gmc-sierra-1500-2500-3500-led-crystal-headlights-black,2007-2013 GMC Sierra 1500/2500/3500 LED Crystal Headlights - Black,headlights - led crystal style,https://stehlenauto.com/products/07-13-gmc-sierra-1500-2500-3500-led-crystal-headlights-black,P2,P2 title years 2007-2013 narrower than fitment 2007-2014
07-13-gmc-sierra-1500-2500-3500-chrome-crystal-led-headlights,2007-2013 GMC Sierra 1500/2500/3500 Chrome Crystal LED Headlights,headlights - led crystal style,https://stehlenauto.com/products/07-13-gmc-sierra-1500-2500-3500-chrome-crystal-led-headlights,P2,P2 title years 2007-2013 narrower than fitment 2007-2014
07-13-gmc-sierra-1500-2500-3500-black-crystal-led-headlights,2007-2013 GMC Sierra 1500/2500/3500 Black Crystal LED Headlights,headlights - led crystal style,https://stehlenauto.com/products/07-13-gmc-sierra-1500-2500-3500-black-crystal-led-headlights,P2,P2 title years 2007-2013 narrower than fitment 2007-2014
99-06-gmc-sierra-yukon-xl-crystal-headlights-led-bar-chrome-4pc,1999-2006 GMC Sierra Yukon XL Crystal Headlights LED Bar Chrome 4PC,headlights - led crystal style,https://stehlenauto.com/products/99-06-gmc-sierra-yukon-xl-crystal-headlights-led-bar-chrome-4pc,P2,P2 title years 1999-2006 narrower than fitment 1999-2007
99-06-gmc-sierra-yukon-xl-crystal-headlights-led-bar-black-4pc,1999-2006 GMC Sierra Yukon XL Crystal Headlights LED Bar Black 4PC,headlights - led crystal style,https://stehlenauto.com/products/99-06-gmc-sierra-yukon-xl-crystal-headlights-led-bar-black-4pc,P2,P2 title years 1999-2006 narrower than fitment 1999-2007
99-06-gmc-sierra-yukon-xl-crystal-headlights-sequential-led-chrome-4pc,1999-2006 GMC Sierra Yukon XL Crystal Headlights Sequential LED Chrome 4PC,headlights - led crystal style,https://stehlenauto.com/products/99-06-gmc-sierra-yukon-xl-crystal-headlights-sequential-led-chrome-4pc,P2,P2 title years 1999-2006 narrower than fitment 1999-2007
99-06-gmc-sierra-yukon-xl-crystal-headlights-sequential-led-black-4pc,1999-2006 GMC Sierra Yukon XL Crystal Headlights Sequential LED Black 4PC,headlights - led crystal style,https://stehlenauto.com/products/99-06-gmc-sierra-yukon-xl-crystal-headlights-sequential-led-black-4pc,P2,P2 title years 1999-2006 narrower than fitment 1999-2007
1999-2006-gmc-sierra-yukon-xl-led-crystal-headlights-chrome,1999-2006 GMC Sierra Yukon XL LED Crystal Headlights Chrome,headlights - led crystal style,https://stehlenauto.com/products/1999-2006-gmc-sierra-yukon-xl-led-crystal-headlights-chrome,P2,P2 title years 1999-2006 narrower than fitment 1999-2007
1999-2006-gmc-sierra-yukon-xl-led-crystal-headlights-black,1999-2006 GMC Sierra Yukon XL LED Crystal Headlights Black,headlights - led crystal style,https://stehlenauto.com/products/1999-2006-gmc-sierra-yukon-xl-led-crystal-headlights-black,P2,P2 title years 1999-2006 narrower than fitment 1999-2007
1999-2006-gmc-sierra-yukon-crystal-headlights-sequential-led-chrome,1999-2006 GMC Sierra Yukon Crystal Headlights Sequential LED Chrome,headlights - led crystal style,https://stehlenauto.com/products/1999-2006-gmc-sierra-yukon-crystal-headlights-sequential-led-chrome,P2,P2 title years 1999-2006 narrower than fitment 1999-2007
99-06-gmc-sierra-yukon-xl-sequential-led-crystal-headlights-black,1999-2006 GMC Sierra Yukon XL Sequential LED Crystal Headlights Black,headlights - led crystal style,https://stehlenauto.com/products/99-06-gmc-sierra-yukon-xl-sequential-led-crystal-headlights-black,P2,P2 title years 1999-2006 narrower than fitment 1999-2007
03-06-chevy-silverado-avalanche-led-crystal-headlights-4pc-set-black,2003-2007 Chevrolet Silverado/Avalanche Crystal Headlights Set - Black,headlights - led crystal style,https://stehlenauto.com/products/03-06-chevy-silverado-avalanche-led-crystal-headlights-4pc-set-black,P2,P2 title years 2003-2007 narrower than fitment 2002-2007
99-02-silverado-00-06-suburban-tahoe-led-headlights-bumper-lights-black,1999-2006 Chevrolet Silverado Suburban Tahoe Crystal Headlights & Bumper Lights Set - Black,headlights - led crystal style,https://stehlenauto.com/products/99-02-silverado-00-06-suburban-tahoe-led-headlights-bumper-lights-black,P2,P2 title >90 chars
05-06-toyota-tundra-chrome-crystal-headlights-w-led-light-bar-4pc,2005-2006 Toyota Tundra Chrome Crystal Headlights w/ LED Light Bar 4PC,headlights - led crystal style,https://stehlenauto.com/products/05-06-toyota-tundra-chrome-crystal-headlights-w-led-light-bar-4pc,P2,P2 title years 2005-2006 narrower than fitment 2005-2007
05-06-toyota-tundra-black-crystal-headlights-w-led-light-bar-4pc,2005-2006 Toyota Tundra Black Crystal Headlights w/ LED Light Bar 4PC,headlights - led crystal style,https://stehlenauto.com/products/05-06-toyota-tundra-black-crystal-headlights-w-led-light-bar-4pc,P2,P2 title years 2005-2006 narrower than fitment 2005-2007
05-06-toyota-tundra-chrome-crystal-headlights-w-sequential-led,2005-2006 Toyota Tundra Chrome Crystal Headlights w/ Sequential LED,headlights - led crystal style,https://stehlenauto.com/products/05-06-toyota-tundra-chrome-crystal-headlights-w-sequential-led,P2,P2 title years 2005-2006 narrower than fitment 2005-2007
05-06-toyota-tundra-crystal-headlights-w-sequential-led-black-4pc,2005-2006 Toyota Tundra Crystal Headlights w/ Sequential LED - Black 4PC,headlights - led crystal style,https://stehlenauto.com/products/05-06-toyota-tundra-crystal-headlights-w-sequential-led-black-4pc,P2,P2 title years 2005-2006 narrower than fitment 2005-2007
06-08-dodge-ram-full-led-projector-headlights-black-dgpu06c-06,2006-2008 Dodge Ram Full LED Projector Headlights Black - DGPU06C.06,headlights - led crystal style,https://stehlenauto.com/products/06-08-dodge-ram-full-led-projector-headlights-black-dgpu06c-06,P2,P2 title years 2006-2008 narrower than fitment 2006-2009
06-08-dodge-ram-full-led-projector-headlights-chrome-dgpu06c,2006-2008 Dodge Ram Full LED Projector Headlights Chrome - DGPU06C,headlights - led crystal style,https://stehlenauto.com/products/06-08-dodge-ram-full-led-projector-headlights-chrome-dgpu06c,P2,P2 title years 2006-2008 narrower than fitment 2006-2009
06-08-dodge-ram-full-led-projector-headlights-sequential-signal-black,2006-2008 Dodge Ram Full LED Projector Headlights Sequential Signal - Black,headlights - led crystal style,https://stehlenauto.com/products/06-08-dodge-ram-full-led-projector-headlights-sequential-signal-black,P2,P2 title years 2006-2008 narrower than fitment 2006-2009
07-13-toyota-tundra-08-17-sequoia-full-led-projector-headlights-black,2007-2013 Toyota Tundra 08-17 Sequoia Full LED Projector Headlights Black,headlights - led crystal style,https://stehlenauto.com/products/07-13-toyota-tundra-08-17-sequoia-full-led-projector-headlights-black,P2,P2 title years 2007-2013 narrower than fitment 2007-2017
06-08-dodge-ram-black-projector-headlights-w-led-light-bar-amber,2006-2008 Dodge Ram Black Projector Headlights w/ LED Light Bar - Amber,headlights - led crystal style,https://stehlenauto.com/products/06-08-dodge-ram-black-projector-headlights-w-led-light-bar-amber,P2,P2 title years 2006-2008 narrower than fitment 2006-2009
06-08-dodge-ram-chrome-projector-headlights-w-led-light-bar,2006-2008 Dodge Ram Chrome Projector Headlights w/ LED Light Bar,headlights - led crystal style,https://stehlenauto.com/products/06-08-dodge-ram-chrome-projector-headlights-w-led-light-bar,P2,P2 title years 2006-2008 narrower than fitment 2006-2009
06-08-dodge-ram-sequential-led-projector-headlights-black,2006-2008 Dodge Ram Sequential LED Projector Headlights - Black,headlights - led crystal style,https://stehlenauto.com/products/06-08-dodge-ram-sequential-led-projector-headlights-black,P2,P2 title years 2006-2008 narrower than fitment 2006-2009
06-08-dodge-ram-sequential-led-projector-headlights-chrome-dgpu06ds,2006-2008 Dodge Ram Sequential LED Projector Headlights Chrome - DGPU06DS,headlights - led crystal style,https://stehlenauto.com/products/06-08-dodge-ram-sequential-led-projector-headlights-chrome-dgpu06ds,P2,P2 title years 2006-2008 narrower than fitment 2006-2009
2004-2012-chevrolet-colorado-gmc-canyon-crystal-headlights-4pc-set-w-sequential-led-bar-black,2004-2012 Chevrolet Colorado & GMC Canyon Crystal Headlights 4pc Set w/ Sequential LED Bar — Black,headlights - led crystal style,https://stehlenauto.com/products/2004-2012-chevrolet-colorado-gmc-canyon-crystal-headlights-4pc-set-w-sequential-led-bar-black,P2,P2 title >90 chars
2007-2013-chevrolet-silverado-1500-2008-2014-2500-3500-hd-crystal-headlights-w-sequential-led-bar-chrome,2007-2013 Chevrolet Silverado 1500 & 2008-2014 2500/3500 HD Crystal Headlights w/ Sequential LED Bar — Chrome,headlights - led crystal style,https://stehlenauto.com/products/2007-2013-chevrolet-silverado-1500-2008-2014-2500-3500-hd-crystal-headlights-w-sequential-led-bar-chrome,P2,P2 title >90 chars
1999-2002-chevrolet-silverado-crystal-headlights-parking-lights-4pc-set-w-sequential-led-bar-chrome,1999-2002 Chevrolet Silverado Crystal Headlights & Parking Lights 4pc Set w/ Sequential LED Bar — Chrome,headlights - led crystal style,https://stehlenauto.com/products/1999-2002-chevrolet-silverado-crystal-headlights-parking-lights-4pc-set-w-sequential-led-bar-chrome,P2,P2 title >90 chars
1999-2002-chevrolet-silverado-crystal-headlights-parking-lights-4pc-set-w-sequential-led-bar-black,1999-2002 Chevrolet Silverado Crystal Headlights & Parking Lights 4pc Set w/ Sequential LED Bar — Black,headlights - led crystal style,https://stehlenauto.com/products/1999-2002-chevrolet-silverado-crystal-headlights-parking-lights-4pc-set-w-sequential-led-bar-black,P2,P2 title >90 chars
92-99-chevy-gmc-suburban-tahoe-yukon-halo-led-projector-headlights,1992-1999 Chevy/GMC Full Size SUV Halo Projector Headlights Chrome,headlights - projector,https://stehlenauto.com/products/92-99-chevy-gmc-suburban-tahoe-yukon-halo-led-projector-headlights,P2,P2 title years 1992-1999 narrower than fitment 1988-2000
2009-2022-dodge-ram-full-led-projector-headlights-black-amber,2009-2022 Dodge Ram 1500/2500/3500 Full LED Projector Headlights - Black,headlights - projector,https://stehlenauto.com/products/2009-2022-dodge-ram-full-led-projector-headlights-black-amber,P2,P2 title years 2009-2022 narrower than fitment 2009-2024
1999-2007-gmc-sierra-2000-2006-yukon-yukon-xl-led-halo-projector-headlights-black-w-amber,1999-2007 GMC Sierra & 2000-2006 Yukon/Yukon XL LED Halo Projector Headlights — Black w/ Amber,headlights - projector,https://stehlenauto.com/products/1999-2007-gmc-sierra-2000-2006-yukon-yukon-xl-led-halo-projector-headlights-black-w-amber,P2,P2 title >90 chars
2009-2014-acura-tsx-super-white-led-halo-projector-headlights-hid-type-matte-black-w-amber,2009-2014 Acura TSX Super White LED Halo Projector Headlights (HID Type) — Matte Black w/ Amber,headlights - projector,https://stehlenauto.com/products/2009-2014-acura-tsx-super-white-led-halo-projector-headlights-hid-type-matte-black-w-amber,P2,P2 title >90 chars
2007-2013-toyota-tundra-2008-2017-sequoia-projector-headlights-w-sequential-led-bar-black,2007-2013 Toyota Tundra & 2008-2017 Sequoia Projector Headlights w/ Sequential LED Bar — Black,headlights - projector,https://stehlenauto.com/products/2007-2013-toyota-tundra-2008-2017-sequoia-projector-headlights-w-sequential-led-bar-black,P2,P2 title >90 chars
2015-2022-chevrolet-colorado-crew-cab-low-profile-roof-basket-drill-free-steel-matte-black,"2015-2022 Chevrolet Colorado Crew Cab Low Profile Roof Basket — Drill-Free Steel, Matte Black",roof rack - low profile basket,https://stehlenauto.com/products/2015-2022-chevrolet-colorado-crew-cab-low-profile-roof-basket-drill-free-steel-matte-black,P2,P2 title >90 chars
2023-2025-chevrolet-colorado-crew-cab-low-profile-roof-basket-drill-free-steel-matte-black,"2023-2025 Chevrolet Colorado Crew Cab Low Profile Roof Basket — Drill-Free Steel, Matte Black",roof rack - low profile basket,https://stehlenauto.com/products/2023-2025-chevrolet-colorado-crew-cab-low-profile-roof-basket-drill-free-steel-matte-black,P2,P2 title >90 chars
2015-2019-chevrolet-gmc-silverado-sierra-hd-crew-cab-low-profile-roof-basket-drill-free-steel-matte-black,"2015-2019 Chevrolet/GMC Silverado/Sierra HD Crew Cab Low Profile Roof Basket — Drill-Free Steel, Matte Black",roof rack - low profile basket,https://stehlenauto.com/products/2015-2019-chevrolet-gmc-silverado-sierra-hd-crew-cab-low-profile-roof-basket-drill-free-steel-matte-black,P2,P2 title >90 chars
2020-2025-chevrolet-gmc-silverado-sierra-hd-crew-cab-low-profile-roof-basket-drill-free-steel-matte-black,"2020-2025 Chevrolet/GMC Silverado/Sierra HD Crew Cab Low Profile Roof Basket — Drill-Free Steel, Matte Black",roof rack - low profile basket,https://stehlenauto.com/products/2020-2025-chevrolet-gmc-silverado-sierra-hd-crew-cab-low-profile-roof-basket-drill-free-steel-matte-black,P2,P2 title >90 chars
2014-2018-chevrolet-gmc-silverado-1500-sierra-1500-crew-cab-low-profile-roof-basket-drill-free-steel-matte-black,"2014-2018 Chevrolet/GMC Silverado 1500/Sierra 1500 Crew Cab Low Profile Roof Basket — Drill-Free Steel, Matte Black",roof rack - low profile basket,https://stehlenauto.com/products/2014-2018-chevrolet-gmc-silverado-1500-sierra-1500-crew-cab-low-profile-roof-basket-drill-free-steel-matte-black,P2,P2 title >90 chars
2023-2026-chevrolet-colorado-gmc-canyon-crew-cab-low-profile-roof-basket-system-drill-free-steel-matte-black,"2023-2026 Chevrolet Colorado & GMC Canyon Crew Cab Low Profile Roof Basket System — Drill-Free Steel, Matte Black",roof rack - low profile basket,https://stehlenauto.com/products/2023-2026-chevrolet-colorado-gmc-canyon-crew-cab-low-profile-roof-basket-system-drill-free-steel-matte-black,P2,P2 title >90 chars
2014-2018-chevrolet-silverado-1500-gmc-sierra-1500-crew-cab-low-profile-roof-basket-system-drill-free-steel-matte-black,"2014-2018 Chevrolet Silverado 1500 & GMC Sierra 1500 Crew Cab Low Profile Roof Basket System — Drill-Free Steel, Matte Black",roof rack - low profile basket,https://stehlenauto.com/products/2014-2018-chevrolet-silverado-1500-gmc-sierra-1500-crew-cab-low-profile-roof-basket-system-drill-free-steel-matte-black,P2,P2 title >90 chars
2020-2026-chevrolet-silverado-gmc-sierra-2500-3500-hd-crew-cab-low-profile-roof-basket-system-drill-free-steel-matte-black,"2020-2026 Chevrolet Silverado & GMC Sierra 2500/3500 HD Crew Cab Low Profile Roof Basket System — Drill-Free Steel, Matte Black",roof rack - low profile basket,https://stehlenauto.com/products/2020-2026-chevrolet-silverado-gmc-sierra-2500-3500-hd-crew-cab-low-profile-roof-basket-system-drill-free-steel-matte-black,P2,P2 title >90 chars
2019-2025-chevrolet-silverado-1500-gmc-sierra-1500-crew-cab-low-profile-roof-basket-system-drill-free-steel-matte-black,"2019-2025 Chevrolet Silverado 1500 & GMC Sierra 1500 Crew Cab Low Profile Roof Basket System — Drill-Free Steel, Matte Black",roof rack - low profile basket,https://stehlenauto.com/products/2019-2025-chevrolet-silverado-1500-gmc-sierra-1500-crew-cab-low-profile-roof-basket-system-drill-free-steel-matte-black,P2,P2 title >90 chars
2009-2022-ram-1500-5-aluminum-running-boards-matte-black-rbjz,2009-2022 Dodge Ram 1500 Quad/Extended Cab Running Boards Matte Black,running boards,https://stehlenauto.com/products/2009-2022-ram-1500-5-aluminum-running-boards-matte-black-rbjz,P2,P2 title years 2009-2022 narrower than fitment 2009-2024
2009-2022-ram-1500-76-oe-style-running-boards-matte-black,2009-2022 Dodge Ram 1500 Quad/Extended Cab OE Running Boards Matte Black,running boards,https://stehlenauto.com/products/2009-2022-ram-1500-76-oe-style-running-boards-matte-black,P2,P2 title years 2009-2022 narrower than fitment 2009-2024
2009-2022-ram-1500-6-oe-style-aluminum-running-boards-polish,2009-2022 Dodge Ram 1500 Quad/Extended Cab Running Boards - Polished Aluminum OE Style,running boards,https://stehlenauto.com/products/2009-2022-ram-1500-6-oe-style-aluminum-running-boards-polish,P2,P2 title years 2009-2022 narrower than fitment 2009-2024
2017-2022-ford-super-duty-crew-cab-4-side-step-bars-matte-black,"2017-2022 Ford Super Duty Crew Cab 4"" Side Step Bars - Matte Black",running boards,https://stehlenauto.com/products/2017-2022-ford-super-duty-crew-cab-4-side-step-bars-matte-black,P2,P2 title years 2017-2022 narrower than fitment 2015-2023
2017-2022-ford-super-duty-crew-cab-5-steel-side-step-bars-black,"2017-2022 Ford Super Duty Crew Cab 5"" Side Step Bars - Black",running boards,https://stehlenauto.com/products/2017-2022-ford-super-duty-crew-cab-5-steel-side-step-bars-black,P2,P2 title years 2017-2022 narrower than fitment 2015-2023
2015-2023-ford-f-150-2017-2022-super-duty-supercrew-rock-slider-side-step-bars-texture-black,2015-2023 Ford F-150 & 2017-2022 Super Duty SuperCrew Rock Slider Side Step Bars — Texture Black,side step bars - rock slider,https://stehlenauto.com/products/2015-2023-ford-f-150-2017-2022-super-duty-supercrew-rock-slider-side-step-bars-texture-black,P2,P2 title >90 chars
2004-2007-chevrolet-silverado-gmc-sierra-fleetside-5-8-ft-bed-hidden-snap-soft-roll-up-tonneau-cover,2004-2007 Chevrolet Silverado & GMC Sierra Fleetside 5.8 Ft Bed Hidden Snap Soft Roll-Up Tonneau Cover,tonneau cover - hidden snap,https://stehlenauto.com/products/2004-2007-chevrolet-silverado-gmc-sierra-fleetside-5-8-ft-bed-hidden-snap-soft-roll-up-tonneau-cover,P2,P2 title >90 chars
2014-2019-chevrolet-silverado-gmc-sierra-6-5-ft-bed-hidden-snap-soft-roll-up-tonneau-cover,2014-2019 Chevrolet Silverado & GMC Sierra 6.5 Ft Bed Hidden Snap Soft Roll-Up Tonneau Cover,tonneau cover - hidden snap,https://stehlenauto.com/products/2014-2019-chevrolet-silverado-gmc-sierra-6-5-ft-bed-hidden-snap-soft-roll-up-tonneau-cover,P2,P2 title >90 chars
1999-2007-chevrolet-silverado-gmc-sierra-stepside-6-5-ft-bed-hidden-snap-soft-roll-up-tonneau-cover,1999-2007 Chevrolet Silverado & GMC Sierra Stepside 6.5 Ft Bed Hidden Snap Soft Roll-Up Tonneau Cover,tonneau cover - hidden snap,https://stehlenauto.com/products/1999-2007-chevrolet-silverado-gmc-sierra-stepside-6-5-ft-bed-hidden-snap-soft-roll-up-tonneau-cover,P2,P2 title >90 chars
1988-2000-chevrolet-gmc-c-k-1500-3500-stepside-6-4-ft-bed-hidden-snap-soft-roll-up-tonneau-cover,1988-2000 Chevrolet & GMC C/K 1500-3500 Stepside 6.4 Ft Bed Hidden Snap Soft Roll-Up Tonneau Cover,tonneau cover - hidden snap,https://stehlenauto.com/products/1988-2000-chevrolet-gmc-c-k-1500-3500-stepside-6-4-ft-bed-hidden-snap-soft-roll-up-tonneau-cover,P2,P2 title >90 chars
2014-2019-chevrolet-silverado-gmc-sierra-5-8-ft-bed-hidden-snap-soft-roll-up-tonneau-cover,2014-2019 Chevrolet Silverado & GMC Sierra 5.8 Ft Bed Hidden Snap Soft Roll-Up Tonneau Cover,tonneau cover - hidden snap,https://stehlenauto.com/products/2014-2019-chevrolet-silverado-gmc-sierra-5-8-ft-bed-hidden-snap-soft-roll-up-tonneau-cover,P2,P2 title >90 chars
1999-2007-chevrolet-silverado-gmc-sierra-fleetside-6-5-ft-bed-hidden-snap-soft-roll-up-tonneau-cover,1999-2007 Chevrolet Silverado & GMC Sierra Fleetside 6.5 Ft Bed Hidden Snap Soft Roll-Up Tonneau Cover,tonneau cover - hidden snap,https://stehlenauto.com/products/1999-2007-chevrolet-silverado-gmc-sierra-fleetside-6-5-ft-bed-hidden-snap-soft-roll-up-tonneau-cover,P2,P2 title >90 chars
2015-2022-chevy-colorado-gmc-canyon-5-bed-roll-up-cover-led-kit,2015-2022 Chevrolet Colorado/GMC Canyon 5 ft Bed Flush Roll-Up Tonneau Cover with LED Lights Combo,tonneau cover - lock & roll up,https://stehlenauto.com/products/2015-2022-chevy-colorado-gmc-canyon-5-bed-roll-up-cover-led-kit,P2,P2 title >90 chars
09-18-ram-1500-5-8ft-flush-roll-up-vinyl-tonneau-cover-133353,2009-2023 Dodge Ram 1500/2500/3500 5.7 ft Bed Tonneau Cover,tonneau cover - lock & roll up,https://stehlenauto.com/products/09-18-ram-1500-5-8ft-flush-roll-up-vinyl-tonneau-cover-133353,P2,P2 title years 2009-2023 narrower than fitment 2009-2024
09-18-ram-1500-5-8-bed-flush-roll-up-tonneau-cover-w-led-lights,2009-2023 Dodge Ram 1500 5.7 ft Bed Flush Roll-Up Tonneau Cover,tonneau cover - lock & roll up,https://stehlenauto.com/products/09-18-ram-1500-5-8-bed-flush-roll-up-tonneau-cover-w-led-lights,P2,P2 title years 2009-2023 narrower than fitment 2009-2024
2015-2022-chevy-colorado-gmc-canyon-5-tri-fold-cover-led-kit,2015-2022 Chevrolet Colorado/GMC Canyon 5 ft Bed Tri-Fold Tonneau Cover with LED Lights - White,tonneau cover - tri-fold,https://stehlenauto.com/products/2015-2022-chevy-colorado-gmc-canyon-5-tri-fold-cover-led-kit,P2,P2 title >90 chars
06-08-lincoln-mark-lt-5-5-tri-fold-tonneau-cover-w-led-bed-lights,2006-2008 Lincoln Mark LT 5.5 ft Bed Tri-Fold Tonneau Cover Combo,tonneau cover - tri-fold,https://stehlenauto.com/products/06-08-lincoln-mark-lt-5-5-tri-fold-tonneau-cover-w-led-bed-lights,P2,P2 title years 2006-2008 narrower than fitment 2004-2014
2008-2017-buick-enclave-chevrolet-traverse-class-3-trailer-hitch,2008-2017 Buick Enclave & Chevy Traverse Class 3 Trailer Hitch - Black,trailer hitch,https://stehlenauto.com/products/2008-2017-buick-enclave-chevrolet-traverse-class-3-trailer-hitch,P2,P2 title years 2008-2017 narrower than fitment 2007-2017
2010-2013-subaru-outback-class-3-trailer-hitch-combo-w-ball-mount,2010-2013 Subaru Outback Class 3 Trailer Hitch Combo w/ Ball Mount,trailer hitch kit,https://stehlenauto.com/products/2010-2013-subaru-outback-class-3-trailer-hitch-combo-w-ball-mount,P2,P2 title years 2010-2013 narrower than fitment 2010-2019
1988-2000-chevrolet-c-k-1500-3500-fleetside-6-5-ft-bed-eva-foam-truck-bed-mat-interlocking-black,"1988-2000 Chevrolet C/K 1500-3500 Fleetside 6.5 Ft Bed EVA Foam Truck Bed Mat — Interlocking, Black",truck bed mat - foam,https://stehlenauto.com/products/1988-2000-chevrolet-c-k-1500-3500-fleetside-6-5-ft-bed-eva-foam-truck-bed-mat-interlocking-black,P2,P2 title >90 chars
2004-2012-chevrolet-colorado-gmc-canyon-5-ft-bed-eva-foam-truck-bed-mat-interlocking-black,"2004-2012 Chevrolet Colorado & GMC Canyon 5 Ft Bed EVA Foam Truck Bed Mat — Interlocking, Black",truck bed mat - foam,https://stehlenauto.com/products/2004-2012-chevrolet-colorado-gmc-canyon-5-ft-bed-eva-foam-truck-bed-mat-interlocking-black,P2,P2 title >90 chars
2004-2012-chevrolet-colorado-gmc-canyon-6-ft-bed-eva-foam-truck-bed-mat-interlocking-black,"2004-2012 Chevrolet Colorado & GMC Canyon 6 Ft Bed EVA Foam Truck Bed Mat — Interlocking, Black",truck bed mat - foam,https://stehlenauto.com/products/2004-2012-chevrolet-colorado-gmc-canyon-6-ft-bed-eva-foam-truck-bed-mat-interlocking-black,P2,P2 title >90 chars
2015-2022-chevrolet-colorado-gmc-canyon-5-ft-bed-eva-foam-truck-bed-mat-interlocking-black,"2015-2022 Chevrolet Colorado & GMC Canyon 5 Ft Bed EVA Foam Truck Bed Mat — Interlocking, Black",truck bed mat - foam,https://stehlenauto.com/products/2015-2022-chevrolet-colorado-gmc-canyon-5-ft-bed-eva-foam-truck-bed-mat-interlocking-black,P2,P2 title >90 chars
2015-2022-chevrolet-colorado-gmc-canyon-6-ft-bed-eva-foam-truck-bed-mat-interlocking-black,"2015-2022 Chevrolet Colorado & GMC Canyon 6 Ft Bed EVA Foam Truck Bed Mat — Interlocking, Black",truck bed mat - foam,https://stehlenauto.com/products/2015-2022-chevrolet-colorado-gmc-canyon-6-ft-bed-eva-foam-truck-bed-mat-interlocking-black,P2,P2 title >90 chars
1987-2011-dodge-dakota-2006-2009-mitsubishi-raider-6-5-ft-bed-eva-foam-truck-bed-mat-interlocking-black,"1987-2011 Dodge Dakota & 2006-2009 Mitsubishi Raider 6.5 Ft Bed EVA Foam Truck Bed Mat — Interlocking, Black",truck bed mat - foam,https://stehlenauto.com/products/1987-2011-dodge-dakota-2006-2009-mitsubishi-raider-6-5-ft-bed-eva-foam-truck-bed-mat-interlocking-black,P2,P2 title >90 chars
2004-2014-ford-f-150-lincoln-mark-lt-styleside-5-5-ft-bed-eva-foam-truck-bed-mat-interlocking-black,"2004-2014 Ford F-150 & Lincoln Mark LT Styleside 5.5 Ft Bed EVA Foam Truck Bed Mat — Interlocking, Black",truck bed mat - foam,https://stehlenauto.com/products/2004-2014-ford-f-150-lincoln-mark-lt-styleside-5-5-ft-bed-eva-foam-truck-bed-mat-interlocking-black,P2,P2 title >90 chars
2004-2014-ford-f-150-lincoln-mark-lt-styleside-6-5-ft-bed-eva-foam-truck-bed-mat-interlocking-black,"2004-2014 Ford F-150 & Lincoln Mark LT Styleside 6.5 Ft Bed EVA Foam Truck Bed Mat — Interlocking, Black",truck bed mat - foam,https://stehlenauto.com/products/2004-2014-ford-f-150-lincoln-mark-lt-styleside-6-5-ft-bed-eva-foam-truck-bed-mat-interlocking-black,P2,P2 title >90 chars
1997-2004-ford-f-150-f-250-styleside-6-5-ft-bed-eva-foam-truck-bed-mat-interlocking-black,"1997-2004 Ford F-150 & F-250 Styleside 6.5 Ft Bed EVA Foam Truck Bed Mat — Interlocking, Black",truck bed mat - foam,https://stehlenauto.com/products/1997-2004-ford-f-150-f-250-styleside-6-5-ft-bed-eva-foam-truck-bed-mat-interlocking-black,P2,P2 title >90 chars
1997-2004-ford-f-150-f-250-flareside-6-5-ft-bed-eva-foam-truck-bed-mat-interlocking-black,"1997-2004 Ford F-150 & F-250 Flareside 6.5 Ft Bed EVA Foam Truck Bed Mat — Interlocking, Black",truck bed mat - foam,https://stehlenauto.com/products/1997-2004-ford-f-150-f-250-flareside-6-5-ft-bed-eva-foam-truck-bed-mat-interlocking-black,P2,P2 title >90 chars
2002-2018-ram-1500-2500-3500-2019-2024-ram-1500-classic-6-5-ft-bed-eva-foam-truck-bed-mat-interlocking-black,"2002-2018 Ram 1500/2500/3500 & 2019-2024 Ram 1500 Classic 6.5 Ft Bed EVA Foam Truck Bed Mat — Interlocking, Black",truck bed mat - foam,https://stehlenauto.com/products/2002-2018-ram-1500-2500-3500-2019-2024-ram-1500-classic-6-5-ft-bed-eva-foam-truck-bed-mat-interlocking-black,P2,P2 title >90 chars
2002-2018-ram-1500-2019-2024-ram-1500-classic-5-7-ft-bed-eva-foam-truck-bed-mat-interlocking-black,"2002-2018 Ram 1500 & 2019-2024 Ram 1500 Classic 5.7 Ft Bed EVA Foam Truck Bed Mat — Interlocking, Black",truck bed mat - foam,https://stehlenauto.com/products/2002-2018-ram-1500-2019-2024-ram-1500-classic-5-7-ft-bed-eva-foam-truck-bed-mat-interlocking-black,P2,P2 title >90 chars
1993-2011-ford-ranger-mazda-b-series-6-ft-bed-eva-foam-truck-bed-mat-interlocking-black,"1993-2011 Ford Ranger & Mazda B-Series 6 Ft Bed EVA Foam Truck Bed Mat — Interlocking, Black",truck bed mat - foam,https://stehlenauto.com/products/1993-2011-ford-ranger-mazda-b-series-6-ft-bed-eva-foam-truck-bed-mat-interlocking-black,P2,P2 title >90 chars
2004-2007-chevrolet-silverado-gmc-sierra-fleetside-5-8-ft-bed-eva-foam-truck-bed-mat-interlocking-black,"2004-2007 Chevrolet Silverado & GMC Sierra Fleetside 5.8 Ft Bed EVA Foam Truck Bed Mat — Interlocking, Black",truck bed mat - foam,https://stehlenauto.com/products/2004-2007-chevrolet-silverado-gmc-sierra-fleetside-5-8-ft-bed-eva-foam-truck-bed-mat-interlocking-black,P2,P2 title >90 chars
2007-2018-chevrolet-silverado-gmc-sierra-5-8-ft-bed-eva-foam-truck-bed-mat-interlocking-black,"2007-2018 Chevrolet Silverado & GMC Sierra 5.8 Ft Bed EVA Foam Truck Bed Mat — Interlocking, Black",truck bed mat - foam,https://stehlenauto.com/products/2007-2018-chevrolet-silverado-gmc-sierra-5-8-ft-bed-eva-foam-truck-bed-mat-interlocking-black,P2,P2 title >90 chars
2007-2019-chevrolet-silverado-gmc-sierra-6-5-ft-bed-eva-foam-truck-bed-mat-interlocking-black,"2007-2019 Chevrolet Silverado & GMC Sierra 6.5 Ft Bed EVA Foam Truck Bed Mat — Interlocking, Black",truck bed mat - foam,https://stehlenauto.com/products/2007-2019-chevrolet-silverado-gmc-sierra-6-5-ft-bed-eva-foam-truck-bed-mat-interlocking-black,P2,P2 title >90 chars
1999-2007-chevrolet-silverado-gmc-sierra-fleetside-6-5-ft-bed-eva-foam-truck-bed-mat-interlocking-black,"1999-2007 Chevrolet Silverado & GMC Sierra Fleetside 6.5 Ft Bed EVA Foam Truck Bed Mat — Interlocking, Black",truck bed mat - foam,https://stehlenauto.com/products/1999-2007-chevrolet-silverado-gmc-sierra-fleetside-6-5-ft-bed-eva-foam-truck-bed-mat-interlocking-black,P2,P2 title >90 chars
1999-2007-chevrolet-silverado-gmc-sierra-stepside-6-5-ft-bed-eva-foam-truck-bed-mat-interlocking-black,"1999-2007 Chevrolet Silverado & GMC Sierra Stepside 6.5 Ft Bed EVA Foam Truck Bed Mat — Interlocking, Black",truck bed mat - foam,https://stehlenauto.com/products/1999-2007-chevrolet-silverado-gmc-sierra-stepside-6-5-ft-bed-eva-foam-truck-bed-mat-interlocking-black,P2,P2 title >90 chars
2004-2024-nissan-titan-2016-2024-titan-xd-6-5-ft-bed-eva-foam-truck-bed-mat-interlocking-black,"2004-2024 Nissan Titan & 2016-2024 Titan XD 6.5 Ft Bed EVA Foam Truck Bed Mat — Interlocking, Black",truck bed mat - foam,https://stehlenauto.com/products/2004-2024-nissan-titan-2016-2024-titan-xd-6-5-ft-bed-eva-foam-truck-bed-mat-interlocking-black,P2,P2 title >90 chars
2022-2026-ford-f-150-lightning-eva-foam-truck-bed-mat-2pc-w-front-trunk-mat-interlocking-black,"2022-2026 Ford F-150 Lightning EVA Foam Truck Bed Mat 2pc w/ Front Trunk Mat — Interlocking, Black",truck bed mat - foam,https://stehlenauto.com/products/2022-2026-ford-f-150-lightning-eva-foam-truck-bed-mat-2pc-w-front-trunk-mat-interlocking-black,P2,P2 title >90 chars
1999-2016-ford-f-250-f-350-f-450-f-550-super-duty-6-5-ft-bed-eva-foam-truck-bed-mat-interlocking-black,"1999-2016 Ford F-250/F-350/F-450/F-550 Super Duty 6.5 Ft Bed EVA Foam Truck Bed Mat — Interlocking, Black",truck bed mat - foam,https://stehlenauto.com/products/1999-2016-ford-f-250-f-350-f-450-f-550-super-duty-6-5-ft-bed-eva-foam-truck-bed-mat-interlocking-black,P2,P2 title >90 chars
2009-2018-ram-1500-2500-3500-5-7-ft-bed-w-rambox-eva-foam-truck-bed-mat-interlocking-black,"2009-2018 Ram 1500/2500/3500 5.7 Ft Bed (w/ RamBox) EVA Foam Truck Bed Mat — Interlocking, Black",truck bed mat - foam,https://stehlenauto.com/products/2009-2018-ram-1500-2500-3500-5-7-ft-bed-w-rambox-eva-foam-truck-bed-mat-interlocking-black,P2,P2 title >90 chars
2009-2018-ram-1500-2500-3500-6-5-ft-bed-w-rambox-eva-foam-truck-bed-mat-interlocking-black,"2009-2018 Ram 1500/2500/3500 6.5 Ft Bed (w/ RamBox) EVA Foam Truck Bed Mat — Interlocking, Black",truck bed mat - foam,https://stehlenauto.com/products/2009-2018-ram-1500-2500-3500-6-5-ft-bed-w-rambox-eva-foam-truck-bed-mat-interlocking-black,P2,P2 title >90 chars
2020-2026-chevrolet-silverado-gmc-sierra-2500-3500-hd-6-9-ft-bed-eva-foam-truck-bed-mat-interlocking-black,"2020-2026 Chevrolet Silverado & GMC Sierra 2500/3500 HD 6.9 Ft Bed EVA Foam Truck Bed Mat — Interlocking, Black",truck bed mat - foam,https://stehlenauto.com/products/2020-2026-chevrolet-silverado-gmc-sierra-2500-3500-hd-6-9-ft-bed-eva-foam-truck-bed-mat-interlocking-black,P2,P2 title >90 chars
2016-2024-nissan-titan-5-7-ft-bed-w-titan-box-eva-foam-truck-bed-mat-interlocking-black,"2016-2024 Nissan Titan 5.7 Ft Bed (w/ Titan Box) EVA Foam Truck Bed Mat — Interlocking, Black",truck bed mat - foam,https://stehlenauto.com/products/2016-2024-nissan-titan-5-7-ft-bed-w-titan-box-eva-foam-truck-bed-mat-interlocking-black,P2,P2 title >90 chars
2016-2024-nissan-titan-6-5-ft-bed-w-titan-box-eva-foam-truck-bed-mat-interlocking-black,"2016-2024 Nissan Titan 6.5 Ft Bed (w/ Titan Box) EVA Foam Truck Bed Mat — Interlocking, Black",truck bed mat - foam,https://stehlenauto.com/products/2016-2024-nissan-titan-6-5-ft-bed-w-titan-box-eva-foam-truck-bed-mat-interlocking-black,P2,P2 title >90 chars
2006-2008-lincoln-mark-lt-5-5-bed-rubber-truck-bed-mat-grey,2006-2008 Lincoln Mark LT 5.5 ft Bed Rubber Bed Mat - Grey,truck bed mat - rubber,https://stehlenauto.com/products/2006-2008-lincoln-mark-lt-5-5-bed-rubber-truck-bed-mat-grey,P2,P2 title years 2006-2008 narrower than fitment 2004-2014
2006-2008-lincoln-mark-lt-6-5-bed-rubber-truck-bed-mat-grey,2006-2008 Lincoln Mark LT 6.5 ft Bed Rubber Bed Mat - Grey,truck bed mat - rubber,https://stehlenauto.com/products/2006-2008-lincoln-mark-lt-6-5-bed-rubber-truck-bed-mat-grey,P2,P2 title years 2006-2008 narrower than fitment 2004-2014
2015-2024-ford-f-150-5-5-bed-rubber-truck-bed-mat-grey,2015-2024 Ford F-150 5.5 ft Bed Rubber Truck Bed Mat - Grey,truck bed mat - rubber,https://stehlenauto.com/products/2015-2024-ford-f-150-5-5-bed-rubber-truck-bed-mat-grey,P2,P2 title years 2015-2024 narrower than fitment 2015-2026
2015-2024-ford-f-150-5-5ft-bed-rubber-mat-lightweight-v2,2015-2024 Ford F-150 5.5 ft Bed Rubber Truck Bed Mat - Lightweight V2,truck bed mat - rubber,https://stehlenauto.com/products/2015-2024-ford-f-150-5-5ft-bed-rubber-mat-lightweight-v2,P2,P2 title years 2015-2024 narrower than fitment 2015-2026
2015-2024-ford-f-150-6-5-bed-rubber-truck-bed-mat-grey,2015-2024 Ford F-150 6.5 ft Bed Rubber Truck Bed Mat - Grey,truck bed mat - rubber,https://stehlenauto.com/products/2015-2024-ford-f-150-6-5-bed-rubber-truck-bed-mat-grey,P2,P2 title years 2015-2024 narrower than fitment 2015-2026
2015-2024-ford-f-150-6-5-ft-bed-rubber-mat-lightweight-v2,2015-2024 Ford F-150 6.5 ft Bed Rubber Truck Bed Mat - V2,truck bed mat - rubber,https://stehlenauto.com/products/2015-2024-ford-f-150-6-5-ft-bed-rubber-mat-lightweight-v2,P2,P2 title years 2015-2024 narrower than fitment 2015-2026
02-22-dodge-ram-1500-2500-3500-6-5-ft-rubber-bed-mat-v2,2002-2022 Dodge Ram 1500/2500/3500 6.5 ft Bed Mat - AA035-V2,truck bed mat - rubber,https://stehlenauto.com/products/02-22-dodge-ram-1500-2500-3500-6-5-ft-rubber-bed-mat-v2,P2,P2 title years 2002-2022 narrower than fitment 2002-2024
2002-2022-dodge-ram-1500-2500-3500-8-long-bed-pvc-mat-black,2002-2022 Dodge Ram 1500/2500/3500 8 ft Bed PVC Bed Mat - Black,truck bed mat - rubber,https://stehlenauto.com/products/2002-2022-dodge-ram-1500-2500-3500-8-long-bed-pvc-mat-black,P2,P2 title years 2002-2022 narrower than fitment 2002-2024
02-22-dodge-ram-1500-2500-3500-8ft-bed-rubber-mat-aa031-v2,2002-2022 Dodge Ram 1500/2500/3500 8 ft Bed Mat Rubber - AA031-V2,truck bed mat - rubber,https://stehlenauto.com/products/02-22-dodge-ram-1500-2500-3500-8ft-bed-rubber-mat-aa031-v2,P2,P2 title years 2002-2022 narrower than fitment 2002-2024
02-22-dodge-ram-rubber-bed-mat-57-rambox-grey,2002-2022 Dodge Ram 5.7 ft Bed Mat RamBox Only - Grey Rubber,truck bed mat - rubber,https://stehlenauto.com/products/02-22-dodge-ram-rubber-bed-mat-57-rambox-grey,P2,P2 title years 2002-2022 narrower than fitment 2002-2024
02-22-dodge-ram-1500-2500-3500-5-7-bed-mat-w-rambox-v2,2002-2022 Dodge Ram 1500/2500/3500 5.7 ft Bed RamBox Rubber Bed Mat V2,truck bed mat - rubber,https://stehlenauto.com/products/02-22-dodge-ram-1500-2500-3500-5-7-bed-mat-w-rambox-v2,P2,P2 title years 2002-2022 narrower than fitment 2002-2024
02-22-dodge-ram-5-7-short-bed-rubber-truck-bed-mat-grey,2002-2022 Dodge Ram 5.7 ft Bed Rubber Truck Bed Mat - Grey,truck bed mat - rubber,https://stehlenauto.com/products/02-22-dodge-ram-5-7-short-bed-rubber-truck-bed-mat-grey,P2,P2 title years 2002-2022 narrower than fitment 2002-2024
02-22-dodge-ram-1500-2500-3500-5-7-ft-rubber-bed-mat-v2,2002-2022 Dodge Ram 1500/2500/3500 5.7 ft Bed Mat - AA010-V2,truck bed mat - rubber,https://stehlenauto.com/products/02-22-dodge-ram-1500-2500-3500-5-7-ft-rubber-bed-mat-v2,P2,P2 title years 2002-2022 narrower than fitment 2002-2024
02-22-dodge-ram-6-4-bed-rubber-mat-rambox-grey,2002-2022 Dodge Ram 6.4 ft Bed Mat RamBox Grey Rubber,truck bed mat - rubber,https://stehlenauto.com/products/02-22-dodge-ram-6-4-bed-rubber-mat-rambox-grey,P2,P2 title years 2002-2022 narrower than fitment 2002-2024
02-22-dodge-ram-1500-2500-3500-6-5-ft-bed-mat-w-rambox,2002-2022 Dodge Ram 1500/2500/3500 6.5 ft Bed RamBox Rubber Bed Mat V2,truck bed mat - rubber,https://stehlenauto.com/products/02-22-dodge-ram-1500-2500-3500-6-5-ft-bed-mat-w-rambox,P2,P2 title years 2002-2022 narrower than fitment 2002-2024
2019-ram-1500-6-4ft-bed-rubber-truck-bed-mat-diamond-plate,2019-2024 Dodge Ram 1500 6.4 ft Bed Rubber Bed Mat Diamond Plate,truck bed mat - rubber,https://stehlenauto.com/products/2019-ram-1500-6-4ft-bed-rubber-truck-bed-mat-diamond-plate,P2,P2 title years 2019-2024 narrower than fitment 2019-2026
2019-dodge-ram-2500-3500-6-4ft-bed-rubber-mat-diamond-plate,2019-2024 Dodge Ram 2500/3500 6.4 ft Bed Mat Diamond Plate - Rubber,truck bed mat - rubber,https://stehlenauto.com/products/2019-dodge-ram-2500-3500-6-4ft-bed-rubber-mat-diamond-plate,P2,P2 title years 2019-2024 narrower than fitment 2019-2026
2019-2024-ram-2500-3500-6-4-bed-rubber-truck-bed-mat-tlaps,2019-2024 Dodge Ram 2500/3500 6.4 ft Bed Rubber Bed Mat V2,truck bed mat - rubber,https://stehlenauto.com/products/2019-2024-ram-2500-3500-6-4-bed-rubber-truck-bed-mat-tlaps,P2,P2 title years 2019-2024 narrower than fitment 2019-2026
2019-2024-ram-2500-3500-8ft-bed-rubber-mat-diamond-plate,2019-2024 Dodge Ram 2500/3500 8 ft Bed Rubber Bed Mat - Diamond Plate,truck bed mat - rubber,https://stehlenauto.com/products/2019-2024-ram-2500-3500-8ft-bed-rubber-mat-diamond-plate,P2,P2 title years 2019-2024 narrower than fitment 2019-2026
2019-2024-ram-2500-3500-8ft-bed-rubber-truck-bed-mat-tlaps-v2,2019-2024 Dodge Ram 2500/3500 8 ft Bed Rubber Bed Mat - V2,truck bed mat - rubber,https://stehlenauto.com/products/2019-2024-ram-2500-3500-8ft-bed-rubber-truck-bed-mat-tlaps-v2,P2,P2 title years 2019-2024 narrower than fitment 2019-2026
2019-dodge-ram-5-7-bed-rubber-truck-bed-mat-lightweight-v2,2019-2022 Dodge Ram 1500 5.7 ft Bed Rubber Bed Mat V2 - AA46,truck bed mat - rubber,https://stehlenauto.com/products/2019-dodge-ram-5-7-bed-rubber-truck-bed-mat-lightweight-v2,P2,P2 title years 2019-2022 narrower than fitment 2019-2026
2019-dodge-ram-5-bed-rubber-truck-bed-mat-diamond-plate,2019-2022 Dodge Ram 1500 5.7 ft Bed Rubber Bed Mat - Diamond Plate,truck bed mat - rubber,https://stehlenauto.com/products/2019-dodge-ram-5-bed-rubber-truck-bed-mat-diamond-plate,P2,P2 title years 2019-2022 narrower than fitment 2019-2026
2005-2022-toyota-tacoma-5-bed-rubber-truck-bed-mat-grey,2005-2022 Toyota Tacoma 5 ft Bed Rubber Truck Bed Mat - Grey,truck bed mat - rubber,https://stehlenauto.com/products/2005-2022-toyota-tacoma-5-bed-rubber-truck-bed-mat-grey,P2,P2 title years 2005-2022 narrower than fitment 2005-2023
2005-2022-toyota-tacoma-5ft-bed-rubber-mat-lightweight-v2,2005-2022 Toyota Tacoma 5 ft Bed Rubber Bed Mat - Lightweight V2,truck bed mat - rubber,https://stehlenauto.com/products/2005-2022-toyota-tacoma-5ft-bed-rubber-mat-lightweight-v2,P2,P2 title years 2005-2022 narrower than fitment 2005-2023
2005-2022-toyota-tacoma-6-bed-rubber-truck-bed-mat-grey,2005-2022 Toyota Tacoma 6 ft Bed Rubber Bed Mat - Grey,truck bed mat - rubber,https://stehlenauto.com/products/2005-2022-toyota-tacoma-6-bed-rubber-truck-bed-mat-grey,P2,P2 title years 2005-2022 narrower than fitment 2005-2023
2005-2022-toyota-tacoma-6ft-bed-rubber-mat-lightweight-v2,2005-2022 Toyota Tacoma 6 ft Bed Rubber Bed Mat - AA013-V2,truck bed mat - rubber,https://stehlenauto.com/products/2005-2022-toyota-tacoma-6ft-bed-rubber-mat-lightweight-v2,P2,P2 title years 2005-2022 narrower than fitment 2005-2023
2017-2026-ford-f-250-f-350-f-450-super-duty-8-ft-bed-rubber-truck-bed-mat-diamond-plate-style,2017-2026 Ford F-250/F-350/F-450 Super Duty 8 Ft Bed Rubber Truck Bed Mat — Diamond Plate Style,truck bed mat - rubber,https://stehlenauto.com/products/2017-2026-ford-f-250-f-350-f-450-super-duty-8-ft-bed-rubber-truck-bed-mat-diamond-plate-style,P2,P2 title >90 chars
2021-2024-ford-bronco-bull-guard-w-led-light-bar-matte-black,2021-2024 Ford Bronco Studded Mesh Bull Guard Matte Black w/ LED Bar,bull guard - advance series w/led light bar,https://stehlenauto.com/products/2021-2024-ford-bronco-bull-guard-w-led-light-bar-matte-black,,
advance-series-bull-guard-w-led-light-bar-for-ford-bronco-2021,Advance Series Bull Guard w/ LED Light Bar for Ford Bronco 2021+,bull guard - advance series w/led light bar,https://stehlenauto.com/products/advance-series-bull-guard-w-led-light-bar-for-ford-bronco-2021,,
2004-2009-dodge-durango-chrome-bull-guard-with-led-light-bar,2004-2009 Dodge Durango Chrome Bull Guard with LED Light Bar,bull guard - advance series w/led light bar,https://stehlenauto.com/products/2004-2009-dodge-durango-chrome-bull-guard-with-led-light-bar,,
ford-f-150-expedition-studded-mesh-bull-guard-combo-w-led-light-bar,Ford F-150 Expedition Studded Mesh Bull Guard Combo w/ LED Light Bar,bull guard - advance series w/led light bar,https://stehlenauto.com/products/ford-f-150-expedition-studded-mesh-bull-guard-combo-w-led-light-bar,,
2006-2010-ford-explorer-advanced-series-bull-guard-w-led-light-bar,2006-2010 Ford Explorer Advanced Series Bull Guard w/ LED Light Bar,bull guard - advance series w/led light bar,https://stehlenauto.com/products/2006-2010-ford-explorer-advanced-series-bull-guard-w-led-light-bar,,
1997-2004-ford-f-150-bull-guard-w-led-light-bar-matte-black,1997-2004 Ford F-150 Bull Guard w/ LED Light Bar - Matte Black,bull guard - advance series w/led light bar,https://stehlenauto.com/products/1997-2004-ford-f-150-bull-guard-w-led-light-bar-matte-black,,
05-07-ford-super-duty-advanced-bull-guard-w-led-light-bar-matte-black,2005-2007 Ford Super Duty Advanced Bull Guard w/LED Light Bar - Matte Black,bull guard - advance series w/led light bar,https://stehlenauto.com/products/05-07-ford-super-duty-advanced-bull-guard-w-led-light-bar-matte-black,,
05-07-ford-super-duty-advanced-bull-guard-w-led-light-bar,2005-2007 Ford Super Duty Advanced Bull Guard w/ LED Light Bar,bull guard - advance series w/led light bar,https://stehlenauto.com/products/05-07-ford-super-duty-advanced-bull-guard-w-led-light-bar,,
05-07-ford-super-duty-bull-guard-w-led-light-bar-matte-black,2005-2007 Ford Super Duty Bull Guard w/ LED Light Bar - Matte Black,bull guard - advance series w/led light bar,https://stehlenauto.com/products/05-07-ford-super-duty-bull-guard-w-led-light-bar-matte-black,,
2008-2010-ford-super-duty-advanced-series-bull-guard-matte-black-led,2008-2010 Ford Super Duty Advanced Series Bull Guard - Matte Black LED,bull guard - advance series w/led light bar,https://stehlenauto.com/products/2008-2010-ford-super-duty-advanced-series-bull-guard-matte-black-led,,
2008-2010-ford-super-duty-advanced-bull-guard-w-led-light-bar,2008-2010 Ford Super Duty Advanced Bull Guard w/LED Light Bar,bull guard - advance series w/led light bar,https://stehlenauto.com/products/2008-2010-ford-super-duty-advanced-bull-guard-w-led-light-bar,,
08-10-ford-super-duty-bull-guard-w-led-light-bar-matte-black,2008-2010 Ford Super Duty Bull Guard w/ LED Light Bar - Matte Black,bull guard - advance series w/led light bar,https://stehlenauto.com/products/08-10-ford-super-duty-bull-guard-w-led-light-bar-matte-black,,
2011-2016-ford-super-duty-advanced-bull-guard-w-led-light-bar,2011-2016 Ford Super Duty Advanced Bull Guard w/ LED Light Bar,bull guard - advance series w/led light bar,https://stehlenauto.com/products/2011-2016-ford-super-duty-advanced-bull-guard-w-led-light-bar,,
99-04-ford-super-duty-excursion-bull-guard-led-light-bar-matte-black,1999-2004 Ford Super Duty Excursion Bull Guard LED Light Bar - Matte Black,bull guard - advance series w/led light bar,https://stehlenauto.com/products/99-04-ford-super-duty-excursion-bull-guard-led-light-bar-matte-black,,
99-04-ford-super-duty-excursion-bull-guard-w-led-light-bar,1999-2004 Ford Super Duty Excursion Bull Guard w/ LED Light Bar,bull guard - advance series w/led light bar,https://stehlenauto.com/products/99-04-ford-super-duty-excursion-bull-guard-w-led-light-bar,,
1999-2004-ford-super-duty-excursion-bull-guard-w-led-light-bar,1999-2004 Ford Super Duty Excursion Bull Guard w/ LED Light Bar,bull guard - advance series w/led light bar,https://stehlenauto.com/products/1999-2004-ford-super-duty-excursion-bull-guard-w-led-light-bar,,
1999-2004-ford-super-duty-bull-guard-w-led-light-bar-matte-black,1999-2004 Ford Super Duty Bull Guard w/LED Light Bar - Matte Black,bull guard - advance series w/led light bar,https://stehlenauto.com/products/1999-2004-ford-super-duty-bull-guard-w-led-light-bar-matte-black,,
2019-2023-ford-ranger-studded-mesh-bull-guard-matte-black-w-led-bar,2019-2023 Ford Ranger Studded Mesh Bull Guard Matte Black w/ LED Bar,bull guard - advance series w/led light bar,https://stehlenauto.com/products/2019-2023-ford-ranger-studded-mesh-bull-guard-matte-black-w-led-bar,,
2021-ford-bronco-studded-mesh-bull-guard-matte-black,2021-2024 Ford Bronco Studded Mesh Bull Guard - Matte Black,bull guard - advance series w/skid plate,https://stehlenauto.com/products/2021-ford-bronco-studded-mesh-bull-guard-matte-black,,
05-11-dodge-dakota-ram-mitsubishi-raider-front-bull-bar-black,2005-2011 Dodge Dakota Mitsubishi Raider Bull Bar Guard - Black,bull guard - advance series w/skid plate,https://stehlenauto.com/products/05-11-dodge-dakota-ram-mitsubishi-raider-front-bull-bar-black,,
2004-2009-dodge-durango-chrysler-aspen-bull-guard-chrome-a070309a,2004-2009 Dodge Durango Chrysler Aspen Bull Guard Chrome - A070309A,bull guard - advance series w/skid plate,https://stehlenauto.com/products/2004-2009-dodge-durango-chrysler-aspen-bull-guard-chrome-a070309a,,
ford-f-150-expedition-lincoln-bull-guard-mesh-skid-plate-matte-black,Ford F-150 Expedition Lincoln Bull Guard Mesh Skid Plate - Matte Black,bull guard - advance series w/skid plate,https://stehlenauto.com/products/ford-f-150-expedition-lincoln-bull-guard-mesh-skid-plate-matte-black,,
studded-mesh-bull-guard-texture-black-ford-f-150-expedition,Studded Mesh Bull Guard Texture Black - Ford F-150 Expedition,bull guard - advance series w/skid plate,https://stehlenauto.com/products/studded-mesh-bull-guard-texture-black-ford-f-150-expedition,,
2011-2019-ford-explorer-advanced-series-bull-guard-w-skid-plate,2011-2019 Ford Explorer Advanced Series Bull Guard w/ Skid Plate,bull guard - advance series w/skid plate,https://stehlenauto.com/products/2011-2019-ford-explorer-advanced-series-bull-guard-w-skid-plate,,
1997-2004-ford-f-150-bull-guard-w-mesh-skid-plate-matte-black,1997-2004 Ford F-150 Bull Guard w/ Mesh Skid Plate - Matte Black,bull guard - advance series w/skid plate,https://stehlenauto.com/products/1997-2004-ford-f-150-bull-guard-w-mesh-skid-plate-matte-black,,
1997-2004-ford-f-150-f-250-expedition-studded-mesh-bull-guard,1997-2004 Ford F-150 F-250 Expedition Studded Mesh Bull Guard,bull guard - advance series w/skid plate,https://stehlenauto.com/products/1997-2004-ford-f-150-f-250-expedition-studded-mesh-bull-guard,,
1997-2004-ford-f-150-advanced-series-bull-guard-w-skid-plate-matte-black,1997-2004 Ford F-150 Advanced Series Bull Guard w/ Skid Plate - Matte Black,bull guard - advance series w/skid plate,https://stehlenauto.com/products/1997-2004-ford-f-150-advanced-series-bull-guard-w-skid-plate-matte-black,,
1997-2004-ford-f-150-f-250-expedition-advanced-bull-guard-black,1997-2004 Ford F-150 F-250 Expedition Advanced Bull Guard - Black,bull guard - advance series w/skid plate,https://stehlenauto.com/products/1997-2004-ford-f-150-f-250-expedition-advanced-bull-guard-black,,
2005-2007-ford-super-duty-bull-guard-w-mesh-skid-plate-matte-black,2005-2007 Ford Super Duty Bull Guard w/ Mesh Skid Plate - Matte Black,bull guard - advance series w/skid plate,https://stehlenauto.com/products/2005-2007-ford-super-duty-bull-guard-w-mesh-skid-plate-matte-black,,
2005-2007-ford-super-duty-advanced-series-bull-guard-matte-black,2005-2007 Ford Super Duty Advanced Series Bull Guard - Matte Black,bull guard - advance series w/skid plate,https://stehlenauto.com/products/2005-2007-ford-super-duty-advanced-series-bull-guard-matte-black,,
05-07-ford-super-duty-advanced-series-bull-guard-matte-black,2005-2007 Ford Super Duty Advanced Series Bull Guard - Matte Black,bull guard - advance series w/skid plate,https://stehlenauto.com/products/05-07-ford-super-duty-advanced-series-bull-guard-matte-black,,
05-07-ford-super-duty-advanced-series-bull-guard-texture-black,2005-2007 Ford Super Duty Advanced Series Bull Guard - Texture Black,bull guard - advance series w/skid plate,https://stehlenauto.com/products/05-07-ford-super-duty-advanced-series-bull-guard-texture-black,,
2008-2010-ford-super-duty-f-250-f-350-bull-guard-matte-black,2008-2010 Ford Super Duty F-250/F-350 Bull Guard Matte Black,bull guard - advance series w/skid plate,https://stehlenauto.com/products/2008-2010-ford-super-duty-f-250-f-350-bull-guard-matte-black,,
2008-2010-ford-super-duty-advanced-series-bull-guard-matte-black,2008-2010 Ford Super Duty Advanced Series Bull Guard - Matte Black,bull guard - advance series w/skid plate,https://stehlenauto.com/products/2008-2010-ford-super-duty-advanced-series-bull-guard-matte-black,,
2011-2016-ford-super-duty-advanced-series-bull-guard-matte-black,2011-2016 Ford Super Duty Advanced Series Bull Guard - Matte Black,bull guard - advance series w/skid plate,https://stehlenauto.com/products/2011-2016-ford-super-duty-advanced-series-bull-guard-matte-black,,
2011-2016-ford-super-duty-advanced-series-bull-guard-texture-black,2011-2016 Ford Super Duty Advanced Series Bull Guard - Texture Black,bull guard - advance series w/skid plate,https://stehlenauto.com/products/2011-2016-ford-super-duty-advanced-series-bull-guard-texture-black,,
1999-2004-ford-super-duty-bull-guard-w-mesh-skid-plate-matte-black,1999-2004 Ford Super Duty Bull Guard w/ Mesh Skid Plate - Matte Black,bull guard - advance series w/skid plate,https://stehlenauto.com/products/1999-2004-ford-super-duty-bull-guard-w-mesh-skid-plate-matte-black,,
1999-2004-ford-super-duty-advanced-series-bull-guard-matte-black,1999-2004 Ford Super Duty Advanced Series Bull Guard - Matte Black,bull guard - advance series w/skid plate,https://stehlenauto.com/products/1999-2004-ford-super-duty-advanced-series-bull-guard-matte-black,,
2019-ford-ranger-studded-mesh-bull-guard-matte-black,2019-2023 Ford Ranger Studded Mesh Bull Guard - Matte Black,bull guard - advance series w/skid plate,https://stehlenauto.com/products/2019-ford-ranger-studded-mesh-bull-guard-matte-black,,
2020-2024-tesla-model-y-front-rear-bumper-guard-set-black-steel,2020-2024 Tesla Model Y Front & Rear Bumper Guard Set - Black Steel,bull guard - advance series w/skid plate,https://stehlenauto.com/products/2020-2024-tesla-model-y-front-rear-bumper-guard-set-black-steel,,
universal-chase-rack-tire-carrier-matte-black-finish,Universal Full Size Chase Rack Tire Carrier - Matte Black,chase rack/sport bar,https://stehlenauto.com/products/universal-chase-rack-tire-carrier-matte-black-finish,,
stehlen-razor-3000-universal-chase-rack-w-led-lights-texture-black,Stehlen Razor 3000 Universal Chase Rack w/LED Lights - Texture Black,chase rack/sport bar,https://stehlenauto.com/products/stehlen-razor-3000-universal-chase-rack-w-led-lights-texture-black,,
stehlen-razor-1000-universal-chase-rack-w-led-lights-matte-black,Stehlen Razor 1000 Universal Chase Rack w/ LED Lights - Matte Black,chase rack/sport bar,https://stehlenauto.com/products/stehlen-razor-1000-universal-chase-rack-w-led-lights-matte-black,,
11-19-dodge-charger-chrysler-300-hex-rubber-floor-mats-3pc-black,2011-2021 Dodge Charger / Chrysler 300 RWD Rubber Floor Mats 3PC,floor mats - rubber,https://stehlenauto.com/products/11-19-dodge-charger-chrysler-300-hex-rubber-floor-mats-3pc-black,,
2011-2021-dodge-challenger-rwd-hex-rubber-floor-mats-4pc-black,2011-2021 Dodge Challenger RWD All-Weather Floor Mats 4PC - Black,floor mats - rubber,https://stehlenauto.com/products/2011-2021-dodge-challenger-rwd-hex-rubber-floor-mats-4pc-black,,
2013-2019-buick-encore-hex-style-rubber-trunk-mat-all-weather,2013-2019 Buick Encore Rubber Trunk Mat All Weather - HexStyle,floor mats - rubber,https://stehlenauto.com/products/2013-2019-buick-encore-hex-style-rubber-trunk-mat-all-weather,,
2008-2017-buick-enclave-hex-style-all-weather-rubber-floor-mats-4pc,2008-2017 Buick Enclave All Weather Rubber Floor Mats 4PC - Black,floor mats - rubber,https://stehlenauto.com/products/2008-2017-buick-enclave-hex-style-all-weather-rubber-floor-mats-4pc,,
2018-2020-buick-enclave-hex-style-all-weather-rubber-floor-mats-4pc,2018-2021 Buick Enclave Custom Fit Rubber Floor Mats 4PC - Black,floor mats - rubber,https://stehlenauto.com/products/2018-2020-buick-enclave-hex-style-all-weather-rubber-floor-mats-4pc,,
2016-2020-buick-envision-hex-style-rubber-trunk-mat-black,2016-2020 Buick Envision Rubber Trunk Mat - All Weather HB,floor mats - rubber,https://stehlenauto.com/products/2016-2020-buick-envision-hex-style-rubber-trunk-mat-black,,
2010-2017-chevy-equinox-hex-style-rubber-trunk-mat-black-1pc,2010-2017 Chevrolet Equinox All-Weather Rubber Trunk Mat - 1PC,floor mats - rubber,https://stehlenauto.com/products/2010-2017-chevy-equinox-hex-style-rubber-trunk-mat-black-1pc,,
2010-2017-chevy-equinox-all-weather-rubber-floor-mats-3pc-black,2010-2017 Chevrolet Equinox All Weather Rubber Floor Mats 3PC - Black,floor mats - rubber,https://stehlenauto.com/products/2010-2017-chevy-equinox-all-weather-rubber-floor-mats-3pc-black,,
ford-f-150-lightning-supercrew-hex-rubber-floor-mats-3pc-black,2015-2023 Ford F-150 Crew Cab All Weather Floor Mats 3PC Black,floor mats - rubber,https://stehlenauto.com/products/ford-f-150-lightning-supercrew-hex-rubber-floor-mats-3pc-black,,
ford-f-150-lightning-super-cab-hex-rubber-floor-mats-3pc-black,2015-2023 Ford F-150 Super Cab All Weather Floor Mats 3PC - Black,floor mats - rubber,https://stehlenauto.com/products/ford-f-150-lightning-super-cab-hex-rubber-floor-mats-3pc-black,,
2013-2019-bmw-3-series-f30-hex-style-rubber-floor-mats-4pc,2012-2019 BMW 3 Series F30 All Weather Rubber Floor Mats 4PC - Black,floor mats - rubber,https://stehlenauto.com/products/2013-2019-bmw-3-series-f30-hex-style-rubber-floor-mats-4pc,,
2022-nissan-frontier-crew-cab-hex-rubber-floor-mats-3pc-black,2022-2023 Nissan Frontier Crew Cab Rubber Floor Mats 3PC - Black,floor mats - rubber,https://stehlenauto.com/products/2022-nissan-frontier-crew-cab-hex-rubber-floor-mats-3pc-black,,
2022-nissan-frontier-king-cab-hex-rubber-floor-mats-3pc-black,2022-2023 Nissan Frontier King Cab 3PC Rubber Floor Mats - Black,floor mats - rubber,https://stehlenauto.com/products/2022-nissan-frontier-king-cab-hex-rubber-floor-mats-3pc-black,,
2020-jeep-gladiator-hex-style-all-weather-rubber-floor-mats-3pc,2020-2023 Jeep Gladiator All Weather Rubber Floor Mats 3PC - Black,floor mats - rubber,https://stehlenauto.com/products/2020-jeep-gladiator-hex-style-all-weather-rubber-floor-mats-3pc,,
14-24-lexus-gx460-toyota-4runner-hex-rubber-floor-mats-3pc,2013-2023 Toyota 4Runner / Lexus GX460 Rubber Floor Mats 3PC - Black,floor mats - rubber,https://stehlenauto.com/products/14-24-lexus-gx460-toyota-4runner-hex-rubber-floor-mats-3pc,,
2020-2024-hyundai-palisade-hex-style-rubber-trunk-mat-black-1pc,2020-2024 Hyundai Palisade Rubber Trunk Mat - Custom Fit,floor mats - rubber,https://stehlenauto.com/products/2020-2024-hyundai-palisade-hex-style-rubber-trunk-mat-black-1pc,,
2020-hyundai-palisade-hex-style-all-weather-rubber-floor-mats-3pc,2020-2023 Hyundai Palisade All Weather Rubber Floor Mats 3PC - Black,floor mats - rubber,https://stehlenauto.com/products/2020-hyundai-palisade-hex-style-all-weather-rubber-floor-mats-3pc,,
honda-pilot-passport-hex-style-all-weather-rubber-floor-mats-3pc,2016-2023 Honda Pilot / Passport All Weather Floor Mats 3PC - Black,floor mats - rubber,https://stehlenauto.com/products/honda-pilot-passport-hex-style-all-weather-rubber-floor-mats-3pc,,
2016-honda-pilot-3rd-row-rubber-floor-mat-hex-style-black,2016-2023 Honda Pilot 3rd Row Rubber Floor Mat - HexStyle,floor mats - rubber,https://stehlenauto.com/products/2016-honda-pilot-3rd-row-rubber-floor-mat-hex-style-black,,
2016-honda-pilot-hex-style-all-weather-rubber-floor-mats-4pc,2016-2023 Honda Pilot All Weather Rubber Floor Mats 4PC - Hex Style,floor mats - rubber,https://stehlenauto.com/products/2016-honda-pilot-hex-style-all-weather-rubber-floor-mats-4pc,,
2019-2023-audi-q8-hex-style-rubber-trunk-mat-all-weather-black,2019-2024 Audi Q8 Hex Style All Weather Rubber Trunk Mat - Black,floor mats - rubber,https://stehlenauto.com/products/2019-2023-audi-q8-hex-style-rubber-trunk-mat-all-weather-black,,
2019-2023-audi-q8-hex-style-all-weather-rubber-floor-mats-3pc-black,2019-2024 Audi Q8 All Weather Rubber Floor Mats 3PC - Hex Style,floor mats - rubber,https://stehlenauto.com/products/2019-2023-audi-q8-hex-style-all-weather-rubber-floor-mats-3pc-black,,
rivian-r1t-hex-style-all-weather-rubber-front-trunk-mat-black,2022-2023 Rivian R1T R1S Front Trunk Mat All Weather - HexStyle,floor mats - rubber,https://stehlenauto.com/products/rivian-r1t-hex-style-all-weather-rubber-front-trunk-mat-black,,
2019-ford-ranger-supercrew-hex-rubber-floor-mats-3pc-black,2019-2023 Ford Ranger Crew Cab All Weather Floor Mats 3PC - Black,floor mats - rubber,https://stehlenauto.com/products/2019-ford-ranger-supercrew-hex-rubber-floor-mats-3pc-black,,
2019-2022-toyota-rav4-hex-style-all-weather-rubber-floor-mats-3pc,2019-2023 Toyota RAV4 All Weather Rubber Floor Mats 3PC - Black,floor mats - rubber,https://stehlenauto.com/products/2019-2022-toyota-rav4-hex-style-all-weather-rubber-floor-mats-3pc,,
2021-2023-toyota-rav4-prime-hex-style-rubber-floor-mats-3pc-black,2021-2023 Toyota RAV4 Prime Rubber Floor Mats 3PC - Hex Style,floor mats - rubber,https://stehlenauto.com/products/2021-2023-toyota-rav4-prime-hex-style-rubber-floor-mats-3pc-black,,
2016-2018-acura-rdx-all-weather-rubber-floor-mats-3pc-hex-style,2013-2018 Acura RDX All Weather Rubber Floor Mats 3PC - Hex Style,floor mats - rubber,https://stehlenauto.com/products/2016-2018-acura-rdx-all-weather-rubber-floor-mats-3pc-hex-style,,
2019-acura-rdx-hex-style-all-weather-rubber-floor-mats-3pc-black,2019-2021 Acura RDX All Weather Rubber Floor Mats 3PC - Black,floor mats - rubber,https://stehlenauto.com/products/2019-acura-rdx-hex-style-all-weather-rubber-floor-mats-3pc-black,,
2022-hyundai-santa-cruz-hex-style-rubber-floor-mats-3pc-black,2022-2023 Hyundai Santa Cruz All Weather Rubber Floor Mats 3PC - Black,floor mats - rubber,https://stehlenauto.com/products/2022-hyundai-santa-cruz-hex-style-rubber-floor-mats-3pc-black,,
2021-toyota-sienna-hex-style-rubber-trunk-mat-all-weather-1pc,2021-2023 Toyota Sienna Custom Fit Rubber Trunk Mat - HexStyle,floor mats - rubber,https://stehlenauto.com/products/2021-toyota-sienna-hex-style-rubber-trunk-mat-all-weather-1pc,,
2021-toyota-sienna-trunk-mat-w-spare-tire-hex-style-rubber,2021-2023 Toyota Sienna Trunk Mat With Spare Tire - HexStyle,floor mats - rubber,https://stehlenauto.com/products/2021-toyota-sienna-trunk-mat-w-spare-tire-hex-style-rubber,,
14-18-chevy-silverado-gmc-sierra-crew-cab-hex-rubber-floor-mats-4pc,2014-2019 Chevy/GMC Silverado/Sierra Crew Cab Floor Mats 4PC Black Rubber,floor mats - rubber,https://stehlenauto.com/products/14-18-chevy-silverado-gmc-sierra-crew-cab-hex-rubber-floor-mats-4pc,,
14-18-silverado-sierra-crew-cab-hex-rubber-floor-mats-2pc-black,2014-2019 Chevy/GMC Silverado/Sierra Crew Cab Rubber Floor Mats 2PC Black,floor mats - rubber,https://stehlenauto.com/products/14-18-silverado-sierra-crew-cab-hex-rubber-floor-mats-2pc-black,,
05-11-toyota-tacoma-double-cab-hex-rubber-floor-mats-3pc-black,2005-2011 Toyota Tacoma Double Cab Rubber Floor Mats 3PC - Black,floor mats - rubber,https://stehlenauto.com/products/05-11-toyota-tacoma-double-cab-hex-rubber-floor-mats-3pc-black,,
2021-tesla-model-3-lr-hex-all-weather-rubber-floor-mats-3pc-black,2021-2023 Tesla Model 3 Long Range Custom Rubber Floor Mats 3PC,floor mats - rubber,https://stehlenauto.com/products/2021-tesla-model-3-lr-hex-all-weather-rubber-floor-mats-3pc-black,,
2022-2023-tesla-model-x-hex-rubber-trunk-mats-3pc-all-weather,2021-2023 Tesla Model X All Weather Rubber Trunk Mats 3PC - HexStyle,floor mats - rubber,https://stehlenauto.com/products/2022-2023-tesla-model-x-hex-rubber-trunk-mats-3pc-all-weather,,
2022-2023-tesla-model-x-all-weather-hex-rubber-floor-mats-6pc-set,2021-2023 Tesla Model X 5-Seat Floor Mats & Trunk Mats 6PC - HexStyle,floor mats - rubber,https://stehlenauto.com/products/2022-2023-tesla-model-x-all-weather-hex-rubber-floor-mats-6pc-set,,
2014-2018-bmw-x5-hex-style-all-weather-rubber-trunk-mat-black,2014-2018 BMW X5 Hex Style Rubber Trunk Mat (Black) - Custom Fit,floor mats - rubber,https://stehlenauto.com/products/2014-2018-bmw-x5-hex-style-all-weather-rubber-trunk-mat-black,,
2014-2018-bmw-x5-hex-style-all-weather-rubber-floor-mats-3pc,2014-2018 BMW X5 All Weather Rubber Floor Mats 3PC - Hex Style,floor mats - rubber,https://stehlenauto.com/products/2014-2018-bmw-x5-hex-style-all-weather-rubber-floor-mats-3pc,,
2011-2014-dodge-charger-front-grille-black,2011-2014 Dodge Charger Front Grille - Matte Black Mesh Style,front grille,https://stehlenauto.com/products/2011-2014-dodge-charger-front-grille-black,,
2005-2010-chrysler-300-front-grille-matte-black-replacement,2005-2010 Chrysler 300 Front Grille - Matte Black Replacement,front grille,https://stehlenauto.com/products/2005-2010-chrysler-300-front-grille-matte-black-replacement,,
2005-2010-chrysler-300-honeycomb-mesh-front-grille-matte-black,2005-2010 Chrysler 300 Honeycomb Mesh Front Grille - Matte Black,front grille,https://stehlenauto.com/products/2005-2010-chrysler-300-honeycomb-mesh-front-grille-matte-black,,
2011-2014-chrysler-300-front-grille-matte-black-replacement,2011-2014 Chrysler 300 Front Grille - Matte Black Replacement,front grille,https://stehlenauto.com/products/2011-2014-chrysler-300-front-grille-matte-black-replacement,,
2011-2014-chrysler-300-front-grille-chrome-mesh-style,2011-2014 Chrysler 300 Front Grille - Chrome Mesh Style,front grille,https://stehlenauto.com/products/2011-2014-chrysler-300-front-grille-chrome-mesh-style,,
2011-2014-chrysler-300-honeycomb-mesh-front-grille-matte-black,2011-2014 Chrysler 300 Honeycomb Mesh Front Grille - Matte Black,front grille,https://stehlenauto.com/products/2011-2014-chrysler-300-honeycomb-mesh-front-grille-matte-black,,
2011-2014-chrysler-300-vertical-front-grille-matte-black,2011-2014 Chrysler 300 Vertical Front Grille - Matte Black,front grille,https://stehlenauto.com/products/2011-2014-chrysler-300-vertical-front-grille-matte-black,,
2011-2014-chrysler-300-vertical-front-grille-chrome-finish,2011-2014 Chrysler 300 Vertical Front Grille - Chrome Finish,front grille,https://stehlenauto.com/products/2011-2014-chrysler-300-vertical-front-grille-chrome-finish,,
2013-2016-audi-a5-s5-rs-style-honeycomb-front-grille-matte-black,2013-2016 Audi A5/S5 RS Style Honeycomb Front Grille - Matte Black,front grille,https://stehlenauto.com/products/2013-2016-audi-a5-s5-rs-style-honeycomb-front-grille-matte-black,,
2013-2016-audi-a4-s4-rs-style-honeycomb-mesh-grille-black,2013-2016 Audi A4 S4 RS Style Honeycomb Mesh Grille - Black,front grille,https://stehlenauto.com/products/2013-2016-audi-a4-s4-rs-style-honeycomb-mesh-grille-black,,
2008-2011-audi-a6-s6-rs-style-honeycomb-mesh-front-grille-black,2008-2011 Audi A6 S6 RS Style Honeycomb Mesh Front Grille - Black,front grille,https://stehlenauto.com/products/2008-2011-audi-a6-s6-rs-style-honeycomb-mesh-front-grille-black,,
2008-2011-audi-a6-s6-rs-style-honeycomb-mesh-front-grille-matte-black,2008-2011 Audi A6 S6 RS Style Honeycomb Mesh Front Grille - Matte Black,front grille,https://stehlenauto.com/products/2008-2011-audi-a6-s6-rs-style-honeycomb-mesh-front-grille-matte-black,,
2008-2010-honda-accord-4-door-sedan-front-grille-matte-black,2008-2010 Honda Accord 4-Door Sedan Front Grille - Matte Black,front grille,https://stehlenauto.com/products/2008-2010-honda-accord-4-door-sedan-front-grille-matte-black,,
2008-2010-honda-accord-sedan-front-grille-matte-black,2008-2010 Honda Accord Sedan Front Grille - Matte Black,front grille,https://stehlenauto.com/products/2008-2010-honda-accord-sedan-front-grille-matte-black,,
2011-2012-honda-accord-sedan-front-grille-chrome-finish,2011-2012 Honda Accord Sedan Front Grille - Chrome Finish,front grille,https://stehlenauto.com/products/2011-2012-honda-accord-sedan-front-grille-chrome-finish,,
1990-1993-honda-accord-front-grille-chrome-trim,1990-1993 Honda Accord Front Grille - Chrome Trim,front grille,https://stehlenauto.com/products/1990-1993-honda-accord-front-grille-chrome-trim,,
1998-2002-honda-accord-coupe-front-grill-grille-black,1998-2002 Honda Accord Coupe Front Grill Grille - Black,front grille,https://stehlenauto.com/products/1998-2002-honda-accord-coupe-front-grill-grille-black,,
2006-2010-dodge-charger-front-grille-mesh-style-matte-black,2006-2010 Dodge Charger Front Grille - Mesh Style Matte Black,front grille,https://stehlenauto.com/products/2006-2010-dodge-charger-front-grille-mesh-style-matte-black,,
2006-2010-dodge-charger-front-grille-chrome-mesh-style,2006-2010 Dodge Charger Front Grille - Chrome Mesh Style,front grille,https://stehlenauto.com/products/2006-2010-dodge-charger-front-grille-chrome-mesh-style,,
2011-2014-dodge-charger-front-grille-chrome-mesh-style,2011-2014 Dodge Charger Front Grille - Chrome Mesh Style,front grille,https://stehlenauto.com/products/2011-2014-dodge-charger-front-grille-chrome-mesh-style,,
02-05-honda-civic-si-ep3-front-grille-matte-black-abs,2002-2005 Honda Civic Si EP3 Front Grille - Matte Black ABS,front grille,https://stehlenauto.com/products/02-05-honda-civic-si-ep3-front-grille-matte-black-abs,,
2002-2005-honda-civic-si-ep3-matte-black-front-grille-hatchback,2002-2005 Honda Civic Si EP3 Matte Black Front Grille - Hatchback,front grille,https://stehlenauto.com/products/2002-2005-honda-civic-si-ep3-matte-black-front-grille-hatchback,,
2006-2008-honda-civic-coupe-front-grille-chrome-trim,2006-2008 Honda Civic Coupe Front Grille - Chrome Trim,front grille,https://stehlenauto.com/products/2006-2008-honda-civic-coupe-front-grille-chrome-trim,,
1999-2000-honda-civic-front-grille-matte-black-abs,1999-2000 Honda Civic Front Grille - Matte Black ABS,front grille,https://stehlenauto.com/products/1999-2000-honda-civic-front-grille-matte-black-abs,,
2003-2004-toyota-corolla-front-grille-matte-black,2003-2004 Toyota Corolla Front Grille - Matte Black,front grille,https://stehlenauto.com/products/2003-2004-toyota-corolla-front-grille-matte-black,,
2006-2011-cadillac-dts-vertical-front-grille-black,2006-2011 Cadillac DTS Vertical Front Grille - Black,front grille,https://stehlenauto.com/products/2006-2011-cadillac-dts-vertical-front-grille-black,,
2006-2011-cadillac-dts-chrome-vertical-front-grille-custom,2006-2011 Cadillac DTS Chrome Vertical Front Grille - Custom,front grille,https://stehlenauto.com/products/2006-2011-cadillac-dts-chrome-vertical-front-grille-custom,,
2003-2006-ford-expedition-vertical-style-front-grille-black-abs,2003-2006 Ford Expedition Vertical Style Front Grille - Black ABS,front grille,https://stehlenauto.com/products/2003-2006-ford-expedition-vertical-style-front-grille-black-abs,,
2004-2008-ford-f-150-mesh-rivet-style-front-grille-matte-black,2004-2008 Ford F-150 Mesh Rivet Style Front Grille - Matte Black,front grille,https://stehlenauto.com/products/2004-2008-ford-f-150-mesh-rivet-style-front-grille-matte-black,,
2005-2007-ford-f250-f350-black-mesh-grille-w-chrome-rivets,2005-2007 Ford F250 F350 Black Mesh Grille w/ Chrome Rivets,front grille,https://stehlenauto.com/products/2005-2007-ford-f250-f350-black-mesh-grille-w-chrome-rivets,,
05-07-ford-f250-f350-f450-studded-mesh-rivet-grille-matte-black,2005-2007 Ford F250 F350 F450 Studded Mesh Rivet Grille Matte Black,front grille,https://stehlenauto.com/products/05-07-ford-f250-f350-f450-studded-mesh-rivet-grille-matte-black,,
2011-2016-ford-super-duty-studded-mesh-rivet-grille-matte-black,2011-2016 Ford Super Duty Studded Mesh Rivet Grille Matte Black,front grille,https://stehlenauto.com/products/2011-2016-ford-super-duty-studded-mesh-rivet-grille-matte-black,,
2002-2005-audi-a4-s4-b6-front-grille-black,2002-2005 Audi A4 S4 B6 Front Grille - Black,front grille,https://stehlenauto.com/products/2002-2005-audi-a4-s4-b6-front-grille-black,,
2002-2005-audi-a4-s4-b6-rs-style-honeycomb-front-grille-matte-black,2002-2005 Audi A4 S4 B6 RS Style Honeycomb Front Grille - Matte Black,front grille,https://stehlenauto.com/products/2002-2005-audi-a4-s4-b6-rs-style-honeycomb-front-grille-matte-black,,
2006-2008-audi-a4-rs-style-front-grille-w-emblem-matte-black,2006-2008 Audi A4 RS Style Front Grille w/ Emblem - Matte Black,front grille,https://stehlenauto.com/products/2006-2008-audi-a4-rs-style-front-grille-w-emblem-matte-black,,
2009-2012-audi-a4-front-grille-emblem-with-s3-badge-black,2009-2012 Audi A4 Front Grille Emblem with S3 Badge - Black,front grille,https://stehlenauto.com/products/2009-2012-audi-a4-front-grille-emblem-with-s3-badge-black,,
2009-2012-audi-a4-front-grill-emblem-matte-black,2009-2012 Audi A4 Front Grill Emblem - Matte Black,front grille,https://stehlenauto.com/products/2009-2012-audi-a4-front-grill-emblem-matte-black,,
1996-2002-audi-a4-s4-b5-front-grille-black-mesh-style,1996-2002 Audi A4 S4 B5 Front Grille - Black Mesh Style,front grille,https://stehlenauto.com/products/1996-2002-audi-a4-s4-b5-front-grille-black-mesh-style,,
2008-2012-audi-a5-s5-front-grille-emblem-gloss-black,2008-2012 Audi A5 S5 Front Grille Emblem - Gloss Black,front grille,https://stehlenauto.com/products/2008-2012-audi-a5-s5-front-grille-emblem-gloss-black,,
2005-2007-audi-a6-rs-style-honeycomb-mesh-front-grille-chrome-black,2005-2007 Audi A6 RS Style Honeycomb Mesh Front Grille - Chrome/Black,front grille,https://stehlenauto.com/products/2005-2007-audi-a6-rs-style-honeycomb-mesh-front-grille-chrome-black,,
2005-2009-land-rover-lr3-honeycomb-mesh-front-grille-chrome-black,2005-2009 Land Rover LR3 Honeycomb Mesh Front Grille Chrome/Black,front grille,https://stehlenauto.com/products/2005-2009-land-rover-lr3-honeycomb-mesh-front-grille-chrome-black,,
2005-2009-land-rover-lr3-discovery-3-front-grille-replacement,2005-2009 Land Rover LR3 Discovery 3 Front Grille - Replacement,front grille,https://stehlenauto.com/products/2005-2009-land-rover-lr3-discovery-3-front-grille-replacement,,
2005-2009-ford-mustang-v6-pony-package-front-lower-bumper-grille,2005-2009 Ford Mustang V6 Pony Package Front Lower Bumper Grille,front grille,https://stehlenauto.com/products/2005-2009-ford-mustang-v6-pony-package-front-lower-bumper-grille,,
2007-2014-gmc-yukon-yukon-xl-front-lower-bumper-grille-black,2007-2014 GMC Yukon / Yukon XL Front Lower Bumper Grille - Black,front grille,https://stehlenauto.com/products/2007-2014-gmc-yukon-yukon-xl-front-lower-bumper-grille-black,,
2007-2014-gmc-yukon-honeycomb-mesh-lower-front-grille-matte-black,2007-2014 GMC Yukon Honeycomb Mesh Lower Front Grille - Matte Black,front grille,https://stehlenauto.com/products/2007-2014-gmc-yukon-honeycomb-mesh-lower-front-grille-matte-black,,
2006-2016-chevy-impala-front-lower-bumper-grille-matte-black,2006-2016 Chevrolet Impala Front Lower Bumper Grille - Black,front grille,https://stehlenauto.com/products/2006-2016-chevy-impala-front-lower-bumper-grille-matte-black,,
2006-2016-chevy-impala-front-grille-matte-black,2006-2016 Chevrolet Impala Front Grille - Matte Black,front grille,https://stehlenauto.com/products/2006-2016-chevy-impala-front-grille-matte-black,,
2010-2011-toyota-camry-mesh-front-grille-black,2010-2011 Toyota Camry Mesh Front Grille - Black,front grille,https://stehlenauto.com/products/2010-2011-toyota-camry-mesh-front-grille-black,,
2010-2011-toyota-camry-front-grille-chrome-mesh-style,2010-2011 Toyota Camry Front Grille - Chrome Mesh Style,front grille,https://stehlenauto.com/products/2010-2011-toyota-camry-front-grille-chrome-mesh-style,,
2010-2011-toyota-camry-vertical-front-grille-black,2010-2011 Toyota Camry Vertical Front Grille - Black,front grille,https://stehlenauto.com/products/2010-2011-toyota-camry-vertical-front-grille-black,,
1999-2006-vw-mk4-golf-gti-r32-horizontal-front-grille-matte-black,1999-2006 Volkswagen Golf MK4 Horizontal Front Grille Matte Black,front grille,https://stehlenauto.com/products/1999-2006-vw-mk4-golf-gti-r32-horizontal-front-grille-matte-black,,
2004-2005-subaru-impreza-aluminum-mesh-grille-matte-black,2004-2005 Subaru Impreza Aluminum Mesh Grille - Matte Black,front grille,https://stehlenauto.com/products/2004-2005-subaru-impreza-aluminum-mesh-grille-matte-black,,
1999-2005-volkswagen-jetta-mk4-front-bumper-grille-matte-black,1999-2005 Volkswagen Jetta MK4 Horizontal Front Grille - Matte Black,front grille,https://stehlenauto.com/products/1999-2005-volkswagen-jetta-mk4-front-bumper-grille-matte-black,,
1999-2005-volkswagen-jetta-mk4-front-grille-matte-black-1,1999-2005 Volkswagen Jetta MK4 Front Grille - Matte Black,front grille,https://stehlenauto.com/products/1999-2005-volkswagen-jetta-mk4-front-grille-matte-black-1,,
2001-2005-volkswagen-passat-horizontal-front-bumper-grille-matte-black,2001-2005 Volkswagen Passat B5.5 Facelift Grille - Matte Black,front grille,https://stehlenauto.com/products/2001-2005-volkswagen-passat-horizontal-front-bumper-grille-matte-black,,
2006-2009-land-rover-range-rover-front-grille-chrome-black,2006-2009 Land Rover Range Rover Front Grille - Chrome Black,front grille,https://stehlenauto.com/products/2006-2009-land-rover-range-rover-front-grille-chrome-black,,
06-09-land-rover-range-rover-chrome-mesh-front-grille,2006-2009 Land Rover Range Rover Chrome Mesh Front Grille,front grille,https://stehlenauto.com/products/06-09-land-rover-range-rover-chrome-mesh-front-grille,,
2010-2013-hyundai-sonata-front-grille-chrome-finish,2010-2013 Hyundai Sonata Front Grille - Chrome Finish,front grille,https://stehlenauto.com/products/2010-2013-hyundai-sonata-front-grille-chrome-finish,,
02-03-subaru-impreza-wrx-front-grille-matte-black-mesh,2002-2003 Subaru Impreza WRX Front Grille - Matte Black Mesh,front grille,https://stehlenauto.com/products/02-03-subaru-impreza-wrx-front-grille-matte-black-mesh,,
2002-2003-subaru-impreza-wrx-matte-black-front-grille,2002-2003 Subaru Impreza WRX Matte Black Front Grille,front grille,https://stehlenauto.com/products/2002-2003-subaru-impreza-wrx-matte-black-front-grille,,
2007-2014-toyota-fj-cruiser-front-grille-matte-black,2007-2014 Toyota FJ Cruiser Front Grille - Matte Black,front grille,https://stehlenauto.com/products/2007-2014-toyota-fj-cruiser-front-grille-matte-black,,
1997-2004-dodge-dakota-durango-front-grille-black,1997-2004 Dodge Dakota Durango Front Grille - Black,front grille,https://stehlenauto.com/products/1997-2004-dodge-dakota-durango-front-grille-black,,
1997-2004-dodge-dakota-durango-front-grille-chrome,1997-2004 Dodge Dakota Durango Front Grille - Chrome,front grille,https://stehlenauto.com/products/1997-2004-dodge-dakota-durango-front-grille-chrome,,
2000-2005-cadillac-deville-front-grille-matte-black,2000-2005 Cadillac DeVille Front Grille - Matte Black,front grille,https://stehlenauto.com/products/2000-2005-cadillac-deville-front-grille-matte-black,,
2007-2013-gmc-sierra-1500-front-grille-replacement-grill,2007-2013 GMC Sierra 1500 Front Grille - Replacement Grill,front grille,https://stehlenauto.com/products/2007-2013-gmc-sierra-1500-front-grille-replacement-grill,,
2004-2008-ford-f-150-front-grille-chrome-mesh-style,2004-2008 Ford F-150 Front Grille - Chrome Mesh Style,front grille,https://stehlenauto.com/products/2004-2008-ford-f-150-front-grille-chrome-mesh-style,,
2006-2008-lexus-is250-is350-front-grille-emblem-matte-black,2006-2008 Lexus IS250 IS350 Front Grille Emblem - Matte Black,front grille,https://stehlenauto.com/products/2006-2008-lexus-is250-is350-front-grille-emblem-matte-black,,
2006-2008-lexus-is250-is350-mesh-front-grille-emblem-matte-black,2006-2008 Lexus IS250 IS350 Mesh Front Grille & Emblem - Matte Black,front grille,https://stehlenauto.com/products/2006-2008-lexus-is250-is350-mesh-front-grille-emblem-matte-black,,
05-08-nissan-frontier-pathfinder-front-grille-matte-black,2005-2008 Nissan Frontier Pathfinder Front Grille - Matte Black,front grille,https://stehlenauto.com/products/05-08-nissan-frontier-pathfinder-front-grille-matte-black,,
05-08-nissan-frontier-pathfinder-front-grille-chrome,2005-2008 Nissan Frontier Pathfinder Front Grille - Chrome,front grille,https://stehlenauto.com/products/05-08-nissan-frontier-pathfinder-front-grille-chrome,,
2005-2008-nissan-frontier-pathfinder-vertical-front-grille-matte-black,2005-2008 Nissan Frontier Pathfinder Vertical Front Grille Matte Black,front grille,https://stehlenauto.com/products/2005-2008-nissan-frontier-pathfinder-vertical-front-grille-matte-black,,
2005-2007-dodge-magnum-front-grille-matte-black-gts-style,2005-2007 Dodge Magnum Front Grille - Matte Black GTS Style,front grille,https://stehlenauto.com/products/2005-2007-dodge-magnum-front-grille-matte-black-gts-style,,
2005-2011-toyota-tacoma-front-grille-matte-black,2005-2011 Toyota Tacoma Front Grille - Matte Black,front grille,https://stehlenauto.com/products/2005-2011-toyota-tacoma-front-grille-matte-black,,
2005-2011-toyota-tacoma-front-grille-chrome-mesh-style,2005-2011 Toyota Tacoma Front Grille - Chrome Mesh Style,front grille,https://stehlenauto.com/products/2005-2011-toyota-tacoma-front-grille-chrome-mesh-style,,
2005-2011-toyota-tacoma-honeycomb-mesh-front-grille-matte-black,2005-2011 Toyota Tacoma Honeycomb Mesh Front Grille - Matte Black,front grille,https://stehlenauto.com/products/2005-2011-toyota-tacoma-honeycomb-mesh-front-grille-matte-black,,
2007-2009-toyota-tundra-mesh-front-grille-black,2007-2009 Toyota Tundra Mesh Front Grille - Black,front grille,https://stehlenauto.com/products/2007-2009-toyota-tundra-mesh-front-grille-black,,
2002-2005-dodge-ram-1500-2500-3500-front-grille-black,2002-2005 Dodge Ram 1500 2500 3500 Front Grille - Black,front grille,https://stehlenauto.com/products/2002-2005-dodge-ram-1500-2500-3500-front-grille-black,,
2007-2009-toyota-tundra-front-grille-chrome-mesh-style,2007-2009 Toyota Tundra Front Grille - Chrome Mesh Style,front grille,https://stehlenauto.com/products/2007-2009-toyota-tundra-front-grille-chrome-mesh-style,,
02-05-dodge-ram-1500-2500-3500-front-grille-chrome,2002-2005 Dodge Ram 1500 2500 3500 Front Grille Chrome,front grille,https://stehlenauto.com/products/02-05-dodge-ram-1500-2500-3500-front-grille-chrome,,
2002-2005-dodge-ram-1500-2500-3500-horizontal-front-grille-matte-black,2002-2005 Dodge Ram 1500 2500 3500 Horizontal Front Grille Matte Black,front grille,https://stehlenauto.com/products/2002-2005-dodge-ram-1500-2500-3500-horizontal-front-grille-matte-black,,
2004-2006-chrysler-sebring-front-grille-black-replacement,2004-2006 Chrysler Sebring Front Grille - Black Replacement,front grille,https://stehlenauto.com/products/2004-2006-chrysler-sebring-front-grille-black-replacement,,
2004-2006-chrysler-sebring-front-grille-chrome-mesh-style,2004-2006 Chrysler Sebring Front Grille - Chrome Mesh Style,front grille,https://stehlenauto.com/products/2004-2006-chrysler-sebring-front-grille-chrome-mesh-style,,
2005-2011-toyota-tacoma-front-grille-matte-black-mesh-style,2005-2011 Toyota Tacoma Front Grille - Matte Black Mesh Style,front grille,https://stehlenauto.com/products/2005-2011-toyota-tacoma-front-grille-matte-black-mesh-style,,
2005-2011-toyota-tacoma-front-grille-chrome-finish,2005-2011 Toyota Tacoma Front Grille - Chrome Finish,front grille,https://stehlenauto.com/products/2005-2011-toyota-tacoma-front-grille-chrome-finish,,
2005-2011-toyota-tacoma-horizontal-front-grille-matte-black,2005-2011 Toyota Tacoma Horizontal Front Grille - Matte Black,front grille,https://stehlenauto.com/products/2005-2011-toyota-tacoma-horizontal-front-grille-matte-black,,
2008-2010-dodge-avenger-front-grille-matte-black-replacement,2008-2010 Dodge Avenger Front Grille - Matte Black Replacement,front grille,https://stehlenauto.com/products/2008-2010-dodge-avenger-front-grille-matte-black-replacement,,
06-09-chevy-trailblazer-lt-front-grille-matte-black,2006-2009 Chevrolet Trailblazer LT 4-Door Front Grille - Matte Black,front grille,https://stehlenauto.com/products/06-09-chevy-trailblazer-lt-front-grille-matte-black,,
2006-2009-chevy-trailblazer-lt-front-grille-chrome-mesh,2006-2009 Chevrolet Trailblazer LT 4-Door Front Grille - Chrome Mesh,front grille,https://stehlenauto.com/products/2006-2009-chevy-trailblazer-lt-front-grille-chrome-mesh,,
2007-2012-dodge-caliber-front-grille-matte-black-replacement,2007-2012 Dodge Caliber Front Grille - Matte Black Replacement,front grille,https://stehlenauto.com/products/2007-2012-dodge-caliber-front-grille-matte-black-replacement,,
2005-2007-dodge-dakota-front-grille-matte-black-mesh-style,2005-2007 Dodge Dakota Front Grille - Matte Black Mesh Style,front grille,https://stehlenauto.com/products/2005-2007-dodge-dakota-front-grille-matte-black-mesh-style,,
2007-2014-gmc-yukon-yukon-xl-front-grille-chrome,2007-2014 GMC Yukon / Yukon XL Front Grille - Chrome,front grille,https://stehlenauto.com/products/2007-2014-gmc-yukon-yukon-xl-front-grille-chrome,,
2002-2008-gmc-envoy-front-grille-matte-black-replacement-grill,2002-2008 GMC Envoy Front Grille - Matte Black Replacement Grill,front grille,https://stehlenauto.com/products/2002-2008-gmc-envoy-front-grille-matte-black-replacement-grill,,
2007-2010-ford-explorer-sport-trac-front-grille-chrome,2007-2010 Ford Explorer Sport Trac Front Grille - Chrome,front grille,https://stehlenauto.com/products/2007-2010-ford-explorer-sport-trac-front-grille-chrome,,
2004-2008-ford-f-150-front-grille-matte-black-mesh-style,2004-2008 Ford F-150 Front Grille - Matte Black Mesh Style,front grille,https://stehlenauto.com/products/2004-2008-ford-f-150-front-grille-matte-black-mesh-style,,
2000-2005-chevy-impala-front-grille-matte-black-replacement,2000-2005 Chevrolet Impala Front Grille - Replacement,front grille,https://stehlenauto.com/products/2000-2005-chevy-impala-front-grille-matte-black-replacement,,
2000-2005-chevy-impala-front-grille-chrome-finish,2000-2005 Chevrolet Impala Front Grille - Pegasus,front grille,https://stehlenauto.com/products/2000-2005-chevy-impala-front-grille-chrome-finish,,
2006-2016-chevy-impala-monte-carlo-front-grille-black,2006-2016 Chevrolet Impala & Monte Carlo Front Grille - Black,front grille,https://stehlenauto.com/products/2006-2016-chevy-impala-monte-carlo-front-grille-black,,
2004-2007-nissan-titan-armada-front-grille-matte-black,2004-2007 Nissan Titan Armada Front Grille - Matte Black,front grille,https://stehlenauto.com/products/2004-2007-nissan-titan-armada-front-grille-matte-black,,
09-12-dodge-ram-1500-mesh-style-front-grille-black,2009-2012 Dodge Ram 1500 Mesh Front Grille - Black,front grille,https://stehlenauto.com/products/09-12-dodge-ram-1500-mesh-style-front-grille-black,,
07-14-chevy-tahoe-suburban-avalanche-front-grille-matte-black,2007-2014 Chevrolet Tahoe/Suburban/Avalanche Front Grille - Black,front grille,https://stehlenauto.com/products/07-14-chevy-tahoe-suburban-avalanche-front-grille-matte-black,,
02-06-cadillac-escalade-front-grille-chrome-mesh-style,2002-2006 Cadillac Escalade Front Grille - Chrome Mesh Style,front grille,https://stehlenauto.com/products/02-06-cadillac-escalade-front-grille-chrome-mesh-style,,
2007-2014-ford-expedition-vertical-front-grille-black,2007-2014 Ford Expedition Vertical Front Grille - Black,front grille,https://stehlenauto.com/products/2007-2014-ford-expedition-vertical-front-grille-black,,
2004-2008-ford-f-150-front-grille-vertical-style-matte-black,2004-2008 Ford F-150 Front Grille - Vertical Style Matte Black,front grille,https://stehlenauto.com/products/2004-2008-ford-f-150-front-grille-vertical-style-matte-black,,
2004-2008-ford-f-150-front-grille-chrome-vertical-style,2004-2008 Ford F-150 Front Grille Chrome Vertical Style,front grille,https://stehlenauto.com/products/2004-2008-ford-f-150-front-grille-chrome-vertical-style,,
2004-2008-ford-f-150-vertical-style-front-grille-matte-black,2004-2008 Ford F-150 Vertical Style Front Grille - Matte Black,front grille,https://stehlenauto.com/products/2004-2008-ford-f-150-vertical-style-front-grille-matte-black,,
2011-2016-ford-f-250-f-350-super-duty-front-grille-matte-black,2011-2016 Ford F-250 F-350 Super Duty Front Grille - Matte Black,front grille,https://stehlenauto.com/products/2011-2016-ford-f-250-f-350-super-duty-front-grille-matte-black,,
1999-2004-ford-super-duty-excursion-front-grille-black,1999-2004 Ford Super Duty Excursion Front Grille - Black,front grille,https://stehlenauto.com/products/1999-2004-ford-super-duty-excursion-front-grille-black,,
1999-2004-ford-super-duty-excursion-front-grille-chrome,1999-2004 Ford Super Duty Excursion Front Grille - Chrome,front grille,https://stehlenauto.com/products/1999-2004-ford-super-duty-excursion-front-grille-chrome,,
2006-2009-dodge-ram-1500-2500-3500-front-grille-matte-black,2006-2009 Dodge Ram 1500 2500 3500 Front Grille - Matte Black,front grille,https://stehlenauto.com/products/2006-2009-dodge-ram-1500-2500-3500-front-grille-matte-black,,
2006-2009-dodge-ram-1500-2500-3500-front-grille-chrome,2006-2009 Dodge Ram 1500 2500 3500 Front Grille - Chrome,front grille,https://stehlenauto.com/products/2006-2009-dodge-ram-1500-2500-3500-front-grille-chrome,,
1994-2002-dodge-ram-1500-2500-3500-front-grille-black,1994-2002 Dodge Ram 1500 2500 3500 Front Grille - Black,front grille,https://stehlenauto.com/products/1994-2002-dodge-ram-1500-2500-3500-front-grille-black,,
1994-2002-dodge-ram-1500-2500-3500-vertical-front-grille-matte-black,1994-2002 Dodge Ram 1500 2500 3500 Vertical Front Grille Matte Black,front grille,https://stehlenauto.com/products/1994-2002-dodge-ram-1500-2500-3500-vertical-front-grille-matte-black,,
1999-2006-chevy-silverado-tahoe-suburban-front-grille-black,1999-2006 Chevrolet Silverado Tahoe Suburban Front Grille - Black,front grille,https://stehlenauto.com/products/1999-2006-chevy-silverado-tahoe-suburban-front-grille-black,,
2010-2014-vw-golf-mk6-jetta-front-lower-bumper-grille-black,2010-2014 Volkswagen Golf MK6 Front Lower Bumper Grille - Black,front grille,https://stehlenauto.com/products/2010-2014-vw-golf-mk6-jetta-front-lower-bumper-grille-black,,
1993-1999-volkswagen-golf-cabrio-abs-front-grille-black-horizontal,1993-1999 Volkswagen Golf/Cabrio Upper Grille Black - Horizontal,front grille,https://stehlenauto.com/products/1993-1999-volkswagen-golf-cabrio-abs-front-grille-black-horizontal,,
2008-2011-audi-a3-rs-style-front-grille-matte-black-w-logo,2008-2011 Audi A3 RS Style Front Grille Matte Black w/ Logo,front grille,https://stehlenauto.com/products/2008-2011-audi-a3-rs-style-front-grille-matte-black-w-logo,,
2007-2014-gmc-yukon-xl-front-lower-bumper-grille-black,2007-2014 GMC Yukon XL Front Lower Bumper Grille - Black,front grille,https://stehlenauto.com/products/2007-2014-gmc-yukon-xl-front-lower-bumper-grille-black,,
2007-2014-gmc-yukon-yukon-xl-front-grille-matte-black,2007-2014 GMC Yukon / Yukon XL Front Grille - Matte Black,front grille,https://stehlenauto.com/products/2007-2014-gmc-yukon-yukon-xl-front-grille-matte-black,,
2007-2014-gmc-yukon-yukon-xl-front-grille-chrome-1,2007-2014 GMC Yukon Yukon XL Front Grille - Chrome,front grille,https://stehlenauto.com/products/2007-2014-gmc-yukon-yukon-xl-front-grille-chrome-1,,
2007-2014-cadillac-escalade-front-grille-matte-black,2007-2014 Cadillac Escalade Front Grille - Matte Black,front grille,https://stehlenauto.com/products/2007-2014-cadillac-escalade-front-grille-matte-black,,
2007-2014-cadillac-escalade-front-grille-chrome-mesh-style,2007-2014 Cadillac Escalade Front Grille - Chrome Mesh Style,front grille,https://stehlenauto.com/products/2007-2014-cadillac-escalade-front-grille-chrome-mesh-style,,
2007-2014-cadillac-escalade-diamond-mesh-front-grille-matte-black,2007-2014 Cadillac Escalade Diamond Mesh Front Grille - Matte Black,front grille,https://stehlenauto.com/products/2007-2014-cadillac-escalade-diamond-mesh-front-grille-matte-black,,
07-13-chevy-silverado-1500-front-grille-matte-black,2007-2013 Chevrolet Silverado 1500 Front Grille - Black,front grille,https://stehlenauto.com/products/07-13-chevy-silverado-1500-front-grille-matte-black,,
2007-2013-chevy-silverado-1500-vertical-front-grille-matte-black,2007-2013 Chevrolet Silverado 1500 Vertical Style Front Grille - Matte Black,front grille,https://stehlenauto.com/products/2007-2013-chevy-silverado-1500-vertical-front-grille-matte-black,,
2004-2006-mazda-3-sedan-front-grille-matte-black,2004-2006 Mazda 3 Sedan Front Grille - Matte Black,front grille,https://stehlenauto.com/products/2004-2006-mazda-3-sedan-front-grille-matte-black,,
2004-2006-mazda-3-sedan-matte-black-front-grille-replacement,2004-2006 Mazda 3 Sedan Matte Black Front Grille Replacement,front grille,https://stehlenauto.com/products/2004-2006-mazda-3-sedan-matte-black-front-grille-replacement,,
1998-2003-lincoln-navigator-blackwood-chrome-vertical-front-grille,1998-2003 Lincoln Navigator Blackwood Chrome Vertical Front Grille,front grille,https://stehlenauto.com/products/1998-2003-lincoln-navigator-blackwood-chrome-vertical-front-grille,,
2002-2005-dodge-ram-rivet-style-mesh-front-grille-black-abs,2002-2005 Dodge Ram Rivet Style Mesh Front Grille - Black ABS,front grille,https://stehlenauto.com/products/2002-2005-dodge-ram-rivet-style-mesh-front-grille-black-abs,,
2002-2005-dodge-ram-1500-2500-3500-rivet-mesh-grille-matte-black,2002-2005 Dodge Ram 1500 2500 3500 Rivet Mesh Grille Matte Black,front grille,https://stehlenauto.com/products/2002-2005-dodge-ram-1500-2500-3500-rivet-mesh-grille-matte-black,,
2006-2009-dodge-ram-1500-2500-3500-mesh-front-grille-matte-black,2006-2009 Dodge Ram 1500 2500 3500 Mesh Front Grille - Matte Black,front grille,https://stehlenauto.com/products/2006-2009-dodge-ram-1500-2500-3500-mesh-front-grille-matte-black,,
2006-2009-dodge-ram-1500-2500-3500-mesh-front-grille-black,2006-2009 Dodge Ram 1500 2500 3500 Mesh Front Grille - Black,front grille,https://stehlenauto.com/products/2006-2009-dodge-ram-1500-2500-3500-mesh-front-grille-black,,
2010-2018-ram-2500-3500-4500-5500-big-horn-style-chrome-grille,2010-2018 Dodge Ram 2500/3500/4500/5500 Big Horn Grille - Chrome,front grille,https://stehlenauto.com/products/2010-2018-ram-2500-3500-4500-5500-big-horn-style-chrome-grille,,
2013-2024-ram-1500-big-horn-style-front-grille-black-abs,2013-2024 Dodge Ram 1500 Big Horn Style ABS Front Grille - Black,front grille,https://stehlenauto.com/products/2013-2024-ram-1500-big-horn-style-front-grille-black-abs,,
2013-2024-ram-1500-honeycomb-rebel-style-front-grille-black-abs,2013-2024 Dodge Ram 1500 Honeycomb Rebel Style Front Grille - Black,front grille,https://stehlenauto.com/products/2013-2024-ram-1500-honeycomb-rebel-style-front-grille-black-abs,,
2013-2024-ram-1500-oem-mesh-style-front-grille-black,2013-2024 Dodge Ram 1500 OE Mesh Front Grille Black - Power,front grille,https://stehlenauto.com/products/2013-2024-ram-1500-oem-mesh-style-front-grille-black,,
1994-2002-dodge-ram-1500-2500-3500-horizontal-grille-black,1994-2002 Dodge Ram 1500 2500 3500 Horizontal Grille - Black,front grille,https://stehlenauto.com/products/1994-2002-dodge-ram-1500-2500-3500-horizontal-grille-black,,
1994-2002-dodge-ram-1500-2500-3500-horizontal-front-grille-matte-black,1994-2002 Dodge Ram 1500 2500 3500 Horizontal Front Grille Matte Black,front grille,https://stehlenauto.com/products/1994-2002-dodge-ram-1500-2500-3500-horizontal-front-grille-matte-black,,
1994-2002-dodge-ram-1500-2500-3500-mesh-front-grille-black,1994-2002 Dodge Ram 1500 2500 3500 Mesh Front Grille - Black,front grille,https://stehlenauto.com/products/1994-2002-dodge-ram-1500-2500-3500-mesh-front-grille-black,,
1994-2002-dodge-ram-1500-2500-3500-mesh-front-grille-matte-black,1994-2002 Dodge Ram 1500 2500 3500 Mesh Front Grille Matte Black,front grille,https://stehlenauto.com/products/1994-2002-dodge-ram-1500-2500-3500-mesh-front-grille-matte-black,,
99-06-chevy-silverado-tahoe-suburban-black-horizontal-grille,1999-2006 Chevrolet Silverado Tahoe Suburban Front Grille Black,front grille,https://stehlenauto.com/products/99-06-chevy-silverado-tahoe-suburban-black-horizontal-grille,,
1999-2006-chevy-silverado-tahoe-suburban-front-grille-matte-black,1999-2006 Chevrolet Silverado Tahoe Suburban Grille Horizontal Matte Black,front grille,https://stehlenauto.com/products/1999-2006-chevy-silverado-tahoe-suburban-front-grille-matte-black,,
2005-2011-toyota-tacoma-studded-mesh-rivet-style-front-grille-matte-black,2005-2011 Toyota Tacoma Studded Mesh Rivet Style Front Grille - Matte Black,front grille,https://stehlenauto.com/products/2005-2011-toyota-tacoma-studded-mesh-rivet-style-front-grille-matte-black,,
2022-2024-toyota-tundra-lex-style-abs-front-grille-glossy-black,2022-2024 Toyota Tundra Lex Style ABS Front Grille - Glossy Black,front grille,https://stehlenauto.com/products/2022-2024-toyota-tundra-lex-style-abs-front-grille-glossy-black,,
2022-2024-toyota-tundra-led-front-grille-lex-style-glossy-black,2022-2024 Toyota Tundra LED Front Grille Lex Style - Glossy Black,front grille,https://stehlenauto.com/products/2022-2024-toyota-tundra-led-front-grille-lex-style-glossy-black,,
2005-2009-ford-mustang-gt-honeycomb-mesh-front-grille-black,2005-2009 Ford Mustang GT Honeycomb Mesh Front Grille - Black,front grille,https://stehlenauto.com/products/2005-2009-ford-mustang-gt-honeycomb-mesh-front-grille-black,,
2011-2014-chrysler-300-vertical-style-front-grille-matte-black,2011-2014 Chrysler 300 Vertical Style Front Grille — Matte Black,front grille,https://stehlenauto.com/products/2011-2014-chrysler-300-vertical-style-front-grille-matte-black,,
2008-2010-honda-accord-sedan-mesh-style-abs-front-grille-matte-black,2008-2010 Honda Accord Sedan Mesh Style ABS Front Grille — Matte Black,front grille,https://stehlenauto.com/products/2008-2010-honda-accord-sedan-mesh-style-abs-front-grille-matte-black,,
2008-2010-honda-accord-sedan-front-grille-chrome,2008-2010 Honda Accord Sedan Front Grille — Chrome,front grille,https://stehlenauto.com/products/2008-2010-honda-accord-sedan-front-grille-chrome,,
2011-2012-honda-accord-sedan-mesh-style-front-grille-black,2011-2012 Honda Accord Sedan Mesh Style Front Grille — Black,front grille,https://stehlenauto.com/products/2011-2012-honda-accord-sedan-mesh-style-front-grille-black,,
2011-2012-honda-accord-sedan-front-grille-black,2011-2012 Honda Accord Sedan Front Grille — Black,front grille,https://stehlenauto.com/products/2011-2012-honda-accord-sedan-front-grille-black,,
2006-2008-honda-civic-coupe-abs-front-grille-black,2006-2008 Honda Civic Coupe ABS Front Grille — Black,front grille,https://stehlenauto.com/products/2006-2008-honda-civic-coupe-abs-front-grille-black,,
2006-2008-honda-civic-coupe-abs-front-grille-matte-black,2006-2008 Honda Civic Coupe ABS Front Grille — Matte Black,front grille,https://stehlenauto.com/products/2006-2008-honda-civic-coupe-abs-front-grille-matte-black,,
2002-2006-cadillac-escalade-mesh-front-grille-black,2002-2006 Cadillac Escalade Mesh Front Grille — Black,front grille,https://stehlenauto.com/products/2002-2006-cadillac-escalade-mesh-front-grille-black,,
2004-2008-ford-f-150-studded-wire-mesh-front-grille-w-chrome-rivets-black,2004-2008 Ford F-150 Studded Wire Mesh Front Grille w/ Chrome Rivets — Black,front grille,https://stehlenauto.com/products/2004-2008-ford-f-150-studded-wire-mesh-front-grille-w-chrome-rivets-black,,
2009-2014-ford-f-150-raptor-style-front-grille-w-amber-led-lights-black,2009-2014 Ford F-150 Raptor Style Front Grille w/ Amber LED Lights — Black,front grille,https://stehlenauto.com/products/2009-2014-ford-f-150-raptor-style-front-grille-w-amber-led-lights-black,,
2015-2017-ford-f-150-oem-style-honeycomb-mesh-front-grille-black,2015-2017 Ford F-150 OEM Style Honeycomb Mesh Front Grille — Black,front grille,https://stehlenauto.com/products/2015-2017-ford-f-150-oem-style-honeycomb-mesh-front-grille-black,,
2015-2017-ford-f-150-raptor-style-front-grille-w-amber-led-lights-matte-black,2015-2017 Ford F-150 Raptor Style Front Grille w/ Amber LED Lights — Matte Black,front grille,https://stehlenauto.com/products/2015-2017-ford-f-150-raptor-style-front-grille-w-amber-led-lights-matte-black,,
2011-2016-ford-f-250-f-350-super-duty-studded-mesh-rivet-style-front-grille-black,2011-2016 Ford F-250/F-350 Super Duty Studded Mesh Rivet Style Front Grille — Black,front grille,https://stehlenauto.com/products/2011-2016-ford-f-250-f-350-super-duty-studded-mesh-rivet-style-front-grille-black,,
2000-2004-ford-focus-front-grille-matte-black,2000-2004 Ford Focus Front Grille — Matte Black,front grille,https://stehlenauto.com/products/2000-2004-ford-focus-front-grille-matte-black,,
1998-2002-lincoln-navigator-vertical-style-front-grille-black,1998-2002 Lincoln Navigator Vertical Style Front Grille — Black,front grille,https://stehlenauto.com/products/1998-2002-lincoln-navigator-vertical-style-front-grille-black,,
2010-2018-ram-2500-3500-big-horn-style-front-grille-black,2010-2018 Ram 2500/3500 Big Horn Style Front Grille — Black,front grille,https://stehlenauto.com/products/2010-2018-ram-2500-3500-big-horn-style-front-grille-black,,
2010-2018-ram-2500-3500-big-horn-style-front-grille-matte-black,2010-2018 Ram 2500/3500 Big Horn Style Front Grille — Matte Black,front grille,https://stehlenauto.com/products/2010-2018-ram-2500-3500-big-horn-style-front-grille-matte-black,,
2013-2018-ram-1500-2019-2024-ram-1500-classic-big-horn-style-front-grille-chrome,2013-2018 Ram 1500 & 2019-2024 Ram 1500 Classic Big Horn Style Front Grille — Chrome,front grille,https://stehlenauto.com/products/2013-2018-ram-1500-2019-2024-ram-1500-classic-big-horn-style-front-grille-chrome,,
2013-2018-ram-1500-2019-2024-ram-1500-classic-oe-style-mesh-front-grille-matte-black,2013-2018 Ram 1500 & 2019-2024 Ram 1500 Classic OE Style Mesh Front Grille — Matte Black,front grille,https://stehlenauto.com/products/2013-2018-ram-1500-2019-2024-ram-1500-classic-oe-style-mesh-front-grille-matte-black,,
2007-2013-gmc-sierra-1500-horizontal-front-grille-black,2007-2013 GMC Sierra 1500 Horizontal Front Grille — Black,front grille,https://stehlenauto.com/products/2007-2013-gmc-sierra-1500-horizontal-front-grille-black,,
2007-2013-chevrolet-silverado-1500-mesh-style-front-grille-black,2007-2013 Chevrolet Silverado 1500 Mesh Style Front Grille — Black,front grille,https://stehlenauto.com/products/2007-2013-chevrolet-silverado-1500-mesh-style-front-grille-black,,
2007-2014-chevrolet-tahoe-suburban-avalanche-2-piece-bentley-style-mesh-grille-black,2007-2014 Chevrolet Tahoe/Suburban & Avalanche 2-Piece Bentley Style Mesh Grille — Black,front grille,https://stehlenauto.com/products/2007-2014-chevrolet-tahoe-suburban-avalanche-2-piece-bentley-style-mesh-grille-black,,
2007-2014-chevrolet-tahoe-suburban-avalanche-2-piece-bentley-style-mesh-grille-chrome,2007-2014 Chevrolet Tahoe/Suburban & Avalanche 2-Piece Bentley Style Mesh Grille — Chrome,front grille,https://stehlenauto.com/products/2007-2014-chevrolet-tahoe-suburban-avalanche-2-piece-bentley-style-mesh-grille-chrome,,
2015-2020-chevrolet-tahoe-suburban-badgeless-abs-front-grille-glossy-black,2015-2020 Chevrolet Tahoe & Suburban Badgeless ABS Front Grille — Glossy Black,front grille,https://stehlenauto.com/products/2015-2020-chevrolet-tahoe-suburban-badgeless-abs-front-grille-glossy-black,,
2004-2007-nissan-titan-2005-2007-armada-honeycomb-mesh-front-grille-black,2004-2007 Nissan Titan & 2005-2007 Armada Honeycomb Mesh Front Grille — Black,front grille,https://stehlenauto.com/products/2004-2007-nissan-titan-2005-2007-armada-honeycomb-mesh-front-grille-black,,
2004-2007-nissan-titan-2005-2007-armada-mesh-style-abs-front-grille-matte-black,2004-2007 Nissan Titan & 2005-2007 Armada Mesh Style ABS Front Grille — Matte Black,front grille,https://stehlenauto.com/products/2004-2007-nissan-titan-2005-2007-armada-mesh-style-abs-front-grille-matte-black,,
2007-2009-toyota-yaris-sedan-oe-style-front-grille-black,2007-2009 Toyota Yaris Sedan OE Style Front Grille — Black,front grille,https://stehlenauto.com/products/2007-2009-toyota-yaris-sedan-oe-style-front-grille-black,,
2007-2009-toyota-yaris-sedan-oe-style-front-grille-matte-black,2007-2009 Toyota Yaris Sedan OE Style Front Grille — Matte Black,front grille,https://stehlenauto.com/products/2007-2009-toyota-yaris-sedan-oe-style-front-grille-matte-black,,
2021-2024-gmc-yukon-yukon-xl-badgeless-abs-front-grille-glossy-black,2021-2024 GMC Yukon & Yukon XL Badgeless ABS Front Grille — Glossy Black,front grille,https://stehlenauto.com/products/2021-2024-gmc-yukon-yukon-xl-badgeless-abs-front-grille-glossy-black,,
1999-2006-volkswagen-golf-mk4-gti-r32-badgeless-front-grille-matte-black,1999-2006 Volkswagen Golf MK4 GTI/R32 Badgeless Front Grille — Matte Black,front grille,https://stehlenauto.com/products/1999-2006-volkswagen-golf-mk4-gti-r32-badgeless-front-grille-matte-black,,
1999-2006-volkswagen-golf-mk4-horizontal-front-grille-black,1999-2006 Volkswagen Golf MK4 Horizontal Front Grille — Black,front grille,https://stehlenauto.com/products/1999-2006-volkswagen-golf-mk4-horizontal-front-grille-black,,
2004-2005-subaru-impreza-mesh-front-grille-black,2004-2005 Subaru Impreza Mesh Front Grille — Black,front grille,https://stehlenauto.com/products/2004-2005-subaru-impreza-mesh-front-grille-black,,
2006-2009-volkswagen-rabbit-abs-front-grille-w-aluminum-mesh-matte-black,2006-2009 Volkswagen Rabbit ABS Front Grille w/ Aluminum Mesh — Matte Black,front grille,https://stehlenauto.com/products/2006-2009-volkswagen-rabbit-abs-front-grille-w-aluminum-mesh-matte-black,,
2010-2013-hyundai-sonata-horizontal-front-grille-black,2010-2013 Hyundai Sonata Horizontal Front Grille — Black,front grille,https://stehlenauto.com/products/2010-2013-hyundai-sonata-horizontal-front-grille-black,,
2010-2013-hyundai-sonata-horizontal-front-grille-matte-black,2010-2013 Hyundai Sonata Horizontal Front Grille — Matte Black,front grille,https://stehlenauto.com/products/2010-2013-hyundai-sonata-horizontal-front-grille-matte-black,,
2005-2009-ford-mustang-v6-horizontal-lower-front-grille-matte-black,2005-2009 Ford Mustang V6 Horizontal Lower Front Grille — Matte Black,front grille,https://stehlenauto.com/products/2005-2009-ford-mustang-v6-horizontal-lower-front-grille-matte-black,,
2006-2013-chevrolet-impala-mesh-style-lower-front-grille-chrome,2006-2013 Chevrolet Impala Mesh Style Lower Front Grille — Chrome,front grille,https://stehlenauto.com/products/2006-2013-chevrolet-impala-mesh-style-lower-front-grille-chrome,,
2000-2005-cadillac-deville-mesh-front-grille-chrome,2000-2005 Cadillac DeVille Mesh Front Grille — Chrome,front grille,https://stehlenauto.com/products/2000-2005-cadillac-deville-mesh-front-grille-chrome,,
2004-2008-ford-f-150-horizontal-front-grille-black,2004-2008 Ford F-150 Horizontal Front Grille — Black,front grille,https://stehlenauto.com/products/2004-2008-ford-f-150-horizontal-front-grille-black,,
2004-2008-ford-f-150-horizontal-front-grille-matte-black,2004-2008 Ford F-150 Horizontal Front Grille — Matte Black,front grille,https://stehlenauto.com/products/2004-2008-ford-f-150-horizontal-front-grille-matte-black,,
2005-2009-ford-mustang-v6-horizontal-front-grille-black,2005-2009 Ford Mustang V6 Horizontal Front Grille — Black,front grille,https://stehlenauto.com/products/2005-2009-ford-mustang-v6-horizontal-front-grille-black,,
1998-2004-chevrolet-s10-blazer-horizontal-billet-style-front-grille-black,1998-2004 Chevrolet S10 & Blazer Horizontal Billet Style Front Grille — Black,front grille,https://stehlenauto.com/products/1998-2004-chevrolet-s10-blazer-horizontal-billet-style-front-grille-black,,
1998-2004-chevrolet-s10-blazer-horizontal-billet-style-front-grille-matte-black,1998-2004 Chevrolet S10 & Blazer Horizontal Billet Style Front Grille — Matte Black,front grille,https://stehlenauto.com/products/1998-2004-chevrolet-s10-blazer-horizontal-billet-style-front-grille-matte-black,,
2007-2013-gmc-sierra-1500-sierra-denali-round-hole-mesh-front-grille-black,2007-2013 GMC Sierra 1500 & Sierra Denali Round Hole Mesh Front Grille — Black,front grille,https://stehlenauto.com/products/2007-2013-gmc-sierra-1500-sierra-denali-round-hole-mesh-front-grille-black,,
2006-2008-lexus-is250-is350-mesh-front-grille-black,2006-2008 Lexus IS250 & IS350 Mesh Front Grille — Black,front grille,https://stehlenauto.com/products/2006-2008-lexus-is250-is350-mesh-front-grille-black,,
2008-2010-dodge-avenger-mesh-front-grille-chrome,2008-2010 Dodge Avenger Mesh Front Grille — Chrome,front grille,https://stehlenauto.com/products/2008-2010-dodge-avenger-mesh-front-grille-chrome,,
2007-2014-gmc-yukon-yukon-xl-honeycomb-mesh-front-grille-black,2007-2014 GMC Yukon & Yukon XL Honeycomb Mesh Front Grille — Black,front grille,https://stehlenauto.com/products/2007-2014-gmc-yukon-yukon-xl-honeycomb-mesh-front-grille-black,,
2007-2014-gmc-yukon-yukon-xl-honeycomb-mesh-front-grille-matte-black,2007-2014 GMC Yukon & Yukon XL Honeycomb Mesh Front Grille — Matte Black,front grille,https://stehlenauto.com/products/2007-2014-gmc-yukon-yukon-xl-honeycomb-mesh-front-grille-matte-black,,
2002-2008-gmc-envoy-honeycomb-mesh-front-grille-chrome,2002-2008 GMC Envoy Honeycomb Mesh Front Grille — Chrome,front grille,https://stehlenauto.com/products/2002-2008-gmc-envoy-honeycomb-mesh-front-grille-chrome,,
2002-2008-gmc-envoy-honeycomb-mesh-front-grille-matte-black,2002-2008 GMC Envoy Honeycomb Mesh Front Grille — Matte Black,front grille,https://stehlenauto.com/products/2002-2008-gmc-envoy-honeycomb-mesh-front-grille-matte-black,,
2007-2010-ford-explorer-sport-trac-mesh-front-grille-black,2007-2010 Ford Explorer Sport Trac Mesh Front Grille — Black,front grille,https://stehlenauto.com/products/2007-2010-ford-explorer-sport-trac-mesh-front-grille-black,,
2004-2008-ford-f-150-honeycomb-mesh-front-grille-matte-black,2004-2008 Ford F-150 Honeycomb Mesh Front Grille — Matte Black,front grille,https://stehlenauto.com/products/2004-2008-ford-f-150-honeycomb-mesh-front-grille-matte-black,,
2006-2011-chevrolet-hhr-bentley-style-mesh-grille-black,2006-2011 Chevrolet HHR Bentley Style Mesh Grille — Black,front grille,https://stehlenauto.com/products/2006-2011-chevrolet-hhr-bentley-style-mesh-grille-black,,
2006-2011-chevrolet-hhr-bentley-style-mesh-grille-chrome,2006-2011 Chevrolet HHR Bentley Style Mesh Grille — Chrome,front grille,https://stehlenauto.com/products/2006-2011-chevrolet-hhr-bentley-style-mesh-grille-chrome,,
2006-2011-chevrolet-hhr-bentley-style-mesh-grille-matte-black,2006-2011 Chevrolet HHR Bentley Style Mesh Grille — Matte Black,front grille,https://stehlenauto.com/products/2006-2011-chevrolet-hhr-bentley-style-mesh-grille-matte-black,,
2006-2013-chevrolet-impala-2006-2007-monte-carlo-mesh-front-grille-matte-black,2006-2013 Chevrolet Impala & 2006-2007 Monte Carlo Mesh Front Grille — Matte Black,front grille,https://stehlenauto.com/products/2006-2013-chevrolet-impala-2006-2007-monte-carlo-mesh-front-grille-matte-black,,
2007-2014-chevrolet-tahoe-suburban-avalanche-mesh-front-grille-chrome,2007-2014 Chevrolet Tahoe/Suburban & Avalanche Mesh Front Grille — Chrome,front grille,https://stehlenauto.com/products/2007-2014-chevrolet-tahoe-suburban-avalanche-mesh-front-grille-chrome,,
2002-2006-cadillac-escalade-vertical-front-grille-black,2002-2006 Cadillac Escalade Vertical Front Grille — Black,front grille,https://stehlenauto.com/products/2002-2006-cadillac-escalade-vertical-front-grille-black,,
2005-2007-ford-f-250-f-350-super-duty-2005-excursion-vertical-front-grille-black,2005-2007 Ford F-250/F-350 Super Duty & 2005 Excursion Vertical Front Grille — Black,front grille,https://stehlenauto.com/products/2005-2007-ford-f-250-f-350-super-duty-2005-excursion-vertical-front-grille-black,,
2002-2005-dodge-ram-1500-2003-2005-ram-2500-3500-vertical-front-grille-black,2002-2005 Dodge Ram 1500 & 2003-2005 Ram 2500/3500 Vertical Front Grille — Black,front grille,https://stehlenauto.com/products/2002-2005-dodge-ram-1500-2003-2005-ram-2500-3500-vertical-front-grille-black,,
1999-2002-chevrolet-silverado-2000-2006-tahoe-suburban-vertical-front-grille-chrome,1999-2002 Chevrolet Silverado & 2000-2006 Tahoe/Suburban Vertical Front Grille — Chrome,front grille,https://stehlenauto.com/products/1999-2002-chevrolet-silverado-2000-2006-tahoe-suburban-vertical-front-grille-chrome,,
2006-2009-land-rover-range-rover-sport-fender-vent-grille-chrome-silver,2006-2009 Land Rover Range Rover Sport Fender Vent Grille — Chrome/Silver,front grille,https://stehlenauto.com/products/2006-2009-land-rover-range-rover-sport-fender-vent-grille-chrome-silver,,
2014-2021-toyota-tundra-hood-bulge-grille-insert-w-amber-led-lights-black,2014-2021 Toyota Tundra Hood Bulge Grille Insert w/ Amber LED Lights — Black,front grille,https://stehlenauto.com/products/2014-2021-toyota-tundra-hood-bulge-grille-insert-w-amber-led-lights-black,,
2014-2021-toyota-tundra-hood-bulge-grille-insert-w-white-led-lights-black,2014-2021 Toyota Tundra Hood Bulge Grille Insert w/ White LED Lights — Black,front grille,https://stehlenauto.com/products/2014-2021-toyota-tundra-hood-bulge-grille-insert-w-white-led-lights-black,,
2015-2018-gmc-yukon-yukon-xl-mesh-style-abs-front-grille-black,2015-2018 GMC Yukon & Yukon XL Mesh Style ABS Front Grille — Black,front grille,https://stehlenauto.com/products/2015-2018-gmc-yukon-yukon-xl-mesh-style-abs-front-grille-black,,
2003-2006-ford-expedition-horizontal-front-bumper-grille-black,2003-2006 Ford Expedition Horizontal Front Bumper Grille — Black,front grille,https://stehlenauto.com/products/2003-2006-ford-expedition-horizontal-front-bumper-grille-black,,
2003-2006-ford-expedition-honeycomb-mesh-front-grille-black,2003-2006 Ford Expedition Honeycomb Mesh Front Grille — Black,front grille,https://stehlenauto.com/products/2003-2006-ford-expedition-honeycomb-mesh-front-grille-black,,
2007-2008-ford-expedition-horizontal-front-bumper-grille-black,2007-2008 Ford Expedition Horizontal Front Bumper Grille — Black,front grille,https://stehlenauto.com/products/2007-2008-ford-expedition-horizontal-front-bumper-grille-black,,
2007-2008-ford-expedition-mesh-front-bumper-grille-black,2007-2008 Ford Expedition Mesh Front Bumper Grille — Black,front grille,https://stehlenauto.com/products/2007-2008-ford-expedition-mesh-front-bumper-grille-black,,
2009-2010-ford-f-150-honeycomb-mesh-front-grille-black,2009-2010 Ford F-150 Honeycomb Mesh Front Grille — Black,front grille,https://stehlenauto.com/products/2009-2010-ford-f-150-honeycomb-mesh-front-grille-black,,
2009-2014-ford-f-150-studded-wire-mesh-front-grille-w-chrome-rivets-black,2009-2014 Ford F-150 Studded Wire Mesh Front Grille w/ Chrome Rivets — Black,front grille,https://stehlenauto.com/products/2009-2014-ford-f-150-studded-wire-mesh-front-grille-w-chrome-rivets-black,,
2009-2014-ford-f-150-oem-style-horizontal-front-grille-black,2009-2014 Ford F-150 OEM Style Horizontal Front Grille — Black,front grille,https://stehlenauto.com/products/2009-2014-ford-f-150-oem-style-horizontal-front-grille-black,,
2021-2025-ford-f-150-rvt-style-studded-mesh-abs-front-grille-glossy-black-armordillo,2021-2025 Ford F-150 RVT Style Studded Mesh ABS Front Grille — Glossy Black (Armordillo),front grille,https://stehlenauto.com/products/2021-2025-ford-f-150-rvt-style-studded-mesh-abs-front-grille-glossy-black-armordillo,,
1999-2005-ford-f-250-super-duty-mesh-front-grille-black,1999-2005 Ford F-250 Super Duty Mesh Front Grille — Black,front grille,https://stehlenauto.com/products/1999-2005-ford-f-250-super-duty-mesh-front-grille-black,,
2002-2005-dodge-ram-1500-2003-2005-ram-2500-3500-mesh-style-abs-front-grille-black,2002-2005 Dodge Ram 1500 & 2003-2005 Ram 2500/3500 Mesh Style ABS Front Grille — Black,front grille,https://stehlenauto.com/products/2002-2005-dodge-ram-1500-2003-2005-ram-2500-3500-mesh-style-abs-front-grille-black,,
2006-2008-dodge-ram-1500-horizontal-front-grille-black,2006-2008 Dodge Ram 1500 Horizontal Front Grille — Black,front grille,https://stehlenauto.com/products/2006-2008-dodge-ram-1500-horizontal-front-grille-black,,
2007-2010-chevrolet-silverado-1500-horizontal-front-grille-black,2007-2010 Chevrolet Silverado 1500 Horizontal Front Grille — Black,front grille,https://stehlenauto.com/products/2007-2010-chevrolet-silverado-1500-horizontal-front-grille-black,,
2014-2015-chevrolet-silverado-1500-horizontal-front-grille-black,2014-2015 Chevrolet Silverado 1500 Horizontal Front Grille — Black,front grille,https://stehlenauto.com/products/2014-2015-chevrolet-silverado-1500-horizontal-front-grille-black,,
2005-2011-toyota-tacoma-studded-mesh-rivet-style-front-grille-black,2005-2011 Toyota Tacoma Studded Mesh Rivet Style Front Grille — Black,front grille,https://stehlenauto.com/products/2005-2011-toyota-tacoma-studded-mesh-rivet-style-front-grille-black,,
2012-2015-toyota-tacoma-oem-style-front-grille-black,2012-2015 Toyota Tacoma OEM Style Front Grille — Black,front grille,https://stehlenauto.com/products/2012-2015-toyota-tacoma-oem-style-front-grille-black,,
2014-2015-chevrolet-tahoe-mesh-front-grille-black,2014-2015 Chevrolet Tahoe Mesh Front Grille — Black,front grille,https://stehlenauto.com/products/2014-2015-chevrolet-tahoe-mesh-front-grille-black,,
2014-2017-toyota-tundra-trd-style-front-grille-black,2014-2017 Toyota Tundra TRD Style Front Grille — Black,front grille,https://stehlenauto.com/products/2014-2017-toyota-tundra-trd-style-front-grille-black,,
2007-2016-jeep-wrangler-jk-angry-bird-style-front-grille-black,2007-2016 Jeep Wrangler JK Angry Bird Style Front Grille — Black,front grille,https://stehlenauto.com/products/2007-2016-jeep-wrangler-jk-angry-bird-style-front-grille-black,,
2007-2016-jeep-wrangler-jk-studded-wire-mesh-front-grille-w-chrome-rivets-black,2007-2016 Jeep Wrangler JK Studded Wire Mesh Front Grille w/ Chrome Rivets — Black,front grille,https://stehlenauto.com/products/2007-2016-jeep-wrangler-jk-studded-wire-mesh-front-grille-w-chrome-rivets-black,,
2006-2008-lexus-is250-is350-mesh-front-grille-matte-black,2006-2008 Lexus IS250 & IS350 Mesh Front Grille — Matte Black,front grille,https://stehlenauto.com/products/2006-2008-lexus-is250-is350-mesh-front-grille-matte-black,,
2007-2009-toyota-tundra-honeycomb-mesh-front-grille-matte-black,2007-2009 Toyota Tundra Honeycomb Mesh Front Grille — Matte Black,front grille,https://stehlenauto.com/products/2007-2009-toyota-tundra-honeycomb-mesh-front-grille-matte-black,,
2007-2009-gmc-acadia-honeycomb-mesh-front-grille-black,2007-2009 GMC Acadia Honeycomb Mesh Front Grille — Black,front grille,https://stehlenauto.com/products/2007-2009-gmc-acadia-honeycomb-mesh-front-grille-black,,
2002-2005-ford-explorer-vertical-front-grille-black,2002-2005 Ford Explorer Vertical Front Grille — Black,front grille,https://stehlenauto.com/products/2002-2005-ford-explorer-vertical-front-grille-black,,
2006-2008-dodge-ram-1500-2500-3500-vertical-front-grille-matte-black,2006-2008 Dodge Ram 1500/2500/3500 Vertical Front Grille — Matte Black,front grille,https://stehlenauto.com/products/2006-2008-dodge-ram-1500-2500-3500-vertical-front-grille-matte-black,,
2010-2014-ford-mustang-full-led-projector-headlights-w-led-light-bar-black,2010-2014 Ford Mustang Full LED Projector Headlights w/ LED Light Bar — Black,headlights - full led projector,https://stehlenauto.com/products/2010-2014-ford-mustang-full-led-projector-headlights-w-led-light-bar-black,,
2010-2014-ford-mustang-full-led-projector-headlights-w-sequential-led-bar-black,2010-2014 Ford Mustang Full LED Projector Headlights w/ Sequential LED Bar — Black,headlights - full led projector,https://stehlenauto.com/products/2010-2014-ford-mustang-full-led-projector-headlights-w-sequential-led-bar-black,,
2011-2020-toyota-sienna-full-led-projector-headlights-w-led-light-bar-black,2011-2020 Toyota Sienna Full LED Projector Headlights w/ LED Light Bar — Black,headlights - full led projector,https://stehlenauto.com/products/2011-2020-toyota-sienna-full-led-projector-headlights-w-led-light-bar-black,,
2011-2020-toyota-sienna-full-led-projector-headlights-w-sequential-led-bar-black,2011-2020 Toyota Sienna Full LED Projector Headlights w/ Sequential LED Bar — Black,headlights - full led projector,https://stehlenauto.com/products/2011-2020-toyota-sienna-full-led-projector-headlights-w-sequential-led-bar-black,,
03-07-honda-accord-led-crystal-headlights-black-w-amber,2003-2007 Honda Accord LED Crystal Headlights Black w/ Amber,headlights - led crystal style,https://stehlenauto.com/products/03-07-honda-accord-led-crystal-headlights-black-w-amber,,
88-98-chevy-c10-ck-crystal-headlights-w-led-bar-8pc-chrome-set,1994-2000 Chevrolet C/K Pickup Crystal Headlights LED 8pc Set - Chrome,headlights - led crystal style,https://stehlenauto.com/products/88-98-chevy-c10-ck-crystal-headlights-w-led-bar-8pc-chrome-set,,
88-98-chevy-c10-ck-crystal-headlights-led-bar-bumper-corners-8pc-black,1994-2000 Chevrolet C/K Pickup Crystal Headlights LED 8pc Set - Black,headlights - led crystal style,https://stehlenauto.com/products/88-98-chevy-c10-ck-crystal-headlights-led-bar-bumper-corners-8pc-black,,
88-98-chevy-gmc-c10-ck-crystal-headlights-w-led-light-bar-chrome,1988-2000 Chevrolet C/K Pickup Crystal Headlights w/ LED Bar - Chrome,headlights - led crystal style,https://stehlenauto.com/products/88-98-chevy-gmc-c10-ck-crystal-headlights-w-led-light-bar-chrome,,
88-98-chevy-gmc-c10-ck-crystal-headlights-w-led-light-bar-black,1988-2000 Chevrolet C/K Pickup Crystal Headlights w/LED Bar - Black,headlights - led crystal style,https://stehlenauto.com/products/88-98-chevy-gmc-c10-ck-crystal-headlights-w-led-light-bar-black,,
04-05-honda-civic-crystal-headlights-w-led-light-bar-black,2004-2005 Honda Civic Crystal Headlights w/ LED Light Bar - Black,headlights - led crystal style,https://stehlenauto.com/products/04-05-honda-civic-crystal-headlights-w-led-light-bar-black,,
01-03-honda-civic-crystal-headlights-sequential-led-bar-black,2001-2003 Honda Civic Crystal Headlights Sequential LED Bar - Black,headlights - led crystal style,https://stehlenauto.com/products/01-03-honda-civic-crystal-headlights-sequential-led-bar-black,,
04-05-honda-civic-crystal-headlights-sequential-led-bar-black,2004-2005 Honda Civic Crystal Headlights Sequential LED Bar - Black,headlights - led crystal style,https://stehlenauto.com/products/04-05-honda-civic-crystal-headlights-sequential-led-bar-black,,
06-11-honda-civic-4dr-sequential-led-crystal-headlights-black,2006-2011 Honda Civic 4DR Sequential LED Crystal Headlights - Black,headlights - led crystal style,https://stehlenauto.com/products/06-11-honda-civic-4dr-sequential-led-crystal-headlights-black,,
96-98-honda-civic-crystal-headlights-w-led-light-bar-black,1996-1998 Honda Civic Crystal Headlights w/ LED Light Bar - Black,headlights - led crystal style,https://stehlenauto.com/products/96-98-honda-civic-crystal-headlights-w-led-light-bar-black,,
99-00-honda-civic-crystal-headlights-w-led-light-bar-black,1999-2000 Honda Civic Crystal Headlights w/ LED Light Bar - Black,headlights - led crystal style,https://stehlenauto.com/products/99-00-honda-civic-crystal-headlights-w-led-light-bar-black,,
2011-2016-chevrolet-cruze-crystal-headlights-chrome-jdm-style,2011-2016 Chevrolet Cruze Crystal Headlights Chrome - JDM Style,headlights - led crystal style,https://stehlenauto.com/products/2011-2016-chevrolet-cruze-crystal-headlights-chrome-jdm-style,,
04-08-ford-f-150-crystal-led-headlights-w-amber-light-bar-chrome,2004-2008 Ford F-150 Crystal LED Headlights w/ Amber Light Bar - Chrome,headlights - led crystal style,https://stehlenauto.com/products/04-08-ford-f-150-crystal-led-headlights-w-amber-light-bar-chrome,,
04-08-ford-f-150-led-crystal-headlights-black-w-amber-light-bar,2004-2008 Ford F-150 LED Crystal Headlights Black w/ Amber Light Bar,headlights - led crystal style,https://stehlenauto.com/products/04-08-ford-f-150-led-crystal-headlights-black-w-amber-light-bar,,
04-08-ford-f-150-crystal-headlights-sequential-led-signal-chrome,2004-2008 Ford F-150 Crystal Headlights Sequential LED Signal - Chrome,headlights - led crystal style,https://stehlenauto.com/products/04-08-ford-f-150-crystal-headlights-sequential-led-signal-chrome,,
04-08-ford-f-150-led-crystal-headlights-sequential-signal-black,2004-2008 Ford F-150 LED Crystal Headlights Sequential Signal - Black,headlights - led crystal style,https://stehlenauto.com/products/04-08-ford-f-150-led-crystal-headlights-sequential-signal-black,,
09-14-ford-f-150-led-crystal-headlights-chrome-w-amber-light-bar,2009-2014 Ford F-150 LED Crystal Headlights Chrome w/ Amber Light Bar,headlights - led crystal style,https://stehlenauto.com/products/09-14-ford-f-150-led-crystal-headlights-chrome-w-amber-light-bar,,
09-14-ford-f-150-led-crystal-headlights-black-w-amber-light-bar,2009-2014 Ford F-150 LED Crystal Headlights Black w/ Amber Light Bar,headlights - led crystal style,https://stehlenauto.com/products/09-14-ford-f-150-led-crystal-headlights-black-w-amber-light-bar,,
09-14-ford-f-150-crystal-led-headlights-sequential-signal-chrome,2009-2014 Ford F-150 Crystal LED Headlights Sequential Signal - Chrome,headlights - led crystal style,https://stehlenauto.com/products/09-14-ford-f-150-crystal-led-headlights-sequential-signal-chrome,,
09-14-ford-f-150-led-crystal-headlights-sequential-signal-black,2009-2014 Ford F-150 LED Crystal Headlights Sequential Signal - Black,headlights - led crystal style,https://stehlenauto.com/products/09-14-ford-f-150-led-crystal-headlights-sequential-signal-black,,
08-10-ford-f250-f350-super-duty-led-crystal-headlights-black,2008-2010 Ford F250 F350 Super Duty LED Crystal Headlights Black,headlights - led crystal style,https://stehlenauto.com/products/08-10-ford-f250-f350-super-duty-led-crystal-headlights-black,,
06-15-chevy-impala-monte-carlo-led-crystal-headlights-chrome,2006-2016 Chevrolet Impala Monte Carlo LED Crystal Headlights - Chrome,headlights - led crystal style,https://stehlenauto.com/products/06-15-chevy-impala-monte-carlo-led-crystal-headlights-chrome,,
06-13-chevy-impala-led-crystal-headlights-black-cvip06a-06,2006-2016 Chevrolet Impala/Monte Carlo LED Crystal Headlights - Black,headlights - led crystal style,https://stehlenauto.com/products/06-13-chevy-impala-led-crystal-headlights-black-cvip06a-06,,
06-13-chevy-impala-sequential-led-crystal-headlights-chrome,2006-2016 Chevrolet Impala Monte Carlo LED Headlights - CVIP06AS,headlights - led crystal style,https://stehlenauto.com/products/06-13-chevy-impala-sequential-led-crystal-headlights-chrome,,
2005-2009-ford-mustang-crystal-headlights-w-led-halo-chrome,2005-2009 Ford Mustang Crystal Headlights w/ LED Halo - Chrome,headlights - led crystal style,https://stehlenauto.com/products/2005-2009-ford-mustang-crystal-headlights-w-led-halo-chrome,,
05-09-ford-mustang-led-halo-crystal-headlights-black-fdmt05a1,2005-2009 Ford Mustang LED Halo Crystal Headlights Black - FDMT05A1,headlights - led crystal style,https://stehlenauto.com/products/05-09-ford-mustang-led-halo-crystal-headlights-black-fdmt05a1,,
05-09-ford-mustang-chrome-led-halo-crystal-headlights-fdmt05a1-03,2005-2009 Ford Mustang Chrome LED Halo Crystal Headlights - FDMT05A1.03,headlights - led crystal style,https://stehlenauto.com/products/05-09-ford-mustang-chrome-led-halo-crystal-headlights-fdmt05a1-03,,
99-04-ford-mustang-chrome-crystal-headlights-w-led-light-bar,1999-2004 Ford Mustang Chrome Crystal Headlights w/ LED Light Bar,headlights - led crystal style,https://stehlenauto.com/products/99-04-ford-mustang-chrome-crystal-headlights-w-led-light-bar,,
99-04-ford-mustang-black-crystal-led-headlights-w-amber,1999-2004 Ford Mustang Black Crystal LED Headlights w/ Amber,headlights - led crystal style,https://stehlenauto.com/products/99-04-ford-mustang-black-crystal-led-headlights-w-amber,,
99-04-ford-mustang-crystal-headlights-sequential-led-signal-chrome,1999-2004 Ford Mustang Crystal Headlights Sequential LED Signal - Chrome,headlights - led crystal style,https://stehlenauto.com/products/99-04-ford-mustang-crystal-headlights-sequential-led-signal-chrome,,
99-04-ford-mustang-crystal-headlights-sequential-led-turn-signal,1999-2004 Ford Mustang Crystal Headlights Sequential LED Turn Signal,headlights - led crystal style,https://stehlenauto.com/products/99-04-ford-mustang-crystal-headlights-sequential-led-turn-signal,,
02-05-dodge-ram-crystal-headlights-w-led-light-bar-chrome,2002-2005 Dodge Ram Crystal Headlights w/ LED Light Bar - Chrome,headlights - led crystal style,https://stehlenauto.com/products/02-05-dodge-ram-crystal-headlights-w-led-light-bar-chrome,,
02-05-dodge-ram-crystal-headlights-w-led-light-bar-black,2002-2005 Dodge Ram Crystal Headlights w/ LED Light Bar - Black,headlights - led crystal style,https://stehlenauto.com/products/02-05-dodge-ram-crystal-headlights-w-led-light-bar-black,,
02-05-dodge-ram-crystal-headlights-sequential-led-chrome,2002-2005 Dodge Ram Crystal Headlights Sequential LED Chrome,headlights - led crystal style,https://stehlenauto.com/products/02-05-dodge-ram-crystal-headlights-sequential-led-chrome,,
06-09-dodge-ram-black-crystal-headlights-sequential-led-turn-signal,2006-2009 Dodge Ram Black Crystal Headlights Sequential LED Turn Signal,headlights - led crystal style,https://stehlenauto.com/products/06-09-dodge-ram-black-crystal-headlights-sequential-led-turn-signal,,
09-18-dodge-ram-chrome-crystal-headlights-w-led-light-bar,2009-2024 Dodge Ram Crystal Headlights w/ LED Bar Chrome,headlights - led crystal style,https://stehlenauto.com/products/09-18-dodge-ram-chrome-crystal-headlights-w-led-light-bar,,
09-18-dodge-ram-crystal-headlights-w-led-light-bar-black,2009-2024 Dodge Ram Crystal Headlights LED Light Bar Black,headlights - led crystal style,https://stehlenauto.com/products/09-18-dodge-ram-crystal-headlights-w-led-light-bar-black,,
09-18-dodge-ram-chrome-crystal-headlights-sequential-led-turn-signal,2009-2024 Dodge Ram Crystal Headlights Sequential LED Chrome,headlights - led crystal style,https://stehlenauto.com/products/09-18-dodge-ram-chrome-crystal-headlights-sequential-led-turn-signal,,
01-11-ford-ranger-crystal-headlights-w-sequential-led-chrome-4pc,2001-2011 Ford Ranger Crystal Headlights w/ Sequential LED - Chrome 4PC,headlights - led crystal style,https://stehlenauto.com/products/01-11-ford-ranger-crystal-headlights-w-sequential-led-chrome-4pc,,
01-11-ford-ranger-crystal-headlights-4pc-sequential-led-black,2001-2011 Ford Ranger Crystal Headlights 4PC Sequential LED - Black,headlights - led crystal style,https://stehlenauto.com/products/01-11-ford-ranger-crystal-headlights-4pc-sequential-led-black,,
2007-2014-gmc-sierra-oem-crystal-headlights-black-gmsr07-03,2007-2014 GMC Sierra OEM Crystal Headlights Black - GMSR07.03,headlights - led crystal style,https://stehlenauto.com/products/2007-2014-gmc-sierra-oem-crystal-headlights-black-gmsr07-03,,
2007-2014-gmc-sierra-oem-crystal-headlights-chrome-gmsr07-04,2007-2014 GMC Sierra OEM Crystal Headlights Chrome - GMSR07.04,headlights - led crystal style,https://stehlenauto.com/products/2007-2014-gmc-sierra-oem-crystal-headlights-chrome-gmsr07-04,,
02-07-chevy-silverado-avalanche-crystal-headlights-4pc-black,2002-2007 Chevrolet Silverado Crystal Headlight 4PC Set - Black,headlights - led crystal style,https://stehlenauto.com/products/02-07-chevy-silverado-avalanche-crystal-headlights-4pc-black,,
03-06-chevy-silverado-avalanche-led-crystal-headlights-chrome-4pc,2002-2007 Chevrolet Silverado/Avalanche Crystal Headlights Set - Chrome,headlights - led crystal style,https://stehlenauto.com/products/03-06-chevy-silverado-avalanche-led-crystal-headlights-chrome-4pc,,
03-06-chevy-silverado-avalanche-led-crystal-headlights-black-4pc,2002-2007 Chevrolet Silverado Avalanche Crystal Headlights Set - Black,headlights - led crystal style,https://stehlenauto.com/products/03-06-chevy-silverado-avalanche-led-crystal-headlights-black-4pc,,
03-06-chevy-silverado-avalanche-chrome-led-sequential-headlights-4pc,2002-2007 Chevrolet Silverado Avalanche Crystal Headlights Set - Chrome,headlights - led crystal style,https://stehlenauto.com/products/03-06-chevy-silverado-avalanche-chrome-led-sequential-headlights-4pc,,
03-06-chevy-silverado-avalanche-black-led-sequential-headlights-4pc,2002-2007 Chevrolet Silverado/Avalanche Crystal Headlights Set - Black,headlights - led crystal style,https://stehlenauto.com/products/03-06-chevy-silverado-avalanche-black-led-sequential-headlights-4pc,,
03-06-chevy-silverado-avalanche-chrome-led-headlights-4pc-set,2002-2007 Chevrolet Silverado/Avalanche Crystal Headlights & Signal Lights Set - Chrome,headlights - led crystal style,https://stehlenauto.com/products/03-06-chevy-silverado-avalanche-chrome-led-headlights-4pc-set,,
07-14-chevy-silverado-crystal-black-headlights-no-amber,2007-2014 Chevrolet Silverado Crystal Headlights No Amber - Black,headlights - led crystal style,https://stehlenauto.com/products/07-14-chevy-silverado-crystal-black-headlights-no-amber,,
07-13-chevy-silverado-1500-08-14-2500-3500-led-crystal-headlights-chrome,2007-2014 Chevrolet Silverado LED Crystal Headlights w/Light Bar - Chrome,headlights - led crystal style,https://stehlenauto.com/products/07-13-chevy-silverado-1500-08-14-2500-3500-led-crystal-headlights-chrome,,
07-13-chevy-silverado-1500-led-crystal-headlights-black-jdma,2007-2014 Chevrolet Silverado LED Crystal Headlights w/ Light Bar - Black,headlights - led crystal style,https://stehlenauto.com/products/07-13-chevy-silverado-1500-led-crystal-headlights-black-jdma,,
01-04-toyota-tacoma-crystal-headlights-w-led-light-bar-4pc-black,2001-2004 Toyota Tacoma Crystal Headlights w/ LED Light Bar 4PC Black,headlights - led crystal style,https://stehlenauto.com/products/01-04-toyota-tacoma-crystal-headlights-w-led-light-bar-4pc-black,,
01-04-toyota-tacoma-crystal-headlights-w-sequential-led-black,2001-2004 Toyota Tacoma Crystal Headlights w/ Sequential LED - Black,headlights - led crystal style,https://stehlenauto.com/products/01-04-toyota-tacoma-crystal-headlights-w-sequential-led-black,,
01-04-toyota-tacoma-crystal-headlights-6pc-led-light-bar-black,2001-2004 Toyota Tacoma Crystal Headlights 6PC LED Light Bar Black,headlights - led crystal style,https://stehlenauto.com/products/01-04-toyota-tacoma-crystal-headlights-6pc-led-light-bar-black,,
2005-2011-toyota-tacoma-crystal-headlights-chrome-w-amber,2005-2011 Toyota Tacoma Crystal Headlights Chrome w/Amber,headlights - led crystal style,https://stehlenauto.com/products/2005-2011-toyota-tacoma-crystal-headlights-chrome-w-amber,,
01-04-toyota-tacoma-crystal-headlights-w-sequential-led-black-6pc,2001-2004 Toyota Tacoma Crystal Headlights w/ Sequential LED - Black 6PC,headlights - led crystal style,https://stehlenauto.com/products/01-04-toyota-tacoma-crystal-headlights-w-sequential-led-black-6pc,,
05-11-toyota-tacoma-chrome-crystal-headlights-w-led-light-bar,2005-2011 Toyota Tacoma Chrome Crystal Headlights w/ LED Light Bar,headlights - led crystal style,https://stehlenauto.com/products/05-11-toyota-tacoma-chrome-crystal-headlights-w-led-light-bar,,
05-11-toyota-tacoma-led-crystal-headlights-black-w-light-bar,2005-2011 Toyota Tacoma LED Crystal Headlights Black w/ Light Bar,headlights - led crystal style,https://stehlenauto.com/products/05-11-toyota-tacoma-led-crystal-headlights-black-w-light-bar,,
05-11-toyota-tacoma-crystal-headlights-sequential-led-bar-black,2005-2011 Toyota Tacoma Crystal Headlights Sequential LED Bar - Black,headlights - led crystal style,https://stehlenauto.com/products/05-11-toyota-tacoma-crystal-headlights-sequential-led-bar-black,,
2012-2015-toyota-tacoma-sequential-led-crystal-headlights-black,2012-2015 Toyota Tacoma Sequential LED Crystal Headlights - Black,headlights - led crystal style,https://stehlenauto.com/products/2012-2015-toyota-tacoma-sequential-led-crystal-headlights-black,,
04-15-nissan-titan-crystal-headlights-w-led-light-bar-chrome,2004-2015 Nissan Titan Crystal Headlights w/ LED Light Bar - Chrome,headlights - led crystal style,https://stehlenauto.com/products/04-15-nissan-titan-crystal-headlights-w-led-light-bar-chrome,,
04-15-nissan-titan-chrome-crystal-headlights-sequential-led-signal,2004-2015 Nissan Titan Chrome Crystal Headlights Sequential LED Signal,headlights - led crystal style,https://stehlenauto.com/products/04-15-nissan-titan-chrome-crystal-headlights-sequential-led-signal,,
04-15-nissan-titan-sequential-led-crystal-headlights-black,2004-2015 Nissan Titan Sequential LED Crystal Headlights - Black,headlights - led crystal style,https://stehlenauto.com/products/04-15-nissan-titan-sequential-led-crystal-headlights-black,,
2005-2007-toyota-tundra-sequoia-crystal-headlights-black,2005-2007 Toyota Tundra Sequoia Crystal Headlights Black,headlights - led crystal style,https://stehlenauto.com/products/2005-2007-toyota-tundra-sequoia-crystal-headlights-black,,
07-13-toyota-tundra-08-15-sequoia-chrome-led-crystal-headlights,2007-2017 Toyota Tundra & Sequoia LED Crystal Headlights - Chrome,headlights - led crystal style,https://stehlenauto.com/products/07-13-toyota-tundra-08-15-sequoia-chrome-led-crystal-headlights,,
07-13-toyota-tundra-08-15-sequoia-led-crystal-headlights-black,2007-2017 Toyota Tundra Sequoia LED Crystal Headlights - Black,headlights - led crystal style,https://stehlenauto.com/products/07-13-toyota-tundra-08-15-sequoia-led-crystal-headlights-black,,
07-13-toyota-tundra-08-15-sequoia-chrome-led-headlights-sequential,2007-2017 Toyota Tundra Sequoia Crystal LED Headlights - Chrome,headlights - led crystal style,https://stehlenauto.com/products/07-13-toyota-tundra-08-15-sequoia-chrome-led-headlights-sequential,,
07-13-toyota-tundra-08-15-sequoia-led-crystal-headlights-black-1,2007-2017 Toyota Tundra/Sequoia Crystal Headlights LED Turn Signal - Black,headlights - led crystal style,https://stehlenauto.com/products/07-13-toyota-tundra-08-15-sequoia-led-crystal-headlights-black-1,,
2014-2021-toyota-tundra-chrome-led-crystal-headlights-tytd14d,2014-2021 Toyota Tundra Chrome LED Crystal Headlights - TYTD14D,headlights - led crystal style,https://stehlenauto.com/products/2014-2021-toyota-tundra-chrome-led-crystal-headlights-tytd14d,,
14-21-toyota-tundra-crystal-headlights-sequential-led-signal-black,2014-2021 Toyota Tundra Crystal Headlights Sequential LED Signal - Black,headlights - led crystal style,https://stehlenauto.com/products/14-21-toyota-tundra-crystal-headlights-sequential-led-signal-black,,
14-21-toyota-tundra-chrome-crystal-headlights-sequential-led-tytd14ds,2014-2021 Toyota Tundra Chrome Crystal Headlights Sequential LED - TYTD14DS,headlights - led crystal style,https://stehlenauto.com/products/14-21-toyota-tundra-chrome-crystal-headlights-sequential-led-tytd14ds,,
2018-2020-ford-f-150-full-led-projector-headlights-black-fr646,2018-2020 Ford F-150 Full LED Projector Headlights Black - FR646,headlights - led crystal style,https://stehlenauto.com/products/2018-2020-ford-f-150-full-led-projector-headlights-black-fr646,,
04-08-ford-f-150-full-led-projector-headlights-black-hlplnb,2004-2008 Ford F-150 Full LED Projector Headlights Black - HLPLNB,headlights - led crystal style,https://stehlenauto.com/products/04-08-ford-f-150-full-led-projector-headlights-black-hlplnb,,
04-08-ford-f-150-full-led-projector-headlights-chrome-fdpu04d,2004-2008 Ford F-150 Full LED Projector Headlights Chrome - FDPU04D,headlights - led crystal style,https://stehlenauto.com/products/04-08-ford-f-150-full-led-projector-headlights-chrome-fdpu04d,,
04-08-ford-f-150-full-led-projector-headlights-sequential-signal-black,2004-2008 Ford F-150 Full LED Projector Headlights Sequential Signal - Black,headlights - led crystal style,https://stehlenauto.com/products/04-08-ford-f-150-full-led-projector-headlights-sequential-signal-black,,
04-08-ford-f-150-full-led-projector-headlights-sequential-chrome,2004-2008 Ford F-150 Full LED Projector Headlights Sequential Chrome,headlights - led crystal style,https://stehlenauto.com/products/04-08-ford-f-150-full-led-projector-headlights-sequential-chrome,,
09-14-ford-f-150-full-led-projector-headlights-w-light-bar-black,2009-2014 Ford F-150 Full LED Projector Headlights w/ Light Bar - Black,headlights - led crystal style,https://stehlenauto.com/products/09-14-ford-f-150-full-led-projector-headlights-w-light-bar-black,,
09-14-ford-f-150-full-led-projector-headlights-black-fdpu09c-00,2009-2014 Ford F-150 Full LED Projector Headlights Black - FDPU09C.00,headlights - led crystal style,https://stehlenauto.com/products/09-14-ford-f-150-full-led-projector-headlights-black-fdpu09c-00,,
2009-2014-ford-f-150-full-led-projector-headlights-black-amber,2009-2014 Ford F-150 Full LED Projector Headlights Black Amber,headlights - led crystal style,https://stehlenauto.com/products/2009-2014-ford-f-150-full-led-projector-headlights-black-amber,,
09-14-ford-f-150-full-led-projector-headlights-sequential-signal-black,2009-2014 Ford F-150 Full LED Projector Headlights Sequential Signal - Black,headlights - led crystal style,https://stehlenauto.com/products/09-14-ford-f-150-full-led-projector-headlights-sequential-signal-black,,
09-14-ford-f-150-full-led-projector-headlights-sequential-chrome,2009-2014 Ford F-150 Full LED Projector Headlights Sequential Chrome,headlights - led crystal style,https://stehlenauto.com/products/09-14-ford-f-150-full-led-projector-headlights-sequential-chrome,,
2015-2017-ford-f-150-full-led-projector-headlights-black-amber,2015-2017 Ford F-150 Full LED Projector Headlights Black Amber,headlights - led crystal style,https://stehlenauto.com/products/2015-2017-ford-f-150-full-led-projector-headlights-black-amber,,
02-05-dodge-ram-full-led-projector-headlights-w-light-bar-black,2002-2005 Dodge Ram Full LED Projector Headlights w/ Light Bar - Black,headlights - led crystal style,https://stehlenauto.com/products/02-05-dodge-ram-full-led-projector-headlights-w-light-bar-black,,
02-05-dodge-ram-full-led-projector-headlights-chrome-led-bar,2002-2005 Dodge Ram Full LED Projector Headlights Chrome - LED Bar,headlights - led crystal style,https://stehlenauto.com/products/02-05-dodge-ram-full-led-projector-headlights-chrome-led-bar,,
02-05-dodge-ram-full-led-projector-headlights-sequential-signal-black,2002-2005 Dodge Ram Full LED Projector Headlights Sequential Signal - Black,headlights - led crystal style,https://stehlenauto.com/products/02-05-dodge-ram-full-led-projector-headlights-sequential-signal-black,,
02-05-dodge-ram-full-led-projector-headlights-sequential-signal-chrome,2002-2005 Dodge Ram Full LED Projector Headlights Sequential Signal Chrome,headlights - led crystal style,https://stehlenauto.com/products/02-05-dodge-ram-full-led-projector-headlights-sequential-signal-chrome,,
2006-2009-dodge-ram-full-led-projector-headlights-black,2006-2009 Dodge Ram Full LED Projector Headlights Black,headlights - led crystal style,https://stehlenauto.com/products/2006-2009-dodge-ram-full-led-projector-headlights-black,,
2014-2021-toyota-tundra-full-led-projector-headlights-black-amber,2014-2021 Toyota Tundra Full LED Projector Headlights Black Amber,headlights - led crystal style,https://stehlenauto.com/products/2014-2021-toyota-tundra-full-led-projector-headlights-black-amber,,
04-08-ford-f-150-led-projector-headlights-black-w-amber-light-bar,2004-2008 Ford F-150 LED Projector Headlights Black w/ Amber Light Bar,headlights - led crystal style,https://stehlenauto.com/products/04-08-ford-f-150-led-projector-headlights-black-w-amber-light-bar,,
04-08-ford-f-150-led-halo-projector-headlights-black-fdpu04b1-06,2004-2008 Ford F-150 LED Halo Projector Headlights Black - FDPU04B1.06,headlights - led crystal style,https://stehlenauto.com/products/04-08-ford-f-150-led-halo-projector-headlights-black-fdpu04b1-06,,
04-08-ford-f-150-led-halo-projector-headlights-chrome-fdpu04b1,2004-2008 Ford F-150 LED Halo Projector Headlights Chrome - FDPU04B1,headlights - led crystal style,https://stehlenauto.com/products/04-08-ford-f-150-led-halo-projector-headlights-chrome-fdpu04b1,,
04-08-ford-f-150-projector-headlights-sequential-led-black,2004-2008 Ford F-150 Projector Headlights Sequential LED - Black,headlights - led crystal style,https://stehlenauto.com/products/04-08-ford-f-150-projector-headlights-sequential-led-black,,
04-08-ford-f-150-projector-headlights-sequential-led-chrome,2004-2008 Ford F-150 Projector Headlights Sequential LED Chrome,headlights - led crystal style,https://stehlenauto.com/products/04-08-ford-f-150-projector-headlights-sequential-led-chrome,,
09-14-ford-f-150-led-projector-headlights-black-w-amber-light-bar,2009-2014 Ford F-150 LED Projector Headlights Black w/ Amber Light Bar,headlights - led crystal style,https://stehlenauto.com/products/09-14-ford-f-150-led-projector-headlights-black-w-amber-light-bar,,
09-14-ford-f-150-black-projector-headlights-sequential-led-fdpu09ds-06,2009-2014 Ford F-150 Black Projector Headlights Sequential LED - FDPU09DS.06,headlights - led crystal style,https://stehlenauto.com/products/09-14-ford-f-150-black-projector-headlights-sequential-led-fdpu09ds-06,,
09-14-ford-f-150-chrome-led-projector-headlights-w-amber-light-bar,2009-2014 Ford F-150 Chrome LED Projector Headlights w/ Amber Light Bar,headlights - led crystal style,https://stehlenauto.com/products/09-14-ford-f-150-chrome-led-projector-headlights-w-amber-light-bar,,
09-14-ford-f-150-chrome-projector-headlights-sequential-led-signal,2009-2014 Ford F-150 Chrome Projector Headlights Sequential LED Signal,headlights - led crystal style,https://stehlenauto.com/products/09-14-ford-f-150-chrome-projector-headlights-sequential-led-signal,,
02-05-dodge-ram-projector-headlights-w-led-light-bar-black,2002-2005 Dodge Ram Projector Headlights w/ LED Light Bar - Black,headlights - led crystal style,https://stehlenauto.com/products/02-05-dodge-ram-projector-headlights-w-led-light-bar-black,,
02-05-dodge-ram-chrome-projector-headlights-w-led-light-bar,2002-2005 Dodge Ram Chrome Projector Headlights w/ LED Light Bar,headlights - led crystal style,https://stehlenauto.com/products/02-05-dodge-ram-chrome-projector-headlights-w-led-light-bar,,
02-05-dodge-ram-projector-headlights-sequential-led-turn-signal-black,2002-2005 Dodge Ram Projector Headlights Sequential LED Turn Signal - Black,headlights - led crystal style,https://stehlenauto.com/products/02-05-dodge-ram-projector-headlights-sequential-led-turn-signal-black,,
02-05-dodge-ram-projector-headlights-sequential-led-turn-signal-chrome,2002-2005 Dodge Ram Projector Headlights Sequential LED Turn Signal Chrome,headlights - led crystal style,https://stehlenauto.com/products/02-05-dodge-ram-projector-headlights-sequential-led-turn-signal-chrome,,
05-11-toyota-tacoma-black-projector-headlights-w-led-light-bar,2005-2011 Toyota Tacoma Black Projector Headlights w/ LED Light Bar,headlights - led crystal style,https://stehlenauto.com/products/05-11-toyota-tacoma-black-projector-headlights-w-led-light-bar,,
05-11-toyota-tacoma-projector-headlights-sequential-led-black,2005-2011 Toyota Tacoma Projector Headlights Sequential LED - Black,headlights - led crystal style,https://stehlenauto.com/products/05-11-toyota-tacoma-projector-headlights-sequential-led-black,,
05-11-toyota-tacoma-projector-headlights-sequential-led-chrome,2005-2011 Toyota Tacoma Projector Headlights Sequential LED Chrome,headlights - led crystal style,https://stehlenauto.com/products/05-11-toyota-tacoma-projector-headlights-sequential-led-chrome,,
2012-2015-toyota-tacoma-projector-headlights-sequential-led-black,2012-2015 Toyota Tacoma Projector Headlights Sequential LED - Black,headlights - led crystal style,https://stehlenauto.com/products/2012-2015-toyota-tacoma-projector-headlights-sequential-led-black,,
14-21-toyota-tundra-projector-headlights-led-halo-light-bar-black,2014-2021 Toyota Tundra Projector Headlights LED Halo & Light Bar - Black,headlights - led crystal style,https://stehlenauto.com/products/14-21-toyota-tundra-projector-headlights-led-halo-light-bar-black,,
2014-2021-toyota-tundra-led-halo-projector-headlights-chrome,2014-2021 Toyota Tundra LED Halo Projector Headlights Chrome,headlights - led crystal style,https://stehlenauto.com/products/2014-2021-toyota-tundra-led-halo-projector-headlights-chrome,,
2014-2021-toyota-tundra-chrome-projector-headlights-sequential-led,2014-2021 Toyota Tundra Chrome Projector Headlights Sequential LED,headlights - led crystal style,https://stehlenauto.com/products/2014-2021-toyota-tundra-chrome-projector-headlights-sequential-led,,
2014-2021-toyota-tundra-projector-headlights-sequential-led-black,2014-2021 Toyota Tundra Projector Headlights Sequential LED - Black,headlights - led crystal style,https://stehlenauto.com/products/2014-2021-toyota-tundra-projector-headlights-sequential-led-black,,
2014-2021-toyota-tundra-projector-headlights-sequential-led-chrome,2014-2021 Toyota Tundra Projector Headlights Sequential LED Chrome,headlights - led crystal style,https://stehlenauto.com/products/2014-2021-toyota-tundra-projector-headlights-sequential-led-chrome,,
2002-2005-dodge-ram-crystal-headlights-w-sequential-led-bar-black,2002-2005 Dodge Ram Crystal Headlights w/ Sequential LED Bar — Black,headlights - led crystal style,https://stehlenauto.com/products/2002-2005-dodge-ram-crystal-headlights-w-sequential-led-bar-black,,
2006-2009-dodge-ram-crystal-headlights-w-sequential-led-bar-chrome,2006-2009 Dodge Ram Crystal Headlights w/ Sequential LED Bar — Chrome,headlights - led crystal style,https://stehlenauto.com/products/2006-2009-dodge-ram-crystal-headlights-w-sequential-led-bar-chrome,,
2001-2011-ford-ranger-crystal-headlights-w-corner-lights-4pc-set-led-bar-chrome,2001-2011 Ford Ranger Crystal Headlights w/ Corner Lights 4pc Set & LED Bar — Chrome,headlights - led crystal style,https://stehlenauto.com/products/2001-2011-ford-ranger-crystal-headlights-w-corner-lights-4pc-set-led-bar-chrome,,
07-14-chevy-silverado-full-led-projector-headlights-black-amber,2007-2014 Chevrolet Silverado Full LED Projector Headlights w/Amber - Black,headlights - projector,https://stehlenauto.com/products/07-14-chevy-silverado-full-led-projector-headlights-black-amber,,
2016-toyota-tacoma-full-led-projector-headlights-black-amber,2016-2023 Toyota Tacoma Full LED Projector Headlights Amber - Black,headlights - projector,https://stehlenauto.com/products/2016-toyota-tacoma-full-led-projector-headlights-black-amber,,
88-98-chevy-gmc-c10-projector-headlights-8pc-set-led-bar-black,1994-2000 Chevrolet C/K Series Projector Headlights 8PC Set - Black,headlights - projector,https://stehlenauto.com/products/88-98-chevy-gmc-c10-projector-headlights-8pc-set-led-bar-black,,
88-98-chevy-gmc-c10-projector-headlights-8pc-set-chrome-led-bar,1994-2000 Chevrolet C/K Series Projector Headlights 8PC Set - Chrome,headlights - projector,https://stehlenauto.com/products/88-98-chevy-gmc-c10-projector-headlights-8pc-set-chrome-led-bar,,
09-18-dodge-ram-projector-headlights-led-light-bar-black-dgpu09d,2009-2024 Dodge Ram 1500 2500 3500 Projector Headlights LED - Black,headlights - projector,https://stehlenauto.com/products/09-18-dodge-ram-projector-headlights-led-light-bar-black-dgpu09d,,
09-18-dodge-ram-projector-headlights-sequential-led-turn-signal-black,2009-2024 Dodge Ram 1500 2500 3500 Projector Headlights - Black,headlights - projector,https://stehlenauto.com/products/09-18-dodge-ram-projector-headlights-sequential-led-turn-signal-black,,
09-18-dodge-ram-sequential-led-projector-headlights-chrome,2009-2024 Dodge Ram 1500 2500 3500 Projector Headlights Sequential LED - Chrome,headlights - projector,https://stehlenauto.com/products/09-18-dodge-ram-sequential-led-projector-headlights-chrome,,
03-06-chevy-silverado-avalanche-projector-headlights-led-bar-black-4pc,2002-2007 Chevrolet Silverado Avalanche Projector Headlights LED Black,headlights - projector,https://stehlenauto.com/products/03-06-chevy-silverado-avalanche-projector-headlights-led-bar-black-4pc,,
03-06-chevy-silverado-avalanche-projector-headlights-chrome-4pc-led,2002-2007 Chevrolet Silverado/Avalanche Projector Headlights & Parking Lights Chrome,headlights - projector,https://stehlenauto.com/products/03-06-chevy-silverado-avalanche-projector-headlights-chrome-4pc-led,,
03-06-chevy-silverado-avalanche-projector-headlights-chrome-4pc-set,2002-2007 Chevrolet Silverado Avalanche Projector Headlights Chrome,headlights - projector,https://stehlenauto.com/products/03-06-chevy-silverado-avalanche-projector-headlights-chrome-4pc-set,,
07-13-toyota-tundra-08-15-sequoia-projector-headlights-black-led-halo,2007-2017 Toyota Tundra Sequoia Projector Headlights LED Halo - Black,headlights - projector,https://stehlenauto.com/products/07-13-toyota-tundra-08-15-sequoia-projector-headlights-black-led-halo,,
07-13-toyota-tundra-08-15-sequoia-projector-headlights-chrome-led,2007-2017 Toyota Tundra Sequoia Projector Headlights LED - TYTD07DS,headlights - projector,https://stehlenauto.com/products/07-13-toyota-tundra-08-15-sequoia-projector-headlights-chrome-led,,
2006-2009-toyota-4runner-super-white-led-halo-projector-headlights-matte-black-w-amber,2006-2009 Toyota 4Runner Super White LED Halo Projector Headlights — Matte Black w/ Amber,headlights - projector,https://stehlenauto.com/products/2006-2009-toyota-4runner-super-white-led-halo-projector-headlights-matte-black-w-amber,,
2016-2018-chevrolet-camaro-plank-style-led-light-bar-projector-headlights-matte-black,2016-2018 Chevrolet Camaro Plank Style LED Light Bar Projector Headlights — Matte Black,headlights - projector,https://stehlenauto.com/products/2016-2018-chevrolet-camaro-plank-style-led-light-bar-projector-headlights-matte-black,,
2006-2010-dodge-charger-halo-projector-headlights-w-led-matte-black,2006-2010 Dodge Charger Halo Projector Headlights w/ LED — Matte Black,headlights - projector,https://stehlenauto.com/products/2006-2010-dodge-charger-halo-projector-headlights-w-led-matte-black,,
2014-2016-mazda-3-sedan-halo-projector-headlights-w-amber-matte-black,2014-2016 Mazda 3 Sedan Halo Projector Headlights w/ Amber — Matte Black,headlights - projector,https://stehlenauto.com/products/2014-2016-mazda-3-sedan-halo-projector-headlights-w-amber-matte-black,,
2007-2009-toyota-camry-projector-headlights-w-sequential-led-bar-black,2007-2009 Toyota Camry Projector Headlights w/ Sequential LED Bar — Black,headlights - projector,https://stehlenauto.com/products/2007-2009-toyota-camry-projector-headlights-w-sequential-led-bar-black,,
2015-2022-chevrolet-colorado-projector-headlights-w-led-light-bar-black,2015-2022 Chevrolet Colorado Projector Headlights w/ LED Light Bar — Black,headlights - projector,https://stehlenauto.com/products/2015-2022-chevrolet-colorado-projector-headlights-w-led-light-bar-black,,
2015-2022-chevrolet-colorado-projector-headlights-w-sequential-led-bar-black,2015-2022 Chevrolet Colorado Projector Headlights w/ Sequential LED Bar — Black,headlights - projector,https://stehlenauto.com/products/2015-2022-chevrolet-colorado-projector-headlights-w-sequential-led-bar-black,,
2004-2008-acura-tsx-projector-headlights-w-o-amber-black,2004-2008 Acura TSX Projector Headlights w/o Amber — Black,headlights - projector,https://stehlenauto.com/products/2004-2008-acura-tsx-projector-headlights-w-o-amber-black,,
2014-2021-toyota-tundra-projector-headlights-w-sequential-led-bar-black,2014-2021 Toyota Tundra Projector Headlights w/ Sequential LED Bar — Black,headlights - projector,https://stehlenauto.com/products/2014-2021-toyota-tundra-projector-headlights-w-sequential-led-bar-black,,
2023-ford-ranger-6ft-bed-molle-panels-front-sides-3pc-set,2019-2023 Ford Ranger 6 ft Bed MOLLE Panels Front & Sides - 3pc,molle panels - truck bed,https://stehlenauto.com/products/2023-ford-ranger-6ft-bed-molle-panels-front-sides-3pc-set,,
2023-chevy-colorado-5ft-bed-molle-panels-3pc-set,2023-2025 Chevrolet Colorado/GMC Canyon 5 ft Bed MOLLE Panels - 3pc,molle panels - truck bed,https://stehlenauto.com/products/2023-chevy-colorado-5ft-bed-molle-panels-3pc-set,,
2-hitch-cargo-carrier-500-lbs-20x58-fold-up-basket-black,"2"" Hitch Cargo Carrier 500 lb 20x58 Fold-Up Basket - Black",roof basket,https://stehlenauto.com/products/2-hitch-cargo-carrier-500-lbs-20x58-fold-up-basket-black,,
2016-2023-toyota-tacoma-crew-cab-low-profile-roof-basket-steel,2016-2023 Toyota Tacoma Crew Cab Low Profile Roof Basket - Steel,roof rack,https://stehlenauto.com/products/2016-2023-toyota-tacoma-crew-cab-low-profile-roof-basket-steel,,
2014-2021-toyota-tundra-crew-cab-low-profile-roof-basket-system,2014-2021 Toyota Tundra Crew Cab Low Profile Roof Basket System,roof rack,https://stehlenauto.com/products/2014-2021-toyota-tundra-crew-cab-low-profile-roof-basket-system,,
2018-2024-chevrolet-equinox-low-profile-roof-basket-system-drill-free-steel-matte-black,"2018-2024 Chevrolet Equinox Low Profile Roof Basket System — Drill-Free Steel, Matte Black",roof rack - low profile basket,https://stehlenauto.com/products/2018-2024-chevrolet-equinox-low-profile-roof-basket-system-drill-free-steel-matte-black,,
2004-2008-ford-f-150-4-oval-nerf-bars-stainless-steel,"2004-2008 Ford F-150 Super Cab 4"" Side Step Nerf Bars - Chrome",running boards,https://stehlenauto.com/products/2004-2008-ford-f-150-4-oval-nerf-bars-stainless-steel,,
2015-2023-ford-f-150-super-duty-86-aluminum-running-boards-matte-black,2015-2023 Ford F-150/Super Duty Crew Cab 86 inch Aluminum Running Boards - Matte Black,running boards,https://stehlenauto.com/products/2015-2023-ford-f-150-super-duty-86-aluminum-running-boards-matte-black,,
2015-2023-ford-f-150-super-duty-86-oe-style-running-boards-matte-black,2015-2023 Ford F-150/Super Duty Crew Cab 86 inch OE Style Running Boards - Matte Black,running boards,https://stehlenauto.com/products/2015-2023-ford-f-150-super-duty-86-oe-style-running-boards-matte-black,,
2015-2023-ford-f-150-super-duty-86-oe-style-running-boards-silver,2015-2023 Ford F-150/Super Duty Crew Cab OE Running Boards - Silver,running boards,https://stehlenauto.com/products/2015-2023-ford-f-150-super-duty-86-oe-style-running-boards-silver,,
2005-2022-toyota-tacoma-6-oe-style-running-boards-polished,"2005-2022 Toyota Tacoma Access Cab 6"" Running Boards - Polish",running boards,https://stehlenauto.com/products/2005-2022-toyota-tacoma-6-oe-style-running-boards-polished,,
2005-2022-toyota-tacoma-oe-style-aluminum-running-boards-silver,2005-2022 Toyota Tacoma Crew Cab OE Style Running Boards - Silver,running boards,https://stehlenauto.com/products/2005-2022-toyota-tacoma-oe-style-aluminum-running-boards-silver,,
2005-2021-nissan-frontier-crew-cab-viewpoint-running-boards-chrome,2005-2021 Nissan Frontier Crew Cab Running Boards - Viewpoint Chrome,running boards,https://stehlenauto.com/products/2005-2021-nissan-frontier-crew-cab-viewpoint-running-boards-chrome,,
04-08-ford-f-150-super-cab-5-oval-side-step-bars-black,"2004-2008 Ford F-150 Super Cab 5"" Oval Side Step Bars - Black",running boards,https://stehlenauto.com/products/04-08-ford-f-150-super-cab-5-oval-side-step-bars-black,,
2005-2018-toyota-tacoma-double-cab-modular-step-bars-matte-black,2005-2023 Toyota Tacoma Double Cab Modular Side Steps - Matte Black,running boards,https://stehlenauto.com/products/2005-2018-toyota-tacoma-double-cab-modular-step-bars-matte-black,,
2007-2018-toyota-tundra-crewmax-modular-step-bars-matte-black,2007-2021 Toyota Tundra CrewMax Modular Side Step Bars - Matte Black,running boards,https://stehlenauto.com/products/2007-2018-toyota-tundra-crewmax-modular-step-bars-matte-black,,
2007-2018-toyota-tundra-double-cab-modular-side-step-bars-matte-black,2007-2021 Toyota Tundra Double Cab Modular Side Steps - Matte Black,running boards,https://stehlenauto.com/products/2007-2018-toyota-tundra-double-cab-modular-side-step-bars-matte-black,,
2021-2024-ford-bronco-4-door-rock-slider-side-step-bars-texture-black,2021-2024 Ford Bronco 4-Door Rock Slider Side Step Bars — Texture Black,side step bars - rock slider,https://stehlenauto.com/products/2021-2024-ford-bronco-4-door-rock-slider-side-step-bars-texture-black,,
2022-2024-ford-maverick-rock-slider-side-step-bars-texture-black,2022-2024 Ford Maverick Rock Slider Side Step Bars — Texture Black,side step bars - rock slider,https://stehlenauto.com/products/2022-2024-ford-maverick-rock-slider-side-step-bars-texture-black,,
2019-2023-ford-ranger-supercrew-rock-slider-side-step-bars-texture-black,2019-2023 Ford Ranger SuperCrew Rock Slider Side Step Bars — Texture Black,side step bars - rock slider,https://stehlenauto.com/products/2019-2023-ford-ranger-supercrew-rock-slider-side-step-bars-texture-black,,
88-00-gmc-c-k-1500-2500-3500-6-5-hidden-snap-tonneau-cover,1988-2000 GMC C/K 6.5 ft Bed Hidden Snap Tonneau Cover,tonneau cover - hidden snap,https://stehlenauto.com/products/88-00-gmc-c-k-1500-2500-3500-6-5-hidden-snap-tonneau-cover,,
2015-2022-colorado-canyon-5-bed-tonneau-cover-led-light-kit,2015-2022 Chevy Colorado GMC Canyon 5 ft Bed Tonneau Cover & LED Kit,tonneau cover - hidden snap,https://stehlenauto.com/products/2015-2022-colorado-canyon-5-bed-tonneau-cover-led-light-kit,,
2015-2022-colorado-canyon-6-bed-tonneau-cover-w-led-lights-kit,2015-2022 Chevy Colorado/GMC Canyon 6 ft Bed Soft Roll-Up Tonneau Cover & LED Kit,tonneau cover - hidden snap,https://stehlenauto.com/products/2015-2022-colorado-canyon-6-bed-tonneau-cover-w-led-lights-kit,,
2000-2004-dodge-dakota-5-5-bed-hidden-snap-tonneau-cover-403312,2000-2004 Dodge Dakota 5.5 ft Bed Tonneau Cover - Hidden Snap,tonneau cover - hidden snap,https://stehlenauto.com/products/2000-2004-dodge-dakota-5-5-bed-hidden-snap-tonneau-cover-403312,,
00-04-dodge-dakota-5-5-tonneau-cover-led-bed-light-kit-combo,2000-2004 Dodge Dakota 5.5 ft Bed Tonneau Cover & LED Light Kit,tonneau cover - hidden snap,https://stehlenauto.com/products/00-04-dodge-dakota-5-5-tonneau-cover-led-bed-light-kit-combo,,
05-11-dakota-raider-6-5-bed-hidden-snap-tonneau-cover-403327,2005-2011 Dodge Dakota 6.5 ft Bed Tonneau Cover - Hidden Snap,tonneau cover - hidden snap,https://stehlenauto.com/products/05-11-dakota-raider-6-5-bed-hidden-snap-tonneau-cover-403327,,
05-11-dakota-raider-6-5-tonneau-cover-led-bed-light-kit,2005-2011 Dodge Dakota 6.5 ft Bed Tonneau Cover w/ LED Lights,tonneau cover - hidden snap,https://stehlenauto.com/products/05-11-dakota-raider-6-5-tonneau-cover-led-bed-light-kit,,
1997-2004-dodge-dakota-6-5-hidden-snap-roll-up-tonneau-cover,1997-2004 Dodge Dakota 6.5 ft Bed Tonneau Cover - Hidden Snap,tonneau cover - hidden snap,https://stehlenauto.com/products/1997-2004-dodge-dakota-6-5-hidden-snap-roll-up-tonneau-cover,,
97-04-dodge-dakota-6-5-tonneau-cover-led-bed-light-kit,1997-2004 Dodge Dakota 6.5 ft Bed Tonneau Cover & LED Light Kit,tonneau cover - hidden snap,https://stehlenauto.com/products/97-04-dodge-dakota-6-5-tonneau-cover-led-bed-light-kit,,
2001-2003-ford-f-150-5-5-bed-hidden-snap-roll-up-tonneau-cover,2001-2003 Ford F-150 5.5 ft Bed Tonneau Cover - Hidden Snap,tonneau cover - hidden snap,https://stehlenauto.com/products/2001-2003-ford-f-150-5-5-bed-hidden-snap-roll-up-tonneau-cover,,
2001-2003-ford-f-150-5-5-tonneau-cover-led-bed-light-combo-kit,2001-2003 Ford F-150 5.5 ft Bed Tonneau Cover & LED Light Kit,tonneau cover - hidden snap,https://stehlenauto.com/products/2001-2003-ford-f-150-5-5-tonneau-cover-led-bed-light-combo-kit,,
1997-2004-ford-f-150-f-250-6-5-hidden-snap-tonneau-cover-403307,1997-2004 Ford F-150 6.5 ft Flareside Bed Tonneau Cover - Hidden Snap,tonneau cover - hidden snap,https://stehlenauto.com/products/1997-2004-ford-f-150-f-250-6-5-hidden-snap-tonneau-cover-403307,,
97-04-ford-f-150-f-250-6-5-tonneau-cover-led-bed-light-combo,1997-2004 Ford F-150 6.5 ft Bed Tonneau Cover & LED Light Kit,tonneau cover - hidden snap,https://stehlenauto.com/products/97-04-ford-f-150-f-250-6-5-tonneau-cover-led-bed-light-combo,,
05-21-nissan-frontier-5-tonneau-cover-led-light-combo-kit,2005-2021 Nissan Frontier 5 ft Bed Tonneau Cover Combo w/ LED Lights,tonneau cover - hidden snap,https://stehlenauto.com/products/05-21-nissan-frontier-5-tonneau-cover-led-light-combo-kit,,
05-21-nissan-frontier-6-tonneau-cover-combo-w-led-bed-lights,2005-2021 Nissan Frontier 6 ft Bed Tonneau Cover & LED Light Kit,tonneau cover - hidden snap,https://stehlenauto.com/products/05-21-nissan-frontier-6-tonneau-cover-combo-w-led-bed-lights,,
07-14-silverado-sierra-5-8-tonneau-cover-w-led-bed-lights,2007-2014 Chevy/GMC Silverado/Sierra 5.8 ft Bed Tonneau Cover w/ LED Lights,tonneau cover - hidden snap,https://stehlenauto.com/products/07-14-silverado-sierra-5-8-tonneau-cover-w-led-bed-lights,,
07-14-chevy-silverado-gmc-sierra-6-5-hidden-snap-tonneau-cover,2007-2014 Chevrolet/GMC Silverado/Sierra 6.5 ft Bed Tonneau Cover,tonneau cover - hidden snap,https://stehlenauto.com/products/07-14-chevy-silverado-gmc-sierra-6-5-hidden-snap-tonneau-cover,,
07-14-silverado-sierra-6-5-tonneau-cover-led-bed-light-kit,2007-2014 Chevy/GMC Silverado/Sierra 6.5 ft Bed Tonneau Cover + LED Light Kit,tonneau cover - hidden snap,https://stehlenauto.com/products/07-14-silverado-sierra-6-5-tonneau-cover-led-bed-light-kit,,
2016-2023-toyota-tacoma-6-bed-tonneau-cover-led-light-combo,2016-2023 Toyota Tacoma 6 ft Bed Tonneau Cover with LED Lights,tonneau cover - hidden snap,https://stehlenauto.com/products/2016-2023-toyota-tacoma-6-bed-tonneau-cover-led-light-combo,,
2024-toyota-tacoma-hidden-snap-tonneau-cover-5-bed,2024-2026 Toyota Tacoma 5 ft Bed Hidden Snap Tonneau Cover,tonneau cover - hidden snap,https://stehlenauto.com/products/2024-toyota-tacoma-hidden-snap-tonneau-cover-5-bed,,
2004-2015-nissan-titan-6-5-hidden-snap-soft-roll-up-tonneau-cover,2004-2015 Nissan Titan 6.5 ft Bed Tonneau Cover - Hidden Snap,tonneau cover - hidden snap,https://stehlenauto.com/products/2004-2015-nissan-titan-6-5-hidden-snap-soft-roll-up-tonneau-cover,,
04-15-nissan-titan-6-5-tonneau-cover-led-bed-light-combo,2004-2015 Nissan Titan 6.5 ft Bed Tonneau Cover Combo w/ LED Lights,tonneau cover - hidden snap,https://stehlenauto.com/products/04-15-nissan-titan-6-5-tonneau-cover-led-bed-light-combo,,
07-16-toyota-tundra-5-5-bed-tonneau-cover-w-led-lights-kit,2007-2016 Toyota Tundra 5.5 ft Bed Tonneau Cover & LED Light Kit,tonneau cover - hidden snap,https://stehlenauto.com/products/07-16-toyota-tundra-5-5-bed-tonneau-cover-w-led-lights-kit,,
2007-2016-toyota-tundra-6-5-tonneau-cover-led-bed-light-kit,2007-2016 Toyota Tundra 6.5 ft Bed Tonneau Cover & LED Light Kit,tonneau cover - hidden snap,https://stehlenauto.com/products/2007-2016-toyota-tundra-6-5-tonneau-cover-led-bed-light-kit,,
2014-2021-toyota-tundra-5-5-bed-soft-roll-up-tonneau-cover,2014-2021 Toyota Tundra 5.5 ft Bed Tonneau Cover - Hidden Snap,tonneau cover - hidden snap,https://stehlenauto.com/products/2014-2021-toyota-tundra-5-5-bed-soft-roll-up-tonneau-cover,,
2014-2021-toyota-tundra-5-5-bed-tonneau-cover-w-led-lights,2014-2021 Toyota Tundra 5.5 ft Bed Tonneau Cover & LED Light Kit,tonneau cover - hidden snap,https://stehlenauto.com/products/2014-2021-toyota-tundra-5-5-bed-tonneau-cover-w-led-lights,,
2014-2021-toyota-tundra-6-5-bed-soft-roll-up-tonneau-cover,2014-2021 Toyota Tundra 6.5 ft Bed Tonneau Cover - Hidden Snap,tonneau cover - hidden snap,https://stehlenauto.com/products/2014-2021-toyota-tundra-6-5-bed-soft-roll-up-tonneau-cover,,
2014-2021-toyota-tundra-6-5-tonneau-cover-w-led-bed-lights,2014-2021 Toyota Tundra 6.5 ft Bed Tonneau Cover & LED Light Kit,tonneau cover - hidden snap,https://stehlenauto.com/products/2014-2021-toyota-tundra-6-5-tonneau-cover-w-led-bed-lights,,
2004-2012-chevrolet-colorado-gmc-canyon-6-ft-bed-hidden-snap-soft-roll-up-tonneau-cover,2004-2012 Chevrolet Colorado & GMC Canyon 6 Ft Bed Hidden Snap Soft Roll-Up Tonneau Cover,tonneau cover - hidden snap,https://stehlenauto.com/products/2004-2012-chevrolet-colorado-gmc-canyon-6-ft-bed-hidden-snap-soft-roll-up-tonneau-cover,,
1982-1993-chevrolet-s10-gmc-s15-sonoma-6-ft-bed-hidden-snap-soft-roll-up-tonneau-cover,1982-1993 Chevrolet S10 & GMC S15/Sonoma 6 Ft Bed Hidden Snap Soft Roll-Up Tonneau Cover,tonneau cover - hidden snap,https://stehlenauto.com/products/1982-1993-chevrolet-s10-gmc-s15-sonoma-6-ft-bed-hidden-snap-soft-roll-up-tonneau-cover,,
2015-2022-chevy-colorado-gmc-canyon-5-bed-soft-roll-up-cover,2015-2022 Chevy Colorado/GMC Canyon 5 ft Bed Tonneau Cover - Roll-Up,tonneau cover - lock & roll up,https://stehlenauto.com/products/2015-2022-chevy-colorado-gmc-canyon-5-bed-soft-roll-up-cover,,
2015-2022-chevy-colorado-gmc-canyon-6-bed-soft-roll-up-tonneau-cover,2015-2022 Chevrolet Colorado/GMC Canyon 6 ft Bed Tonneau Cover - Soft Roll-Up,tonneau cover - lock & roll up,https://stehlenauto.com/products/2015-2022-chevy-colorado-gmc-canyon-6-bed-soft-roll-up-tonneau-cover,,
2000-2004-dodge-dakota-5-5-flush-roll-up-tonneau-cover-led-kit,2000-2004 Dodge Dakota 5.5 ft Bed Roll Up Tonneau Cover w/ LED Lights,tonneau cover - lock & roll up,https://stehlenauto.com/products/2000-2004-dodge-dakota-5-5-flush-roll-up-tonneau-cover-led-kit,,
2004-2014-ford-f-150-5-5-flush-roll-up-tonneau-cover-w-led-lights,2004-2014 Ford F-150 5.5 ft Bed Roll-Up Tonneau Cover Combo w/ LED,tonneau cover - lock & roll up,https://stehlenauto.com/products/2004-2014-ford-f-150-5-5-flush-roll-up-tonneau-cover-w-led-lights,,
05-21-nissan-frontier-5-bed-hidden-snap-roll-up-tonneau-cover,2005-2021 Nissan Frontier 5 ft Bed Soft Roll-Up Tonneau Cover,tonneau cover - lock & roll up,https://stehlenauto.com/products/05-21-nissan-frontier-5-bed-hidden-snap-roll-up-tonneau-cover,,
05-21-nissan-frontier-6-bed-hidden-snap-roll-up-tonneau-cover,2005-2021 Nissan Frontier 6 ft Bed Soft Roll-Up Tonneau Cover,tonneau cover - lock & roll up,https://stehlenauto.com/products/05-21-nissan-frontier-6-bed-hidden-snap-roll-up-tonneau-cover,,
02-09-dodge-ram-1500-2500-3500-6-5-roll-up-tonneau-cover-led-kit,2002-2009 Dodge Ram 1500/2500/3500 6.5 ft Bed Tonneau Cover Combo,tonneau cover - lock & roll up,https://stehlenauto.com/products/02-09-dodge-ram-1500-2500-3500-6-5-roll-up-tonneau-cover-led-kit,,
2019-dodge-ram-5-8ft-bed-flush-roll-up-vinyl-tonneau-cover,2019-2026 Dodge Ram 1500 5.7 ft Bed Flush Roll-Up Tonneau Cover,tonneau cover - lock & roll up,https://stehlenauto.com/products/2019-dodge-ram-5-8ft-bed-flush-roll-up-vinyl-tonneau-cover,,
2019-2026-dodge-ram-1500-5-8ft-bed-roll-up-tonneau-cover-led-kit,2019-2026 Dodge Ram 1500 5.7 ft Bed Tonneau Cover & LED Kit,tonneau cover - lock & roll up,https://stehlenauto.com/products/2019-2026-dodge-ram-1500-5-8ft-bed-roll-up-tonneau-cover-led-kit,,
2019-dodge-ram-6-4ft-bed-flush-roll-up-vinyl-tonneau-cover,2019-2026 Dodge Ram 1500 6.4 ft Bed Flush Roll-Up Tonneau Cover,tonneau cover - lock & roll up,https://stehlenauto.com/products/2019-dodge-ram-6-4ft-bed-flush-roll-up-vinyl-tonneau-cover,,
2019-dodge-ram-6-4ft-flush-roll-up-tonneau-cover-w-led-bed-lights,2019-2026 Dodge Ram 1500 6.4 ft Bed Flush Roll-Up Tonneau Cover w/ LED Lights,tonneau cover - lock & roll up,https://stehlenauto.com/products/2019-dodge-ram-6-4ft-flush-roll-up-tonneau-cover-w-led-bed-lights,,
2019-2024-ford-ranger-5-bed-roll-up-tonneau-cover-led-light-kit,2019-2023 Ford Ranger 5 ft Bed Roll-Up Tonneau Cover Combo w/ LED,tonneau cover - lock & roll up,https://stehlenauto.com/products/2019-2024-ford-ranger-5-bed-roll-up-tonneau-cover-led-light-kit,,
2019-2023-ford-ranger-6-bed-tonneau-cover-led-light-kit,2019-2023 Ford Ranger 6 ft Bed Roll-Up Tonneau Cover Combo w/ LED,tonneau cover - lock & roll up,https://stehlenauto.com/products/2019-2023-ford-ranger-6-bed-tonneau-cover-led-light-kit,,
94-03-chevy-s10-gmc-sonoma-isuzu-hombre-6-tonneau-cover,1994-2003 Chevy S10/GMC Sonoma 6 ft Bed Tonneau Cover - Roll-Up,tonneau cover - lock & roll up,https://stehlenauto.com/products/94-03-chevy-s10-gmc-sonoma-isuzu-hombre-6-tonneau-cover,,
94-03-chevy-s10-gmc-sonoma-6-tonneau-cover-led-bed-light-kit,1994-2003 Chevy S10/GMC Sonoma 6 ft Bed Soft Roll-Up Tonneau Cover,tonneau cover - lock & roll up,https://stehlenauto.com/products/94-03-chevy-s10-gmc-sonoma-6-tonneau-cover-led-bed-light-kit,,
07-14-silverado-sierra-5-8-bed-hidden-snap-tonneau-cover,2007-2014 Chevy/GMC Silverado/Sierra 5.8 ft Bed Tonneau Cover - Soft Roll-Up,tonneau cover - lock & roll up,https://stehlenauto.com/products/07-14-silverado-sierra-5-8-bed-hidden-snap-tonneau-cover,,
2014-2018-chevy-silverado-gmc-sierra-5-8-tonneau-cover-led-kit,2014-2018 Chevy/GMC Silverado/Sierra 1500 5.8 ft Bed Tonneau Cover Combo,tonneau cover - lock & roll up,https://stehlenauto.com/products/2014-2018-chevy-silverado-gmc-sierra-5-8-tonneau-cover-led-kit,,
2019-chevy-silverado-gmc-sierra-1500-5-8-tonneau-cover-led-kit,2019-2026 Chevy/GMC Silverado/Sierra 1500 5.8 ft Bed Tonneau Cover & LED Kit,tonneau cover - lock & roll up,https://stehlenauto.com/products/2019-chevy-silverado-gmc-sierra-1500-5-8-tonneau-cover-led-kit,,
2019-chevy-silverado-gmc-sierra-1500-6-5-tonneau-cover-led-kit,2019-2026 Chevy/GMC Silverado/Sierra 1500 6.6 ft Bed Roll-Up Tonneau Cover & LED Kit,tonneau cover - lock & roll up,https://stehlenauto.com/products/2019-chevy-silverado-gmc-sierra-1500-6-5-tonneau-cover-led-kit,,
2005-2015-toyota-tacoma-5-bed-roll-up-tonneau-cover-503322,2005-2015 Toyota Tacoma 5 ft Bed Roll-Up Tonneau Cover,tonneau cover - lock & roll up,https://stehlenauto.com/products/2005-2015-toyota-tacoma-5-bed-roll-up-tonneau-cover-503322,,
05-15-toyota-tacoma-5-bed-tonneau-cover-led-light-kit-combo,2005-2015 Toyota Tacoma 5 ft Bed Roll-Up Tonneau Cover Combo w/ LED,tonneau cover - lock & roll up,https://stehlenauto.com/products/05-15-toyota-tacoma-5-bed-tonneau-cover-led-light-kit-combo,,
2016-2023-toyota-tacoma-5-bed-soft-roll-up-tonneau-cover,2016-2023 Toyota Tacoma 5 ft Bed Soft Roll-Up Tonneau Cover,tonneau cover - lock & roll up,https://stehlenauto.com/products/2016-2023-toyota-tacoma-5-bed-soft-roll-up-tonneau-cover,,
2016-2023-toyota-tacoma-5-bed-tonneau-cover-led-light-combo,2016-2023 Toyota Tacoma 5 ft Bed Tonneau Cover & LED Light Combo,tonneau cover - lock & roll up,https://stehlenauto.com/products/2016-2023-toyota-tacoma-5-bed-tonneau-cover-led-light-combo,,
2016-toyota-tacoma-6-bed-flush-roll-up-vinyl-tonneau-cover,2016-2023 Toyota Tacoma 6 ft Bed Flush Roll-Up Tonneau Cover,tonneau cover - lock & roll up,https://stehlenauto.com/products/2016-toyota-tacoma-6-bed-flush-roll-up-vinyl-tonneau-cover,,
2016-2024-toyota-tacoma-6-bed-roll-up-tonneau-cover-led-light-kit,2016-2023 Toyota Tacoma 6 ft Bed Tonneau Cover Combo w/ LED Lights,tonneau cover - lock & roll up,https://stehlenauto.com/products/2016-2024-toyota-tacoma-6-bed-roll-up-tonneau-cover-led-light-kit,,
2016-2023-toyota-tacoma-6-bed-soft-roll-up-tonneau-cover,2016-2023 Toyota Tacoma 6 ft Bed Hidden Snap Soft Roll-Up Tonneau Cover,tonneau cover - lock & roll up,https://stehlenauto.com/products/2016-2023-toyota-tacoma-6-bed-soft-roll-up-tonneau-cover,,
2016-2023-toyota-tacoma-6-bed-soft-roll-up-tonneau-cover-1,2016-2023 Toyota Tacoma 6 ft Bed Lock & Roll-Up Soft Tonneau Cover,tonneau cover - lock & roll up,https://stehlenauto.com/products/2016-2023-toyota-tacoma-6-bed-soft-roll-up-tonneau-cover-1,,
2016-2023-toyota-tacoma-6-bed-roll-up-tonneau-cover-w-led-lights,2016-2023 Toyota Tacoma 6 ft Bed Tonneau Cover & LED Light Kit,tonneau cover - lock & roll up,https://stehlenauto.com/products/2016-2023-toyota-tacoma-6-bed-roll-up-tonneau-cover-w-led-lights,,
2024-toyota-tacoma-low-profile-roll-up-tonneau-cover-5-bed,2024-2026 Toyota Tacoma 5 ft Bed Roll Up Tonneau Cover,tonneau cover - lock & roll up,https://stehlenauto.com/products/2024-toyota-tacoma-low-profile-roll-up-tonneau-cover-5-bed,,
1989-2004-toyota-tacoma-pickup-6-bed-roll-up-tonneau-cover,1989-2004 Toyota Tacoma/Pickup 6 ft Bed Roll-Up Tonneau Cover,tonneau cover - lock & roll up,https://stehlenauto.com/products/1989-2004-toyota-tacoma-pickup-6-bed-roll-up-tonneau-cover,,
1989-2004-toyota-tacoma-pickup-6-roll-up-tonneau-cover-led-lights,1989-2004 Toyota Tacoma/Pickup 6 ft Bed Roll-Up Tonneau Cover Combo,tonneau cover - lock & roll up,https://stehlenauto.com/products/1989-2004-toyota-tacoma-pickup-6-roll-up-tonneau-cover-led-lights,,
2016-nissan-titan-5-5-flush-roll-up-tonneau-cover-w-led-lights,2017-2024 Nissan Titan 5.5 ft Bed Flush Roll-Up Tonneau Cover Combo w/ LED Lights,tonneau cover - lock & roll up,https://stehlenauto.com/products/2016-nissan-titan-5-5-flush-roll-up-tonneau-cover-w-led-lights,,
2004-2006-toyota-tundra-roll-up-tonneau-cover-w-led-bed-lights,2004-2006 Toyota Tundra 6.2 ft Bed Roll-Up Tonneau Cover w/ LED Lights,tonneau cover - lock & roll up,https://stehlenauto.com/products/2004-2006-toyota-tundra-roll-up-tonneau-cover-w-led-bed-lights,,
2007-2016-toyota-tundra-5-5-bed-soft-roll-up-tonneau-cover,2007-2016 Toyota Tundra 5.5 ft Bed Soft Roll-Up Tonneau Cover,tonneau cover - lock & roll up,https://stehlenauto.com/products/2007-2016-toyota-tundra-5-5-bed-soft-roll-up-tonneau-cover,,
2007-2016-toyota-tundra-5-5-bed-roll-up-tonneau-cover-503337,2007-2016 Toyota Tundra 5.5 ft Bed Roll-Up Tonneau Cover,tonneau cover - lock & roll up,https://stehlenauto.com/products/2007-2016-toyota-tundra-5-5-bed-roll-up-tonneau-cover-503337,,
2007-2016-toyota-tundra-roll-up-tonneau-cover-w-led-bed-lights,2007-2016 Toyota Tundra 5.5 ft Bed Roll-Up Tonneau Cover w/ LED Lights,tonneau cover - lock & roll up,https://stehlenauto.com/products/2007-2016-toyota-tundra-roll-up-tonneau-cover-w-led-bed-lights,,
2007-2016-toyota-tundra-6-5-bed-soft-roll-up-tonneau-cover,2007-2016 Toyota Tundra 6.5 ft Bed Soft Roll-Up Tonneau Cover,tonneau cover - lock & roll up,https://stehlenauto.com/products/2007-2016-toyota-tundra-6-5-bed-soft-roll-up-tonneau-cover,,
2007-2016-toyota-tundra-6-5-bed-roll-up-vinyl-tonneau-cover,2007-2016 Toyota Tundra 6.5 ft Bed Roll-Up Tonneau Cover,tonneau cover - lock & roll up,https://stehlenauto.com/products/2007-2016-toyota-tundra-6-5-bed-roll-up-vinyl-tonneau-cover,,
07-16-toyota-tundra-6-5-roll-up-tonneau-cover-led-bed-lights,2007-2016 Toyota Tundra 6.5 ft Bed Roll-Up Tonneau Cover w/ LED Lights,tonneau cover - lock & roll up,https://stehlenauto.com/products/07-16-toyota-tundra-6-5-roll-up-tonneau-cover-led-bed-lights,,
2014-2021-toyota-tundra-5-5-bed-roll-up-tonneau-cover-503364,2014-2021 Toyota Tundra 5.5 ft Bed Roll-Up Tonneau Cover,tonneau cover - lock & roll up,https://stehlenauto.com/products/2014-2021-toyota-tundra-5-5-bed-roll-up-tonneau-cover-503364,,
2014-2021-toyota-tundra-5-5-roll-up-tonneau-cover-led-light-kit,2014-2021 Toyota Tundra 5.5 ft Bed Roll-Up Tonneau Cover w/ LED Lights,tonneau cover - lock & roll up,https://stehlenauto.com/products/2014-2021-toyota-tundra-5-5-roll-up-tonneau-cover-led-light-kit,,
2014-2021-toyota-tundra-6-5-bed-roll-up-tonneau-cover-503365,2014-2021 Toyota Tundra 6.5 ft Bed Roll-Up Tonneau Cover,tonneau cover - lock & roll up,https://stehlenauto.com/products/2014-2021-toyota-tundra-6-5-bed-roll-up-tonneau-cover-503365,,
2014-2021-toyota-tundra-6-5-roll-up-tonneau-cover-w-led-lights,2014-2021 Toyota Tundra 6.5 ft Bed Roll-Up Tonneau Cover Combo,tonneau cover - lock & roll up,https://stehlenauto.com/products/2014-2021-toyota-tundra-6-5-roll-up-tonneau-cover-w-led-lights,,
2017-2022-ford-f-250-f-350-f-450-super-duty-6-75-ft-bed-lock-roll-up-tonneau-cover,2017-2022 Ford F-250/F-350/F-450 Super Duty 6.75 Ft Bed Lock & Roll-Up Tonneau Cover,tonneau cover - lock & roll up,https://stehlenauto.com/products/2017-2022-ford-f-250-f-350-f-450-super-duty-6-75-ft-bed-lock-roll-up-tonneau-cover,,
2019-2023-ford-ranger-5-ft-bed-lock-roll-up-tonneau-cover,2019-2023 Ford Ranger 5 Ft Bed Lock & Roll-Up Tonneau Cover,tonneau cover - lock & roll up,https://stehlenauto.com/products/2019-2023-ford-ranger-5-ft-bed-lock-roll-up-tonneau-cover,,
2019-2023-ford-ranger-6-ft-bed-lock-roll-up-tonneau-cover,2019-2023 Ford Ranger 6 Ft Bed Lock & Roll-Up Tonneau Cover,tonneau cover - lock & roll up,https://stehlenauto.com/products/2019-2023-ford-ranger-6-ft-bed-lock-roll-up-tonneau-cover,,
1983-2011-ford-ranger-mazda-b-series-6-ft-bed-lock-roll-up-tonneau-cover,1983-2011 Ford Ranger & Mazda B-Series 6 Ft Bed Lock & Roll-Up Tonneau Cover,tonneau cover - lock & roll up,https://stehlenauto.com/products/1983-2011-ford-ranger-mazda-b-series-6-ft-bed-lock-roll-up-tonneau-cover,,
2017-2022-ford-f-250-f-350-super-duty-8-ft-bed-lock-roll-up-tonneau-cover,2017-2022 Ford F-250/F-350 Super Duty 8 Ft Bed Lock & Roll-Up Tonneau Cover,tonneau cover - lock & roll up,https://stehlenauto.com/products/2017-2022-ford-f-250-f-350-super-duty-8-ft-bed-lock-roll-up-tonneau-cover,,
2022-toyota-tundra-5-5-hard-tri-fold-tonneau-cover-mpn-2433112,2022-2026 Toyota Tundra 5.5 ft Bed Tonneau Cover - Hard Tri-Fold,tonneau cover - tri-fold,https://stehlenauto.com/products/2022-toyota-tundra-5-5-hard-tri-fold-tonneau-cover-mpn-2433112,,
2015-ford-f-150-6-5ft-bed-tonneau-cover-hard-tri-fold,2015-2026 Ford F-150 6.5 ft Bed Tonneau Cover - Hard Tri-Fold,tonneau cover - tri-fold,https://stehlenauto.com/products/2015-ford-f-150-6-5ft-bed-tonneau-cover-hard-tri-fold,,
2015-2022-chevy-colorado-gmc-canyon-5-tri-fold-tonneau-cover,2015-2022 Chevrolet Colorado/GMC Canyon 5 ft Bed Tri-Fold Tonneau Cover,tonneau cover - tri-fold,https://stehlenauto.com/products/2015-2022-chevy-colorado-gmc-canyon-5-tri-fold-tonneau-cover,,
04-14-ford-f-150-lincoln-mark-lt-5-5-tri-fold-tonneau-cover,2004-2014 Ford F-150 5.5 ft Bed Tri-Fold Tonneau Cover,tonneau cover - tri-fold,https://stehlenauto.com/products/04-14-ford-f-150-lincoln-mark-lt-5-5-tri-fold-tonneau-cover,,
2006-2008-lincoln-mark-lt-6-5-tri-fold-tonneau-cover-led-light-kit,2006-2008 Lincoln Mark LT 6.5 ft Bed Tri-Fold Tonneau Cover Combo,tonneau cover - tri-fold,https://stehlenauto.com/products/2006-2008-lincoln-mark-lt-6-5-tri-fold-tonneau-cover-led-light-kit,,
2017-2022-ford-super-duty-6-75-bed-soft-tri-fold-tonneau-cover,2017-2022 Ford Super Duty 6.75 ft Bed Soft Tri-Fold Tonneau Cover,tonneau cover - tri-fold,https://stehlenauto.com/products/2017-2022-ford-super-duty-6-75-bed-soft-tri-fold-tonneau-cover,,
2017-2022-ford-super-duty-6-75-tri-fold-tonneau-cover-led-light-kit,2017-2022 Ford Super Duty 6.75 ft Bed Tri-Fold Tonneau Cover Combo,tonneau cover - tri-fold,https://stehlenauto.com/products/2017-2022-ford-super-duty-6-75-tri-fold-tonneau-cover-led-light-kit,,
2022-ford-maverick-4-6ft-bed-soft-tri-fold-tonneau-cover-3033115,2022-2024 Ford Maverick 4.5 ft Bed Tri-Fold Tonneau Cover,tonneau cover - tri-fold,https://stehlenauto.com/products/2022-ford-maverick-4-6ft-bed-soft-tri-fold-tonneau-cover-3033115,,
2022-2024-ford-maverick-4-6ft-bed-tri-fold-tonneau-cover-w-led-lights,2022-2024 Ford Maverick 4.5 ft Bed Soft Tri-Fold Tonneau Cover Combo,tonneau cover - tri-fold,https://stehlenauto.com/products/2022-2024-ford-maverick-4-6ft-bed-tri-fold-tonneau-cover-w-led-lights,,
02-09-dodge-ram-1500-2500-3500-tri-fold-tonneau-cover-6-5-bed,2002-2009 Dodge Ram 1500/2500/3500 6.5 ft Bed Tri-Fold Tonneau Cover,tonneau cover - tri-fold,https://stehlenauto.com/products/02-09-dodge-ram-1500-2500-3500-tri-fold-tonneau-cover-6-5-bed,,
02-09-dodge-ram-1500-2500-3500-tri-fold-tonneau-cover-w-led-lights,2002-2009 Dodge Ram 6.5 ft Bed Tri-Fold Tonneau Cover w/ LED Lights,tonneau cover - tri-fold,https://stehlenauto.com/products/02-09-dodge-ram-1500-2500-3500-tri-fold-tonneau-cover-w-led-lights,,
94-03-chevy-s10-gmc-sonoma-isuzu-hombre-6-tri-fold-tonneau-cover,1994-2003 Chevy S10 GMC Sonoma 6 ft Bed Tri-Fold Tonneau Cover,tonneau cover - tri-fold,https://stehlenauto.com/products/94-03-chevy-s10-gmc-sonoma-isuzu-hombre-6-tri-fold-tonneau-cover,,
94-03-chevy-s10-gmc-sonoma-6-tri-fold-tonneau-cover-led-light-kit,1994-2003 Chevy S10/GMC Sonoma 6 ft Bed Tri-Fold Tonneau Cover Combo,tonneau cover - tri-fold,https://stehlenauto.com/products/94-03-chevy-s10-gmc-sonoma-6-tri-fold-tonneau-cover-led-light-kit,,
2014-2018-chevy-silverado-gmc-sierra-5-8-tri-fold-tonneau-cover,2014-2018 Chevrolet/GMC Truck 5.8 ft Bed Tri-Fold Tonneau Cover,tonneau cover - tri-fold,https://stehlenauto.com/products/2014-2018-chevy-silverado-gmc-sierra-5-8-tri-fold-tonneau-cover,,
2014-2018-silverado-sierra-5-8-tri-fold-tonneau-cover-w-led-lights,2014-2018 Chevy/GMC 5.8 ft Bed Tri-Fold Tonneau Cover w/ LED Lights,tonneau cover - tri-fold,https://stehlenauto.com/products/2014-2018-silverado-sierra-5-8-tri-fold-tonneau-cover-w-led-lights,,
2005-2015-toyota-tacoma-6-bed-tri-fold-tonneau-cover-303345,2005-2015 Toyota Tacoma 6 ft Bed Tri-Fold Tonneau Cover,tonneau cover - tri-fold,https://stehlenauto.com/products/2005-2015-toyota-tacoma-6-bed-tri-fold-tonneau-cover-303345,,
2005-2015-toyota-tacoma-6-tri-fold-tonneau-cover-led-bed-lights,2005-2015 Toyota Tacoma 6 ft Bed Tri-Fold Tonneau Cover w/ LED Lights,tonneau cover - tri-fold,https://stehlenauto.com/products/2005-2015-toyota-tacoma-6-tri-fold-tonneau-cover-led-bed-lights,,
2004-2015-nissan-titan-6-5-bed-soft-tri-fold-tonneau-cover,2004-2015 Nissan Titan 6.5 ft Bed Soft Tri-Fold Tonneau Cover,tonneau cover - tri-fold,https://stehlenauto.com/products/2004-2015-nissan-titan-6-5-bed-soft-tri-fold-tonneau-cover,,
2004-2015-nissan-titan-6-5-soft-tri-fold-tonneau-cover-w-led-kit,2004-2015 Nissan Titan 6.5 ft Bed Soft Tri-Fold Tonneau Cover Combo,tonneau cover - tri-fold,https://stehlenauto.com/products/2004-2015-nissan-titan-6-5-soft-tri-fold-tonneau-cover-w-led-kit,,
2017-2024-nissan-titan-5-5-soft-tri-fold-tonneau-cover-303334,2017-2024 Nissan Titan 5.5 ft Bed Soft Tri-Fold Tonneau Cover,tonneau cover - tri-fold,https://stehlenauto.com/products/2017-2024-nissan-titan-5-5-soft-tri-fold-tonneau-cover-303334,,
2017-2024-nissan-titan-5-5-tri-fold-tonneau-cover-led-light-kit,2017-2024 Nissan Titan 5.5 ft Bed Soft Tri-Fold Tonneau Cover Combo,tonneau cover - tri-fold,https://stehlenauto.com/products/2017-2024-nissan-titan-5-5-tri-fold-tonneau-cover-led-light-kit,,
2007-2016-toyota-tundra-5-5-bed-tri-fold-tonneau-cover-303337,2007-2016 Toyota Tundra 5.5 ft Bed Tri-Fold Tonneau Cover,tonneau cover - tri-fold,https://stehlenauto.com/products/2007-2016-toyota-tundra-5-5-bed-tri-fold-tonneau-cover-303337,,
2007-2016-toyota-tundra-tri-fold-tonneau-cover-w-led-bed-lights,2007-2016 Toyota Tundra 5.5 ft Bed Tri-Fold Tonneau Cover Combo,tonneau cover - tri-fold,https://stehlenauto.com/products/2007-2016-toyota-tundra-tri-fold-tonneau-cover-w-led-bed-lights,,
2014-2021-toyota-tundra-6-5-bed-soft-tri-fold-tonneau-cover,2014-2021 Toyota Tundra 6.5 ft Bed Soft Tri-Fold Tonneau Cover,tonneau cover - tri-fold,https://stehlenauto.com/products/2014-2021-toyota-tundra-6-5-bed-soft-tri-fold-tonneau-cover,,
2014-2021-toyota-tundra-6-5-soft-tri-fold-tonneau-cover-w-led-lights,2014-2021 Toyota Tundra 6.5 ft Bed Tri-Fold Tonneau Cover w/ LED Kit,tonneau cover - tri-fold,https://stehlenauto.com/products/2014-2021-toyota-tundra-6-5-soft-tri-fold-tonneau-cover-w-led-lights,,
2004-2011-chevrolet-cobalt-hhr-trailer-hitch-class-1,2004-2011 Chevrolet Cobalt/HHR Saturn Ion Pontiac G5 Trailer Hitch - Class 1,trailer hitch,https://stehlenauto.com/products/2004-2011-chevrolet-cobalt-hhr-trailer-hitch-class-1,,
8-drop-trailer-hitch-ball-mount-2-receiver-chrome-5000lb,"8"" Drop Trailer Hitch Ball Mount 2"" Receiver w/ 2"" Ball Chrome",trailer hitch,https://stehlenauto.com/products/8-drop-trailer-hitch-ball-mount-2-receiver-chrome-5000lb,,
3-in-1-tri-ball-trailer-hitch-mount-2-receiver-w-hook,"3-Ball Trailer Hitch Mount 2"" Receiver 1-7/8"" 2"" 2-5/16""",trailer hitch,https://stehlenauto.com/products/3-in-1-tri-ball-trailer-hitch-mount-2-receiver-w-hook,,
2004-2015-nissan-armada-infiniti-qx56-class-3-trailer-hitch,2004-2015 Nissan Armada Infiniti QX56 Class 3 Trailer Hitch,trailer hitch,https://stehlenauto.com/products/2004-2015-nissan-armada-infiniti-qx56-class-3-trailer-hitch,,
2020-2024-jeep-gladiator-jt-class-3-trailer-hitch-2-receiver,"2020-2026 Jeep Gladiator 2"" Class 3 Trailer Hitch Receiver - Black",trailer hitch,https://stehlenauto.com/products/2020-2024-jeep-gladiator-jt-class-3-trailer-hitch-2-receiver,,
2019-2025-dodge-ram-1500-2-trailer-hitch-receiver-class-3,"2019-2026 Dodge Ram 1500 2"" Class 3 Trailer Hitch Receiver",trailer hitch,https://stehlenauto.com/products/2019-2025-dodge-ram-1500-2-trailer-hitch-receiver-class-3,,
curt-class-3-trailer-hitch-ball-mount-combo-black,CURT Class 3 Trailer Hitch & Ball Mount Combo - Black,trailer hitch kit,https://stehlenauto.com/products/curt-class-3-trailer-hitch-ball-mount-combo-black,,
2015-2026-ford-f-150-class-4-trailer-hitch-ball-mount-combo,2015-2026 Ford F-150 Class 4 Trailer Hitch & Ball Mount Combo,trailer hitch kit,https://stehlenauto.com/products/2015-2026-ford-f-150-class-4-trailer-hitch-ball-mount-combo,,
2014-2018-subaru-forester-class-3-trailer-hitch-w-ball-mount,2014-2018 Subaru Forester Class 3 Trailer Hitch w/ Ball Mount,trailer hitch kit,https://stehlenauto.com/products/2014-2018-subaru-forester-class-3-trailer-hitch-w-ball-mount,,
04-09-toyota-highlander-lexus-rx-class-3-trailer-hitch-black,2004-2009 Toyota Highlander Lexus RX Class 3 Trailer Hitch - Black,trailer hitch kit,https://stehlenauto.com/products/04-09-toyota-highlander-lexus-rx-class-3-trailer-hitch-black,,
2004-2007-toyota-highlander-class-3-trailer-hitch-wiring-combo,2004-2007 Toyota Highlander Class 3 Trailer Hitch & Wiring Combo,trailer hitch kit,https://stehlenauto.com/products/2004-2007-toyota-highlander-class-3-trailer-hitch-wiring-combo,,
2013-2020-nissan-pathfinder-infiniti-qx60-class-3-trailer-hitch,2013-2020 Nissan Pathfinder Infiniti QX60 Class 3 Trailer Hitch,trailer hitch kit,https://stehlenauto.com/products/2013-2020-nissan-pathfinder-infiniti-qx60-class-3-trailer-hitch,,
2010-2015-lexus-rx350-rx450h-class-3-trailer-hitch-w-ball-mount,2010-2015 Lexus RX350 RX450h Class 3 Trailer Hitch w/ Ball Mount,trailer hitch kit,https://stehlenauto.com/products/2010-2015-lexus-rx350-rx450h-class-3-trailer-hitch-w-ball-mount,,
2006-2014-kia-sedona-hyundai-entourage-class-3-trailer-hitch,2006-2014 Kia Sedona & Hyundai Entourage Class 3 Trailer Hitch,trailer hitch kit,https://stehlenauto.com/products/2006-2014-kia-sedona-hyundai-entourage-class-3-trailer-hitch,,
2006-2014-kia-sedona-hyundai-entourage-class-3-trailer-hitch-combo,2006-2014 Kia Sedona & Hyundai Entourage Class 3 Trailer Hitch Combo,trailer hitch kit,https://stehlenauto.com/products/2006-2014-kia-sedona-hyundai-entourage-class-3-trailer-hitch-combo,,
2010-2013-kia-sorento-hyundai-santa-fe-class-3-hitch-ball-mount,2010-2013 Kia Sorento Hyundai Santa Fe Class 3 Hitch & Ball Mount,trailer hitch kit,https://stehlenauto.com/products/2010-2013-kia-sorento-hyundai-santa-fe-class-3-hitch-ball-mount,,
2016-2023-toyota-tacoma-class-3-trailer-hitch-combo-w-ball-mount,2016-2023 Toyota Tacoma Class 3 Trailer Hitch Combo w/ Ball Mount,trailer hitch kit,https://stehlenauto.com/products/2016-2023-toyota-tacoma-class-3-trailer-hitch-combo-w-ball-mount,,
2000-2011-dodge-dakota-5-5-ft-bed-eva-foam-truck-bed-mat-interlocking-black,"2000-2011 Dodge Dakota 5.5 Ft Bed EVA Foam Truck Bed Mat — Interlocking, Black",truck bed mat - foam,https://stehlenauto.com/products/2000-2011-dodge-dakota-5-5-ft-bed-eva-foam-truck-bed-mat-interlocking-black,,
2001-2003-ford-f-150-styleside-5-5-ft-bed-eva-foam-truck-bed-mat-interlocking-black,"2001-2003 Ford F-150 Styleside 5.5 Ft Bed EVA Foam Truck Bed Mat — Interlocking, Black",truck bed mat - foam,https://stehlenauto.com/products/2001-2003-ford-f-150-styleside-5-5-ft-bed-eva-foam-truck-bed-mat-interlocking-black,,
2015-2026-ford-f-150-lightning-5-5-ft-bed-eva-foam-truck-bed-mat-interlocking-black,"2015-2026 Ford F-150 & Lightning 5.5 Ft Bed EVA Foam Truck Bed Mat — Interlocking, Black",truck bed mat - foam,https://stehlenauto.com/products/2015-2026-ford-f-150-lightning-5-5-ft-bed-eva-foam-truck-bed-mat-interlocking-black,,
2015-2026-ford-f-150-6-5-ft-bed-eva-foam-truck-bed-mat-interlocking-black,"2015-2026 Ford F-150 6.5 Ft Bed EVA Foam Truck Bed Mat — Interlocking, Black",truck bed mat - foam,https://stehlenauto.com/products/2015-2026-ford-f-150-6-5-ft-bed-eva-foam-truck-bed-mat-interlocking-black,,
2005-2021-nissan-frontier-5-ft-bed-eva-foam-truck-bed-mat-interlocking-black,"2005-2021 Nissan Frontier 5 Ft Bed EVA Foam Truck Bed Mat — Interlocking, Black",truck bed mat - foam,https://stehlenauto.com/products/2005-2021-nissan-frontier-5-ft-bed-eva-foam-truck-bed-mat-interlocking-black,,
2005-2021-nissan-frontier-6-ft-bed-eva-foam-truck-bed-mat-interlocking-black,"2005-2021 Nissan Frontier 6 Ft Bed EVA Foam Truck Bed Mat — Interlocking, Black",truck bed mat - foam,https://stehlenauto.com/products/2005-2021-nissan-frontier-6-ft-bed-eva-foam-truck-bed-mat-interlocking-black,,
2005-2023-toyota-tacoma-5-ft-bed-eva-foam-truck-bed-mat-interlocking-black,"2005-2023 Toyota Tacoma 5 Ft Bed EVA Foam Truck Bed Mat — Interlocking, Black",truck bed mat - foam,https://stehlenauto.com/products/2005-2023-toyota-tacoma-5-ft-bed-eva-foam-truck-bed-mat-interlocking-black,,
2005-2023-toyota-tacoma-6-ft-bed-eva-foam-truck-bed-mat-interlocking-black,"2005-2023 Toyota Tacoma 6 Ft Bed EVA Foam Truck Bed Mat — Interlocking, Black",truck bed mat - foam,https://stehlenauto.com/products/2005-2023-toyota-tacoma-6-ft-bed-eva-foam-truck-bed-mat-interlocking-black,,
2004-2024-nissan-titan-5-7-ft-bed-eva-foam-truck-bed-mat-interlocking-black,"2004-2024 Nissan Titan 5.7 Ft Bed EVA Foam Truck Bed Mat — Interlocking, Black",truck bed mat - foam,https://stehlenauto.com/products/2004-2024-nissan-titan-5-7-ft-bed-eva-foam-truck-bed-mat-interlocking-black,,
2007-2021-toyota-tundra-5-5-ft-bed-eva-foam-truck-bed-mat-interlocking-black,"2007-2021 Toyota Tundra 5.5 Ft Bed EVA Foam Truck Bed Mat — Interlocking, Black",truck bed mat - foam,https://stehlenauto.com/products/2007-2021-toyota-tundra-5-5-ft-bed-eva-foam-truck-bed-mat-interlocking-black,,
2007-2021-toyota-tundra-6-5-ft-bed-eva-foam-truck-bed-mat-interlocking-black,"2007-2021 Toyota Tundra 6.5 Ft Bed EVA Foam Truck Bed Mat — Interlocking, Black",truck bed mat - foam,https://stehlenauto.com/products/2007-2021-toyota-tundra-6-5-ft-bed-eva-foam-truck-bed-mat-interlocking-black,,
2015-2026-ford-f-150-8-ft-bed-eva-foam-truck-bed-mat-interlocking-black,"2015-2026 Ford F-150 8 Ft Bed EVA Foam Truck Bed Mat — Interlocking, Black",truck bed mat - foam,https://stehlenauto.com/products/2015-2026-ford-f-150-8-ft-bed-eva-foam-truck-bed-mat-interlocking-black,,
2022-2026-nissan-frontier-5-ft-bed-eva-foam-truck-bed-mat-interlocking-black,"2022-2026 Nissan Frontier 5 Ft Bed EVA Foam Truck Bed Mat — Interlocking, Black",truck bed mat - foam,https://stehlenauto.com/products/2022-2026-nissan-frontier-5-ft-bed-eva-foam-truck-bed-mat-interlocking-black,,
2022-2026-gmc-hummer-ev-pickup-eva-foam-truck-bed-mat-interlocking-black,"2022-2026 GMC Hummer EV Pickup EVA Foam Truck Bed Mat — Interlocking, Black",truck bed mat - foam,https://stehlenauto.com/products/2022-2026-gmc-hummer-ev-pickup-eva-foam-truck-bed-mat-interlocking-black,,
2020-2026-jeep-gladiator-5-ft-bed-eva-foam-truck-bed-mat-interlocking-black,"2020-2026 Jeep Gladiator 5 Ft Bed EVA Foam Truck Bed Mat — Interlocking, Black",truck bed mat - foam,https://stehlenauto.com/products/2020-2026-jeep-gladiator-5-ft-bed-eva-foam-truck-bed-mat-interlocking-black,,
2022-2026-ford-maverick-4-6-ft-bed-eva-foam-truck-bed-mat-interlocking-black,"2022-2026 Ford Maverick 4.6 Ft Bed EVA Foam Truck Bed Mat — Interlocking, Black",truck bed mat - foam,https://stehlenauto.com/products/2022-2026-ford-maverick-4-6-ft-bed-eva-foam-truck-bed-mat-interlocking-black,,
2022-2026-rivian-r1t-eva-foam-truck-bed-mat-2pc-w-front-trunk-mat-interlocking-black,"2022-2026 Rivian R1T EVA Foam Truck Bed Mat 2pc w/ Front Trunk Mat — Interlocking, Black",truck bed mat - foam,https://stehlenauto.com/products/2022-2026-rivian-r1t-eva-foam-truck-bed-mat-2pc-w-front-trunk-mat-interlocking-black,,
2019-2026-ram-1500-5-7-ft-bed-eva-foam-truck-bed-mat-interlocking-black,"2019-2026 Ram 1500 5.7 Ft Bed EVA Foam Truck Bed Mat — Interlocking, Black",truck bed mat - foam,https://stehlenauto.com/products/2019-2026-ram-1500-5-7-ft-bed-eva-foam-truck-bed-mat-interlocking-black,,
2019-2026-ram-2500-3500-6-4-ft-bed-eva-foam-truck-bed-mat-interlocking-black,"2019-2026 Ram 2500/3500 6.4 Ft Bed EVA Foam Truck Bed Mat — Interlocking, Black",truck bed mat - foam,https://stehlenauto.com/products/2019-2026-ram-2500-3500-6-4-ft-bed-eva-foam-truck-bed-mat-interlocking-black,,
2019-2026-ram-2500-3500-8-ft-bed-eva-foam-truck-bed-mat-interlocking-black,"2019-2026 Ram 2500/3500 8 Ft Bed EVA Foam Truck Bed Mat — Interlocking, Black",truck bed mat - foam,https://stehlenauto.com/products/2019-2026-ram-2500-3500-8-ft-bed-eva-foam-truck-bed-mat-interlocking-black,,
2019-2023-ford-ranger-5-ft-bed-eva-foam-truck-bed-mat-interlocking-black,"2019-2023 Ford Ranger 5 Ft Bed EVA Foam Truck Bed Mat — Interlocking, Black",truck bed mat - foam,https://stehlenauto.com/products/2019-2023-ford-ranger-5-ft-bed-eva-foam-truck-bed-mat-interlocking-black,,
2019-2023-ford-ranger-6-ft-bed-eva-foam-truck-bed-mat-interlocking-black,"2019-2023 Ford Ranger 6 Ft Bed EVA Foam Truck Bed Mat — Interlocking, Black",truck bed mat - foam,https://stehlenauto.com/products/2019-2023-ford-ranger-6-ft-bed-eva-foam-truck-bed-mat-interlocking-black,,
1983-2011-ford-ranger-7-ft-bed-eva-foam-truck-bed-mat-interlocking-black,"1983-2011 Ford Ranger 7 Ft Bed EVA Foam Truck Bed Mat — Interlocking, Black",truck bed mat - foam,https://stehlenauto.com/products/1983-2011-ford-ranger-7-ft-bed-eva-foam-truck-bed-mat-interlocking-black,,
2017-2026-honda-ridgeline-eva-foam-truck-bed-mat-interlocking-black,"2017-2026 Honda Ridgeline EVA Foam Truck Bed Mat — Interlocking, Black",truck bed mat - foam,https://stehlenauto.com/products/2017-2026-honda-ridgeline-eva-foam-truck-bed-mat-interlocking-black,,
2022-2026-hyundai-santa-cruz-4-ft-bed-eva-foam-truck-bed-mat-interlocking-black,"2022-2026 Hyundai Santa Cruz 4 Ft Bed EVA Foam Truck Bed Mat — Interlocking, Black",truck bed mat - foam,https://stehlenauto.com/products/2022-2026-hyundai-santa-cruz-4-ft-bed-eva-foam-truck-bed-mat-interlocking-black,,
2017-2024-nissan-titan-8-ft-bed-eva-foam-truck-bed-mat-interlocking-black,"2017-2024 Nissan Titan 8 Ft Bed EVA Foam Truck Bed Mat — Interlocking, Black",truck bed mat - foam,https://stehlenauto.com/products/2017-2024-nissan-titan-8-ft-bed-eva-foam-truck-bed-mat-interlocking-black,,
2022-2026-toyota-tundra-5-5-ft-bed-eva-foam-truck-bed-mat-interlocking-black,"2022-2026 Toyota Tundra 5.5 Ft Bed EVA Foam Truck Bed Mat — Interlocking, Black",truck bed mat - foam,https://stehlenauto.com/products/2022-2026-toyota-tundra-5-5-ft-bed-eva-foam-truck-bed-mat-interlocking-black,,
2023-ford-ranger-5-bed-molle-panels-3pc-mp-fo-ra-2326-61-1,2024-2025 Ford Ranger 5 ft Bed MOLLE Panels Front & Sides - 3pc,truck bed mat - rubber,https://stehlenauto.com/products/2023-ford-ranger-5-bed-molle-panels-3pc-mp-fo-ra-2326-61-1,,
2018-2024-chevy-equinox-hex-style-rubber-trunk-mat-black-1pc,2018-2024 Chevrolet Equinox All-Weather Rubber Trunk Mat - 1PC,truck bed mat - rubber,https://stehlenauto.com/products/2018-2024-chevy-equinox-hex-style-rubber-trunk-mat-black-1pc,,
2018-2024-chevy-traverse-hex-style-rubber-trunk-mat-black-1pc,2018-2024 Chevrolet Traverse Rubber Trunk Mat - Hex Style,truck bed mat - rubber,https://stehlenauto.com/products/2018-2024-chevy-traverse-hex-style-rubber-trunk-mat-black-1pc,,
2004-2012-chevy-colorado-gmc-canyon-5-bed-rubber-truck-bed-mat-grey,2004-2012 Chevrolet Colorado/GMC Canyon 5 ft Bed Rubber Bed Mat - Grey,truck bed mat - rubber,https://stehlenauto.com/products/2004-2012-chevy-colorado-gmc-canyon-5-bed-rubber-truck-bed-mat-grey,,
2004-2012-chevy-colorado-gmc-canyon-5ft-bed-rubber-mat-v2,2004-2012 Chevrolet Colorado/GMC Canyon 5 ft Bed Rubber Bed Mat - V2,truck bed mat - rubber,https://stehlenauto.com/products/2004-2012-chevy-colorado-gmc-canyon-5ft-bed-rubber-mat-v2,,
2004-2012-chevy-colorado-gmc-canyon-6-bed-rubber-mat-grey,2004-2012 Chevy Colorado/GMC Canyon 6 ft Bed Rubber Bed Mat - Grey,truck bed mat - rubber,https://stehlenauto.com/products/2004-2012-chevy-colorado-gmc-canyon-6-bed-rubber-mat-grey,,
04-12-chevy-colorado-gmc-canyon-6ft-bed-rubber-mat-aa016-v2,2004-2012 Chevy Colorado/GMC Canyon 6 ft Bed Rubber Bed Mat - V2,truck bed mat - rubber,https://stehlenauto.com/products/04-12-chevy-colorado-gmc-canyon-6ft-bed-rubber-mat-aa016-v2,,
2015-2022-chevy-colorado-gmc-canyon-5-bed-rubber-mat-grey,2015-2022 Chevy Colorado/GMC Canyon 5 ft Bed Rubber Truck Bed Mat - Grey,truck bed mat - rubber,https://stehlenauto.com/products/2015-2022-chevy-colorado-gmc-canyon-5-bed-rubber-mat-grey,,
2015-2022-chevy-colorado-gmc-canyon-5ft-bed-rubber-mat-v2,2015-2022 Chevy Colorado/GMC Canyon 5 ft Bed Rubber Bed Mat - V2,truck bed mat - rubber,https://stehlenauto.com/products/2015-2022-chevy-colorado-gmc-canyon-5ft-bed-rubber-mat-v2,,
2015-2022-chevy-colorado-gmc-canyon-6ft-bed-rubber-mat-aa037-v2,2015-2022 Chevy Colorado/GMC Canyon 6 ft Bed Rubber Bed Mat - V2,truck bed mat - rubber,https://stehlenauto.com/products/2015-2022-chevy-colorado-gmc-canyon-6ft-bed-rubber-mat-aa037-v2,,
2000-2011-dodge-ram-dakota-5-5-rubber-truck-bed-mat-grey,2000-2011 Dodge Dakota 5.5 ft Bed Rubber Truck Bed Mat - Grey,truck bed mat - rubber,https://stehlenauto.com/products/2000-2011-dodge-ram-dakota-5-5-rubber-truck-bed-mat-grey,,
2000-2011-dodge-ram-dakota-5-5-ft-rubber-bed-mat-aa006-v2,2000-2011 Dodge Dakota 5.5 ft Bed Rubber Bed Mat - AA006-V2,truck bed mat - rubber,https://stehlenauto.com/products/2000-2011-dodge-ram-dakota-5-5-ft-rubber-bed-mat-aa006-v2,,
rubber-truck-bed-mat-for-dakota-raider-6-5-bed-grey,1987-2011 Dodge Dakota 6.5 ft Bed Rubber Bed Mat - Grey,truck bed mat - rubber,https://stehlenauto.com/products/rubber-truck-bed-mat-for-dakota-raider-6-5-bed-grey,,
1987-2011-dodge-dakota-rubber-truck-bed-mat-6-5-ft-aa023-v2,1987-2011 Dodge Dakota 6.5 ft Bed Rubber Bed Mat - AA023-V2,truck bed mat - rubber,https://stehlenauto.com/products/1987-2011-dodge-dakota-rubber-truck-bed-mat-6-5-ft-aa023-v2,,
2001-2003-ford-f-150-5-5ft-bed-rubber-mat-lightweight-v2-aa039,2001-2003 Ford F-150 5.5 ft Bed Rubber Truck Bed Mat - V2,truck bed mat - rubber,https://stehlenauto.com/products/2001-2003-ford-f-150-5-5ft-bed-rubber-mat-lightweight-v2-aa039,,
2004-2014-ford-f-150-lincoln-mark-lt-5-5ft-bed-rubber-mat,2004-2014 Ford F-150 5.5 ft Bed Rubber Bed Mat - AA008-V2,truck bed mat - rubber,https://stehlenauto.com/products/2004-2014-ford-f-150-lincoln-mark-lt-5-5ft-bed-rubber-mat,,
2004-2014-ford-f-150-lincoln-mark-lt-6-5ft-rubber-bed-mat,2004-2014 Ford F-150 6.5 ft Bed Rubber Bed Mat - AA005-V2,truck bed mat - rubber,https://stehlenauto.com/products/2004-2014-ford-f-150-lincoln-mark-lt-6-5ft-rubber-bed-mat,,
2004-2014-ford-f-150-long-bed-8-pvc-bed-mat-black,2004-2014 Ford F-150 8 ft Bed PVC Bed Mat - Black,truck bed mat - rubber,https://stehlenauto.com/products/2004-2014-ford-f-150-long-bed-8-pvc-bed-mat-black,,
2004-2014-ford-f-150-8ft-bed-rubber-mat-lightweight-v2-aa033,2004-2014 Ford F-150 8 ft Bed Rubber Truck Bed Mat - Lightweight V2,truck bed mat - rubber,https://stehlenauto.com/products/2004-2014-ford-f-150-8ft-bed-rubber-mat-lightweight-v2-aa033,,
2015-ford-f-150-8ft-bed-rubber-truck-bed-mat-diamond-plate,2015-2026 Ford F-150 8 ft Bed Rubber Truck Bed Mat - Diamond Plate,truck bed mat - rubber,https://stehlenauto.com/products/2015-ford-f-150-8ft-bed-rubber-truck-bed-mat-diamond-plate,,
2015-2026-ford-f-150-8ft-bed-rubber-truck-bed-mat-tlaps-v2,2015-2026 Ford F-150 8 ft Bed Rubber Truck Bed Mat - Lightweight V2,truck bed mat - rubber,https://stehlenauto.com/products/2015-2026-ford-f-150-8ft-bed-rubber-truck-bed-mat-tlaps-v2,,
1997-2004-ford-f-150-f-250-6-5-bed-pvc-truck-bed-mat-black,1997-2004 Ford F-150 6.5 ft Styleside Bed Mat - PVC Truck Bed Mat,truck bed mat - rubber,https://stehlenauto.com/products/1997-2004-ford-f-150-f-250-6-5-bed-pvc-truck-bed-mat-black,,
1997-2004-ford-f-150-f-250-6-5-ft-bed-rubber-truck-bed-mat-v2,1997-2004 Ford F-150 6.5 ft Styleside Bed Rubber Bed Mat - V2,truck bed mat - rubber,https://stehlenauto.com/products/1997-2004-ford-f-150-f-250-6-5-ft-bed-rubber-truck-bed-mat-v2,,
1997-2004-ford-f-150-flareside-6-5-pvc-truck-bed-mat-black,1997-2004 Ford F-150 6.5 ft Flareside Bed Mat - PVC Truck Bed Mat,truck bed mat - rubber,https://stehlenauto.com/products/1997-2004-ford-f-150-flareside-6-5-pvc-truck-bed-mat-black,,
1997-2004-ford-f-150-flareside-6-5-ft-rubber-bed-mat-aa038-v2,1997-2004 Ford F-150 6.5 ft Flareside Bed Mat - Rubber,truck bed mat - rubber,https://stehlenauto.com/products/1997-2004-ford-f-150-flareside-6-5-ft-rubber-bed-mat-aa038-v2,,
2022-ford-f-150-lightning-ev-rubber-bed-mat-2pc-w-frunk-mat,2022-2026 Ford F-150 Lightning 5.5 ft Bed Mat 2PC w/ Frunk Mat,truck bed mat - rubber,https://stehlenauto.com/products/2022-ford-f-150-lightning-ev-rubber-bed-mat-2pc-w-frunk-mat,,
2022-2026-ford-f-150-lightning-ev-2pc-rubber-bed-mat-w-frunk-mat,2022-2026 Ford F-150 Lightning 5.5 ft Bed Rubber Bed Mat 2PC - V2,truck bed mat - rubber,https://stehlenauto.com/products/2022-2026-ford-f-150-lightning-ev-2pc-rubber-bed-mat-w-frunk-mat,,
2017-ford-f250-f350-f450-6-8ft-bed-rubber-truck-bed-mat,2017-2026 Ford Super Duty 6.75 ft Bed Rubber Bed Mat - Diamond Plate,truck bed mat - rubber,https://stehlenauto.com/products/2017-ford-f250-f350-f450-6-8ft-bed-rubber-truck-bed-mat,,
2017-ford-f250-f350-f450-6-8-bed-rubber-truck-bed-mat-v2,2017-2026 Ford Super Duty 6.75 ft Bed Rubber Bed Mat - V2,truck bed mat - rubber,https://stehlenauto.com/products/2017-ford-f250-f350-f450-6-8-bed-rubber-truck-bed-mat-v2,,
2017-2026-ford-f250-f350-f450-8ft-bed-rubber-mat-lightweight-v2,2017-2026 Ford Super Duty 8 ft Bed Rubber Bed Mat - Lightweight V2,truck bed mat - rubber,https://stehlenauto.com/products/2017-2026-ford-f250-f350-f450-8ft-bed-rubber-mat-lightweight-v2,,
1999-2016-ford-super-duty-f-250-f-350-f-450-6-5-pvc-bed-mat,1999-2016 Ford Super Duty 6.5 ft Bed PVC Bed Mat - Black,truck bed mat - rubber,https://stehlenauto.com/products/1999-2016-ford-super-duty-f-250-f-350-f-450-6-5-pvc-bed-mat,,
1999-2016-ford-super-duty-6-5-ft-rubber-bed-mat-lightweight-v2,1999-2016 Ford Super Duty 6.5 ft Bed Rubber Bed Mat - AA028-V2,truck bed mat - rubber,https://stehlenauto.com/products/1999-2016-ford-super-duty-6-5-ft-rubber-bed-mat-lightweight-v2,,
1999-2016-ford-super-duty-8-ft-rubber-truck-bed-mat-aa032-v2,1999-2016 Ford Super Duty 8 ft Bed Rubber Truck Bed Mat - AA032-V2,truck bed mat - rubber,https://stehlenauto.com/products/1999-2016-ford-super-duty-8-ft-rubber-truck-bed-mat-aa032-v2,,
2005-2021-nissan-frontier-rubber-truck-bed-mat-grey-5ft-bed,2005-2021 Nissan Frontier 5 ft Bed Rubber Bed Mat - Grey,truck bed mat - rubber,https://stehlenauto.com/products/2005-2021-nissan-frontier-rubber-truck-bed-mat-grey-5ft-bed,,
2005-2021-nissan-frontier-5ft-bed-rubber-mat-lightweight-v2,2005-2021 Nissan Frontier 5 ft Bed Rubber Bed Mat - AA012-V2,truck bed mat - rubber,https://stehlenauto.com/products/2005-2021-nissan-frontier-5ft-bed-rubber-mat-lightweight-v2,,
2005-2021-nissan-frontier-6-bed-rubber-truck-bed-mat-grey,2005-2021 Nissan Frontier 6 ft Bed Rubber Truck Bed Mat - Grey,truck bed mat - rubber,https://stehlenauto.com/products/2005-2021-nissan-frontier-6-bed-rubber-truck-bed-mat-grey,,
2005-2021-nissan-frontier-6ft-bed-rubber-mat-lightweight-v2,2005-2021 Nissan Frontier 6 ft Bed Rubber Bed Mat - AA017-V2,truck bed mat - rubber,https://stehlenauto.com/products/2005-2021-nissan-frontier-6ft-bed-rubber-mat-lightweight-v2,,
2022-2026-nissan-frontier-5ft-bed-rubber-mat-diamond-plate,2022-2026 Nissan Frontier 5 ft Bed Rubber Truck Bed Mat - Diamond Plate,truck bed mat - rubber,https://stehlenauto.com/products/2022-2026-nissan-frontier-5ft-bed-rubber-mat-diamond-plate,,
2022-nissan-frontier-5ft-short-bed-rubber-mat-lightweight-v2,2022-2026 Nissan Frontier 5 ft Bed Rubber Bed Mat - Lightweight V2,truck bed mat - rubber,https://stehlenauto.com/products/2022-nissan-frontier-5ft-short-bed-rubber-mat-lightweight-v2,,
2022-gmc-hummer-ev-pickup-rubber-truck-bed-mat-lightweight-v2,2022-2026 GMC Hummer EV Pickup 5 ft Bed Rubber Bed Mat - V2,truck bed mat - rubber,https://stehlenauto.com/products/2022-gmc-hummer-ev-pickup-rubber-truck-bed-mat-lightweight-v2,,
2019-jeep-gladiator-5-bed-rubber-truck-bed-mat-diamond-plate,2020-2026 Jeep Gladiator 5 ft Bed Rubber Truck Bed Mat - Diamond Plate,truck bed mat - rubber,https://stehlenauto.com/products/2019-jeep-gladiator-5-bed-rubber-truck-bed-mat-diamond-plate,,
2019-jeep-gladiator-5ft-bed-rubber-truck-bed-mat-lightweight-v2,2020-2026 Jeep Gladiator 5 ft Bed Rubber Truck Bed Mat - V2,truck bed mat - rubber,https://stehlenauto.com/products/2019-jeep-gladiator-5ft-bed-rubber-truck-bed-mat-lightweight-v2,,
2022-ford-maverick-4-6ft-bed-rubber-truck-bed-mat-diamond-plate,2022-2026 Ford Maverick 4.5 ft Bed Rubber Bed Mat - Diamond Plate,truck bed mat - rubber,https://stehlenauto.com/products/2022-ford-maverick-4-6ft-bed-rubber-truck-bed-mat-diamond-plate,,
2022-2026-ford-maverick-4-5-rubber-truck-bed-mat-lightweight-v2,2022-2026 Ford Maverick 4.5 ft Bed Rubber Truck Bed Mat - V2,truck bed mat - rubber,https://stehlenauto.com/products/2022-2026-ford-maverick-4-5-rubber-truck-bed-mat-lightweight-v2,,
2022-rivian-r1t-ev-rubber-truck-bed-mat-2pc-w-front-trunk-mat,2022-2026 Rivian R1T 4.5 ft Bed Rubber Bed Mat 2PC w/ Frunk Mat,truck bed mat - rubber,https://stehlenauto.com/products/2022-rivian-r1t-ev-rubber-truck-bed-mat-2pc-w-front-trunk-mat,,
2022-2026-rivian-r1t-ev-rubber-bed-mat-2pc-w-front-trunk-mat-v2,2022-2026 Rivian R1T 4.5 ft Bed Rubber Truck Bed Mat 2PC - V2,truck bed mat - rubber,https://stehlenauto.com/products/2022-2026-rivian-r1t-ev-rubber-bed-mat-2pc-w-front-trunk-mat-v2,,
2022-2024-rivian-r1t-rubber-truck-bed-mat-diamond-plate-style,2022-2026 Rivian R1T 4.5 ft Bed Rubber Truck Bed Mat - Diamond Plate,truck bed mat - rubber,https://stehlenauto.com/products/2022-2024-rivian-r1t-rubber-truck-bed-mat-diamond-plate-style,,
2019-ford-ranger-5-bed-rubber-truck-bed-mat-diamond-plate,2019-2023 Ford Ranger 5 ft Bed Rubber Bed Mat - AA043,truck bed mat - rubber,https://stehlenauto.com/products/2019-ford-ranger-5-bed-rubber-truck-bed-mat-diamond-plate,,
2019-ford-ranger-supercrew-5ft-bed-rubber-mat-lightweight-v2,2019-2023 Ford Ranger 5 ft Bed Rubber Truck Bed Mat - AA043,truck bed mat - rubber,https://stehlenauto.com/products/2019-ford-ranger-supercrew-5ft-bed-rubber-mat-lightweight-v2,,
2019-ford-ranger-6-bed-rubber-truck-bed-mat-diamond-plate,2019-2023 Ford Ranger 6 ft Bed Rubber Truck Bed Mat - Diamond Plate,truck bed mat - rubber,https://stehlenauto.com/products/2019-ford-ranger-6-bed-rubber-truck-bed-mat-diamond-plate,,
2019-ford-ranger-super-cab-6ft-bed-rubber-mat-lightweight-v2,2019-2023 Ford Ranger 6 ft Bed Rubber Truck Bed Mat - AA042,truck bed mat - rubber,https://stehlenauto.com/products/2019-ford-ranger-super-cab-6ft-bed-rubber-mat-lightweight-v2,,
1983-2012-ford-ranger-7-long-bed-pvc-bed-mat-black,1983-2012 Ford Ranger 7 ft Bed PVC Bed Mat - Black,truck bed mat - rubber,https://stehlenauto.com/products/1983-2012-ford-ranger-7-long-bed-pvc-bed-mat-black,,
2017-honda-ridgeline-rubber-truck-bed-mat-diamond-plate-style,2017-2026 Honda Ridgeline 5.3 ft Bed Rubber Truck Bed Mat - AA044,truck bed mat - rubber,https://stehlenauto.com/products/2017-honda-ridgeline-rubber-truck-bed-mat-diamond-plate-style,,
1983-2012-ford-ranger-7-ft-bed-rubber-mat-lightweight-v2,1983-2012 Ford Ranger 7 ft Bed Rubber Truck Bed Mat - AA027-V2,truck bed mat - rubber,https://stehlenauto.com/products/1983-2012-ford-ranger-7-ft-bed-rubber-mat-lightweight-v2,,
2017-honda-ridgeline-rubber-truck-bed-mat-lightweight-v2,2017-2026 Honda Ridgeline 5.3 ft Bed Rubber Truck Bed Mat - V2,truck bed mat - rubber,https://stehlenauto.com/products/2017-honda-ridgeline-rubber-truck-bed-mat-lightweight-v2,,
2022-hyundai-santa-cruz-4ft-bed-rubber-mat-diamond-plate,2022-2026 Hyundai Santa Cruz 4 ft Bed Rubber Bed Mat - Diamond Plate,truck bed mat - rubber,https://stehlenauto.com/products/2022-hyundai-santa-cruz-4ft-bed-rubber-mat-diamond-plate,,
2022-2026-hyundai-santa-cruz-4ft-bed-rubber-truck-bed-mat-v2,2022-2026 Hyundai Santa Cruz 4 ft Bed Rubber Truck Bed Mat V2,truck bed mat - rubber,https://stehlenauto.com/products/2022-2026-hyundai-santa-cruz-4ft-bed-rubber-truck-bed-mat-v2,,
04-07-chevy-silverado-gmc-sierra-5-8-bed-rubber-mat-grey,2004-2007 Chevy/GMC Silverado/Sierra 5.8 ft Fleetside Bed Mat - Grey,truck bed mat - rubber,https://stehlenauto.com/products/04-07-chevy-silverado-gmc-sierra-5-8-bed-rubber-mat-grey,,
04-07-silverado-sierra-5-8ft-rubber-truck-bed-mat-aa004-v2,2004-2007 Chevy Silverado GMC Sierra 5.8 ft Fleetside Rubber Bed Mat V2,truck bed mat - rubber,https://stehlenauto.com/products/04-07-silverado-sierra-5-8ft-rubber-truck-bed-mat-aa004-v2,,
07-18-chevy-silverado-gmc-sierra-5-8-bed-rubber-mat-grey,2007-2018 Chevy/GMC Silverado/Sierra 5.8 ft Bed Rubber Truck Bed Mat - Grey,truck bed mat - rubber,https://stehlenauto.com/products/07-18-chevy-silverado-gmc-sierra-5-8-bed-rubber-mat-grey,,
07-18-silverado-sierra-5-8ft-rubber-truck-bed-mat-v2,2007-2018 Chevy/GMC Silverado/Sierra 5.8 ft Bed Rubber Bed Mat - AA001-V2,truck bed mat - rubber,https://stehlenauto.com/products/07-18-silverado-sierra-5-8ft-rubber-truck-bed-mat-v2,,
07-19-chevy-silverado-gmc-sierra-6-5-bed-rubber-mat-grey,2007-2019 Chevy/GMC Silverado/Sierra 6.5 ft Bed Rubber Truck Bed Mat - Grey,truck bed mat - rubber,https://stehlenauto.com/products/07-19-chevy-silverado-gmc-sierra-6-5-bed-rubber-mat-grey,,
07-19-silverado-sierra-6-5ft-rubber-truck-bed-mat-v2-aa003,2007-2019 Chevy/GMC Silverado/Sierra 6.5 ft Bed Rubber Bed Mat - AA003-V2,truck bed mat - rubber,https://stehlenauto.com/products/07-19-silverado-sierra-6-5ft-rubber-truck-bed-mat-v2-aa003,,
07-18-silverado-sierra-8-long-bed-pvc-bed-mat-black,2007-2018 Chevy Silverado/GMC Sierra 8 ft Bed PVC Bed Mat,truck bed mat - rubber,https://stehlenauto.com/products/07-18-silverado-sierra-8-long-bed-pvc-bed-mat-black,,
07-18-silverado-sierra-8ft-bed-rubber-mat-lightweight-v2,2007-2018 Chevy/GMC Silverado/Sierra 8 ft Bed Rubber Bed Mat - AA034-V2,truck bed mat - rubber,https://stehlenauto.com/products/07-18-silverado-sierra-8ft-bed-rubber-mat-lightweight-v2,,
2019-2022-chevy-silverado-gmc-sierra-5-8-rubber-truck-bed-mat,2019-2022 Chevy Silverado/GMC Sierra 5.8 ft Bed Mat - Rubber,truck bed mat - rubber,https://stehlenauto.com/products/2019-2022-chevy-silverado-gmc-sierra-5-8-rubber-truck-bed-mat,,
2019-2022-chevy-silverado-gmc-sierra-1500-5-8-ft-rubber-bed-mat-v2,2019-2022 Chevy Silverado/GMC Sierra 1500 5.8 ft Bed Mat - AA058-V2,truck bed mat - rubber,https://stehlenauto.com/products/2019-2022-chevy-silverado-gmc-sierra-1500-5-8-ft-rubber-bed-mat-v2,,
2019-2022-chevy-silverado-gmc-sierra-1500-6-5-ft-rubber-bed-mat,2019-2022 Chevy Silverado/GMC Sierra 1500 6.5 ft Bed Mat - AA066-V2,truck bed mat - rubber,https://stehlenauto.com/products/2019-2022-chevy-silverado-gmc-sierra-1500-6-5-ft-rubber-bed-mat,,
2019-chevy-silverado-gmc-sierra-1500-8ft-bed-rubber-mat-diamond,2019-2022 Chevrolet/GMC 1500 8 ft Bed Rubber Bed Mat - Diamond Plate,truck bed mat - rubber,https://stehlenauto.com/products/2019-chevy-silverado-gmc-sierra-1500-8ft-bed-rubber-mat-diamond,,
2020-chevy-silverado-gmc-sierra-2500-3500-hd-6-9-rubber-bed-mat,2020-2024 Chevy/GMC Silverado/Sierra 2500/3500 HD 6.9 ft Bed Heavy-Duty Rubber Bed Mat,truck bed mat - rubber,https://stehlenauto.com/products/2020-chevy-silverado-gmc-sierra-2500-3500-hd-6-9-rubber-bed-mat,,
access-truck-bed-mat-2020-chevy-silverado-gmc-sierra-2500-3500-hd-6-9,2020-2024 Chevy/GMC Silverado/Sierra 2500/3500 HD 6.9 ft Bed Lightweight Rubber Bed Mat V2,truck bed mat - rubber,https://stehlenauto.com/products/access-truck-bed-mat-2020-chevy-silverado-gmc-sierra-2500-3500-hd-6-9,,
2020-chevy-silverado-gmc-sierra-2500-3500-hd-8ft-rubber-bed-mat,2020-2024 Chevy/GMC Silverado/Sierra 2500/3500 HD 8 ft Bed Mat - Rubber,truck bed mat - rubber,https://stehlenauto.com/products/2020-chevy-silverado-gmc-sierra-2500-3500-hd-8ft-rubber-bed-mat,,
2020-2025-chevy-silverado-gmc-sierra-2500-3500-hd-8-bed-mat-rubber,2020-2024 Chevy/GMC Silverado/Sierra 2500/3500 HD 8 ft Bed Mat - Rubber V2,truck bed mat - rubber,https://stehlenauto.com/products/2020-2025-chevy-silverado-gmc-sierra-2500-3500-hd-8-bed-mat-rubber,,
1999-2007-chevy-silverado-gmc-sierra-6-5-rubber-bed-mat-grey,1999-2007 Chevy/GMC Silverado/Sierra 6.5 ft Bed Rubber Bed Mat - Grey,truck bed mat - rubber,https://stehlenauto.com/products/1999-2007-chevy-silverado-gmc-sierra-6-5-rubber-bed-mat-grey,,
1999-2007-silverado-sierra-8-long-bed-pvc-bed-mat-black,1999-2007 Chevy/GMC Silverado Sierra 8 ft Fleetside PVC Bed Mat,truck bed mat - rubber,https://stehlenauto.com/products/1999-2007-silverado-sierra-8-long-bed-pvc-bed-mat-black,,
1999-2007-silverado-sierra-6-5ft-rubber-truck-bed-mat-aa025-v2,1999-2007 Chevy/GMC Silverado/Sierra 6.5 ft Bed Rubber Bed Mat - V2,truck bed mat - rubber,https://stehlenauto.com/products/1999-2007-silverado-sierra-6-5ft-rubber-truck-bed-mat-aa025-v2,,
1999-2007-silverado-sierra-8ft-bed-rubber-mat-lightweight-v2,1999-2007 Chevy/GMC Silverado/Sierra 8 ft Bed Rubber Bed Mat - Lightweight V2,truck bed mat - rubber,https://stehlenauto.com/products/1999-2007-silverado-sierra-8ft-bed-rubber-mat-lightweight-v2,,
99-07-chevy-silverado-gmc-sierra-stepside-6-5-pvc-bed-mat,1999-2007 Chevy/GMC Stepside 6.5 ft Bed PVC Truck Bed Mat - Black,truck bed mat - rubber,https://stehlenauto.com/products/99-07-chevy-silverado-gmc-sierra-stepside-6-5-pvc-bed-mat,,
1999-2007-silverado-sierra-stepside-6-5-ft-rubber-bed-mat-v2,1999-2007 Chevy/GMC Stepside 6.5 ft Bed Rubber Bed Mat - AA036-V2,truck bed mat - rubber,https://stehlenauto.com/products/1999-2007-silverado-sierra-stepside-6-5-ft-rubber-bed-mat-v2,,
2004-2024-nissan-titan-5-7-bed-rubber-truck-bed-mat-grey,2004-2024 Nissan Titan 5.7 ft Bed Rubber Bed Mat - Grey,truck bed mat - rubber,https://stehlenauto.com/products/2004-2024-nissan-titan-5-7-bed-rubber-truck-bed-mat-grey,,
2004-2024-nissan-titan-5-7-ft-rubber-truck-bed-mat-aa009-v2,2004-2024 Nissan Titan 5.7 ft Bed Rubber Bed Mat - Lightweight V2,truck bed mat - rubber,https://stehlenauto.com/products/2004-2024-nissan-titan-5-7-ft-rubber-truck-bed-mat-aa009-v2,,
2004-2024-nissan-titan-6-5-bed-rubber-truck-bed-mat-grey,2004-2024 Nissan Titan 6.5 ft Bed Rubber Bed Mat - Grey,truck bed mat - rubber,https://stehlenauto.com/products/2004-2024-nissan-titan-6-5-bed-rubber-truck-bed-mat-grey,,
2004-2024-nissan-titan-6-5-ft-rubber-bed-mat-lightweight-v2,2004-2024 Nissan Titan 6.5 ft Bed Rubber Bed Mat - V2,truck bed mat - rubber,https://stehlenauto.com/products/2004-2024-nissan-titan-6-5-ft-rubber-bed-mat-lightweight-v2,,
2008-2015-nissan-titan-7-2ft-bed-rubber-mat-diamond-plate,2008-2015 Nissan Titan 7.2 ft Bed Rubber Bed Mat - Diamond Plate,truck bed mat - rubber,https://stehlenauto.com/products/2008-2015-nissan-titan-7-2ft-bed-rubber-mat-diamond-plate,,
2008-2015-nissan-titan-7-2-bed-rubber-truck-bed-mat-lightweight-v2,2008-2015 Nissan Titan 7.2 ft Bed Rubber Truck Bed Mat - V2,truck bed mat - rubber,https://stehlenauto.com/products/2008-2015-nissan-titan-7-2-bed-rubber-truck-bed-mat-lightweight-v2,,
2016-nissan-titan-5-7ft-bed-rubber-truck-bed-mat-diamond-plate,2017-2024 Nissan Titan 5.5 ft Bed Rubber Truck Bed Mat - Diamond Plate,truck bed mat - rubber,https://stehlenauto.com/products/2016-nissan-titan-5-7ft-bed-rubber-truck-bed-mat-diamond-plate,,
2016-2024-nissan-titan-5-7ft-bed-rubber-truck-bed-mat-lightweight-v2,2017-2024 Nissan Titan 5.5 ft Bed Rubber Bed Mat - Lightweight V2,truck bed mat - rubber,https://stehlenauto.com/products/2016-2024-nissan-titan-5-7ft-bed-rubber-truck-bed-mat-lightweight-v2,,
2016-nissan-titan-6-5-bed-rubber-truck-bed-mat-diamond-plate,2016-2024 Nissan Titan 6.5 ft Bed Rubber Bed Mat - Diamond Plate,truck bed mat - rubber,https://stehlenauto.com/products/2016-nissan-titan-6-5-bed-rubber-truck-bed-mat-diamond-plate,,
2016-2024-nissan-titan-6-5ft-bed-rubber-mat-lightweight-v2,2016-2024 Nissan Titan 6.5 ft Bed Rubber Bed Mat - Lightweight V2,truck bed mat - rubber,https://stehlenauto.com/products/2016-2024-nissan-titan-6-5ft-bed-rubber-mat-lightweight-v2,,
2017-nissan-titan-8ft-bed-rubber-truck-bed-mat-diamond-plate,2016-2019 Nissan Titan / Titan XD 8 ft Bed Rubber Bed Mat - Diamond Plate,truck bed mat - rubber,https://stehlenauto.com/products/2017-nissan-titan-8ft-bed-rubber-truck-bed-mat-diamond-plate,,
2017-nissan-titan-8ft-bed-rubber-truck-bed-mat-lightweight-v2,2016-2019 Nissan Titan / Titan XD 8 ft Bed Rubber Bed Mat - Lightweight,truck bed mat - rubber,https://stehlenauto.com/products/2017-nissan-titan-8ft-bed-rubber-truck-bed-mat-lightweight-v2,,
2007-2021-toyota-tundra-5-5-bed-rubber-truck-bed-mat-grey,2007-2021 Toyota Tundra 5.6 ft Bed Rubber Bed Mat - Grey,truck bed mat - rubber,https://stehlenauto.com/products/2007-2021-toyota-tundra-5-5-bed-rubber-truck-bed-mat-grey,,
2007-2021-toyota-tundra-5-5ft-bed-rubber-mat-lightweight-v2-aa002,2007-2021 Toyota Tundra 5.6 ft Bed Rubber Bed Mat - AA002-V2,truck bed mat - rubber,https://stehlenauto.com/products/2007-2021-toyota-tundra-5-5ft-bed-rubber-mat-lightweight-v2-aa002,,
2007-2021-toyota-tundra-6-5-bed-rubber-truck-bed-mat-grey,2007-2021 Toyota Tundra 6.5 ft Bed Rubber Truck Bed Mat - Grey,truck bed mat - rubber,https://stehlenauto.com/products/2007-2021-toyota-tundra-6-5-bed-rubber-truck-bed-mat-grey,,
2007-2021-toyota-tundra-6-5ft-bed-rubber-mat-lightweight-v2,2007-2021 Toyota Tundra 6.5 ft Bed Rubber Bed Mat - V2,truck bed mat - rubber,https://stehlenauto.com/products/2007-2021-toyota-tundra-6-5ft-bed-rubber-mat-lightweight-v2,,
2007-2021-toyota-tundra-8-long-bed-pvc-bed-mat-black,2007-2021 Toyota Tundra 8 ft Bed PVC Bed Mat - Black,truck bed mat - rubber,https://stehlenauto.com/products/2007-2021-toyota-tundra-8-long-bed-pvc-bed-mat-black,,
2007-2021-toyota-tundra-8ft-bed-rubber-mat-lightweight-v2-aa030,2007-2021 Toyota Tundra 8 ft Bed Rubber Bed Mat - AA030-V2,truck bed mat - rubber,https://stehlenauto.com/products/2007-2021-toyota-tundra-8ft-bed-rubber-mat-lightweight-v2-aa030,,
2022-toyota-tundra-5-5ft-bed-rubber-mat-diamond-plate-style,2022-2026 Toyota Tundra 5.5 ft Bed Rubber Truck Bed Mat - Diamond Plate,truck bed mat - rubber,https://stehlenauto.com/products/2022-toyota-tundra-5-5ft-bed-rubber-mat-diamond-plate-style,,
2022-2026-toyota-tundra-5-5ft-bed-rubber-mat-lightweight-v2,2022-2026 Toyota Tundra 5.5 ft Bed Rubber Bed Mat - Lightweight V2,truck bed mat - rubber,https://stehlenauto.com/products/2022-2026-toyota-tundra-5-5ft-bed-rubber-mat-lightweight-v2,,
1988-1993-chevrolet-gmc-c-k-1500-3500-fleetside-6-5-ft-bed-rubber-truck-bed-mat-black,1988-1993 Chevrolet & GMC C/K 1500-3500 Fleetside 6.5 Ft Bed Rubber Truck Bed Mat — Black,truck bed mat - rubber,https://stehlenauto.com/products/1988-1993-chevrolet-gmc-c-k-1500-3500-fleetside-6-5-ft-bed-rubber-truck-bed-mat-black,,
1999-2016-ford-f-250-f-350-f-450-super-duty-8-ft-long-bed-pvc-truck-bed-mat-black,1999-2016 Ford F-250/F-350/F-450 Super Duty 8 Ft Long Bed PVC Truck Bed Mat — Black,truck bed mat - rubber,https://stehlenauto.com/products/1999-2016-ford-f-250-f-350-f-450-super-duty-8-ft-long-bed-pvc-truck-bed-mat-black,,
1993-2011-ford-ranger-mazda-b-series-6-ft-bed-rubber-truck-bed-mat-grey,1993-2011 Ford Ranger & Mazda B-Series 6 Ft Bed Rubber Truck Bed Mat — Grey,truck bed mat - rubber,https://stehlenauto.com/products/1993-2011-ford-ranger-mazda-b-series-6-ft-bed-rubber-truck-bed-mat-grey,,
1993-2011-ford-ranger-mazda-b-series-6-ft-bed-rubber-truck-bed-mat-lightweight-v2,1993-2011 Ford Ranger & Mazda B-Series 6 Ft Bed Rubber Truck Bed Mat — Lightweight V2,truck bed mat - rubber,https://stehlenauto.com/products/1993-2011-ford-ranger-mazda-b-series-6-ft-bed-rubber-truck-bed-mat-lightweight-v2,,
2019-2023-ford-ranger-supercrew-5-ft-bed-rubber-truck-bed-mat-lightweight-v3,2019-2023 Ford Ranger SuperCrew 5 Ft Bed Rubber Truck Bed Mat — Lightweight V3,truck bed mat - rubber,https://stehlenauto.com/products/2019-2023-ford-ranger-supercrew-5-ft-bed-rubber-truck-bed-mat-lightweight-v3,,
2019-2023-ford-ranger-supercab-6-ft-bed-rubber-truck-bed-mat-lightweight-v3,2019-2023 Ford Ranger SuperCab 6 Ft Bed Rubber Truck Bed Mat — Lightweight V3,truck bed mat - rubber,https://stehlenauto.com/products/2019-2023-ford-ranger-supercab-6-ft-bed-rubber-truck-bed-mat-lightweight-v3,,
2017-2026-honda-ridgeline-rubber-truck-bed-mat-lightweight-v3,2017-2026 Honda Ridgeline Rubber Truck Bed Mat — Lightweight V3,truck bed mat - rubber,https://stehlenauto.com/products/2017-2026-honda-ridgeline-rubber-truck-bed-mat-lightweight-v3,,
2015-2023-ford-f-150-f-250-f-350-underseat-storage-organizer-box,2015-2023 Ford F-150 F-250 F-350 Underseat Storage Organizer Box,under seat storage,https://stehlenauto.com/products/2015-2023-ford-f-150-f-250-f-350-underseat-storage-organizer-box,,
2014-2019-silverado-sierra-rear-underseat-storage-organizer-box,2014-2019 Chevy/GMC Silverado/Sierra Rear Underseat Storage Organizer Box,under seat storage organizer,https://stehlenauto.com/products/2014-2019-silverado-sierra-rear-underseat-storage-organizer-box,,
