status,handle,url,current_title,proposed_title_fix,conflicts,data_gaps
HELD - old description still live,1992-1999-chevy-gmc-suburban-tahoe-yukon-bull-guard-matte-black,https://stehlenauto.com/products/1992-1999-chevy-gmc-suburban-tahoe-yukon-bull-guard-matte-black,1992-1999 Chevrolet GMC SUV Bull Guard Mesh Skid Plate - Matte Black,Title says 'Chevrolet GMC' but fitment_raw has zero GMC rows; propose removing 'GMC' from title/handle or adding real GMC fitment rows before this goes live.,"Title, custom.make/model tags, fitment_notes, and the old description all claim '1992-1999 Chevrolet GMC' Suburban/Tahoe/Yukon/Blazer/Jimmy fitment, but custom.fitment_raw (the declared source of truth) contains ZERO GMC rows and its model field is a bare 'C1500/C2500/C3500/K1500/K2500/K3500' code, never 'Suburban'/'Tahoe'/'Blazer'/'Yukon'/'Jimmy'. Wrote Fitment using only the Chevrolet Suburban/Blazer/Tahoe naming (matching the converged notes/tags/old-description evidence and GM's period parts-code convention where C/K1500-3500 are the shared chassis code for these SUVs), and dropped GMC entirely since it has no supporting rows and would fail on a GMC-badged Yukon/Jimmy customer. This needs catalog-team verification before publishing -- if fitment_raw is actually correct as literally written, this product may not be validated for any SUV at all, only bare C/K pickup cabs. | FACT-CHECK UPDATE: GMC restored. Fitment now lists the old-description/title/tag SUVs (Chevy+GMC C/K Suburban, Blazer/Jimmy, Tahoe, Yukon) plus fitment_raw's bare Chevrolet C1500-K3500 1988-2000 rows literally. Owner/catalog team must confirm whether raw C/K codes mean pickups or Suburbans; validate.py flags 'gmc not in fitment_raw' by design.","No weight or dimensions. | fitment_raw's exclusion note is keyed to a 2000 model-year row ('Will Not Fit Facelifted New Generation Models') rather than 1999 as the old description states -- used 1992-1999 per title/tags, flagged the discrepancy for the sync team."
HELD - old description still live,1992-1999-chevy-gmc-suburban-tahoe-yukon-bull-guard-matte-black-1,https://stehlenauto.com/products/1992-1999-chevy-gmc-suburban-tahoe-yukon-bull-guard-matte-black-1,1992-1999 Chevrolet GMC Advanced Bull Guard w/Skid Plate - Matte Black,Same as item 00 -- title says 'Chevrolet GMC' but fitment_raw has zero GMC rows.,"Same GMC-vs-fitment_raw gap as item 00 (this is a near-duplicate SKU, different finish/series): title claims 'Chevrolet GMC', fitment_raw is 100% Chevrolet C/K-code rows with no GMC and no explicit Suburban/Tahoe/Blazer suffix. Wrote Fitment as Chevrolet Suburban/Blazer/Tahoe only, dropped GMC. | FACT-CHECK UPDATE: GMC restored. Fitment now lists the old-description/title/tag SUVs (Chevy+GMC C/K Suburban, Blazer/Jimmy, Tahoe, Yukon) plus fitment_raw's bare Chevrolet C1500-K3500 1988-2000 rows literally. Owner/catalog team must confirm whether raw C/K codes mean pickups or Suburbans; validate.py flags 'gmc not in fitment_raw' by design.",No weight or dimensions.
HELD - old description still live,1992-1999-chevy-gmc-suburban-tahoe-yukon-bull-guard-texture-black,https://stehlenauto.com/products/1992-1999-chevy-gmc-suburban-tahoe-yukon-bull-guard-texture-black,1992-1999 Chevy/GMC SUV Advanced Series Bull Guard - Texture Black,Same as item 00 -- title says 'Chevrolet GMC' but fitment_raw has zero GMC rows.,"Same GMC-vs-fitment_raw gap as items 00/01 (texture black finish variant). Wrote Fitment as Chevrolet Suburban/Blazer/Tahoe only, dropped GMC. | FACT-CHECK UPDATE: GMC restored. Fitment now lists the old-description/title/tag SUVs (Chevy+GMC C/K Suburban, Blazer/Jimmy, Tahoe, Yukon) plus fitment_raw's bare Chevrolet C1500-K3500 1988-2000 rows literally. Owner/catalog team must confirm whether raw C/K codes mean pickups or Suburbans; validate.py flags 'gmc not in fitment_raw' by design.",No weight or dimensions.
HELD - old description still live,1992-1999-chevy-gmc-suburban-tahoe-yukon-studded-mesh-bull-guard,https://stehlenauto.com/products/1992-1999-chevy-gmc-suburban-tahoe-yukon-studded-mesh-bull-guard,1992-1999 Chevrolet GMC Studded Mesh Bull Guard Texture Black,Same as item 00 -- title says 'Chevrolet GMC' but fitment_raw has zero GMC rows.,"Same GMC-vs-fitment_raw gap as items 00/01/02 (Studded Mesh series, texture black). Wrote Fitment as Chevrolet Suburban/Blazer/Tahoe only, dropped GMC. Four SKUs in this batch (00-03) share this exact fitment_raw quality problem -- recommend the catalog team fix the underlying CA sync once rather than per-SKU. | FACT-CHECK UPDATE: GMC restored. Fitment now lists the old-description/title/tag SUVs (Chevy+GMC C/K Suburban, Blazer/Jimmy, Tahoe, Yukon) plus fitment_raw's bare Chevrolet C1500-K3500 1988-2000 rows literally. Owner/catalog team must confirm whether raw C/K codes mean pickups or Suburbans; validate.py flags 'gmc not in fitment_raw' by design.",No weight or dimensions.
HELD - old description still live,1999-2007-gmc-sierra-advanced-bull-guard-w-led-light-bar-matte-black,https://stehlenauto.com/products/1999-2007-gmc-sierra-advanced-bull-guard-w-led-light-bar-matte-black,1999-2007 GMC Sierra Advanced Bull Guard w/ LED Light Bar - Matte Black,Title/handle say 'GMC Sierra' but zero GMC rows exist anywhere in fitment_raw; the confirmed data is 100% Chevrolet Silverado/Avalanche/Suburban. Propose re-titling to the Chevrolet-based name or sourcing real GMC fitment before this listing goes live -- do not leave as-is.,"MOST SIGNIFICANT FINDING IN THIS BATCH: title, handle, custom.make (['GMC']), custom.model (['Sierra']), and fitment_notes all describe this as a GMC Sierra / Yukon XL 2500 product, but custom.fitment_raw contains ZERO GMC rows -- every single row is Chevrolet (Silverado 1500 HD, Silverado 2500, Silverado 2500 HD, Silverado 3500, Avalanche 2500, Suburban 2500). This is the same GMC-data-gap pattern documented in the approved _examples/09 case, but more severe: there the GMC gap was one line item in an otherwise-confirmed listing; here the ENTIRE confirmed fitment_raw dataset is the wrong brand for a product titled/handled as 'GMC Sierra.' Wrote the Fitment section using only the confirmed Chevrolet Silverado-family rows and did not mention GMC or Sierra anywhere in the copy, since there is zero supporting data. This SKU's title and its fitment_raw appear to describe two different vehicles entirely -- recommend pulling this listing from active sale until the catalog team confirms whether the fitment_raw was cross-contaminated from a companion Chevrolet SKU (likely item 27, which shares nearly identical fitment_raw content) or whether the GMC fitment data is simply missing and needs to be added. | FACT-CHECK UPDATE: GMC Sierra/Yukon XL restored from fitment_notes (explicit) + title + old description; fitment_raw has only Chevrolet rows. validate.py flags 'gmc not in fitment_raw'. Part Number corrected to 10075-NUB7081.",No weight or dimensions.
HELD - old description still live,2014-2018-gmc-sierra-5-8-roll-up-vinyl-tonneau-cover-503360,https://stehlenauto.com/products/2014-2018-gmc-sierra-5-8-roll-up-vinyl-tonneau-cover-503360,2014-2018 GMC Sierra 5.8 ft Bed Roll-Up Tonneau Cover - 503360,"Either fitment_raw is missing GMC Sierra rows (most likely, compare to sibling SKUs 31-36/38/39 which all list both makes) and needs a data fix, or if this SKU is genuinely Silverado-only the title/handle should become '2014-2018 Chevrolet Silverado 1500 5.8 ft Bed Roll-Up Tonneau Cover - 503360'.","P0: title, handle, custom.make (['GMC']) and custom.model (['Sierra']) all say this is a GMC Sierra part, but custom.fitment_raw contains ONLY Chevrolet Silverado 1500 2014-2018 rows -- zero GMC rows are present anywhere in fitment_raw. Per policy fitment_raw is the fitment source of truth and beats title/tags, so the Fitment section here lists Chevrolet Silverado 1500 only and does not mention GMC Sierra at all, which contradicts the product's own title. This needs an owner/data-team fix (populate the missing GMC Sierra rows in fitment_raw, or confirm this SKU is Silverado-only and retitle) before this listing goes live.",
HELD - old description still live,class-3-trailer-hitch-for-2009-2015-ram-c-v-volkswagen-routan,https://stehlenauto.com/products/class-3-trailer-hitch-for-2009-2015-ram-c-v-volkswagen-routan,2009-2015 Dodge Ram C/V & VW Routan Class 3 Trailer Hitch - Black,Title says '2009-2015' but the SKU's own current_descriptionHtml says 2012-2015 Ram C/V and 2009-2014 Routan (2015 upper bound doesn't apply to Routan). Recommend retitling to reflect the per-model ranges once the Caravan/Town & Country question above is resolved.,fitment_notes says authoritative data confirms Ram C/V and Routan only and that the old description referenced 2008-2016 Caravan/Grand Caravan and Town & Country (with Stow-N-Go); custom.fitment_raw lists 2008-2020 Dodge Grand Caravan and 2008-2016 Chrysler Town & Country with no exclusion note. Fact-check followed fitment_raw (STANDARD rule 2) and removed the unbacked will-not-fit line; Stow-n-Go kept on Town & Country. OWNER: confirm Grand Caravan/Town & Country fit (and whether Stow-n-Go gate applies to Grand Caravan) against CA/warehouse. | custom.part_number 13364 is a CURT number on a Stehlen Auto vendor listing -- Stehlen warranty removed.,Source describes the finish as 'durable black coating' / 'durable black finish' rather than 'powder-coated' -- did not upgrade to 'powder coat' language or claim the powder-coat warranty tier for this SKU (structural only). | No weight or packaged dimensions given.
HELD - old description still live,1986-1992-ford-ranger-trailer-wiring-harness-t-connector-55314,https://stehlenauto.com/products/1986-1992-ford-ranger-trailer-wiring-harness-t-connector-55314,1986-1992 Ford Ranger Trailer Wiring Harness T-Connector - 55314,Title/handle claim 'GMC C/K Series' but zero GMC rows exist anywhere in fitment_raw -- either add real GMC fitment data or drop GMC from the title/handle/custom.make tag. Also recommend aligning the title's year range (1992-1999) to the confirmed 1988-2000.,"This is the most significant fitment gap in the batch. Title and handle both say 'GMC C/K Series' and current_descriptionHtml's Vehicle Fitment list names GMC C1500/C2500/C3500/K1500/K2500/K3500 exclusively -- but custom.fitment_raw contains zero GMC rows; every one of the ~90 rows is Chevrolet (C1500/C2500/C3500/K1500/K2500/K3500). GMC's Sierra-era C/K trucks are normally mechanical twins of the Chevrolet versions, so it's plausible this hitch does fit GMC too, but the data doesn't confirm it. Wrote the Fitment section using Chevrolet only (per fitment_raw) and did not claim any GMC fitment, matching the precedent set on the CURT Ford/Chevy hitch example (that batch's SKU 09) where a claimed make had zero supporting rows.","Title says '1992-1999' but the handle says '1988-2000' and fitment_raw confirms 1988-2000 -- used the fitment_raw range (1988-2000) since it's the widest confirmed and matches the handle. | Cab/trim gating is intricate and varies by year within each model (e.g. Silverado-adjacent trim names 'Cheyenne', 'Scottsdale', '400 SS', '60th Anniversary' appear only in specific year spans) -- grouped at model level per the 'never list every raw row' rule rather than reproducing all ~90 rows."
HELD - old description still live,1988-2000-gmc-c-k-series-class-4-trailer-hitch-w-ball-mount,https://stehlenauto.com/products/1988-2000-gmc-c-k-series-class-4-trailer-hitch-w-ball-mount,1992-1999 GMC C/K Series Class 4 Trailer Hitch w/ Ball Mount,Propose retitle to '1988-2000 Chevrolet C/K Series Class 4 Trailer Hitch w/ Ball Mount' (or add real GMC fitment rows) -- GMC never appears in fitment_raw for this part; also correct the year range to 1988-2000.,"Title/handle say GMC C/K Series but every row in custom.fitment_raw is Chevrolet (C1500/C2500/C3500/K1500/K2500/K3500) -- zero GMC rows anywhere. Wrote the Fitment section as Chevrolet per fitment_raw (source of truth); a GMC-truck owner who lands on this listing via the GMC-branded title will see Chevrolet in the Fitment list. | Title year range '1992-1999' undersells the confirmed 1988-2000 range in fitment_raw/custom.year. | fitment_raw's own NOTE text for C2500/C3500/K2500/K3500 rows says 'Will Not Fit ... Crew Cab ...' but many of those same rows are tagged submodel 'Crew Cab Pickup 4-Door' (Base/Cheyenne/LS/Silverado Crew Cab, 1994-2000) -- a direct contradiction inside the source. Treated the Crew Cab exclusion as not applicable to 2500/3500 since the row-level submodel data explicitly contradicts the boilerplate note; kept dual-exhaust/10in-step-bumper/cab-and-chassis exclusions since those aren't contradicted.",No weight capacity or tow rating for a Class 4 hitch. | No installation_time given.
HELD - old description still live,1996-2026-gmc-savana-class-3-trailer-hitch-black-13040,https://stehlenauto.com/products/1996-2026-gmc-savana-class-3-trailer-hitch-black-13040,1996-2026 GMC Savana Class 3 Trailer Hitch Black - 13040,Retitle to 'Chevrolet Express 1500/2500/3500 Class 3 Trailer Hitch' or add real GMC Savana rows to fitment_raw -- GMC never appears in the confirmed fitment data for this part.,"MAJOR: title/handle/custom.make say 'GMC Savana' but custom.fitment_raw contains zero GMC rows -- every row is Chevrolet Express 1500/2500/3500. Savana and Express are badge-engineered twins so the physical part is likely correct, but the Fitment section will show 'Chevrolet Express' to a customer who searched for 'GMC Savana', which is confusing even though mechanically accurate. Wrote Fitment section using Chevrolet Express per fitment_raw (source of truth).",No weight/dimensions.
HELD - old description still live,1996-2026-gmc-savana-class-4-trailer-hitch-black-14090,https://stehlenauto.com/products/1996-2026-gmc-savana-class-4-trailer-hitch-black-14090,1996-2026 GMC Savana Class 4 Trailer Hitch - Black - 14090,Same as item 09 -- retitle to Chevrolet Express or add GMC Savana fitment rows.,"Same GMC-title/Chevrolet-only-fitment_raw conflict as item 09 (identical fitment_raw, Class 4 version, Torklift brand).",No weight/dimensions.
HELD - old description still live,2-hitch-cargo-carrier-300-lb-tray-style-fold-up-23x59-black,https://stehlenauto.com/products/2-hitch-cargo-carrier-300-lb-tray-style-fold-up-23x59-black,"2"" Hitch Cargo Carrier 300 LBS 23x59 Fold-Up Tray - Black","This SKU's YMM fitment data is actively misleading (Chevy list vs. Acura-only fitment_raw, neither matching a universal-fit product). Recommend clearing per-vehicle YMM fitment entirely for this SKU in the catalog -- it's genuinely universal and per-vehicle data only adds confusion/risk.","MAJOR / most severe data mismatch in the batch: the old current_descriptionHtml 'Vehicle Fitment' block lists exclusively Chevrolet models (Suburban, C3500HD, Express, Equinox, Colorado, etc.), matching custom.make=['Chevy'], but the actual custom.fitment_raw field supplied is exclusively Acura MDX/RDX/SLX/ZDX rows (2001-2020) -- neither list has anything to do with the other, and neither matches this product, which is a universal 2""x2"" receiver-hitch accessory per its own fitment_notes and key_features ('Compatible with any vehicle equipped with a standard 2"" receiver hitch'). Did not use either YMM list; wrote the Fitment section as a universal receiver-spec fit, which is both the most truthful read of the conflicting data and the mechanically correct treatment (a hitch-mounted cargo tray is receiver-gated, not vehicle-gated).",
HELD - old description still live,gmc-savana-class-3-trailer-hitch-w-ball-mount-combo-curt,https://stehlenauto.com/products/gmc-savana-class-3-trailer-hitch-w-ball-mount-combo-curt,GMC Savana Class 3 Trailer Hitch w/ Ball Mount Combo - CURT,Title/handle say 'GMC Savana' but zero fitment_raw rows support GMC or Savana -- either add real GMC Savana fitment rows or rename this listing to Chevrolet Express.,"P0: title, handle, and old description all say 'GMC Savana' exclusively and list GMC Savana 1500/2500/3500 as Vehicle Fitment, but custom.fitment_raw contains zero GMC or Savana rows -- every one of the ~120 confirmed rows is Chevrolet Express 1500/2500/3500 across many trims. GMC Savana and Chevrolet Express are real-world platform twins, but per the no-platform-twin-talk and zero-fabrication rules I wrote the entire listing around Chevrolet Express only and did not claim GMC Savana fitment anywhere in the copy. This SKU as titled has NO source-confirmed fitment for the vehicle it is named after.",No weight capacity or tow rating.
HELD - old description still live,gmc-savana-class-4-trailer-hitch-ball-mount-combo-curt,https://stehlenauto.com/products/gmc-savana-class-4-trailer-hitch-ball-mount-combo-curt,GMC Savana Class 4 Trailer Hitch & Ball Mount Combo - CURT,"Title/handle say 'GMC Savana' but zero fitment_raw rows support GMC or Savana -- same issue as item 37, needs the same catalog fix.","P0: same GMC Savana / Chevrolet Express mismatch as item 37 -- title and old description name GMC Savana exclusively, but fitment_raw is 100% Chevrolet Express with zero GMC/Savana rows. Wrote copy around Chevrolet Express only. Also kept the 'excludes cutaway models' exclusion from fitment_notes.",No weight capacity or tow rating.
HELD - old description still live,92-99-chevy-gmc-suburban-tahoe-yukon-halo-led-projector-headlights,https://stehlenauto.com/products/92-99-chevy-gmc-suburban-tahoe-yukon-halo-led-projector-headlights,1992-1999 Chevy/GMC Full Size SUV Halo Projector Headlights Chrome,,"P0 DATA INTEGRITY BUG: fitment_raw for this SKU is entirely mismatched to the product. Title/custom.make/custom.model/old description all describe a Chevrolet+GMC full-size SUV halo headlight (Blazer, Suburban, Tahoe, Yukon, 1992-1999), but the fitment_raw field contains full-size PICKUP truck data only (Chevrolet C1500/C2500/C3500/K1500/K2500/K3500, 1988-2000) with zero Suburban/Tahoe/Yukon/Blazer/GMC rows — it looks like a copy-paste of a different product's fitment_raw. Per STANDARD.md, fitment_raw is normally source of truth, but here it is provably about a different product family, so I used custom.model + custom.make + fitment_notes + old description (the SUV data) instead. This means validate.py will show one expected FAIL ('make gmc not in fitment_raw') for this item — that failure is intentional and should NOT be fixed by adding fake pickup-truck-based GMC rows or by deleting the real GMC Yukon/Suburban fitment. REQUIRES: ChannelAdvisor fitment_raw resync for part HLPK2-C1088HLED-CB / LHP-C1088-RS before this PDP goes live with confidence.",
HELD - old description still live,2017-2022-ford-super-duty-crew-cab-4-side-step-bars-matte-black,https://stehlenauto.com/products/2017-2022-ford-super-duty-crew-cab-4-side-step-bars-matte-black,"2017-2022 Ford Super Duty Crew Cab 4"" Side Step Bars - Matte Black",,"P0: fitment_raw for this rocker-panel-mount, 201-stainless Super Duty SKU also contains 2015-2023 Ford F-150 rows, but the title, handle, custom.model (['Super Duty'] only), and custom.year (2017-2022 only) all say Super Duty only. This looks like fitment data cross-contaminated from a sibling SKU family (compare 29-32, which are genuine F-150+Super Duty combo kits with matching part-number families and metafields). Excluded F-150 from the published Fitment section pending confirmation — publishing 'fits F-150' here would mismatch a rocker-panel-mount, stainless part against F-150's different cab/rocker geometry.",
HELD - old description still live,2017-2022-ford-super-duty-crew-cab-5-steel-side-step-bars-black,https://stehlenauto.com/products/2017-2022-ford-super-duty-crew-cab-5-steel-side-step-bars-black,"2017-2022 Ford Super Duty Crew Cab 5"" Side Step Bars - Black",,"Same P0 as 34: fitment_raw carries 2015-2023 Ford F-150 rows on this Super-Duty-only SKU (title/handle/metafields all say Super Duty, 2017-2022 only). Excluded F-150 from the published Fitment section pending confirmation of data contamination.",
HELD - old description still live,3-in-1-tri-ball-trailer-hitch-mount-2-receiver-w-hook,https://stehlenauto.com/products/3-in-1-tri-ball-trailer-hitch-mount-2-receiver-w-hook,"3-Ball Trailer Hitch Mount 2"" Receiver 1-7/8"" 2"" 2-5/16""",,"Three different, mutually contradictory vehicle-fitment sources for this SKU: (1) current_descriptionHtml's Vehicle Fitment list names ~17 Chevrolet models (Colorado, Suburban, Equinox, Express, etc.), (2) custom.make/model tags also say Chevrolet/Colorado/Suburban/Equinox/Express, but (3) custom.fitment_raw is 100% Acura (MDX, RDX, SLX, ZDX) with zero Chevrolet rows. None of these three sources agrees with any other. Since the fitment_notes text is 'Will Fit Hitches / Tubes With 2"" x 2"" Receiver Tube Opening' (a receiver-size gate, not a vehicle gate), treated this as a universal 2"" x 2"" receiver accessory and dropped all vehicle-specific fitment claims rather than guess which of the three conflicting lists (if any) is correct. Recommend the catalog team re-run the CA fitment sync for this SKU -- the Acura rows look like cross-contamination from an unrelated product.","custom.part_number is literally 'the string ""3 ball retractor""' rather than a real part/MPN -- used as-is per the Part Number rule but flagging as a data-quality issue. | No custom.color/finish field and no weight or packaged dimensions."
HELD - old description still live,8-drop-trailer-hitch-ball-mount-2-receiver-chrome-5000lb,https://stehlenauto.com/products/8-drop-trailer-hitch-ball-mount-2-receiver-chrome-5000lb,"8"" Drop Trailer Hitch Ball Mount 2"" Receiver w/ 2"" Ball Chrome",,"Same three-way vehicle-fitment contradiction as SKU 25 (Chevrolet list in current_descriptionHtml and custom.make/model vs. 100% Acura MDX/RDX/SLX/ZDX in fitment_raw). Treated as a universal 2"" x 2"" receiver accessory and dropped all vehicle claims; see SKU 25 note for the full detail. Recommend re-running the CA fitment sync for this SKU too.","custom.part_number is the literal string 'B8""-2""' rather than a standard part number -- used as-is per the Part Number rule. | No physical weight or packaged dimensions given (weight_capacity of 5,000 lbs is a load rating, not the item's own weight)."
HELD - old description still live,curt-2-loaded-ball-mount-with-1-7-8-ball-45034,https://stehlenauto.com/products/curt-2-loaded-ball-mount-with-1-7-8-ball-45034,CURT 2 in Loaded Ball Mount with 1-7/8 in Trailer Ball - CURT 45034,,"MAJOR: old description's 'including but not limited to' vehicle list (Chevrolet Suburban, C35, C3500, Captiva Sport, Cargo Van, Chevy Pickup, Cheyenne, City Express, Colorado, Equinox, Express 1500/2500/3500, etc.) and custom.make/custom.model tags (Chevy / Colorado, Equinox, Express) do not match custom.fitment_raw at all -- fitment_raw lists only Acura MDX (2001-2020), RDX (2007-2020), SLX (1996-1999), and ZDX (2010-2013), all tagged with the same generic 'fits 2x2 receiver tube' note. Two completely unrelated vehicle sets are attached to this one SKU. Since the product is inherently a universal ball mount (fits any 2x2 receiver), wrote the copy as universal with zero vehicle-specific claims rather than picking either contradictory list. Recommend the catalog team investigate -- this looks like a cross-contaminated CA export.",No weight capacity or tow rating.
published,03-14-honda-pilot-ridgeline-advanced-bull-guard-w-led-matte-black,https://stehlenauto.com/products/03-14-honda-pilot-ridgeline-advanced-bull-guard-w-led-matte-black,2003-2014 Honda Pilot Ridgeline Advanced Bull Guard w/ LED - Matte Black,"2003-2008 Honda Pilot & 2006-2014 Honda Ridgeline Advanced Bull Guard w/ LED - Matte Black (current title implies 2009-2014 Pilot fits, which it does not)","Title says ""2003-2014 Honda Pilot Ridgeline"" as one continuous range, but fitment_raw only supports the 1st-gen 2003-2008 Pilot; 2009-2014 (2nd-gen) Pilot is not in the data. Only Ridgeline extends to 2014. Description corrected to split the ranges and added a Will-not-fit line for 2009-2014 Pilot.",
published,07-10-silverado-sierra-2500hd-3500hd-advanced-bull-guard-matte-black-1,https://stehlenauto.com/products/07-10-silverado-sierra-2500hd-3500hd-advanced-bull-guard-matte-black-1,2007-2010 Chevrolet GMC HD Advanced Bull Guard Skid Plate - Matte Black,2007-2010 Chevy/GMC Silverado/Sierra 2500 HD 3500 HD Bull Guard w/ Brushed Chrome Skid Plate Accent - Matte Black (current title doesn't convey the chrome accent that differentiates it from SKU 26),"Title (""...Advanced Bull Guard Skid Plate - Matte Black"") and handle (same as SKU 26 plus ""-1"") are nearly indistinguishable from sibling SKU 26 (""...Advanced Bull Guard - Matte Black""), but the two are different products — 26 has a plain integrated skid plate, 27 has a brushed-chrome skid plate accent (per custom.color). High risk of customer picking the wrong one.",
published,09-22-dodge-ram-1500-advanced-bull-guard-w-skid-plate-matte-black,https://stehlenauto.com/products/09-22-dodge-ram-1500-advanced-bull-guard-w-skid-plate-matte-black,2009-2022 Dodge Ram 1500 Bull Guard Brushed Chrome Skid Plate Matte Black,2009-2018 Ram 1500 & 2019-2024 Ram 1500 Classic Bull Guard w/ Brushed Chrome Skid Plate - Matte Black,"Title ""2009-2022 Dodge Ram 1500"" omits the ""Classic"" qualifier and undercounts the actual data: fitment_raw shows 2009-2018 Ram 1500 (old body) plus 2019-2024 Ram 1500 CLASSIC only (old body carryover) — the new-body-style 2019+ Ram 1500 is explicitly NOT covered. A buyer with a 2020 Ram 1500 Laramie (non-Classic) could misread the title as fitting. This is the DT Classic vs DT 4th-gen coexistence the fitment data already anticipates (key_features says ""Old Body Style Fitment Only""), but the customer-facing title doesn't say so.",
published,09-22-dodge-ram-1500-bull-guard-w-mesh-skid-plate-matte-black,https://stehlenauto.com/products/09-22-dodge-ram-1500-bull-guard-w-mesh-skid-plate-matte-black,2009-2022 Dodge Ram 1500 Bull Guard Mesh Skid Plate Matte Black,2009-2018 Ram 1500 & 2019-2024 Ram 1500 Classic Bull Guard w/ Mesh Skid Plate - Matte Black,"Same Ram 1500 Classic title/year conflict as SKU 33 — title ""2009-2022"" omits ""Classic"" and undercounts fitment_raw's actual 2019-2024 Classic range; 2019+ new-body Ram 1500 is not covered.",
published,09-22-ram-1500-advanced-series-bull-guard-w-led-light-bar,https://stehlenauto.com/products/09-22-ram-1500-advanced-series-bull-guard-w-led-light-bar,2009-2022 Dodge Ram 1500 Bull Guard LED Light Bar - Advanced,2009-2018 Ram 1500 & 2019-2024 Ram 1500 Classic Bull Guard w/ LED Light Bar - Texture Black,"Same Ram 1500 Classic title/year conflict as SKU 33. Additionally this item's own custom.specifications text says ""Old body style fitment only for 2019-2022"" while its own fitment_raw actually extends Classic rows through 2024 — internal inconsistency within the same source record; used the fitment_raw range (through 2024) as source of truth per rule 2.",
published,09-22-ram-1500-advanced-series-bull-guard-w-led-light-bar-matte-black,https://stehlenauto.com/products/09-22-ram-1500-advanced-series-bull-guard-w-led-light-bar-matte-black,2009-2022 Dodge Ram 1500 Bull Guard w/LED Light Bar Matte Black,2009-2018 Ram 1500 & 2019-2024 Ram 1500 Classic Bull Guard w/ LED Light Bar - Matte Black,Same Ram 1500 Classic title/year conflict as SKU 33.,
published,09-22-ram-1500-advanced-series-bull-guard-w-skid-plate-matte-black,https://stehlenauto.com/products/09-22-ram-1500-advanced-series-bull-guard-w-skid-plate-matte-black,2009-2022 Dodge Ram 1500 Bull Guard w/ Skid Plate Matte Black - Advanced Series,2009-2018 Ram 1500 & 2019-2024 Ram 1500 Classic Bull Guard w/ Skid Plate - Matte Black,Same Ram 1500 Classic title/year conflict as SKU 33.,
published,1994-2002-dodge-ram-1500-2500-3500-bull-guard-w-led-light-bar,https://stehlenauto.com/products/1994-2002-dodge-ram-1500-2500-3500-bull-guard-w-led-light-bar,1994-2002 Dodge Ram 1500/2500/3500 Bull Guard w/ LED Light Bar,"Title overstates Ram 1500 by one year (says 2002, data confirms 2001). Propose '1994-2001 Dodge Ram 1500 / 1994-2002 Ram 2500 3500' or per-model ranges.",Title says '1994-2002 Dodge Ram 1500/2500/3500' but fitment_raw confirms Ram 1500 only through 2001 (2500/3500 go through 2002). Wrote per-model fitment lines instead of one blanket range so 1500 doesn't get an extra year.,"No weight or dimensions. | fitment_subattributes lists many legacy trims (Custom, Laramie, LT, Lujo, R/T, Runner, SLT, SS/T 5.9L, ST, WS) explicitly excluding 'Sport' -- matches fitment_notes, no discrepancy."
published,2000-2007-toyota-tundra-sequoia-advanced-bull-guard-matte-black,https://stehlenauto.com/products/2000-2007-toyota-tundra-sequoia-advanced-bull-guard-matte-black,2000-2007 Toyota Tundra Sequoia Advanced Bull Guard - Matte Black,Title '2000-2007 Toyota Tundra Sequoia' implies both models span 2000-2007; Tundra is only confirmed 2000-2006. Propose splitting the range per model in the title.,,"Vendor is 'Armordillo USA' (not Stehlen Auto) so no Warranty section. | Handle/title say '2000-2007' as a blanket range but fitment_raw shows Tundra confirmed only 2000-2006 (Sequoia 2001-2007) -- same underlying data as item 30, wrote per-model years rather than the blanket range implied by the title."
published,2007-2019-chevrolet-silverado-1500-gmc-sierra-1500-advanced-series-bull-guard-w-built-in-led-light-bar-matte-black,https://stehlenauto.com/products/2007-2019-chevrolet-silverado-1500-gmc-sierra-1500-advanced-series-bull-guard-w-built-in-led-light-bar-matte-black,2007-2019 Chevrolet Silverado 1500 & GMC Sierra 1500 Advanced Series Bull Guard w/ Built-In LED Light Bar — Matte Black,"Title '...Chevrolet Silverado 1500 & GMC Sierra 1500...' undersells confirmed fitment on Tahoe, Suburban, Avalanche, Yukon, Yukon XL, and Escalade/ESV/EXT. Consider adding '/ Tahoe / Suburban / Yukon / Escalade' to the title or a fitment subtitle for search visibility -- data supports it, so this is a safe (understatement) expansion, not a risk.",,"No custom.part_number; used cb_integration.item_name. | Title only names Silverado 1500 and Sierra 1500, but fitment_raw also confirms Tahoe, Suburban, Avalanche, Yukon, Yukon XL, and three Cadillac Escalade variants -- real search-visibility loss for those model names. See title_issue."
published,2007-2019-chevrolet-silverado-1500-gmc-sierra-1500-advanced-series-bull-guard-w-skid-plate-matte-black,https://stehlenauto.com/products/2007-2019-chevrolet-silverado-1500-gmc-sierra-1500-advanced-series-bull-guard-w-skid-plate-matte-black,2007-2019 Chevrolet Silverado 1500 & GMC Sierra 1500 Advanced Series Bull Guard w/ Skid Plate — Matte Black,Same as 12 -- title omits the confirmed Tahoe/Suburban/Avalanche/Yukon/Escalade fitment lines; consider expanding title/subtitle.,,No custom.part_number; used cb_integration.item_name.
published,2007-2019-chevrolet-silverado-1500-gmc-sierra-1500-bull-guard-w-studded-mesh-skid-plate-matte-black,https://stehlenauto.com/products/2007-2019-chevrolet-silverado-1500-gmc-sierra-1500-bull-guard-w-studded-mesh-skid-plate-matte-black,2007-2019 Chevrolet Silverado 1500 & GMC Sierra 1500 Bull Guard w/ Studded Mesh Skid Plate — Matte Black,Same as 12/13 -- title omits the confirmed Tahoe/Suburban/Avalanche/Yukon/Escalade fitment lines; consider expanding title/subtitle.,,No custom.part_number; used cb_integration.item_name.
published,2008-2010-ford-super-duty-f-250-f-350-bull-guard-matte-black,https://stehlenauto.com/products/2008-2010-ford-super-duty-f-250-f-350-bull-guard-matte-black,2008-2010 Ford Super Duty F-250/F-350 Bull Guard Matte Black,"Propose retitling to '2008-2010 Ford F-250/F-350/F-450/F-550 Super Duty Bull Guard - Matte Black' to match confirmed fitment (currently undersold, not wrong).","Title says 'F-250/F-350' only, but fitment_raw and custom.model also confirm F-450 and F-550 Super Duty for the same 2008-2010 years -- title understates real coverage.",No weight or dimensions.
published,2009-2012-dodge-ram-1500-front-grille-chrome-mesh-style,https://stehlenauto.com/products/2009-2012-dodge-ram-1500-front-grille-chrome-mesh-style,2009-2012 Dodge Ram 1500 Front Grille Guard - GRZT,Consider renaming from 'Front Grille Guard' to 'Front Grille' or 'Grille Insert' to match category/material and avoid implying steel-guard-level protection.,"Title says 'Front Grille Guard' but custom.category is 'Front Grilles' and material is ABS plastic with chrome finish, not steel -- this reads as a decorative grille insert/overlay, not a functional protective guard like the rest of this batch. Did not add a Warranty section (rule 5 excludes ABS/plastic products from the structural/finish tiers) and avoided any 'protection'-implying language beyond what the source states. | fitment_raw make field alternates between 'Dodge' (2009-2010 rows) and 'Ram' (2011-2012 rows) -- this matches the real 2010-2011 Ram-Chrysler brand split and is not a data error; kept 'Dodge Ram 1500' for 2009 and 'Ram 1500' for 2010-2012 to match the source rows.",No weight or dimensions. | No tow/weight-capacity-style specs applicable (not a towing product).
published,2010-2018-dodge-ram-2500-3500-advanced-bull-guard-w-skid-plate,https://stehlenauto.com/products/2010-2018-dodge-ram-2500-3500-advanced-bull-guard-w-skid-plate,2010-2018 Dodge Ram 2500/3500 Bull Guard w/ Skid Plate - Matte Black,Propose '2010-2017 Dodge Ram 2500 / 2010-2018 Ram 3500 Bull Guard w/ Skid Plate' or similar to stop overstating 2500 coverage by one year.,"Title '2010-2018 Dodge Ram 2500/3500' implies both models run through 2018, but fitment_notes/fitment_raw confirm Ram 2500 stops at 2017 (no 2018 Ram 2500 row) while Ram 3500 runs through 2018 -- same pattern as the approved batch's 1994-2002 Ram grille finding. Wrote separate per-model year ranges in Fitment instead of a blanket 2010-2018 range.","No weight, dimensions, or tools_required."
published,2010-2018-dodge-ram-2500-3500-advanced-series-bull-guard-matte-black,https://stehlenauto.com/products/2010-2018-dodge-ram-2500-3500-advanced-series-bull-guard-matte-black,2010-2018 Dodge Ram 2500/3500 Bull Guard w/Skid Plate - Matte Black,Same as 35 -- propose splitting the year range by model in the title.,Same 2500-stops-at-2017-vs-3500-through-2018 title overstatement as 35.,No weight or dimensions.
published,2010-2018-dodge-ram-2500-3500-bull-guard-w-mesh-skid-plate-matte-black,https://stehlenauto.com/products/2010-2018-dodge-ram-2500-3500-bull-guard-w-mesh-skid-plate-matte-black,2010-2018 Dodge Ram 2500/3500 Bull Guard Mesh Skid Plate - Matte Black,Same as 35/36 -- propose splitting the year range by model in the title.,Same 2500-stops-at-2017-vs-3500-through-2018 title overstatement as 35/36.,No weight or dimensions.
published,2010-2018-jeep-wrangler-advanced-series-bull-guard-matte-black,https://stehlenauto.com/products/2010-2018-jeep-wrangler-advanced-series-bull-guard-matte-black,2010-2018 Jeep Wrangler Advanced Series Bull Guard - Matte Black,Propose retitling to '2010-2017 Jeep Wrangler JK & 2018 Wrangler JK (Not JL) Advanced Series Bull Guard - Matte Black' to prevent JL buyers from self-selecting into a guard that won't fit.,"MAJOR / P0 return-rate risk: fitment_raw explicitly labels the 2018 row 'Jeep|Wrangler JK' (not bare 'Wrangler'), meaning this guard is confirmed for the outgoing JK platform only. 2018 was the JK/JL transition year -- Jeep sold both the outgoing JK and the all-new JL simultaneously, and the JL has a completely different front frame, fascia, and mounting geometry. Title/current_descriptionHtml just say '2010-2018 Jeep Wrangler' / '2018 Jeep Wrangler JK' inconsistently (body text says JK, Vehicle Fitment list also says JK, but the plain title omits JK entirely), which is exactly the kind of listing a 2018 JL Wrangler owner could self-select into by mistake. Rewrote Fitment to specify 'Jeep Wrangler JK' for every line and added an explicit Will-not-fit line for the JL.","Vendor is Black Horse Off Road, not Stehlen Auto -- no Warranty section per rule 5."
published,2010-2018-jeep-wrangler-bull-guard-w-mesh-skid-plate-matte-black,https://stehlenauto.com/products/2010-2018-jeep-wrangler-bull-guard-w-mesh-skid-plate-matte-black,2010-2018 Jeep Wrangler Bull Guard w/ Mesh Skid Plate - Matte Black,Same as 38 -- propose retitling to call out JK vs. JL explicitly.,"Same JK/JL transition-year risk as 38 -- fitment_raw's 2018 row is explicitly 'Wrangler JK', not the all-new JL. Rewrote Fitment to specify JK on every line and added an explicit Will-not-fit line for the JL.",No weight or dimensions.
published,2010-2018-jeep-wrangler-jk-advanced-bull-guard-w-led-light-bar,https://stehlenauto.com/products/2010-2018-jeep-wrangler-jk-advanced-bull-guard-w-led-light-bar,2010-2018 Jeep Wrangler JK Advanced Bull Guard w/ LED Light Bar,"Propose adding '/w Brushed Aluminum Skid Plate' to title to distinguish from near-identical SKU 01 (2010-2018-jeep-wrangler-jk-bull-guard-w-led-light-bar-matte-black), which lacks the skid plate and is $14 cheaper.",,"fitment_raw labels 2010-2017 rows generically as 'Jeep|Wrangler' (no JK suffix) and only the 2018 row as 'Wrangler JK'; contextually this is all JK generation (2007-2018), but the raw data itself doesn't say so explicitly for 2010-2017. Kept the JK claim since it's the only Wrangler generation those years apply to, but flagging the raw-data labeling gap. | This SKU (part GBU10033-NUB7082, $274) and SKU 01 (part P4S12008, $260) are near-duplicate titles ('Advanced Bull Guard w/ LED Light Bar' vs 'Bull Guard w/ LED Light Bar') for the same 2010-2018 JK Wrangler, but 00 actually includes a brushe"
published,2010-2018-ram-dodge-2500-3500-advanced-series-bull-guard-texture-black,https://stehlenauto.com/products/2010-2018-ram-dodge-2500-3500-advanced-series-bull-guard-texture-black,2010-2018 Dodge Ram 2500/3500 Bull Guard Advanced Series - Texture Black,Current title '2010-2018 Dodge Ram 2500/3500' overstates 2500 coverage by one year (fitment_raw confirms 2500 only through 2017). Propose: '2010-2017 Ram 2500 / 2010-2018 Ram 3500 Bull Guard Advanced Series - Texture Black'.,Title says '2010-2018 Dodge Ram 2500/3500' (blanket range for both) but fitment_raw only confirms Ram 2500 through 2017 — there is no 2018 Ram 2500 row. Only Ram 3500 is confirmed through 2018. Split the Fitment section into '2010-2017 Dodge/Ram 2500' and '2010-2018 Dodge/Ram 3500' instead of repeating the blanket 2018 claim for the 2500.,"fitment_raw correctly reflects the Dodge->Ram brand split (2010 rows say 'Dodge', 2011+ rows say 'Ram' for the same trucks) — not an error, just worth knowing this is why the make field changes mid-range. | cb_integration.item_name is 'BGHD-RAM102500-AV-TB', which reads as if it's SKU'd for the 2500 only, yet this listing (and its price) covers 3500 too. Likely just a base-SKU naming convention, not a fitment restriction, but worth a sanity check. | fitment_notes says 'Verify trim level and front bumper style compatibility before ordering' but doesn't say which trims/bumper styles are excluded"
published,2010-2024-toyota-4runner-bull-guard-w-skid-plate-matte-black,https://stehlenauto.com/products/2010-2024-toyota-4runner-bull-guard-w-skid-plate-matte-black,2010-2024 Toyota 4Runner Advanced Bull Guard w/ Skid Plate - Matte Black,Title '2010-2024 Toyota 4Runner Advanced Bull Guard w/ Skid Plate - Matte Black' with fitment_notes 'fits all trims' should not claim full-trim coverage — Limited is not confirmed anywhere in fitment_raw for this whole product cluster. Recommend a qualifier like '(Excludes Limited Trim)' consistent with sibling SKUs 04/05/06.,"This is the most significant fitment issue in the batch. Title and fitment_notes both claim the guard 'Fits all trims' of the 2010-2024 4Runner, but fitment_raw (the source of truth) never contains a single 'Limited' trim row across any year in the whole 4Runner cluster (04,05,06,07 share identical raw data). Sibling SKUs 04/05/06 all explicitly exclude Limited in their own fitment_notes — only 07's notes omit that exclusion and instead claim blanket 'all trims' coverage. Rewrote the Fitment section to list only confirmed trims and added an explicit will-not-fit line for Limited, instead of repeating the unsupported 'all trims' claim. | fitment_notes also says '2013 model year not listed in fitment data,' but fitment_raw literally contains a '2013|Toyota|4Runner' row (generic, no trim). The note appears stale/inaccurate relative to the actual synced raw data — 2013 IS listed, just not broken out by trim like 2014+ rows are.","No weight, dimensions, or installation_time in source."
published,2011-2016-durango-grand-cherokee-advanced-bull-guard-matte-black,https://stehlenauto.com/products/2011-2016-durango-grand-cherokee-advanced-bull-guard-matte-black,2011-2016 Dodge Durango/Jeep Grand Cherokee Advanced Bull Guard - Matte Black,"Current title '2011-2016 Dodge Durango/Jeep Grand Cherokee Advanced Bull Guard' overstates Durango coverage by 3 years (confirmed only 2011-2013). Compare to sibling SKU 15, whose title correctly reads '2011-2016 Jeep Grand Cherokee & 2011-2013 Dodge Durango'. Propose matching that format: '2011-2016 Jeep Grand Cherokee / 2011-2013 Dodge Durango Advanced Bull Guard - Matte Black'.","Title says '2011-2016 Dodge Durango/Jeep Grand Cherokee', implying Durango goes through 2016, but fitment_raw only contains generic (non-trim) Durango rows for 2011, 2012, and 2013 — there is no Durango row for 2014-2016 anywhere in the 4,551-char raw feed. Rewrote the Fitment section with separate ranges (Durango 2011-2013 / Grand Cherokee 2011-2016) instead of the blanket title claim. | Old current_descriptionHtml also asserts the guard 'Will not fit models equipped with Active Cruise Control or Forward Collision Warning System' (kept, it's the source fitment_notes text) but the confirmed Grand Cherokee trim list (Laredo, Laredo E, Laredo X, Limited, Limited Premium, Overland, Altitude, Overland Summit-2012-only) never includes SRT, Trailhawk, EcoDiesel, or a bare 'Summit' trim. Did not add extra exclusions for those trims since they're simply absent from the data rather than explicitly excluded — but flagging that a customer with one of those trims has no fitment data either way.","Vendor and brand are both 'Black Horse Off Road' (not Stehlen Auto), so no Warranty section per rule 5 — correctly omitted. | No weight, dimensions, or key_features JSON in source."
published,2011-2016-jeep-grand-cherokee-dodge-durango-bull-guard-led-r203-201bk,https://stehlenauto.com/products/2011-2016-jeep-grand-cherokee-dodge-durango-bull-guard-led-r203-201bk,2011-2016 Jeep Grand Cherokee Dodge Durango Bull Guard LED - R203-201BK,"Title '2011-2016 Jeep Grand Cherokee Dodge Durango Bull Guard LED' doesn't separate model years and could be read as Durango through 2016 (confirmed only through 2013, same issue as SKU 08). Propose: '2011-2016 Jeep Grand Cherokee / 2011-2013 Dodge Durango Bull Guard LED - R203-201BK'.","Old current_descriptionHtml for this SKU explicitly stated 'Will not fit SRT, Summit, Trailhawk, or EcoDiesel models' in addition to the ACC/FCW exclusion. fitment_raw's confirmed Grand Cherokee trims include 'Overland Summit' (2012) but never a bare 'Summit' trim — so excluding 'Summit' by name is ambiguous against a trim that IS confirmed ('Overland Summit'). Did not repeat the SRT/Summit/Trailhawk/EcoDiesel exclusion line to avoid incorrectly telling an Overland Summit owner their vehicle isn't covered; those four trims are simply absent from fitment_raw rather than explicitly excluded. Recommend the catalog team clarify 'Summit' vs 'Overland Summit' before restoring that language.",Title doesn't split Durango/Grand Cherokee year ranges (see title_issue).
published,2016-2022-toyota-tacoma-advanced-series-bull-guard-w-skid-plate-matte-black,https://stehlenauto.com/products/2016-2022-toyota-tacoma-advanced-series-bull-guard-w-skid-plate-matte-black,2016-2022 Toyota Tacoma Advanced Series Bull Guard w/ Skid Plate - Matte Black,Title '2016-2022 Toyota Tacoma Advanced Series Bull Guard w/ Skid Plate' undercounts confirmed fitment by one year. Propose '2016-2023' to match fitment_raw and sibling SKU 37's title.,"Title says '2016-2022 Toyota Tacoma' and custom.year matches that shorter range, but fitment_raw contains a confirmed 2023 row too (shared across the whole Tacoma bull guard cluster: SKUs 34,35,36,37). Sibling SKU 37's title already correctly reads '2016-2023', proving 2023 fitment was known. Used the fuller, source-of-truth 2016-2023 range in the Fitment section per rule 2.","fitment_notes carries a real install-reality gate: 'Skid Plate Needs To Be Removed If Equipped; Relocation Kit May Be Required If Interfering With Front Parking Sensors (If Equipped)' — surfaced this prominently in the Installation section rather than only in fine print, since it affects whether 'bolt-on, no drilling' reads as the whole story."
published,2016-2022-toyota-tacoma-bull-guard-w-mesh-skid-plate-led-bar,https://stehlenauto.com/products/2016-2022-toyota-tacoma-bull-guard-w-mesh-skid-plate-led-bar,2016-2022 Toyota Tacoma Bull Guard w/Mesh Skid Plate & LED Bar,Title '2016-2022 Toyota Tacoma Bull Guard w/Mesh Skid Plate & LED Bar' should read '2016-2023' — see SKU 34.,Same 2016-2022-vs-2023 title/fitment_raw gap as sibling SKU 34; used 2016-2023 (source of truth).,"Same factory-skid-plate-removal / parking-sensor-relocation-kit note as SKU 34, surfaced in Installation."
published,2016-2022-toyota-tacoma-classic-bull-guard-studded-mesh-matte-black,https://stehlenauto.com/products/2016-2022-toyota-tacoma-classic-bull-guard-studded-mesh-matte-black,2016-2022 Toyota Tacoma Classic Bull Guard Studded Mesh - Matte Black,Title '2016-2022 Toyota Tacoma Classic Bull Guard' should read '2016-2023' — see SKU 34.,Same 2016-2022-vs-2023 title/fitment_raw gap as siblings 34/35.,"Vendor/brand is 'Steelcraft' (not Stehlen Auto), so no Warranty section per rule 5. | Same skid-plate-removal / sensor-relocation-kit note as 34/35, surfaced in Installation."
published,2019-2022-chevrolet-silverado-1500-gmc-sierra-1500-advanced-series-bull-guard-w-brushed-aluminum-skid-plate-matte-black,https://stehlenauto.com/products/2019-2022-chevrolet-silverado-1500-gmc-sierra-1500-advanced-series-bull-guard-w-brushed-aluminum-skid-plate-matte-black,2019-2022 Chevrolet Silverado 1500 & GMC Sierra 1500 Advanced Series Bull Guard w/ Brushed Aluminum Skid Plate — Matte Black,"Title '2019-2022 Chevrolet Silverado 1500 & GMC Sierra 1500 Advanced Series Bull Guard' should flag that this is the carryover/old-body fitment only. Propose: '2019 & 2022 Chevrolet Silverado 1500 / GMC Sierra 1500 Carryover-Body Bull Guard - Matte Black (Excludes New Body Models)' or similar, plus a PDP callout since this is the highest return-rate risk in the batch (2019 and 2022 were both GM full-redesign transition years).","Second most significant fitment issue in the batch. Title reads '2019-2022 Chevrolet Silverado 1500 & GMC Sierra 1500' as a blanket range, but fitment_raw shows this guard fits ONLY the carryover/old-body trucks in the two model years where GM ran two body styles simultaneously: 2019 (old-body '1500 LD' / Sierra 'Limited' vs. the all-new T1XX redesign) and 2022 (old-body 'LTD'/'Limited' carryover vs. the second full T1XX redesign, badged 'New Body'). The guard explicitly will NOT fit the 1500 LD (2019) or New Body (2022) trucks on the Chevrolet side, or the Sierra 1500 Limited (2019) or New Body (2022) trucks on the GMC side. A buyer who orders based on the blanket title alone (e.g., a 2019 new-redesign Silverado 1500 owner, or a 2022 New Body Silverado 1500 owner) will receive a guard that does not fit. Rewrote Fitment/Highlights/opener to state the carryover/old-body-only scope explicitly and added a detailed will-not-fit line.",No key_features/specifications JSON in source; Highlights built from current_descriptionHtml and fitment_notes.
published,2019-2023-dodge-ram-1500-studded-mesh-bull-guard-matte-black,https://stehlenauto.com/products/2019-2023-dodge-ram-1500-studded-mesh-bull-guard-matte-black,2019-2023 Dodge Ram 1500 Studded Mesh Bull Guard Matte Black,"Propose '2019-2024 Ram 1500 Studded Mesh Bull Guard - Matte Black' (fitment_raw runs through 2024; make is Ram, not Dodge).","Title says 'Dodge Ram 1500' but current Ram-brand trucks (2011+, including this New Body Style 2019+ generation) are sold under the 'Ram' nameplate, not 'Dodge Ram' -- cosmetic naming issue, not a fitment error (fitment_raw make field is 'Ram'). | 63 trim/cab/engine combinations were consolidated into 2 cab-type groups (Crew/Extended Cab most trims; Standard Cab ST/SXT/Hemi Sport) for readability per the 'group, don't list every row' rule. Ram Rebel and TRX trims never appear in fitment_raw at all -- not claimed as fitting, and not called out as excluded (per the 'don't will-not-fit a vehicle just because it's missing' rule), but worth a coordinator sanity check since those are high-volume off-road trims with different front fascias. | Title/handle say 2019-2023 but fitment_raw range rows confirm 2019-2024 (validate.py now parses YYYY-YYYY rows); copy restored to 2019-2024.",No weight or dimensions.
published,2020-2023-tesla-model-y-front-bumper-guard-steel-black,https://stehlenauto.com/products/2020-2023-tesla-model-y-front-bumper-guard-steel-black,2020-2023 Tesla Model Y Front Bumper Guard Steel - Black,Title says '2020-2023' but fitment_raw confirms 2024 too -- propose '2020-2024 Tesla Model Y'.,,"custom.year metafield lists only 2020-2023, but fitment_raw has a confirmed single-year row for 2024 as well. Copy uses 2020-2024 (matches the fuller, more-trustworthy fitment_raw); recommend updating the year tag and title to match. | No weight or dimensions beyond install time."
published,2020-2023-tesla-model-y-rear-bumper-guard-black,https://stehlenauto.com/products/2020-2023-tesla-model-y-rear-bumper-guard-black,2020-2023 Tesla Model Y Rear Bumper Guard - Black,Title says '2020-2023' but fitment_raw confirms 2024 too -- propose '2020-2024 Tesla Model Y'.,"custom.material is null for this SKU (sibling front-guard SKU 07 and the bundle SKU 09 both list Steel for the same part family/finish). Warranty (steel-guard structural+finish tier) and general construction language assume steel to match the sibling SKUs, but the material field itself should be populated to remove ambiguity -- did not state 'Steel' in the Specifications Material row since it isn't confirmed on this exact record. | key_features / old description say 'bolt-on, no modifications needed', but fitment_raw NOTE and fitment_notes say 'Modification & Cutting Is Required For Installation'. Copy follows fitment_raw (cutting required); owner should confirm which is correct.","custom.year metafield lists only 2020-2023, but fitment_raw confirms 2024 too. Copy uses 2020-2024. | No weight or dimensions. | Material field missing (see conflict note)."
published,92-99-chevy-gmc-suburban-tahoe-yukon-bull-guard-led-light-bar,https://stehlenauto.com/products/92-99-chevy-gmc-suburban-tahoe-yukon-bull-guard-led-light-bar,1992-1999 Chevrolet GMC Bull Guard LED Light Bar Matte Black,"Title/handle claim Chevy AND GMC Suburban/Tahoe/Yukon fitment; fitment_raw only supports Chevrolet C/K 1500-3500 pickup-chassis codes with no GMC and no confirmed SUV body-style split. Propose retitling to '1988-1999 Chevrolet C/K 1500-3500 Bull Guard...' until data is fixed, or fixing fitment_raw to add the missing body styles/GMC rows.","MAJOR: Title/handle/custom.make/custom.model claim 'Chevy/GMC Suburban Tahoe Yukon' fitment, but custom.fitment_raw contains ONLY Chevrolet C1500/C2500/C3500/K1500/K2500/K3500 rows -- no body-style suffix (no 'Suburban', 'Tahoe', 'Blazer', or 'Yukon' text anywhere in fitment_raw) and ZERO GMC rows at all. Historically the C/K chassis-code family did carry the Suburban wagon and 2-door Blazer/Tahoe body styles in this era, so the copy describes it as the '1988-1999 Chevrolet C/K 1500-3500 full-size platform' without asserting a specific SUV nameplate or any GMC/Yukon fitment, since that is not confirmed in the source of truth. | custom.year tag says 1992-1999, but fitment_raw actually spans 1988-1999 for most C/K codes (K1500 stops at 1998). Copy uses the fuller, more accurate 1988-1999 range from fitment_raw.","This is 1 of 5 SKUs in this batch (14, 15, 16, 17, 25) sharing this same incomplete/mismatched fitment_raw -- recommend the catalog team add body-style suffixes (Suburban/Blazer/Tahoe) and confirm or add GMC Yukon rows, mirroring how the 1999-2007 GMT800-era SKUs in this same batch (21, 22, 26) already correctly encode Suburban 1500/Tahoe/Yukon/Yukon XL as distinct models. | custom.part_number is null for this SKU; no weight or dimensions."
published,92-99-chevy-gmc-suburban-tahoe-yukon-bull-guard-w-led-light-bar,https://stehlenauto.com/products/92-99-chevy-gmc-suburban-tahoe-yukon-bull-guard-w-led-light-bar,1992-1999 Chevy/GMC SUV Bull Guard Mesh Skid Plate & LED Bar,Same as SKU 14 -- title overclaims GMC/Yukon fitment not present in fitment_raw.,"Same MAJOR gap as SKU 14: title/handle claim Chevy/GMC Suburban/Tahoe/Yukon, fitment_raw only confirms Chevrolet C/K 1500-3500 chassis codes (1988-1999), no GMC, no SUV body-style suffix.","Shares fitment_raw with SKUs 14, 16, 17, 25 -- same catalog fix needed. | custom.part_number is null; used cb_integration.item_name as Part Number. | No weight or dimensions."
published,92-99-chevy-gmc-suburban-tahoe-yukon-bull-guard-w-led-light-bar-1,https://stehlenauto.com/products/92-99-chevy-gmc-suburban-tahoe-yukon-bull-guard-w-led-light-bar-1,1992-1999 Chevrolet GMC SUV Bull Bar w/ LED Light Bar - Matte Black,Same as SKU 14 -- title overclaims GMC/Yukon fitment not present in fitment_raw.,"Same MAJOR gap as SKU 14: title/handle claim Chevy/GMC Suburban/Tahoe/Yukon, fitment_raw only confirms Chevrolet C/K 1500-3500 chassis codes (1988-1999), no GMC, no SUV body-style suffix.","Shares fitment_raw with SKUs 14, 15, 17, 25 -- same catalog fix needed. | custom.part_number is null; used cb_integration.item_name as Part Number. | No weight or dimensions."
published,92-99-chevy-gmc-suburban-tahoe-yukon-studded-mesh-bull-guard-combo,https://stehlenauto.com/products/92-99-chevy-gmc-suburban-tahoe-yukon-studded-mesh-bull-guard-combo,1992-1999 Chevy/GMC SUV Bull Guard & 120W LED Light Bar Combo,Same as SKU 14 -- both the title and this SKU's own key_features overclaim GMC/Yukon/Blazer/Jimmy fitment not present in fitment_raw.,"Same MAJOR gap as SKU 14: title/handle claim Chevy/GMC Suburban/Tahoe/Yukon, and this SKU's own key_features text explicitly says 'Fits...Suburban, Tahoe, Yukon, Blazer, and Jimmy' -- none of which appear in fitment_raw (Chevrolet C/K 1500-3500 chassis codes only, no GMC).","Shares fitment_raw with SKUs 14, 15, 16, 25 -- same catalog fix needed. | custom.part_number is null; used cb_integration.item_name as Part Number. | No weight or dimensions."
published,99-07-silverado-sierra-1500-advanced-bull-guard-w-skid-plate-matte-black,https://stehlenauto.com/products/99-07-silverado-sierra-1500-advanced-bull-guard-w-skid-plate-matte-black,1999-2007 Chevy Silverado/GMC Sierra 1500 Bull Guard Skid Plate - Matte Black,"Title/handle say 'Silverado/Sierra 1500' only; fitment_raw also confirms Suburban 1500, Tahoe, Yukon, and Yukon XL 1500 (2000-2006). Propose adding those model names to the title/handle since they're already confirmed in the data.",,"No weight or dimensions. | fitment_raw confirms this also fits Chevrolet Suburban 1500, Tahoe (1/2-ton), GMC Yukon, and Yukon XL 1500 -- none of which are in the title or handle. This is the inverse of the SKU 14-17 problem: real confirmed fitment is being left off the title, so SUV buyers searching 'Tahoe bull guard' or 'Yukon bull guard' won't find this listing."
published,99-07-silverado-sierra-1500-bull-guard-mesh-skid-plate-matte-black,https://stehlenauto.com/products/99-07-silverado-sierra-1500-bull-guard-mesh-skid-plate-matte-black,1999-2007 Chevy Silverado GMC Sierra 1500 Bull Guard Mesh Skid Plate Matte Black,"Title/handle say 'Silverado/Sierra 1500' only; fitment_raw also confirms Suburban 1500, Tahoe, Yukon, and Yukon XL 1500. Propose adding those model names to the title.",,"No weight or dimensions. | Same as SKU 21: fitment_raw confirms Suburban 1500, Tahoe, Yukon, and Yukon XL 1500 fitment that isn't reflected in the title/handle."
published,advance-series-bull-guard-w-led-light-bar-for-ford-bronco-2021,https://stehlenauto.com/products/advance-series-bull-guard-w-led-light-bar-for-ford-bronco-2021,Advance Series Bull Guard w/ LED Light Bar for Ford Bronco 2021+,"Title's open-ended '2021+' should be '2021-2024' to match what fitment_raw actually confirms, and the year tag (which runs to 2027) should be cleaned up.",,"Title says '2021+' (open-ended). fitment_raw and custom.year only actually confirm 2021-2024; custom.year tag itself lists placeholder years through 2027. fitment_notes for this SKU also states 'Verify specific trim and submodel compatibility before purchase' -- meaning there is no real trim-level Bronco gating in the data, only a year-level one inferred from the product code (BRON21). | No weight or dimensions beyond install time."
published,advanced-series-bull-guard-w-skid-plate-matte-black,https://stehlenauto.com/products/advanced-series-bull-guard-w-skid-plate-matte-black,Advanced Series Bull Guard w/ Skid Plate - Matte Black,Title lacks year range and vehicle names entirely. Propose '2003-2023 Ford F-150/Expedition & Lincoln Navigator/Mark LT Bull Guard w/ Skid Plate (Gas Engines Only) - Matte Black'.,,"Title has NO vehicle name or year range at all ('Advanced Series Bull Guard w/ Skid Plate - Matte Black') -- fitment_raw confirms a specific, large fitment set (2003-2017 Expedition, 2004-2023 F-150 gas engines only, 2006-2008 Lincoln Mark LT, 2003-2014 Lincoln Navigator). Wrote the year range and vehicle list into the description's opening sentence and Fitment section since the title carries none of it. | 186 fitment_raw rows across trim+cab+engine combinations were consolidated to model+year+engine-exclusion level for readability; a handful of individual trim/year cells inside the 2011-2020 "
published,chevrolet-gmc-suburban-tahoe-yukon-bull-guard-gbu10050,https://stehlenauto.com/products/chevrolet-gmc-suburban-tahoe-yukon-bull-guard-gbu10050,1992-1999 Chevy/GMC SUV Bull Guard w/ Chrome Skid Plate - Matte Black,Same as SKU 14 -- title and key_features overclaim GMC/Yukon/Blazer/Jimmy fitment not present in fitment_raw.,"Same MAJOR gap as SKU 14: title/handle/key_features claim Chevy/GMC Suburban/Blazer/Tahoe/Jimmy/Yukon fitment, but fitment_raw only confirms Chevrolet C/K 1500-3500 chassis codes (1988-1999), no GMC, no SUV body-style suffix.","Shares fitment_raw with SKUs 14, 15, 16, 17 -- same catalog fix needed. | No weight or dimensions."
published,chevy-silverado-gmc-sierra-bull-guard-skid-plate-matte-black,https://stehlenauto.com/products/chevy-silverado-gmc-sierra-bull-guard-skid-plate-matte-black,1999-2007 Chevy Silverado GMC Sierra Advanced Bull Guard w/ Skid Plate - Matte Black,"Title/handle say 'Silverado/Sierra' only; fitment_raw also confirms Avalanche 1500, Suburban 1500, Tahoe, Yukon, and Yukon XL 1500. Propose adding those model names to the title.",,"No weight or dimensions. | fitment_raw confirms this also fits Chevrolet Avalanche 1500 (with/without cladding), Suburban 1500, Tahoe (1/2-ton), GMC Yukon, and Yukon XL 1500 -- none in the title/handle. Same inverse-of-14-17 issue as SKUs 21/22."
published,ford-f-150-expedition-lincoln-bull-guard-mesh-skid-plate-matte-black,https://stehlenauto.com/products/ford-f-150-expedition-lincoln-bull-guard-mesh-skid-plate-matte-black,Ford F-150 Expedition Lincoln Bull Guard Mesh Skid Plate - Matte Black,Title lacks a year range. Propose '2003-2023 Ford F-150/Expedition & Lincoln Navigator/Mark LT Bull Guard w/ Mesh Skid Plate (Gas Engines Only) - Matte Black'.,,Title has no year range (just 'Ford F-150 Expedition Lincoln...'). Confirmed range is 2003-2023 for F-150 (gas only) / 2003-2017 Expedition / 2006-2008 Mark LT / 2003-2014 Navigator -- added to the description body since the title omits it. | No weight or dimensions.
published,ford-f-150-expedition-studded-mesh-bull-guard-combo-w-led-light-bar,https://stehlenauto.com/products/ford-f-150-expedition-studded-mesh-bull-guard-combo-w-led-light-bar,Ford F-150 Expedition Studded Mesh Bull Guard Combo w/ LED Light Bar,Title lacks year range and omits Lincoln Mark LT/Navigator despite confirmed fitment. Propose '2003-2023 Ford F-150/Expedition & Lincoln Navigator/Mark LT Studded Mesh Bull Guard Combo w/ LED Light Bar'.,,"Title has no year range. Same confirmed fitment set as SKUs 24/27/34 (2003-2023 F-150 gas only, 2003-2017 Expedition, 2006-2008 Mark LT, 2003-2014 Navigator); Lincoln isn't mentioned in the title at all despite being confirmed. | No weight or dimensions."
published,jeep-commander-grand-cherokee-advanced-bull-guard-led-matte-black,https://stehlenauto.com/products/jeep-commander-grand-cherokee-advanced-bull-guard-led-matte-black,Jeep Commander & Grand Cherokee Advanced Bull Guard LED - Matte Black,Title lacks a year range. Propose '2005-2010 Jeep Commander & Grand Cherokee Advanced Bull Guard LED - Matte Black'.,,Title has no year range ('Jeep Commander & Grand Cherokee Advanced Bull Guard LED - Matte Black'). Confirmed range is 2005-2007 Grand Cherokee and 2006-2010 Commander -- added to the description. | No weight or dimensions beyond install time and tools_required.
published,jeep-commander-grand-cherokee-bull-guard-w-led-light-bar-matte-black,https://stehlenauto.com/products/jeep-commander-grand-cherokee-bull-guard-w-led-light-bar-matte-black,Jeep Commander/Grand Cherokee Bull Guard w/ LED Light Bar - Matte Black,Title lacks a year range. Propose '2005-2010 Jeep Commander/Grand Cherokee Bull Guard w/ LED Light Bar - Matte Black'.,,"Title has no year range. Same confirmed range as SKU 29 (2005-2007 Grand Cherokee, 2006-2010 Commander). | No weight or dimensions."
published,nissan-bull-guard-w-mesh-skid-plate-led-light-bar-matte-black,https://stehlenauto.com/products/nissan-bull-guard-w-mesh-skid-plate-led-light-bar-matte-black,Nissan Bull Guard w/ Mesh Skid Plate & LED Light Bar - Matte Black,"Title says only 'Nissan' with no models. Propose '2005-2021 Nissan Frontier / Pathfinder / Xterra Bull Guard w/ Mesh Skid Plate & LED Light Bar - Matte Black' -- Frontier especially should not be omitted, since it has the widest confirmed year range of the three.","Title/handle say only 'Nissan' with no model names at all. fitment_raw confirms THREE models: Frontier (2005-2021, the broadest and longest-running of the three), Pathfinder (2005-2007), and Xterra (2005-2015). The cb_integration.item_name (BGHD-FRON05...) indicates this was originally a Frontier-platform guard; Frontier fitment is fully confirmed but completely absent from the title.",No weight or dimensions.
published,nissan-pathfinder-xterra-advanced-bull-guard-w-skid-plate-matte-black,https://stehlenauto.com/products/nissan-pathfinder-xterra-advanced-bull-guard-w-skid-plate-matte-black,Nissan Pathfinder Xterra Advanced Bull Guard w/ Skid Plate - Matte Black,Title omits Frontier despite confirmed fitment_raw coverage 2005-2021. Propose '2005-2021 Nissan Frontier / Pathfinder / Xterra Advanced Bull Guard w/ Skid Plate - Matte Black'.,"Title/handle say 'Nissan Pathfinder Xterra' but omit Frontier, even though fitment_raw confirms 2005-2021 Frontier fitment (a longer, more current range than Pathfinder 2005-2007 or Xterra 2005-2015). The cb_integration.item_name (BGHD-FRON05-AV-MB) is literally a Frontier part-family code.",No weight or dimensions.
published,nissan-pathfinder-xterra-bull-guard-w-mesh-skid-plate-matte-black,https://stehlenauto.com/products/nissan-pathfinder-xterra-bull-guard-w-mesh-skid-plate-matte-black,Nissan Pathfinder Xterra Bull Guard w/ Mesh Skid Plate - Matte Black,"Title omits Frontier despite confirmed fitment_raw coverage 2005-2021. Propose adding Frontier to the title, matching SKU 31/32.","Same as SKU 32: title/handle say 'Nissan Pathfinder Xterra' but omit Frontier, despite fitment_raw confirming 2005-2021 Frontier fitment (broader than Pathfinder or Xterra).",No weight or dimensions.
published,studded-mesh-bull-guard-texture-black-ford-f-150-expedition,https://stehlenauto.com/products/studded-mesh-bull-guard-texture-black-ford-f-150-expedition,Studded Mesh Bull Guard Texture Black - Ford F-150 Expedition,Title lacks year range and Lincoln models. Propose '2003-2023 Ford F-150/Expedition & Lincoln Navigator/Mark LT Studded Mesh Bull Guard - Texture Black'.,,"Title has no year range, and doesn't mention Lincoln despite confirmed Mark LT/Navigator fitment. Same confirmed set as SKUs 24/27/28 (2003-2023 F-150 gas only, 2003-2017 Expedition, 2006-2008 Mark LT, 2003-2014 Navigator). | custom.part_number equals cb_integration.item_name here (both BGHD-EXPED03-AM-TB) -- used as-is. | Vendor is Black Horse Off Road -- no Warranty section per the rule."
published,stehlen-razor-1000-universal-chase-rack-w-led-lights-matte-black,https://stehlenauto.com/products/stehlen-razor-1000-universal-chase-rack-w-led-lights-matte-black,Stehlen Razor 1000 Universal Chase Rack w/ LED Lights - Matte Black,"Title says 'Chevrolet Silverado' but zero Silverado rows exist in fitment_raw -- the confirmed vehicle list is entirely different (older C/K trucks, Avalanche, Escalade EXT, LUV). This needs an urgent data/title review before this SKU ships as a 'Silverado' product -- propose retitling to something like 'Stehlen Razor 1000 Universal Chase Rack w/ LED Lights (Avalanche / Escalade EXT / Classic C-K Truck Bed) - Matte Black' pending confirmation, or adding real Silverado fitment rows if this rack is in fact meant for the Silverado.","Title/handle/custom.make/model say 'Chevrolet Silverado' but there is ZERO 'Silverado' row anywhere in fitment_raw. The 13 confirmed rows are Cadillac Escalade EXT (2002-2013), Chevrolet Avalanche (1500/2500 2002-2006, unified 2007-2013), Chevrolet C1500-C3500/K1500-K3500 (1990-2002, the pre-1999 GMT400 truck generation that predates the Silverado nameplate), Chevrolet LUV (1997-2005), and Chevrolet R3500/V3500 (1990-1991). This is a high-severity mismatch: 'Silverado' is one of the best-selling nameplates in the US, and a customer buying this rack expecting it to fit a modern Silverado 1500/2500/3500 would be buying the wrong product entirely -- none of the confirmed vehicles are Silverados.","Because this is sold as an 'adjustable universal' rack, it's possible it genuinely bolts to a wide range of bed widths including current Silverados, but that is NOT what the source data confirms -- treated as unconfirmed per the zero-fabrication rule rather than assumed. | No weight or dimensions. | custom.part_number 'SB021-UNIVERSAL' doesn't reference any specific vehicle, consistent with the confirmed-vehicle list being older/mixed rather than Silverado-specific."
published,stehlen-razor-3000-universal-chase-rack-w-led-lights-texture-black,https://stehlenauto.com/products/stehlen-razor-3000-universal-chase-rack-w-led-lights-texture-black,Stehlen Razor 3000 Universal Chase Rack w/LED Lights - Texture Black,Same as SKU 35 -- title claims Silverado fitment with zero supporting data rows. Needs urgent review before shipping as a Silverado-branded product.,"Same MAJOR mismatch as SKU 35: title says 'Chevrolet Silverado' but fitment_raw has zero Silverado rows -- confirmed vehicles are Escalade EXT, Avalanche, C/K 1500-3500 (1990-2002), LUV, and R3500/V3500.",No weight or dimensions. | Shares the identical fitment_raw as SKU 35 -- same catalog/title fix needed.
published,11-19-dodge-charger-chrysler-300-hex-rubber-floor-mats-3pc-black,https://stehlenauto.com/products/11-19-dodge-charger-chrysler-300-hex-rubber-floor-mats-3pc-black,2011-2021 Dodge Charger / Chrysler 300 RWD Rubber Floor Mats 3PC,Handle says '11-19' but confirmed range is 2011-2021 -- handle should be updated to match the (correct) title.,Handle says '11-19' (2011-2019) but custom.year and fitment_raw both actually run through 2021. Title correctly says '2011-2021' (matches fitment_raw) -- only the handle is stale.,"No weight or dimensions. | fitment_raw's model field is simply '300' with no separate '300C' row; the 300C is a trim level of the Chrysler 300 and is covered under the same model/note, not a separate confirmed line -- mentioned as 'includes 300C trim' based on that being a trim rather than a distinct nameplate, not a new unconfirmed vehicle claim. | AWD/RWD floor-pan explanation (wider center tunnel on AWD LX-platform cars) is general platform knowledge, not sourced from this record's metafields -- flagging in case the coordinator wants it removed or re-sourced from an official spec sheet."
published,14-18-chevy-silverado-gmc-sierra-crew-cab-hex-rubber-floor-mats-4pc,https://stehlenauto.com/products/14-18-chevy-silverado-gmc-sierra-crew-cab-hex-rubber-floor-mats-4pc,2014-2019 Chevy/GMC Silverado/Sierra Crew Cab Floor Mats 4PC Black Rubber,Title '2014-2019 Chevy/GMC Silverado/Sierra Crew Cab Floor Mats' overstates the 1500 by one model year (redesigned 2019 Silverado/Sierra 1500 is a different body/floor pan). Propose '2014-2018 Silverado/Sierra 1500 & 2015-2019 2500/3500 HD Crew Cab Floor Mats' or similar.,"Title says a blanket '2014-2019' for every make/model, but fitment_raw shows Silverado 1500 and Sierra 1500 (K2XX generation) only through 2018 -- they were replaced by the redesigned T1XX-generation 2019+ Silverado/Sierra 1500, which does not share this floor pan. Only the 2500/3500 HD trucks (which kept the older body through 2019) actually reach 2019. Wrote per-model fitment lines (1500: 2014-2018; 2500/3500 HD: 2015-2019) instead of repeating the blanket range.",custom.year metafield lists only 2014-2018 (missing 2019) even though fitment_raw confirms 2019 for the HD models -- stale tag. | No weight or dimensions for the mat set.
published,14-18-silverado-sierra-crew-cab-hex-rubber-floor-mats-2pc-black,https://stehlenauto.com/products/14-18-silverado-sierra-crew-cab-hex-rubber-floor-mats-2pc-black,2014-2019 Chevy/GMC Silverado/Sierra Crew Cab Rubber Floor Mats 2PC Black,Same as item 00 -- propose splitting the range by model line.,Same generational issue as item 00 (companion bucket-seat SKU): title's blanket '2014-2019' overstates the Silverado/Sierra 1500 range by one year versus fitment_raw (1500 stops at 2018; only 2500/3500 HD reach 2019). Wrote per-model fitment lines.,"custom.year metafield stale (2014-2018 only, missing confirmed 2019 HD rows). | No weight or dimensions."
published,14-24-lexus-gx460-toyota-4runner-hex-rubber-floor-mats-3pc,https://stehlenauto.com/products/14-24-lexus-gx460-toyota-4runner-hex-rubber-floor-mats-3pc,2013-2023 Toyota 4Runner / Lexus GX460 Rubber Floor Mats 3PC - Black,Propose '2013-2023 Toyota 4Runner / 2014-2023 Lexus GX460 Rubber Floor Mats' so the GX460 range isn't overstated by a year.,"Title '2013-2023 Toyota 4Runner / Lexus GX460' implies the GX460 is also available from 2013, but fitment_raw confirms GX460 fitment only from 2014 (the GX460 wasn't sold in the US for MY2013). Wrote separate fitment lines: 4Runner 2013-2023, GX460 2014-2023.","custom.year metafield lists 2014-2024, which is wrong on both ends versus fitment_raw (misses 4Runner's 2013 start, adds an unconfirmed 2024)."
published,2019-2023-audi-q8-hex-style-rubber-trunk-mat-all-weather-black,https://stehlenauto.com/products/2019-2023-audi-q8-hex-style-rubber-trunk-mat-all-weather-black,2019-2024 Audi Q8 Hex Style All Weather Rubber Trunk Mat - Black,Title '2019-2024 Audi Q8 Hex Style All Weather Rubber Trunk Mat' overstates confirmed fitment by one year versus this SKU's fitment_raw (through 2023 only). Propose '2019-2023 Audi Q8 Hex Style All Weather Rubber Trunk Mat' unless 2024 fitment is verified and the source updated.,"Title says '2019-2024 Audi Q8' but fitment_raw for this specific trunk-mat SKU only has rows through 2023 -- no 2024 row, unlike the companion 3-piece floor mat SKU (item 16) whose fitment_raw does include 2024. Wrote Fitment as 2019-2023 only.",No weight or dimensions.
published,ford-f-150-lightning-super-cab-hex-rubber-floor-mats-3pc-black,https://stehlenauto.com/products/ford-f-150-lightning-super-cab-hex-rubber-floor-mats-3pc-black,2015-2023 Ford F-150 Super Cab All Weather Floor Mats 3PC - Black,Handle 'ford-f-150-lightning-super-cab-hex-rubber-floor-mats-3pc-black' should be corrected to remove 'lightning' -- this SKU only fits the gas F-150 Super (Extended) Cab; the Lightning does not come in this body style. Title itself ('2015-2023 Ford F-150 Super Cab...') is accurate and was left unchanged.,"The product handle contains 'lightning-super-cab', but every row in this SKU's fitment_raw is gas-engine 'Ford|F-150' (Lariat/Raptor/SSV/XL/XLT Extended Cab) -- there is not a single F-150 Lightning row. This is also physically correct: the F-150 Lightning EV is only sold as a SuperCrew (5-passenger crew cab); Ford has never offered a Super Cab/Extended Cab body style for the Lightning. The handle is actively misleading and could make a Lightning owner buy the wrong mat. Did not mention Lightning anywhere in the copy and added an explicit will-not-fit line naming the Lightning. The correct Lightning SKU is item 33 in this batch (SuperCrew), which does have confirmed Lightning fitment_raw rows.",No weight or dimensions.
published,honda-pilot-passport-hex-style-all-weather-rubber-floor-mats-3pc,https://stehlenauto.com/products/honda-pilot-passport-hex-style-all-weather-rubber-floor-mats-3pc,2016-2023 Honda Pilot / Passport All Weather Floor Mats 3PC - Black,Consider '2016-2023 Honda Pilot / 2019-2023 Honda Passport' to avoid implying a 2016-2018 Passport exists.,"Title '2016-2023 Honda Pilot / Passport' reads as one blanket range, but the Passport didn't exist before 2019 (fitment_raw confirms Passport only 2019-2023). Kept the source's existing two-line Fitment split (Pilot 2016-2023 / Passport 2019-2023) rather than repeating the blanket range in prose.","No custom.year metafield present on this item at all (missing entirely, unlike most other items in this batch)."
published,02-05-dodge-ram-1500-2500-3500-front-grille-chrome,https://stehlenauto.com/products/02-05-dodge-ram-1500-2500-3500-front-grille-chrome,2002-2005 Dodge Ram 1500 2500 3500 Front Grille Chrome,Title '2002-2005 Dodge Ram 1500 2500 3500 Front Grille Chrome' overstates 2500/3500 coverage by one year (no confirmed 2002 fitment for those two models). Propose '2002-2005 Ram 1500 / 2003-2005 Ram 2500 3500 Front Grille - Chrome' or similar.,"Title 'Dodge Ram 1500 2500 3500 Front Grille' with a single '2002-2005' range overstates the 2500/3500: fitment_raw confirms Ram 1500 from 2002, but Ram 2500 and Ram 3500 only from 2003 (no 2002 rows for either). Wrote per-model fitment lines (1500: 2002-2005; 2500: 2003-2005; 3500: 2003-2005) instead of one blanket range, matching the same pattern as the approved 05_new.html example in this batch's reference set.",No weight or dimensions.
published,02-06-cadillac-escalade-front-grille-chrome-mesh-style,https://stehlenauto.com/products/02-06-cadillac-escalade-front-grille-chrome-mesh-style,2002-2006 Cadillac Escalade Front Grille - Chrome Mesh Style,"Title '2002-2006 Cadillac Escalade Front Grille - Chrome Mesh Style' overstates the ESV variant by one year (no confirmed 2002 ESV fitment in this data). Propose noting '2003-2006 Escalade ESV' separately, or verify with the catalog team since the ESV nameplate is publicly documented as launching in MY2002 -- worth a one-time sanity check of the fitment feed against that possibility.","Title 'Cadillac Escalade Front Grille' with a single '2002-2006' range overstates the Escalade ESV: fitment_raw confirms base Escalade and Escalade EXT from 2002, but Escalade ESV only from 2003 (no 2002 ESV row). Wrote per-model fitment lines instead of one blanket range.",No weight or dimensions.
published,05-07-ford-f250-f350-f450-studded-mesh-rivet-grille-matte-black,https://stehlenauto.com/products/05-07-ford-f250-f350-f450-studded-mesh-rivet-grille-matte-black,2005-2007 Ford F250 F350 F450 Studded Mesh Rivet Grille Matte Black,"Title omits F-550 and Excursion, both of which fitment_raw confirms. Propose adding them or noting 'and more' so F-550/Excursion owners can find this listing.",,"Title lists only F-250/F-350/F-450, but fitment_raw and current_descriptionHtml also confirm F-550 Super Duty and the 2005 Excursion (Excursion is 2005-only per fitment_notes). Included F-550 and Excursion in the Fitment list since fitment_raw supports them, even though the title omits them (undersells rather than oversells, so low return risk, but hurts findability for F-550/Excursion owners). | No weight or dimensions given."
published,07-14-chevy-tahoe-suburban-avalanche-front-grille-matte-black,https://stehlenauto.com/products/07-14-chevy-tahoe-suburban-avalanche-front-grille-matte-black,2007-2014 Chevrolet Tahoe/Suburban/Avalanche Front Grille - Black,Title overstates Avalanche coverage by one model year (says through 2014; data confirms only through 2013). This is the most safety-relevant SKU in the batch since installation also requires cutting/modification -- recommend correcting the title before it goes live.,"Title says '2007-2014 ... Avalanche' but fitment_raw only confirms Avalanche through 2013 (Chevrolet discontinued the Avalanche after MY2013, consistent with the data). Did not extend the Fitment list or a fabricated 'will not fit 2014 Avalanche' line since the source simply doesn't have 2014 Avalanche rows -- flagged here instead of guessing. | Within fitment_raw, Tahoe 'Base' trim is present for 2007-2009 and 2011-2012 but is missing 2010, 2013, and 2014 entirely, while LS/LT/LTZ/PPV run the full 2007-2014 span. This looks like a data export gap rather than a real trim discontinuation -- I kept the existing (already-approved) trim/year grouping from the old description rather than inventing a fix, but the catalog team should confirm whether 2010 Base Tahoe genuinely has no equivalent grille part.",
published,1994-2002-dodge-ram-1500-2500-3500-front-grille-black,https://stehlenauto.com/products/1994-2002-dodge-ram-1500-2500-3500-front-grille-black,1994-2002 Dodge Ram 1500 2500 3500 Front Grille - Black,"Title overstates Ram 1500 coverage by one year (says 2002, data says 2001). Propose: '1994-2001 Dodge Ram 1500 / 1994-2002 Ram 2500 3500 Front Grille - Black' -- same fix pattern already approved for the matching mesh-grille SKU.","Title says '1994-2002 Dodge Ram 1500 2500 3500' but fitment_raw only confirms Ram 1500 through model year 2001 (2500/3500 go through 2002). This is the same conflict the coordinator already flagged and approved a fix for on a near-identical SKU (see _examples/05). Wrote per-model fitment lines (1500 1994-2001, 2500/3500 1994-2002) instead of one blanket range.",No weight or dimensions.
published,1994-2002-dodge-ram-1500-2500-3500-horizontal-front-grille-matte-black,https://stehlenauto.com/products/1994-2002-dodge-ram-1500-2500-3500-horizontal-front-grille-matte-black,1994-2002 Dodge Ram 1500 2500 3500 Horizontal Front Grille Matte Black,Same as nn 10: propose '1994-2001 Dodge Ram 1500 / 1994-2002 Ram 2500 3500' title split.,"Same 1500-stops-at-2001 vs 2500/3500-through-2002 conflict as nn 10, 12, 13, 14 -- this pattern repeats across 5 SKUs in this batch, all sharing the same title template.",fitment_raw carries very granular cab-style/trim submodel rows for 1997-2001 (19 distinct submodel combinations) even though this is a universal front grille that likely doesn't vary by cab or trim. Summarized as 'all cab styles and trims' rather than reproducing every row -- recommend the catalog team confirm grille fitment doesn't actually need cab/trim gating so this granular data isn't misapplied to a UI filter.
published,1994-2002-dodge-ram-1500-2500-3500-horizontal-grille-black,https://stehlenauto.com/products/1994-2002-dodge-ram-1500-2500-3500-horizontal-grille-black,1994-2002 Dodge Ram 1500 2500 3500 Horizontal Grille - Black,Same as nn 10: propose '1994-2001 Dodge Ram 1500 / 1994-2002 Ram 2500 3500' title split.,"Same 1500-stops-at-2001 vs 2500/3500-through-2002 conflict as nn 10, 11, 13, 14.",No weight or dimensions.
published,1994-2002-dodge-ram-1500-2500-3500-mesh-front-grille-matte-black,https://stehlenauto.com/products/1994-2002-dodge-ram-1500-2500-3500-mesh-front-grille-matte-black,1994-2002 Dodge Ram 1500 2500 3500 Mesh Front Grille Matte Black,Same as nn 10: propose '1994-2001 Dodge Ram 1500 / 1994-2002 Ram 2500 3500' title split.,"Same 1500-stops-at-2001 vs 2500/3500-through-2002 conflict as nn 10, 11, 12, 14.",Same granular cab/trim submodel rows as nn 11; summarized rather than reproduced.
published,1994-2002-dodge-ram-1500-2500-3500-vertical-front-grille-matte-black,https://stehlenauto.com/products/1994-2002-dodge-ram-1500-2500-3500-vertical-front-grille-matte-black,1994-2002 Dodge Ram 1500 2500 3500 Vertical Front Grille Matte Black,Same as nn 10: propose '1994-2001 Dodge Ram 1500 / 1994-2002 Ram 2500 3500' title split.,"Same 1500-stops-at-2001 vs 2500/3500-through-2002 conflict as nn 10, 11, 12, 13.",No custom.part_number metafield; used cb_integration.item_name per fallback rule. | No weight or dimensions.
published,1996-2002-audi-a4-s4-b5-front-grille-black-mesh-style,https://stehlenauto.com/products/1996-2002-audi-a4-s4-b5-front-grille-black-mesh-style,1996-2002 Audi A4 S4 B5 Front Grille - Black Horizontal Style,"Title overstates A4 coverage by one year (implies 2002, data confirms only through 2001; only S4 reaches 2002). Propose: '1996-2001 Audi A4/A4 Quattro / 2000-2002 Audi S4 B5 Front Grille - Black'.",Title says '1996-2002 Audi A4 S4 B5' but fitment_raw confirms A4/A4 Quattro only through 2001; S4 is 2000-2002. Title implies A4 coverage through 2002 that the data doesn't support. Wrote per-model fitment lines instead of a blanket range.,No weight or dimensions.
published,1997-2004-dodge-dakota-durango-front-grille-black,https://stehlenauto.com/products/1997-2004-dodge-dakota-durango-front-grille-black,1997-2004 Dodge Dakota Durango Front Grille - Black,Title implies Durango shares the full 1997-2004 range; propose '1997-2004 Dodge Dakota / 1998-2003 Durango Front Grille - Black' for accuracy.,"Title says '1997-2004 Dodge Dakota Durango' but fitment_raw and fitment_notes confirm Durango only 1998-2003, one year short on both ends of the Dakota's 1997-2004 range.","custom.part_number field contains two SKUs separated by a slash ('GRZ-DKT-9704-BK / GRZT-DKT-9704-BK') rather than one clean value -- reproduced as-is in the Part Number spec row rather than silently picking one, but this should be cleaned up in the source data."
published,1997-2004-dodge-dakota-durango-front-grille-chrome,https://stehlenauto.com/products/1997-2004-dodge-dakota-durango-front-grille-chrome,1997-2004 Dodge Dakota Durango Front Grille - Chrome,Same as nn 16: propose '1997-2004 Dodge Dakota / 1998-2003 Durango Front Grille - Chrome'.,Same Durango year-range conflict as nn 16.,No weight or dimensions.
published,1998-2001-volkswagen-passat-b5-front-grille-matte-black,https://stehlenauto.com/products/1998-2001-volkswagen-passat-b5-front-grille-matte-black,1998-2001 Volkswagen Passat B5 Front Grille - FGGG,"Current title ends in '- FGGG', an internal SKU-prefix fragment left over from data entry, not a finish descriptor. Propose '1998-2001 Volkswagen Passat B5 Front Grille - Black'.",,"No weight, dimensions, or installation_time/tools_required given."
published,1999-2005-volkswagen-jetta-mk4-front-grille-matte-black,https://stehlenauto.com/products/1999-2005-volkswagen-jetta-mk4-front-grille-matte-black,1999-2005 Volkswagen Jetta MK4 Front Grille - FGGG,Handle contains 'matte-black' but the actual color data is plain Black. Recommend correcting the handle/slug so it doesn't collide with or get confused with nn 34 (the genuine matte black version).,"Handle and part of the historical naming say 'matte-black', but custom.color is plain 'Black' (not matte) and current_descriptionHtml repeatedly says 'Black Finish' / 'sleek black finish' -- never 'matte'. This looks like a copy-paste handle collision with the true matte-black SKU (nn 34, which has an almost identical handle). Wrote the copy as 'Black' (matching custom.color and the description), not matte black, per zero-fabrication rule.",custom.part_number is oddly lowercase and irregular ('gr-jta-9904-bms') compared to the FGGG-prefixed pattern on every other SKU in this family -- reproduced as-is.
published,1999-2006-chevy-silverado-tahoe-suburban-front-grille-black,https://stehlenauto.com/products/1999-2006-chevy-silverado-tahoe-suburban-front-grille-black,1999-2006 Chevrolet Silverado Tahoe Suburban Front Grille - Black,"Propose retitling to match nn 26/27/28's pattern: '1999-2002 Chevrolet Silverado & 2000-2006 Tahoe/Suburban Front Grille - Black', since 'Silverado 1999-2006' is not supported by the data.","Title says blanket '1999-2006' across Silverado, Tahoe, and Suburban, but fitment_raw confirms Silverado 1500/2500 only 1999-2002 (non-HD); Tahoe/Suburban run 2000-2006. Silverado coverage is overstated by 4 years. The near-identical SKUs nn 26/27/28 in this batch already use a more accurate title pattern ('1999-2002 ... Silverado & 2000-2006 Tahoe/Suburban ...') -- this SKU and nn 37 use the less accurate blanket pattern instead.",No material metafield or weight/dimensions.
published,1999-2006-chevy-silverado-tahoe-suburban-front-grille-matte-black,https://stehlenauto.com/products/1999-2006-chevy-silverado-tahoe-suburban-front-grille-matte-black,1999-2006 Chevrolet Silverado Tahoe Suburban Grille Horizontal Matte Black,Same as nn 36: propose '1999-2002 Chevrolet Silverado & 2000-2006 Tahoe/Suburban Front Grille - Matte Black'.,Same Silverado-overstated-by-4-years conflict as nn 36.,No weight or dimensions.
published,1999-2006-volkswagen-golf-mk4-gti-r32-badgeless-front-grille-matte-black,https://stehlenauto.com/products/1999-2006-volkswagen-golf-mk4-gti-r32-badgeless-front-grille-matte-black,1999-2006 Volkswagen Golf MK4 GTI/R32 Badgeless Front Grille — Matte Black,"Title's 'GTI/R32' framing risks non-GTI/R32 Golf owners assuming this doesn't fit their trim, when the data shows it fits nearly all MK4 trims. Recommend adding '(fits all MK4 trims)' or moving 'GTI/R32-style' later in the title so it reads as a styling name, not a fitment gate.","Title says 'GTI/R32 Badgeless' but fitment_raw actually confirms fitment across virtually every MK4 Golf trim sold 1999-2006 (Base, Comfortline, Confort, Europa, GL, GLS, GL TDI, GLS TDI, Lujo, MI, Trendline, Verano, Wolfsburg, TDI, plus all GTI/R32 variants) -- not just GTI/R32. 'GTI/R32' appears to describe the badgeless styling look (mimicking the sportier trims' clean grille), not an actual fitment restriction. Wrote the Fitment section as 'all trims' to avoid implying non-GTI/R32 owners should skip this listing.",No custom.material metafield despite this being a molded ABS-style grille elsewhere in the catalog; omitted Material spec row.
published,2004-2007-nissan-titan-armada-front-grille-matte-black,https://stehlenauto.com/products/2004-2007-nissan-titan-armada-front-grille-matte-black,2004-2007 Nissan Titan Armada Front Grille - Matte Black,"Title '2004-2007 Nissan Titan Armada Front Grille - Matte Black' implies uniform 2004-2007 fitment for both models. Propose: '2004-2007 Nissan Titan & 2005-2007 Armada Front Grille - Matte Black' to match sibling SKUs (nn=36, nn=37) and avoid a 2004 Armada owner buying this by mistake.","Title reads '2004-2007 Nissan Titan Armada Front Grille' implying both models share the same 2004-2007 range, but fitment_raw (and fitment_notes, which spell this out explicitly: 'Titan fits 2004-2007 models. Armada fits 2005-2007 models.') confirms Armada only from 2005 -- Armada didn't exist as a 2004 model. Siblings nn=36 and nn=37 (same product line) correctly split the years in their titles. Wrote the Fitment section as two separate lines.",No weight/dimensions.
published,2005-2007-audi-a6-rs-style-honeycomb-mesh-front-grille-chrome-black,https://stehlenauto.com/products/2005-2007-audi-a6-rs-style-honeycomb-mesh-front-grille-chrome-black,2005-2007 Audi A6 RS Style Honeycomb Mesh Front Grille - Chrome/Black,Consider '2006-2007 Audi A6 / 2005-2007 Audi A6 Quattro RS Style Honeycomb Mesh Front Grille - Chrome/Black' so the title doesn't imply base A6 fits in 2005.,Title says '2005-2007 Audi A6' but fitment_raw only supports plain A6 for 2006-2007 (2005 is Quattro-only). Title overstates coverage for base-A6 2005 buyers.,
published,2005-2007-ford-f-250-f-350-super-duty-2005-excursion-vertical-front-grille-black,https://stehlenauto.com/products/2005-2007-ford-f-250-f-350-super-duty-2005-excursion-vertical-front-grille-black,2005-2007 Ford F-250/F-350 Super Duty & 2005 Excursion Vertical Front Grille — Black,"Title only names F-250/F-350 Super Duty & 2005 Excursion, but fitment_raw also covers F-450 and F-550 Super Duty (2005-2007). Retitle to include F-450/F-550 for search/SEO parity.",,
published,2005-2007-ford-f250-f350-black-mesh-grille-w-chrome-rivets,https://stehlenauto.com/products/2005-2007-ford-f250-f350-black-mesh-grille-w-chrome-rivets,2005-2007 Ford F250 F350 Black Mesh Grille w/ Chrome Rivets,"Title says 'Ford F250 F350' only, but fitment_raw covers F-250 through F-550 Super Duty plus the 2005 Excursion (same scope as 13_source.json). Retitle to include F-450/F-550/Excursion.",,
published,2005-2011-toyota-tacoma-front-grille-matte-black-mesh-style,https://stehlenauto.com/products/2005-2011-toyota-tacoma-front-grille-matte-black-mesh-style,2005-2011 Toyota Tacoma Front Grille - Black Horizontal Style,"Title 'Black Horizontal Style' should read 'Matte Black Horizontal Style' to match the color/finish metafield (Matte Black, not plain Black).","custom.brand metafield says 'Pegasus' while vendor is 'Stehlen Auto' — used vendor per STANDARD rule 5 for the Brand spec row, but this brand mismatch should be verified in the source (possible supplier part mislabeled under Stehlen). | Internal contradiction: title/handle/current_descriptionHtml call this a 'horizontal bar' grille, but custom.key_features and custom.specifications.additional_features call it 'Mesh-style design.' Copy follows the horizontal-bar description (3 of 4 source fields agree); the mesh reference looks like a copy-paste error from a sibling SKU. | Likely duplicate of 31_source.json — see note on 31.",
published,2006-2008-lexus-is250-is350-front-grille-emblem-matte-black,https://stehlenauto.com/products/2006-2008-lexus-is250-is350-front-grille-emblem-matte-black,2006-2008 Lexus IS250 IS350 Front Grille Emblem - Matte Black,Title 'Front Grille Emblem' is ambiguous vs. part-number pattern suggesting a grille+emblem combo; propose clarifying to match sibling SKU 02's naming convention once the catalog team confirms box contents.,"custom.color says 'Matte Black' but cb_integration.item_name encodes '-BK' (this vendor's convention uses '-BK' for glossy Black and '-MB' for Matte Black elsewhere, e.g. sibling SKU 02 which is truly matte black and carries '-MB' throughout). Likely a color/SKU-code mismatch; wrote copy using the stated color field (Matte Black) per zero-fabrication rule, but flagging for the catalog team to verify actual finish. | Title says 'Front Grille Emblem' (singular/ambiguous) but the compound part number 'FGGG-GRZF-IS06-ME-BK+EM-IS06-BK' matches the grille+emblem combo pattern used by SKU 02 ('...+EM-IS06-MB'). Old description text never states this is a grille+emblem combo (unlike 02's explicit 'combo kit' language), so copy describes it as an emblem replacement only, consistent with the descriptive text; recommend clarifying whether this SKU includes a grille or is emblem-only.","No weight or dimensions given. | Kept the old-description exclusion 'Will not fit IS-F models' even though it's absent from custom.fitment_notes/fitment_raw (which only state the Pre-Collision System exclusion), per Addendum rule not to drop stated exclusions."
published,2006-2009-dodge-ram-1500-2500-3500-front-grille-chrome,https://stehlenauto.com/products/2006-2009-dodge-ram-1500-2500-3500-front-grille-chrome,2006-2009 Dodge Ram 1500 2500 3500 Front Grille - Chrome,"Propose splitting the range in the title, e.g. '2006-2008 Dodge Ram 1500 / 2006-2009 Ram 2500 3500 Front Grille - Chrome', to avoid implying 2009 Ram 1500 fitment.","Title '2006-2009 Dodge Ram 1500 2500 3500' implies the 1500 shares the full 2006-2009 range, but fitment_raw/fitment_notes confirm Ram 1500 only through 2008 (2500/3500 go through 2009). Wrote fitment as three separate year-range lines instead of one blanket range.",No weight or dimensions.
published,2006-2009-dodge-ram-1500-2500-3500-front-grille-matte-black,https://stehlenauto.com/products/2006-2009-dodge-ram-1500-2500-3500-front-grille-matte-black,2006-2009 Dodge Ram 1500 2500 3500 Front Grille - Matte Black,Same as SKU 05 — propose splitting the year range per model in the title.,Same Ram 1500 year-range overstatement as sibling SKU 05 (title implies 2006-2009 for all three models; 1500 is actually 2006-2008 only).,No material field given (siblings 05/07/08 in this cluster all state ABS Plastic; likely an oversight here).
published,2006-2009-dodge-ram-1500-2500-3500-mesh-front-grille-black,https://stehlenauto.com/products/2006-2009-dodge-ram-1500-2500-3500-mesh-front-grille-black,2006-2009 Dodge Ram 1500 2500 3500 Mesh Front Grille - Black,Same as SKU 05 — propose splitting the year range per model in the title.,Same Ram 1500 year-range overstatement as sibling SKUs 05/06 (title implies 2006-2009 for all three models; 1500 is actually 2006-2008 only).,No weight or dimensions.
published,2006-2009-dodge-ram-1500-2500-3500-mesh-front-grille-matte-black,https://stehlenauto.com/products/2006-2009-dodge-ram-1500-2500-3500-mesh-front-grille-matte-black,2006-2009 Dodge Ram 1500 2500 3500 Mesh Front Grille - Matte Black,Same as SKU 05 — propose splitting the year range per model in the title.,Same Ram 1500 year-range overstatement as sibling SKUs 05/06/07.,No weight or dimensions.
published,2006-2009-volkswagen-rabbit-front-grille-matte-black-mk5,https://stehlenauto.com/products/2006-2009-volkswagen-rabbit-front-grille-matte-black-mk5,2006-2009 Volkswagen Rabbit Front Grille - FGGG,"Propose '2006-2009 Volkswagen Rabbit Front Grille - Black' in place of the '- FGGG' suffix, to state the actual finish and match sibling SKU naming.","custom.part_number 'GR-GOLF5-0507-BKS' references 'GOLF5' (VW Golf Mk5) while all fitment data (fitment_raw, custom.make/model/year, fitment_notes) is entirely for the VW Rabbit — likely a shared-platform part number reused from a Golf SKU. Did not mention Golf anywhere in the copy since fitment_raw only lists Rabbit; used the part number as given per the Part Number rule but flagging the naming mismatch for the catalog team. | Title ends in '- FGGG' (an internal code fragment, not a real descriptor) instead of stating the color, unlike sibling SKU 11 which spells out 'Matte Black'. This item's actual color is 'Black' per custom.color.",No weight or dimensions.
published,2006-2013-chevrolet-impala-2006-2007-monte-carlo-mesh-front-grille-matte-black,https://stehlenauto.com/products/2006-2013-chevrolet-impala-2006-2007-monte-carlo-mesh-front-grille-matte-black,2006-2013 Chevrolet Impala & 2006-2007 Monte Carlo Mesh Front Grille — Matte Black,"Propose '2006-2013 Chevrolet Impala, 2014-2016 Impala Limited & 2006-2007 Monte Carlo' to reflect full confirmed range.",Title '2006-2013 Chevrolet Impala & 2006-2007 Monte Carlo' omits the 2014-2016 Impala Limited coverage that both the old Vehicle Fitment list and fitment_raw confirm. This is the same pattern found across SKUs 21/24/25 in this batch — recurring title-template gap for the whole Impala/Impala Limited family.,"No material given. | Kept 'Will not fit SS Models' from fitment_notes/old description even though bare fitment_raw rows (no NOTE column) don't encode it, per Addendum."
published,2006-2013-chevrolet-impala-mesh-style-lower-front-grille-chrome,https://stehlenauto.com/products/2006-2013-chevrolet-impala-mesh-style-lower-front-grille-chrome,2006-2013 Chevrolet Impala Mesh Style Lower Front Grille — Chrome,Propose adding '& 2014-2016 Impala Limited' to the title to match confirmed fitment.,"Title '2006-2013 Chevrolet Impala' omits 2014-2016 Impala Limited, which both the old description ('also fits 2014-2016 Impala Limited') and fitment_raw confirm. Same recurring pattern as SKUs 20/24/25.",No material given.
published,2006-2016-chevy-impala-monte-carlo-front-grille-black,https://stehlenauto.com/products/2006-2016-chevy-impala-monte-carlo-front-grille-black,2006-2016 Chevrolet Impala & Monte Carlo Front Grille - Black,"Propose '2006-2011 Chevrolet Impala, 2014-2016 Impala Limited & 2006-2007 Monte Carlo Front Grille - Black' to avoid implying Monte Carlo spans to 2016.","Title '2006-2016 Chevrolet Impala & Monte Carlo' juxtaposes the two model year ranges ambiguously — Monte Carlo only fits 2006-2007 per fitment_raw/fitment_notes, not through 2016. Same recurring pattern as SKUs 20/21/25.","Kept the detailed body-style (4-Door Sedan / 2-Door Coupe) and 'Will NOT fit SS Model' exclusions from fitment_notes/old description even though bare fitment_raw rows don't encode trim/body-style, per Addendum."
published,2006-2016-chevy-impala-monte-carlo-front-grille-chrome,https://stehlenauto.com/products/2006-2016-chevy-impala-monte-carlo-front-grille-chrome,2006-2016 Chevrolet Impala & Monte Carlo Front Grille - GRZT,"Propose '2006-2011 Chevrolet Impala, 2014-2016 Impala Limited & 2006-2007 Monte Carlo Front Grille - Chrome' in place of the '- GRZT' suffix and the misleading '2006-2016 ... & Monte Carlo' framing.","Title ends in '- GRZT' (internal code fragment) instead of stating the color (actual color is Chrome per custom.color) — same pattern as SKU 12. | Same Monte Carlo year-range ambiguity as SKU 24 (title implies Monte Carlo spans to 2016; it's actually 2006-2007 only). | fitment_notes states trim compatibility is confirmed only for Impala 2006-2011 (LT/LS/LTZ, 4-Door Sedan) and Monte Carlo 2006-2007 (LS/LT, 2-Door Coupe, not SS); for 2012-2013 Impala and 2014-2016 Impala Limited the source itself says 'verify trim compatibility before ordering' — an unresolved gap, not a confirmed universal fit. Reflected this literally in the Fitment list rather than claiming blanket fitment.","No material, weight, or dimensions given."
published,2007-2014-cadillac-escalade-diamond-mesh-front-grille-matte-black,https://stehlenauto.com/products/2007-2014-cadillac-escalade-diamond-mesh-front-grille-matte-black,2007-2014 Cadillac Escalade Diamond Mesh Front Grille - Matte Black,"Propose adding a qualifier to the title, e.g. '2007-2014 Cadillac Escalade Diamond Mesh Front Grille (Select Trims) - Matte Black', and requiring trim + year sub-model gating at the PDP/collection level rather than relying on prose alone.","Title and old Vehicle Fitment both say a blanket '2007-2014 Cadillac Escalade (Base, Hybrid, Luxury, Premium, Special Edition)', but custom.fitment_raw confirms very different year windows per trim: Base 2007-2014, Hybrid 2009-2013 only, Luxury/Premium 2011-2014 only, Special Edition 2012 only. An early-build Hybrid (2007-2008), pre-2011 Luxury/Premium, or non-2012 Special Edition owner would self-select into this listing off the blanket title and then not actually be confirmed to fit. Rewrote Fitment as 6 explicit trim/year groups with a prominent Will-not-fit line instead of the blanket claim.",No weight or dimensions for the grille panel.
published,2007-2014-cadillac-escalade-front-grille-chrome-mesh-style,https://stehlenauto.com/products/2007-2014-cadillac-escalade-front-grille-chrome-mesh-style,2007-2014 Cadillac Escalade Front Grille - Chrome Mesh Style,Same as 04 -- propose a trim-qualified title and PDP-level trim/year gating.,"Same trim/year gap as 04/06 (Escalade Hybrid 2009-2013 only, Luxury/Premium 2011-2014 only, Special Edition 2012 only) -- title implies blanket 2007-2014 coverage across all listed trims.",No material metafield despite chrome mesh construction implying a metal/ABS composite. | No weight or dimensions.
published,2007-2014-cadillac-escalade-front-grille-matte-black,https://stehlenauto.com/products/2007-2014-cadillac-escalade-front-grille-matte-black,2007-2014 Cadillac Escalade Front Grille - Matte Black,Same as 04 -- propose a trim-qualified title and PDP-level trim/year gating.,"Same trim/year gap as 04/05 (Escalade Hybrid 2009-2013 only, Luxury/Premium 2011-2014 only, Special Edition 2012 only).",No weight or dimensions.
published,2007-2014-gmc-yukon-xl-front-lower-bumper-grille-chrome,https://stehlenauto.com/products/2007-2014-gmc-yukon-xl-front-lower-bumper-grille-chrome,2007-2014 GMC Yukon XL Front Lower Bumper Grille - Chrome | MPN FGGG-GRBT-DNL07LO-ME-CH,Title has a raw MPN string appended after a pipe character. Propose removing everything from '| MPN' onward so the title reads '2007-2014 GMC Yukon XL Front Lower Bumper Grille - Chrome'.,"Title includes the literal MPN suffix '| MPN FGGG-GRBT-DNL07LO-ME-CH' -- this is a data/formatting artifact, not customer-facing copy. Did not repeat the MPN string in the description; flagging the title for cleanup.",Same Yukon Base-trim row sparsity as 12/13.
published,2007-2014-gmc-yukon-xl-front-lower-bumper-grille-chrome-1,https://stehlenauto.com/products/2007-2014-gmc-yukon-xl-front-lower-bumper-grille-chrome-1,2007-2014 GMC Yukon XL Front Lower Bumper Grille - Chrome | MPN FG-GRBD-DNL07LOWER-CH,Same MPN-in-title issue as 14. Propose '2007-2014 GMC Yukon XL Front Lower Bumper Grille - Chrome' and a review of whether 13/14/15 should be merged into fewer SKUs.,"Same MPN-in-title artifact as 14 ('| MPN FG-GRBD-DNL07LOWER-CH'). This SKU is otherwise a near-duplicate of 13/14 (same fitment, same finish family) under a different part number/vendor source -- worth a duplicate-listing check.","No installation_time given (specifications field is present but empty), unlike 13/14 which have install times -- omitted Installation section rather than reusing 13/14's time estimate. | Same Yukon Base-trim row sparsity as 12/13/14."
published,2008-2011-audi-a3-rs-style-front-grille-matte-black-w-logo,https://stehlenauto.com/products/2008-2011-audi-a3-rs-style-front-grille-matte-black-w-logo,2008-2011 Audi A3 RS Style Front Grille Matte Black w/ Logo,"Consider noting on the PDP that fitment is trim-and-year-specific within the 2008-2011 span, not universal across every A3 trim in that range.","Old description grouped all A3 trims under one blanket '2008-2011' year range ('Base, Ambiente, Attraction, Attraction Plus, TDI, Cabrio, Sportback, and more'), but custom.fitment_raw shows real per-trim year limits: Cabrio is 2009-2010 only (not 2008 or 2011), TDI is 2010-2011 only, 100 Aniversario / Sportback 100 Aniversario are 2010 only, and on the Quattro side only Base runs the full 2008-2011 -- 30 Aniversario, Sportback 30 Aniversario, and Sportback Attraction are 2011-only. Rewrote Fitment as 6 explicit trim/year groups instead of two blanket lines; this was caught and fixed during self-review after the first draft over-claimed years for several trims.",No weight or dimensions.
published,2010-2014-vw-golf-mk6-jetta-front-grille-matte-black,https://stehlenauto.com/products/2010-2014-vw-golf-mk6-jetta-front-grille-matte-black,2010-2013 Volkswagen Golf MK6 Front Grille - Matte Black,Propose '2010-2013 Volkswagen Golf MK6 / 2010-2014 Jetta Wagon Front Grille - Matte Black (Golf R needs modification)' so search and buy-box match the confirmed fitment_raw scope.,"Handle references '2010-2014...jetta' but the Shopify title is '2010-2013 Volkswagen Golf MK6 Front Grille - Matte Black' — it omits both the confirmed Jetta Wagon fitment (through 2014) and the Golf R (2012-2013, modification required) that are in fitment_raw and in the old description's own Vehicle Fitment list. | Item name FG-GOLF08LO-ME-MB shares the 'LO' (lower) base with 08's front lower bumper grille FG-GOLF08LO-ME-BK; title calls 07 a 'Front Grille' - owner should confirm whether 07 is also a lower bumper grille.",
published,2010-2014-vw-golf-mk6-jetta-front-lower-bumper-grille-black,https://stehlenauto.com/products/2010-2014-vw-golf-mk6-jetta-front-lower-bumper-grille-black,2010-2014 Volkswagen Golf MK6 Front Lower Bumper Grille - Black,"Propose adding '/ Jetta Wagon' to the title for discoverability; Golf itself only runs 2010-2013 in fitment_raw, so the 2014 in the current title belongs to the Jetta Wagon, not Golf.","Title '2010-2014 Volkswagen Golf MK6 Front Lower Bumper Grille - Black' never mentions Jetta even though the 2010-2014 Jetta Wagon is a confirmed fitment_raw model (and Golf itself only runs 2010-2013 in fitment_raw, so the 2014 in the title actually belongs to Jetta, not Golf).",
published,2010-2018-ram-2500-3500-big-horn-style-front-grille-black,https://stehlenauto.com/products/2010-2018-ram-2500-3500-big-horn-style-front-grille-black,2010-2018 Ram 2500/3500 Big Horn Style Front Grille — Black,Propose adding '/4500/5500' to match sibling SKU 09's title and the confirmed fitment data.,"Title '2010-2018 Ram 2500/3500 Big Horn Style Front Grille — Black' omits 4500 and 5500 even though custom.model, fitment_raw, and the SKU's own old description all confirm 4500/5500 fitment identical to sibling SKU 09, whose title does include them.","Same 2018-as-'Fifth-Generation' domain-knowledge flag as sibling SKU 09 (real Ram HD 5th gen launched MY2019) — logged there, applies here too."
published,2010-2018-ram-2500-3500-big-horn-style-front-grille-matte-black,https://stehlenauto.com/products/2010-2018-ram-2500-3500-big-horn-style-front-grille-matte-black,2010-2018 Ram 2500/3500 Big Horn Style Front Grille — Matte Black,Propose adding '/4500/5500' to match sibling SKU 09's title and the confirmed fitment data.,Same as sibling SKU 10: title '2010-2018 Ram 2500/3500 Big Horn Style Front Grille — Matte Black' omits 4500/5500 despite confirmed fitment_raw coverage.,Same 2018-as-'Fifth-Generation' domain-knowledge flag as sibling SKU 09.
published,2011-2014-chrysler-300-vertical-front-grille-matte-black,https://stehlenauto.com/products/2011-2014-chrysler-300-vertical-front-grille-matte-black,2011-2014 Chrysler 300 Vertical Front Grille - Matte Black,"Title/handle say 'Matte Black' but custom.color and the part-number suffix say plain 'Black'. Propose renaming to '2011-2014 Chrysler 300 Vertical Front Grille - Black' and reserving 'Matte Black' for sibling SKU 20 (FG-300C11-VT-MB), which correctly has custom.color = Matte Black. Handle cannot be changed without a redirect, but the on-page title/H1 should not repeat the wrong finish.","Title AND handle both say 'Matte Black' ('2011-2014-chrysler-300-vertical-front-grille-matte-black'), but custom.color is plain 'Black' (not Matte Black), the part number ends in '-BK' (sibling matte-black SKU 20 ends in '-MB'), and the old description body copy says only 'sleek black finish' — never matte. Wrote the PDP as Black, matching custom.color and the part-number suffix, not the title/handle. | Title says 'Matte Black' but custom.color and old description say 'Black'.",
published,2011-2016-ford-f-250-f-350-super-duty-studded-mesh-rivet-style-front-grille-black,https://stehlenauto.com/products/2011-2016-ford-f-250-f-350-super-duty-studded-mesh-rivet-style-front-grille-black,2011-2016 Ford F-250/F-350 Super Duty Studded Mesh Rivet Style Front Grille — Black,Propose '2011-2013 & 2015-2016 Ford F-250/F-350 Super Duty...' (or 'Select Years') so the title doesn't imply 2014 is covered.,"Title '2011-2016 Ford F-250/F-350 Super Duty...' implies continuous coverage, but fitment_raw and custom.year both skip 2014 entirely (only 2011-2013 and 2015-2016 rows exist). Wrote Fitment as two explicit ranges; did not add a 'will not fit 2014' line since the source doesn't state an exclusion — it's missing data, and STANDARD.md says not to write 'will not fit' for years simply absent from the data.",
published,2011-2016-ford-super-duty-studded-mesh-rivet-grille-matte-black,https://stehlenauto.com/products/2011-2016-ford-super-duty-studded-mesh-rivet-grille-matte-black,2011-2016 Ford Super Duty Studded Mesh Rivet Grille Matte Black,Same as SKU 24 — propose an explicit year-range title instead of a continuous '2011-2016' claim.,"Same 2014 gap as sibling SKU 24 — title says '2011-2016' continuous, data confirms only 2011-2013 and 2015-2016.",
published,2013-2022-ram-1500-big-horn-style-front-grille-matte-black-abs,https://stehlenauto.com/products/2013-2022-ram-1500-big-horn-style-front-grille-matte-black-abs,2013-2022 Dodge Ram 1500 Big Horn Style Grille Matte Black,Title says '2013-2022' but fitment_raw supports through 2024. Propose '2013-2018 Ram 1500 & 2019-2024 Ram 1500 Classic Big Horn Style Front Grille - Matte Black' once custom.year is corrected.,"custom.year metafield and the Shopify title both cap at 2022 ('2013-2022 Dodge Ram 1500 Big Horn Style Grille Matte Black'), but custom.fitment_raw (source of truth) confirms the 1500 Classic through model year 2024 with the identical fitment note on every year. Wrote copy to the fully confirmed 2013-2018 + 2019-2024 range per fitment_raw, not the stale 2022 title/tag.",
published,2013-2022-ram-1500-honeycomb-rebel-style-front-grille-matte-black,https://stehlenauto.com/products/2013-2022-ram-1500-honeycomb-rebel-style-front-grille-matte-black,2013-2022 Dodge Ram 1500 Honeycomb Rebel Style Front Grille - Matte Black,Same as SKU 31 — propose extending the title from 2022 to 2024 to match fitment_raw.,Same 2022-vs-2024 stale title/tag issue as sibling SKU 31 — fitment_raw confirms Ram 1500 Classic through 2024.,
published,2013-2024-ram-1500-oem-mesh-style-front-grille-black,https://stehlenauto.com/products/2013-2024-ram-1500-oem-mesh-style-front-grille-black,2013-2024 Dodge Ram 1500 OE Mesh Front Grille Black - Power,"Propose dropping the trailing '- Power' from the title; it reads as an MPN leftover, not a brand or feature name.",,"Title ends in '- Power', which reads as a leftover fragment of the MPN (POWER-RAM-1415-BK-NEW) rather than an intentional descriptor. Did not repeat 'Power' anywhere in the copy."
published,99-06-chevy-silverado-tahoe-suburban-black-horizontal-grille,https://stehlenauto.com/products/99-06-chevy-silverado-tahoe-suburban-black-horizontal-grille,1999-2006 Chevrolet Silverado Tahoe Suburban Front Grille Black,"Title says '1999-2006 Chevrolet Silverado Tahoe Suburban' but fitment_raw only supports Silverado 1999-2002 (Suburban/Tahoe run 2000-2006, not Silverado). Propose: '1999-2002 Chevrolet Silverado & 2000-2006 Tahoe/Suburban Front Grille — Black'.",,
published,02-07-chevy-silverado-avalanche-crystal-headlights-4pc-black,https://stehlenauto.com/products/02-07-chevy-silverado-avalanche-crystal-headlights-4pc-black,2002-2007 Chevrolet Silverado Crystal Headlight 4PC Set - Black,"Title says '2002-2007 Chevrolet Silverado' but fitment_raw shows Silverado starting 2003 (only Avalanche starts 2002, and Avalanche ends 2006, not 2007). Propose: '2003-2007 Chevrolet Silverado & 2002-2006 Avalanche Crystal Headlight 4PC Set — Black'.",,"fitment_raw skips 2004 for Chevrolet Silverado 1500 HD (present for 2003, 2005 and 2006 only) — reflected literally rather than assumed contiguous; likely a source data gap. Recommend confirming 2004 HD fitment with ChannelAdvisor."
published,03-06-chevy-silverado-avalanche-black-led-sequential-headlights-4pc,https://stehlenauto.com/products/03-06-chevy-silverado-avalanche-black-led-sequential-headlights-4pc,2002-2007 Chevrolet Silverado/Avalanche Crystal Headlights Set - Black,Title says '2002-2007 Chevrolet Silverado/Avalanche' but fitment_raw shows Silverado starting 2003 and Avalanche ending 2006 (not 2007). Propose: '2003-2007 Chevrolet Silverado & 2002-2006 Avalanche Crystal Headlights Set — Black'.,,"fitment_raw skips 2004 for Chevrolet Silverado 1500 HD (present for 2003, 2005 and 2006 only) — reflected literally rather than assumed contiguous; likely a source data gap. Recommend confirming 2004 HD fitment with ChannelAdvisor."
published,03-06-chevy-silverado-avalanche-chrome-led-headlights-4pc-set,https://stehlenauto.com/products/03-06-chevy-silverado-avalanche-chrome-led-headlights-4pc-set,2002-2007 Chevrolet Silverado/Avalanche Crystal Headlights & Signal Lights Set - Chrome,Title says '2002-2007 Chevrolet Silverado/Avalanche' but fitment_raw shows Silverado starting 2003 and Avalanche ending 2006 (not 2007). Propose: '2003-2007 Chevrolet Silverado & 2002-2006 Avalanche Crystal Headlights & Signal Lights Set — Chrome'.,,"fitment_raw skips 2004 for Chevrolet Silverado 1500 HD (present for 2003, 2005 and 2006 only) — reflected literally rather than assumed contiguous; likely a source data gap. Recommend confirming 2004 HD fitment with ChannelAdvisor."
published,03-06-chevy-silverado-avalanche-chrome-led-sequential-headlights-4pc,https://stehlenauto.com/products/03-06-chevy-silverado-avalanche-chrome-led-sequential-headlights-4pc,2002-2007 Chevrolet Silverado Avalanche Crystal Headlights Set - Chrome,Title says '2002-2007 Chevrolet Silverado Avalanche' but fitment_raw shows Silverado starting 2003 and Avalanche ending 2006 (not 2007). Propose: '2003-2007 Chevrolet Silverado & 2002-2006 Avalanche Crystal Headlights Set — Chrome'.,,"fitment_raw skips 2004 for Chevrolet Silverado 1500 HD (present for 2003, 2005 and 2006 only) — reflected literally rather than assumed contiguous; likely a source data gap. Recommend confirming 2004 HD fitment with ChannelAdvisor."
published,03-06-chevy-silverado-avalanche-led-crystal-headlights-4pc-set-black,https://stehlenauto.com/products/03-06-chevy-silverado-avalanche-led-crystal-headlights-4pc-set-black,2003-2007 Chevrolet Silverado/Avalanche Crystal Headlights Set - Black,"Title implies Silverado and Avalanche share one year range, but confirmed fitment is 2003-2007 for Silverado (Classic in 2007) and 2002-2006 for Avalanche (no 2007 Avalanche row, no 2002 Silverado row). Consider a title that separates the two ranges.",,"custom.fitment_notes / old description literally repeat 'Without Body Cladding' after every single Silverado row (not just Avalanche), but fitment_raw only attaches the '::note' text to the Avalanche rows. Applied the exclusion to all Silverado + Avalanche trims per the old-description source and FACTCHECK rule 8 (never drop a stated exclusion unless fitment_raw contradicts it). | Silverado 1500 HD rows in fitment_raw skip 2004 (2003, then 2005-2006 only) -- kept the gap in copy rather than smoothing to a clean 2003-2006 range. | No weight, dimensions, or installation_time/tools_required in so"
published,03-06-chevy-silverado-avalanche-led-crystal-headlights-black-4pc,https://stehlenauto.com/products/03-06-chevy-silverado-avalanche-led-crystal-headlights-black-4pc,2002-2007 Chevrolet Silverado Avalanche Crystal Headlights Set - Black,"Title implies Silverado and Avalanche share one year range, but confirmed fitment is 2003-2007 for Silverado (Classic in 2007) and 2002-2006 for Avalanche (no 2007 Avalanche row, no 2002 Silverado row). Consider a title that separates the two ranges.",,"custom.fitment_notes / old description literally repeat 'Without Body Cladding' after every single Silverado row (not just Avalanche), but fitment_raw only attaches the '::note' text to the Avalanche rows. Applied the exclusion to all Silverado + Avalanche trims per the old-description source and FACTCHECK rule 8 (never drop a stated exclusion unless fitment_raw contradicts it). | Silverado 1500 HD rows in fitment_raw skip 2004 (2003, then 2005-2006 only) -- kept the gap in copy rather than smoothing to a clean 2003-2006 range. | No weight, dimensions, or installation_time/tools_required in so"
published,03-06-chevy-silverado-avalanche-led-crystal-headlights-chrome-4pc,https://stehlenauto.com/products/03-06-chevy-silverado-avalanche-led-crystal-headlights-chrome-4pc,2002-2007 Chevrolet Silverado/Avalanche Crystal Headlights Set - Chrome,"Title implies Silverado and Avalanche share one year range, but confirmed fitment is 2003-2007 for Silverado (Classic in 2007) and 2002-2006 for Avalanche (no 2007 Avalanche row, no 2002 Silverado row). Consider a title that separates the two ranges.",,"custom.fitment_notes / old description literally repeat 'Without Body Cladding' after every single Silverado row (not just Avalanche), but fitment_raw only attaches the '::note' text to the Avalanche rows. Applied the exclusion to all Silverado + Avalanche trims per the old-description source and FACTCHECK rule 8 (never drop a stated exclusion unless fitment_raw contradicts it). | Silverado 1500 HD rows in fitment_raw skip 2004 (2003, then 2005-2006 only) -- kept the gap in copy rather than smoothing to a clean 2003-2006 range. | No weight, dimensions, or installation_time/tools_required in so"
published,03-06-chevy-silverado-avalanche-projector-headlights-chrome-4pc-led,https://stehlenauto.com/products/03-06-chevy-silverado-avalanche-projector-headlights-chrome-4pc-led,2002-2007 Chevrolet Silverado/Avalanche Projector Headlights & Parking Lights Chrome,"Title implies Silverado and Avalanche share one year range, but confirmed fitment is 2003-2007 for Silverado (Classic in 2007) and 2002-2006 for Avalanche (no 2007 Avalanche row, no 2002 Silverado row). Consider a title that separates the two ranges.",,"custom.fitment_notes / old description literally repeat 'Without Body Cladding' after every single Silverado row (not just Avalanche), but fitment_raw only attaches the '::note' text to the Avalanche rows. Applied the exclusion to all Silverado + Avalanche trims per the old-description source and FACTCHECK rule 8 (never drop a stated exclusion unless fitment_raw contradicts it). | Silverado 1500 HD rows in fitment_raw skip 2004 (2003, then 2005-2006 only) -- kept the gap in copy rather than smoothing to a clean 2003-2006 range. | No weight, dimensions, or installation_time/tools_required in so"
published,03-06-chevy-silverado-avalanche-projector-headlights-chrome-4pc-set,https://stehlenauto.com/products/03-06-chevy-silverado-avalanche-projector-headlights-chrome-4pc-set,2002-2007 Chevrolet Silverado Avalanche Projector Headlights Chrome,"Title implies Silverado and Avalanche share one year range, but confirmed fitment is 2003-2007 for Silverado (Classic in 2007) and 2002-2006 for Avalanche (no 2007 Avalanche row, no 2002 Silverado row). Consider a title that separates the two ranges.",,"custom.fitment_notes / old description literally repeat 'Without Body Cladding' after every single Silverado row (not just Avalanche), but fitment_raw only attaches the '::note' text to the Avalanche rows. Applied the exclusion to all Silverado + Avalanche trims per the old-description source and FACTCHECK rule 8 (never drop a stated exclusion unless fitment_raw contradicts it). | Silverado 1500 HD rows in fitment_raw skip 2004 (2003, then 2005-2006 only) -- kept the gap in copy rather than smoothing to a clean 2003-2006 range. | No weight, dimensions, or installation_time/tools_required in so"
published,03-06-chevy-silverado-avalanche-projector-headlights-led-bar-black-4pc,https://stehlenauto.com/products/03-06-chevy-silverado-avalanche-projector-headlights-led-bar-black-4pc,2002-2007 Chevrolet Silverado Avalanche Projector Headlights LED Black,"Title implies Silverado and Avalanche share one year range, but confirmed fitment is 2003-2007 for Silverado (Classic in 2007) and 2002-2006 for Avalanche (no 2007 Avalanche row, no 2002 Silverado row). Consider a title that separates the two ranges.",,"custom.fitment_notes / old description literally repeat 'Without Body Cladding' after every single Silverado row (not just Avalanche), but fitment_raw only attaches the '::note' text to the Avalanche rows. Applied the exclusion to all Silverado + Avalanche trims per the old-description source and FACTCHECK rule 8 (never drop a stated exclusion unless fitment_raw contradicts it). | Silverado 1500 HD rows in fitment_raw skip 2004 (2003, then 2005-2006 only) -- kept the gap in copy rather than smoothing to a clean 2003-2006 range. | No weight, dimensions, or installation_time/tools_required in so"
published,04-08-ford-f-150-crystal-headlights-sequential-led-signal-chrome,https://stehlenauto.com/products/04-08-ford-f-150-crystal-headlights-sequential-led-signal-chrome,2004-2008 Ford F-150 Crystal Headlights Sequential LED Signal - Chrome,Title says only 'Ford F-150' but confirmed fitment (fitment_raw) also includes 2006-2008 Lincoln Mark LT; item 15's title is the only one in this cluster that already names both vehicles. Recommend adding 'Lincoln Mark LT' to the other 12 titles in this cluster for search/trust parity.,,"fitment_raw confirms 2006-2008 Lincoln Mark LT alongside 2004-2008 Ford F-150, but neither the title nor the old description mentions the Mark LT. Added it to the Fitment section since it is genuinely in the source data (per rule: don't drop sourced fitment). | No weight/dimensions."
published,04-08-ford-f-150-crystal-led-headlights-w-amber-light-bar-chrome,https://stehlenauto.com/products/04-08-ford-f-150-crystal-led-headlights-w-amber-light-bar-chrome,2004-2008 Ford F-150 Crystal LED Headlights w/ Amber Light Bar - Chrome,Title says only 'Ford F-150' but confirmed fitment (fitment_raw) also includes 2006-2008 Lincoln Mark LT; item 15's title is the only one in this cluster that already names both vehicles. Recommend adding 'Lincoln Mark LT' to the other 12 titles in this cluster for search/trust parity.,,"fitment_raw confirms 2006-2008 Lincoln Mark LT alongside 2004-2008 Ford F-150, but neither the title nor the old description mentions the Mark LT. Added it to the Fitment section since it is genuinely in the source data (per rule: don't drop sourced fitment). | No weight/dimensions."
published,04-08-ford-f-150-full-led-projector-headlights-black-hlplnb,https://stehlenauto.com/products/04-08-ford-f-150-full-led-projector-headlights-black-hlplnb,2004-2008 Ford F-150 Full LED Projector Headlights Black - HLPLNB,Title says only 'Ford F-150' but confirmed fitment (fitment_raw) also includes 2006-2008 Lincoln Mark LT; item 15's title is the only one in this cluster that already names both vehicles. Recommend adding 'Lincoln Mark LT' to the other 12 titles in this cluster for search/trust parity.,,"fitment_raw confirms 2006-2008 Lincoln Mark LT alongside 2004-2008 Ford F-150, but neither the title nor the old description mentions the Mark LT. Added it to the Fitment section since it is genuinely in the source data (per rule: don't drop sourced fitment). | No weight/dimensions."
published,04-08-ford-f-150-full-led-projector-headlights-chrome-fdpu04d,https://stehlenauto.com/products/04-08-ford-f-150-full-led-projector-headlights-chrome-fdpu04d,2004-2008 Ford F-150 Full LED Projector Headlights Chrome - FDPU04D,Title says only 'Ford F-150' but confirmed fitment (fitment_raw) also includes 2006-2008 Lincoln Mark LT; item 15's title is the only one in this cluster that already names both vehicles. Recommend adding 'Lincoln Mark LT' to the other 12 titles in this cluster for search/trust parity.,,"fitment_raw confirms 2006-2008 Lincoln Mark LT alongside 2004-2008 Ford F-150, but neither the title nor the old description mentions the Mark LT. Added it to the Fitment section since it is genuinely in the source data (per rule: don't drop sourced fitment). | No weight/dimensions."
published,04-08-ford-f-150-full-led-projector-headlights-sequential-chrome,https://stehlenauto.com/products/04-08-ford-f-150-full-led-projector-headlights-sequential-chrome,2004-2008 Ford F-150 Full LED Projector Headlights Sequential Chrome,Title says only 'Ford F-150' but confirmed fitment (fitment_raw) also includes 2006-2008 Lincoln Mark LT; item 15's title is the only one in this cluster that already names both vehicles. Recommend adding 'Lincoln Mark LT' to the other 12 titles in this cluster for search/trust parity.,,"fitment_raw confirms 2006-2008 Lincoln Mark LT alongside 2004-2008 Ford F-150, but neither the title nor the old description mentions the Mark LT. Added it to the Fitment section since it is genuinely in the source data (per rule: don't drop sourced fitment). | No weight/dimensions."
published,04-08-ford-f-150-full-led-projector-headlights-sequential-signal-black,https://stehlenauto.com/products/04-08-ford-f-150-full-led-projector-headlights-sequential-signal-black,2004-2008 Ford F-150 Full LED Projector Headlights Sequential Signal - Black,Title says only 'Ford F-150' but confirmed fitment (fitment_raw) also includes 2006-2008 Lincoln Mark LT; item 15's title is the only one in this cluster that already names both vehicles. Recommend adding 'Lincoln Mark LT' to the other 12 titles in this cluster for search/trust parity.,,"fitment_raw confirms 2006-2008 Lincoln Mark LT alongside 2004-2008 Ford F-150, but neither the title nor the old description mentions the Mark LT. Added it to the Fitment section since it is genuinely in the source data (per rule: don't drop sourced fitment). | No weight/dimensions."
published,04-08-ford-f-150-led-crystal-headlights-sequential-signal-black,https://stehlenauto.com/products/04-08-ford-f-150-led-crystal-headlights-sequential-signal-black,2004-2008 Ford F-150 LED Crystal Headlights Sequential Signal - Black,Title says only 'Ford F-150' but confirmed fitment (fitment_raw) also includes 2006-2008 Lincoln Mark LT; item 15's title is the only one in this cluster that already names both vehicles. Recommend adding 'Lincoln Mark LT' to the other 12 titles in this cluster for search/trust parity.,,"fitment_raw confirms 2006-2008 Lincoln Mark LT alongside 2004-2008 Ford F-150, but neither the title nor the old description mentions the Mark LT. Added it to the Fitment section since it is genuinely in the source data (per rule: don't drop sourced fitment). | No weight/dimensions."
published,04-08-ford-f-150-led-halo-projector-headlights-black-fdpu04b1-06,https://stehlenauto.com/products/04-08-ford-f-150-led-halo-projector-headlights-black-fdpu04b1-06,2004-2008 Ford F-150 LED Halo Projector Headlights Black - FDPU04B1.06,Title says only 'Ford F-150' but confirmed fitment (fitment_raw) also includes 2006-2008 Lincoln Mark LT; item 15's title is the only one in this cluster that already names both vehicles. Recommend adding 'Lincoln Mark LT' to the other 12 titles in this cluster for search/trust parity.,,"fitment_raw confirms 2006-2008 Lincoln Mark LT alongside 2004-2008 Ford F-150, but neither the title nor the old description mentions the Mark LT. Added it to the Fitment section since it is genuinely in the source data (per rule: don't drop sourced fitment). | No weight/dimensions."
published,04-08-ford-f-150-led-halo-projector-headlights-chrome-fdpu04b1,https://stehlenauto.com/products/04-08-ford-f-150-led-halo-projector-headlights-chrome-fdpu04b1,2004-2008 Ford F-150 LED Halo Projector Headlights Chrome - FDPU04B1,Title says only 'Ford F-150' but confirmed fitment (fitment_raw) also includes 2006-2008 Lincoln Mark LT; item 15's title is the only one in this cluster that already names both vehicles. Recommend adding 'Lincoln Mark LT' to the other 12 titles in this cluster for search/trust parity.,,"fitment_raw confirms 2006-2008 Lincoln Mark LT alongside 2004-2008 Ford F-150, but neither the title nor the old description mentions the Mark LT. Added it to the Fitment section since it is genuinely in the source data (per rule: don't drop sourced fitment). | No weight/dimensions."
published,04-08-ford-f-150-led-projector-headlights-black-w-amber-light-bar,https://stehlenauto.com/products/04-08-ford-f-150-led-projector-headlights-black-w-amber-light-bar,2004-2008 Ford F-150 LED Projector Headlights Black w/ Amber Light Bar,Title says only 'Ford F-150' but confirmed fitment (fitment_raw) also includes 2006-2008 Lincoln Mark LT; item 15's title is the only one in this cluster that already names both vehicles. Recommend adding 'Lincoln Mark LT' to the other 12 titles in this cluster for search/trust parity.,,"fitment_raw confirms 2006-2008 Lincoln Mark LT alongside 2004-2008 Ford F-150, but neither the title nor the old description mentions the Mark LT. Added it to the Fitment section since it is genuinely in the source data (per rule: don't drop sourced fitment). | No weight/dimensions. | fitment_notes states 'Bulbs may or may not be included with this set; verify before installation' -- an unusually vague sourced caveat (every sibling SKU states bulb inclusion definitively or says bulbs are reused). Kept the caveat verbatim rather than guessing either way; recommend the catalog team confirm actua"
published,04-08-ford-f-150-projector-headlights-sequential-led-black,https://stehlenauto.com/products/04-08-ford-f-150-projector-headlights-sequential-led-black,2004-2008 Ford F-150 Projector Headlights Sequential LED - Black,Title says only 'Ford F-150' but confirmed fitment (fitment_raw) also includes 2006-2008 Lincoln Mark LT; item 15's title is the only one in this cluster that already names both vehicles. Recommend adding 'Lincoln Mark LT' to the other 12 titles in this cluster for search/trust parity.,,"fitment_raw confirms 2006-2008 Lincoln Mark LT alongside 2004-2008 Ford F-150, but neither the title nor the old description mentions the Mark LT. Added it to the Fitment section since it is genuinely in the source data (per rule: don't drop sourced fitment). | No weight/dimensions."
published,04-08-ford-f-150-projector-headlights-sequential-led-chrome,https://stehlenauto.com/products/04-08-ford-f-150-projector-headlights-sequential-led-chrome,2004-2008 Ford F-150 Projector Headlights Sequential LED Chrome,Title says only 'Ford F-150' but confirmed fitment (fitment_raw) also includes 2006-2008 Lincoln Mark LT; item 15's title is the only one in this cluster that already names both vehicles. Recommend adding 'Lincoln Mark LT' to the other 12 titles in this cluster for search/trust parity.,,"fitment_raw confirms 2006-2008 Lincoln Mark LT alongside 2004-2008 Ford F-150, but neither the title nor the old description mentions the Mark LT. Added it to the Fitment section since it is genuinely in the source data (per rule: don't drop sourced fitment). | No weight/dimensions."
published,04-15-nissan-titan-chrome-crystal-headlights-sequential-led-signal,https://stehlenauto.com/products/04-15-nissan-titan-chrome-crystal-headlights-sequential-led-signal,2004-2015 Nissan Titan Chrome Crystal Headlights Sequential LED Signal,Title says only 'Nissan Titan' but confirmed fitment also includes 2005-2007 Nissan Armada. Recommend adding 'Armada' to the title.,"custom.specifications.installation_time is empty for this item, but old-description key_features claims 'Direct bolt-on replacement for easy 30-60 minute installation' -- a specific number not corroborated by the structured install-time field. Omitted a specific install time rather than repeating the unconfirmed 30-60 minute claim.","fitment_raw confirms 2005-2007 Nissan Armada alongside 2004-2015 Nissan Titan, but neither the title nor the old description mentions Armada. Added it to Fitment since it is genuinely in the source data. | No weight/dimensions."
published,04-15-nissan-titan-crystal-headlights-w-led-light-bar-chrome,https://stehlenauto.com/products/04-15-nissan-titan-crystal-headlights-w-led-light-bar-chrome,2004-2015 Nissan Titan Crystal Headlights w/ LED Light Bar - Chrome,Title says only 'Nissan Titan' but confirmed fitment also includes 2005-2007 Nissan Armada. Recommend adding 'Armada' to the title.,,"fitment_raw confirms 2005-2007 Nissan Armada alongside 2004-2015 Nissan Titan, but neither the title nor the old description mentions Armada. Added it to Fitment since it is genuinely in the source data. | No weight/dimensions."
published,04-15-nissan-titan-led-crystal-headlights-black-jdma,https://stehlenauto.com/products/04-15-nissan-titan-led-crystal-headlights-black-jdma,2004-2015 Nissan Titan LED Crystal Headlights Black - JDMA,Title says only 'Nissan Titan' but confirmed fitment also includes 2005-2007 Nissan Armada. Recommend adding 'Armada' to the title.,,"fitment_raw confirms 2005-2007 Nissan Armada alongside 2004-2015 Nissan Titan, but neither the title nor the old description mentions Armada. Added it to Fitment since it is genuinely in the source data. | No weight/dimensions. | fitment_notes adds 'Verify compatibility with your specific Titan trim and configuration before ordering' but never states which trim/configuration variable actually matters (similar to the BMW X5 example in this program) -- kept the caution generic since no real gating variable is named."
published,04-15-nissan-titan-sequential-led-crystal-headlights-black,https://stehlenauto.com/products/04-15-nissan-titan-sequential-led-crystal-headlights-black,2004-2015 Nissan Titan Sequential LED Crystal Headlights - Black,Title says only 'Nissan Titan' but confirmed fitment also includes 2005-2007 Nissan Armada. Recommend adding 'Armada' to the title.,,"fitment_raw confirms 2005-2007 Nissan Armada alongside 2004-2015 Nissan Titan, but neither the title nor the old description mentions Armada. Added it to Fitment since it is genuinely in the source data. | No weight/dimensions."
published,05-06-toyota-tundra-black-crystal-headlights-w-led-light-bar-4pc,https://stehlenauto.com/products/05-06-toyota-tundra-black-crystal-headlights-w-led-light-bar-4pc,2005-2006 Toyota Tundra Black Crystal Headlights w/ LED Light Bar 4PC,"Title implies blanket '2005-2006 Toyota Tundra' fitment and omits Sequoia; confirmed data gates the Tundra to Limited/SR5 Double (Crew) Cab only and separately confirms 2005-2007 Sequoia unconditionally. Recommend a corrected title, e.g. 'Toyota Tundra Double Cab (Limited/SR5) / Sequoia Crystal Headlights 4PC'.",,"fitment_raw shows a real cab/trim gate for the Tundra (Limited and SR5 Double/Crew Cab, 4 full-size doors only -- no base/SR trim, no Regular or Access Cab confirmed) plus an UNCONDITIONAL Toyota Sequoia 2005-2007 fitment (no trim/cab note on the Sequoia rows at all). The old description and title only say '2005-2006 Toyota Tundra' with no gating and do not mention Sequoia at all. Rewrote Fitment as explicit trim+cab groups (matching the _examples/06 pattern) and added Sequoia; added a Will-not-fit line for the ungated Tundra trims/cabs. | No weight/dimensions."
published,05-06-toyota-tundra-chrome-crystal-headlights-w-led-light-bar-4pc,https://stehlenauto.com/products/05-06-toyota-tundra-chrome-crystal-headlights-w-led-light-bar-4pc,2005-2006 Toyota Tundra Chrome Crystal Headlights w/ LED Light Bar 4PC,"Title implies blanket '2005-2006 Toyota Tundra' fitment and omits Sequoia; confirmed data gates the Tundra to Limited/SR5 Double (Crew) Cab only and separately confirms 2005-2007 Sequoia unconditionally. Recommend a corrected title, e.g. 'Toyota Tundra Double Cab (Limited/SR5) / Sequoia Crystal Headlights 4PC'.","Shopify vendor field = 'Stehlen Auto' but custom.brand = 'Feberg'. Applied the coordinator's rule using the literal vendor field (Stehlen Auto) in Specifications, matching how _examples/07 handled the analogous Stehlen Auto / Viewpoint mismatch -- but this brand relationship (is Feberg a manufacturer partner or a private-label line?) should be resolved in the catalog.","fitment_raw shows a real cab/trim gate for the Tundra (Limited and SR5 Double/Crew Cab, 4 full-size doors only -- no base/SR trim, no Regular or Access Cab confirmed) plus an UNCONDITIONAL Toyota Sequoia 2005-2007 fitment (no trim/cab note on the Sequoia rows at all). The old description and title only say '2005-2006 Toyota Tundra' with no gating and do not mention Sequoia at all. Rewrote Fitment as explicit trim+cab groups (matching the _examples/06 pattern) and added Sequoia; added a Will-not-fit line for the ungated Tundra trims/cabs. | No weight/dimensions."
published,05-06-toyota-tundra-chrome-crystal-headlights-w-sequential-led,https://stehlenauto.com/products/05-06-toyota-tundra-chrome-crystal-headlights-w-sequential-led,2005-2006 Toyota Tundra Chrome Crystal Headlights w/ Sequential LED,"Title implies blanket '2005-2006 Toyota Tundra' fitment and omits Sequoia; confirmed data gates the Tundra to Limited/SR5 Double (Crew) Cab only and separately confirms 2005-2007 Sequoia unconditionally. Recommend a corrected title, e.g. 'Toyota Tundra Double Cab (Limited/SR5) / Sequoia Crystal Headlights 4PC'.",,"fitment_raw shows a real cab/trim gate for the Tundra (Limited and SR5 Double/Crew Cab, 4 full-size doors only -- no base/SR trim, no Regular or Access Cab confirmed) plus an UNCONDITIONAL Toyota Sequoia 2005-2007 fitment (no trim/cab note on the Sequoia rows at all). The old description and title only say '2005-2006 Toyota Tundra' with no gating and do not mention Sequoia at all. Rewrote Fitment as explicit trim+cab groups (matching the _examples/06 pattern) and added Sequoia; added a Will-not-fit line for the ungated Tundra trims/cabs. | No weight/dimensions."
published,05-06-toyota-tundra-crystal-headlights-w-sequential-led-black-4pc,https://stehlenauto.com/products/05-06-toyota-tundra-crystal-headlights-w-sequential-led-black-4pc,2005-2006 Toyota Tundra Crystal Headlights w/ Sequential LED - Black 4PC,"Title implies blanket '2005-2006 Toyota Tundra' fitment and omits Sequoia; confirmed data gates the Tundra to Limited/SR5 Double (Crew) Cab only and separately confirms 2005-2007 Sequoia unconditionally. Recommend a corrected title, e.g. 'Toyota Tundra Double Cab (Limited/SR5) / Sequoia Crystal Headlights 4PC'.",,"fitment_raw shows a real cab/trim gate for the Tundra (Limited and SR5 Double/Crew Cab, 4 full-size doors only -- no base/SR trim, no Regular or Access Cab confirmed) plus an UNCONDITIONAL Toyota Sequoia 2005-2007 fitment (no trim/cab note on the Sequoia rows at all). The old description and title only say '2005-2006 Toyota Tundra' with no gating and do not mention Sequoia at all. Rewrote Fitment as explicit trim+cab groups (matching the _examples/06 pattern) and added Sequoia; added a Will-not-fit line for the ungated Tundra trims/cabs. | No weight/dimensions."
published,06-08-dodge-ram-black-projector-headlights-w-led-light-bar-amber,https://stehlenauto.com/products/06-08-dodge-ram-black-projector-headlights-w-led-light-bar-amber,2006-2008 Dodge Ram Black Projector Headlights w/ LED Light Bar - Amber,Title says '2006-2008' but confirmed fitment_raw extends Ram 2500/3500 (not 1500) through model year 2009. Propose '2006-2008 Ram 1500 / 2006-2009 Ram 2500 3500' or splitting into per-model titles.,,"fitment_raw confirms Ram 2500 and 3500 fitment through model year 2009 (e.g. 2009 Ram 2500 'Crew' Crew Cab, 2009 SLT/ST/SXT rows), but the title says '2006-2008' for all three models. Also: no diesel-engine trim/engine combination appears anywhere in the 2500/3500 rows (only 4.7L and 5.7L gas V8s), which is consistent with the top-level 'Will Not Fit Diesel Models' fitment_notes even though that literal note text is only attached to the Ram 1500 rows in fitment_raw. Grouped by cab type (Standard/Crew/Extended Crew, plus Cab & Chassis on select 3500 trims) rather than the 29 individual trim row"
published,06-08-dodge-ram-chrome-projector-headlights-w-led-light-bar,https://stehlenauto.com/products/06-08-dodge-ram-chrome-projector-headlights-w-led-light-bar,2006-2008 Dodge Ram Chrome Projector Headlights w/ LED Light Bar,Title says '2006-2008' but confirmed fitment_raw extends Ram 2500/3500 (not 1500) through model year 2009. Propose '2006-2008 Ram 1500 / 2006-2009 Ram 2500 3500' or splitting into per-model titles.,,"fitment_raw confirms Ram 2500 and 3500 fitment through model year 2009 (e.g. 2009 Ram 2500 'Crew' Crew Cab, 2009 SLT/ST/SXT rows), but the title says '2006-2008' for all three models. Also: no diesel-engine trim/engine combination appears anywhere in the 2500/3500 rows (only 4.7L and 5.7L gas V8s), which is consistent with the top-level 'Will Not Fit Diesel Models' fitment_notes even though that literal note text is only attached to the Ram 1500 rows in fitment_raw. Grouped by cab type (Standard/Crew/Extended Crew, plus Cab & Chassis on select 3500 trims) rather than the 29 individual trim row"
published,06-08-dodge-ram-full-led-projector-headlights-black-dgpu06c-06,https://stehlenauto.com/products/06-08-dodge-ram-full-led-projector-headlights-black-dgpu06c-06,2006-2008 Dodge Ram Full LED Projector Headlights Black - DGPU06C.06,"Consider '2006-2009 Dodge Ram 1500/2500/3500 Full LED Projector Headlights' or clarify per-model years in title, since 2500/3500 fit one extra year (2009) that the current title hides",Title says 2006-2008 but fitment_raw supports Ram 2500/3500 through 2009 (only Ram 1500 caps at 2008),
published,06-08-dodge-ram-full-led-projector-headlights-chrome-dgpu06c,https://stehlenauto.com/products/06-08-dodge-ram-full-led-projector-headlights-chrome-dgpu06c,2006-2008 Dodge Ram Full LED Projector Headlights Chrome - DGPU06C,Same as 00 — propose '2006-2009' or per-model year note,Same as 00: title 2006-2008 undercuts Ram 2500/3500 fitment which runs through 2009,"No installation_time or tools_required in source; Installation section written from key_features only (bolt-on, no cutting)"
published,06-08-dodge-ram-full-led-projector-headlights-sequential-signal-black,https://stehlenauto.com/products/06-08-dodge-ram-full-led-projector-headlights-sequential-signal-black,2006-2008 Dodge Ram Full LED Projector Headlights Sequential Signal - Black,Same year-range gap as 00/01; also flag missing diesel note for owner to confirm with vendor,"This Spyder Auto SKU's fitment_raw is missing the 'Will Not Fit Diesel Models' note that all 5 sibling Stehlen/Spyder Ram products in this cluster carry on the 1500 row — likely a CB data entry gap, not a real fitment difference. Did NOT add the exclusion since source doesn't state it for this SKU. | Title says 2006-2008 but fitment_raw supports Ram 2500/3500 through 2009",Possible missing diesel exclusion — flag for CB data audit
published,06-08-dodge-ram-sequential-led-projector-headlights-black,https://stehlenauto.com/products/06-08-dodge-ram-sequential-led-projector-headlights-black,2006-2008 Dodge Ram Sequential LED Projector Headlights - Black,Same as 00,Title 2006-2008 vs fitment_raw supporting 2500/3500 through 2009,
published,06-08-dodge-ram-sequential-led-projector-headlights-chrome-dgpu06ds,https://stehlenauto.com/products/06-08-dodge-ram-sequential-led-projector-headlights-chrome-dgpu06ds,2006-2008 Dodge Ram Sequential LED Projector Headlights Chrome - DGPU06DS,Same as 00,Title 2006-2008 vs fitment_raw supporting 2500/3500 through 2009,custom.material missing from source — Specifications omits Material row (not fabricated)
published,07-13-gmc-sierra-1500-2500-3500-black-crystal-led-headlights,https://stehlenauto.com/products/07-13-gmc-sierra-1500-2500-3500-black-crystal-led-headlights,2007-2013 GMC Sierra 1500/2500/3500 Black Crystal LED Headlights,Propose '2007-2014 GMC Sierra 1500/2500 HD/3500 HD' to reflect true per-model years and HD naming,"Title '2007-2013 GMC Sierra 1500/2500/3500' omits 'HD' on 2500/3500 and undercuts their true fitment (2007-2014, one year more than 1500). fitment_raw for this SKU has NO Classic-body or projector/LED exclusions at all (unlike 17), so none were added.",
published,07-13-gmc-sierra-1500-2500-3500-chrome-crystal-led-headlights,https://stehlenauto.com/products/07-13-gmc-sierra-1500-2500-3500-chrome-crystal-led-headlights,2007-2013 GMC Sierra 1500/2500/3500 Chrome Crystal LED Headlights,Same as 15,Same title/HD-naming gap as 15; also no exclusions stated in this SKU's fitment_raw,
published,07-13-gmc-sierra-1500-2500-3500-led-crystal-headlights-black,https://stehlenauto.com/products/07-13-gmc-sierra-1500-2500-3500-led-crystal-headlights-black,2007-2013 GMC Sierra 1500/2500/3500 LED Crystal Headlights - Black,Same HD/year proposal as 15,"Title omits HD suffix and undercuts 2500 HD/3500 HD fitment (2007-2014 vs title's 2013); this SKU DOES carry the 2007 Classic-body and projector/LED exclusions (unlike 15/16), captured in Fitment",
published,07-13-toyota-tundra-08-17-sequoia-full-led-projector-headlights-black,https://stehlenauto.com/products/07-13-toyota-tundra-08-17-sequoia-full-led-projector-headlights-black,2007-2013 Toyota Tundra 08-17 Sequoia Full LED Projector Headlights Black,Reword to '2007-2013 Toyota Tundra & 2008-2017 Sequoia Full LED Projector Headlights - Black' for clarity,"Title format '2007-2013 Toyota Tundra 08-17 Sequoia' is confusing (reads like a typo) though the years it conveys (Tundra 2007-2013, Sequoia 2008-2017) match fitment_raw",
published,08-10-ford-f250-f350-super-duty-led-crystal-headlights-black,https://stehlenauto.com/products/08-10-ford-f250-f350-super-duty-led-crystal-headlights-black,2008-2010 Ford F250 F350 Super Duty LED Crystal Headlights Black,Propose '2008-2010 Ford F-250/F-350/F-450/F-550 Super Duty LED Crystal Headlights - Black' to reflect full fitment,"Title and old description only name F-250/F-350 (old description text also mentioned F-450 but not F-550); fitment_raw actually supports F-250, F-350, F-450, AND F-550 Super Duty 2008-2010. Added F-450/F-550 to the Fitment section since fitment_raw is source of truth.",
published,09-18-dodge-ram-chrome-crystal-headlights-sequential-led-turn-signal,https://stehlenauto.com/products/09-18-dodge-ram-chrome-crystal-headlights-sequential-led-turn-signal,2009-2024 Dodge Ram Crystal Headlights Sequential LED Chrome,Title '2009-2024 Dodge Ram Crystal Headlights...' implies blanket coverage; propose '2009-2018 Dodge Ram 1500/2500/3500 (+ 2019-2024 1500 Classic)' to signal the body-style gate.,"Title says 2009-2024 blanket Ram 1500/2500/3500 but fitment_raw confirms 2009-2018 for 1500 and 2010-2018 for 2500/3500, plus 2019-2024 Ram 1500 Classic (old body only). Wrote per-model grouped fitment instead of the blanket title range.",No installation_time/tools_required in source.
published,09-18-dodge-ram-chrome-crystal-headlights-w-led-light-bar,https://stehlenauto.com/products/09-18-dodge-ram-chrome-crystal-headlights-w-led-light-bar,2009-2024 Dodge Ram Crystal Headlights w/ LED Bar Chrome,Same as 00 — title overstates a single continuous 2009-2024 fitment.,Same title-vs-fitment_raw gap as 00 (blanket 2009-2024 vs actual 2009-2018 + 2019-2024 Classic-only tail).,No installation_time/tools_required in source.
published,09-18-dodge-ram-crystal-headlights-sequential-led-turn-signal-black,https://stehlenauto.com/products/09-18-dodge-ram-crystal-headlights-sequential-led-turn-signal-black,2009-2024 Dodge Ram 1500/2500/3500 Crystal Headlights Sequential LED - JDMA,Same as 00.,Same title-vs-fitment_raw gap as 00.,No installation_time/tools_required in source.
published,09-18-dodge-ram-crystal-headlights-w-led-light-bar-black,https://stehlenauto.com/products/09-18-dodge-ram-crystal-headlights-w-led-light-bar-black,2009-2024 Dodge Ram Crystal Headlights LED Light Bar Black,Same as 00.,Same title-vs-fitment_raw gap as 00.,No installation_time/tools_required in source.
published,09-18-dodge-ram-projector-headlights-led-light-bar-black-dgpu09d,https://stehlenauto.com/products/09-18-dodge-ram-projector-headlights-led-light-bar-black-dgpu09d,2009-2024 Dodge Ram 1500 2500 3500 Projector Headlights LED - Black,Same as 00.,Same title-vs-fitment_raw gap as 00.,No installation_time/tools_required in source.
published,09-18-dodge-ram-projector-headlights-sequential-led-turn-signal-black,https://stehlenauto.com/products/09-18-dodge-ram-projector-headlights-sequential-led-turn-signal-black,2009-2024 Dodge Ram 1500 2500 3500 Projector Headlights - Black,Same as 00.,Same title-vs-fitment_raw gap as 00.,No installation_time/tools_required in source.
published,09-18-dodge-ram-sequential-led-projector-headlights-chrome,https://stehlenauto.com/products/09-18-dodge-ram-sequential-led-projector-headlights-chrome,2009-2024 Dodge Ram 1500 2500 3500 Projector Headlights Sequential LED - Chrome,Same as 00.,Same title-vs-fitment_raw gap as 00.,No installation_time/tools_required in source; custom.material missing (omitted from spec).
published,14-21-toyota-tundra-chrome-crystal-headlights-sequential-led-tytd14ds,https://stehlenauto.com/products/14-21-toyota-tundra-chrome-crystal-headlights-sequential-led-tytd14ds,2014-2021 Toyota Tundra Chrome Crystal Headlights Sequential LED - TYTD14DS,"Title implies universal 2014-2021 Tundra fitment; propose qualifying it, e.g. '2014-2021 Toyota Tundra Sequential LED Crystal Headlights — Chrome (Select Trims w/o Factory LED DRL Strip)', and require trim+cab sub-model gating at the PDP, not just prose.","Title/current_descriptionHtml say blanket '2014-2021 Toyota Tundra' but fitment_raw only confirms Limited (Crew/Extended Cab), SR (Extended Cab), SR5 (Crew/Extended Cab) 2014-2021, and TRD Pro (Extended Cab) for 2015-2017 + 2019-2021 — 2018 TRD Pro is NOT in the data (real gap, not a truncation). No row exists for Platinum, 1794 Edition, Limited/SR5 Regular or Double Cab, or base SR Crew Cab. Rewrote Fitment as 4 explicit trim+cab groups plus a Will-not-fit line, mirroring the approved 06_new.html pattern in _examples.",No weight/dimensions given.
published,14-21-toyota-tundra-crystal-headlights-sequential-led-signal-black,https://stehlenauto.com/products/14-21-toyota-tundra-crystal-headlights-sequential-led-signal-black,2014-2021 Toyota Tundra Crystal Headlights Sequential LED Signal - Black,Same as 07.,Same trim/cab/TRD-Pro-2018-gap finding as 07 (identical fitment_raw).,No weight/dimensions given.
published,14-21-toyota-tundra-projector-headlights-led-halo-light-bar-black,https://stehlenauto.com/products/14-21-toyota-tundra-projector-headlights-led-halo-light-bar-black,2014-2021 Toyota Tundra Projector Headlights LED Halo & Light Bar - Black,Same as 07.,Same trim/cab/TRD-Pro-2018-gap finding as 07 (identical fitment_raw).,No weight/dimensions given.
published,1999-2006-gmc-sierra-yukon-crystal-headlights-sequential-led-chrome,https://stehlenauto.com/products/1999-2006-gmc-sierra-yukon-crystal-headlights-sequential-led-chrome,1999-2006 GMC Sierra Yukon Crystal Headlights Sequential LED Chrome,"Title/year tag say '1999-2006' but fitment_raw supports 2007 for Sierra Classic-badged trims specifically (not Yukon/Yukon XL, which do cap at 2006). Propose updating title to '1999-2007 GMC Sierra & 2000-2006 Yukon/Yukon XL' once custom.year is corrected, matching item 15 in this batch which already uses that exact range for near-identical fitment_raw.","Title, custom.year, and fitment_notes all cap at 2006, but fitment_raw contains 2007 rows for Sierra 1500 Classic, 1500 HD Classic, 2500 HD Classic, and 3500 HD Classic (GM's 2007 GMT800 carryover trim while the redesigned GMT900 also launched that year). Per fitment_raw-as-source-of-truth (same precedent as approved example 00's 2007-2013→2007-2016 fix), added the 2007 Classic rows to Fitment. Also reflects the real gap in fitment_raw: Sierra 1500 HD has no 2004 row (2001-2003, 2005-2006 only).",No weight/dimensions given.
published,1999-2006-gmc-sierra-yukon-xl-led-crystal-headlights-black,https://stehlenauto.com/products/1999-2006-gmc-sierra-yukon-xl-led-crystal-headlights-black,1999-2006 GMC Sierra Yukon XL LED Crystal Headlights Black,Same as 12.,Same 2007 Sierra Classic gap as 12 (identical fitment_raw structure).,No weight/dimensions given.
published,1999-2006-gmc-sierra-yukon-xl-led-crystal-headlights-chrome,https://stehlenauto.com/products/1999-2006-gmc-sierra-yukon-xl-led-crystal-headlights-chrome,1999-2006 GMC Sierra Yukon XL LED Crystal Headlights Chrome,Same as 12.,Same 2007 Sierra Classic gap as 12 (identical fitment_raw structure).,No weight/dimensions given.
published,2007-2013-chevrolet-silverado-1500-2008-2014-2500-3500-hd-crystal-headlights-w-sequential-led-bar-chrome,https://stehlenauto.com/products/2007-2013-chevrolet-silverado-1500-2008-2014-2500-3500-hd-crystal-headlights-w-sequential-led-bar-chrome,2007-2013 Chevrolet Silverado 1500 & 2008-2014 2500/3500 HD Crystal Headlights w/ Sequential LED Bar — Chrome,Title's '2008-2014 2500/3500 HD' undersells confirmed 2007 fitment (non-Classic); propose '2007-2013 Silverado 1500 & 2007-2014 2500/3500 HD'.,"Title/handle say the HD models start in 2008, but fitment_raw has explicit 2007 rows for Silverado 2500 HD and 3500 HD (each noted 'Will Not Fit 2007 Classic Models', meaning the 2007 new-body HD IS covered, just not the 2007 Classic carryover). Corrected the Fitment section to start HD coverage at 2007 (matching 1500's own 2007 row), not 2008.",
published,2009-2022-dodge-ram-crystal-black-headlights-quad-style,https://stehlenauto.com/products/2009-2022-dodge-ram-crystal-black-headlights-quad-style,2009-2022 Dodge Ram 1500 2500 3500 Crystal Headlights Black - JDM,Title '2009-2022' undersells confirmed 2009-2024 fitment (Ram 1500 Classic tail); propose '2009-2024'.,"Title and current_descriptionHtml cap the Ram 1500 Classic tail at 2022, but fitment_raw runs through 2024 with the identical note on every year (same pattern as items 00-06 and 37-38). Extended Fitment to 2019-2024 per fitment_raw. Also: current_descriptionHtml states a 'Will Not Fit Ram 2500/3500 Fifth Generation Models' exclusion specifically on the 2018 row, but fitment_raw's per-row NOTE text for 2018 is identical to every other year (no fifth-gen callout in the raw NOTE itself). Kept the exclusion per the addendum (never drop an old-description exclusion unless fitment_raw contradicts it) but reworded it as 'through the last pre-fifth-generation model year' rather than implying 2018 itself was a 5th-gen model.",No installation_time/tools_required or weight/dimensions in source.
published,2009-2022-dodge-ram-crystal-headlights-chrome-quad-style,https://stehlenauto.com/products/2009-2022-dodge-ram-crystal-headlights-chrome-quad-style,2009-2022 Dodge Ram 1500 2500 3500 Crystal Headlights - Chrome,Same as 36.,Same 2022-vs-2024 Classic-tail gap and same 2018/5th-gen phrasing as 36 (identical fitment_raw structure).,No installation_time/tools_required or weight/dimensions in source.
published,2009-2022-dodge-ram-full-led-projector-headlights-black-amber,https://stehlenauto.com/products/2009-2022-dodge-ram-full-led-projector-headlights-black-amber,2009-2022 Dodge Ram 1500/2500/3500 Full LED Projector Headlights - Black,"Same 2009-2022→2009-2024 gap as 36. Also recommend the PDP surface the CANbus/hyper-blink caveat prominently, not just in copy, since it affects buyers combining this with other aftermarket LED accessories.","custom.brand = 'Spyder Auto' but vendor field = 'Stehlen Auto' — same brand/vendor mismatch pattern flagged in approved example 07 (Viewpoint/Stehlen). Used the literal vendor field (Stehlen Auto) for the Brand spec row per the coordinator's rule, but this should be resolved in the catalog (is 'Spyder Auto' a manufacturer partner or a private-label line?). Also same 2022-vs-2024 Classic-tail gap as 36/37.",No installation_time/tools_required or weight/dimensions in source.
published,2014-2021-toyota-tundra-projector-headlights-sequential-led-chrome,https://stehlenauto.com/products/2014-2021-toyota-tundra-projector-headlights-sequential-led-chrome,2014-2021 Toyota Tundra Projector Headlights Sequential LED Chrome,Proposed: '2014-2017 Toyota Tundra 1794 Edition/Platinum/TRD Pro & 2018-2021 SR5 — Projector Headlights Sequential LED Chrome' (current title overstates coverage as blanket 2014-2021),"TITLE/OLD-DESCRIPTION MISMATCH: title and old Vehicle Fitment both say generic '2014-2021 Toyota Tundra', but fitment_raw only supports 1794 Edition/Platinum Crew Cab 2014-2017, TRD Pro Crew+Extended Cab 2015-2017, and SR5 Crew+Extended Cab 2018-2021 — i.e. this SKU does NOT fit SR, base Limited, or most of the 2014-2021 span the title implies. Rewrote Fitment section to the precise trim/year groups; recommend correcting the title/PDP copy to avoid overselling fitment on this SKU.",
published,99-06-gmc-sierra-yukon-xl-sequential-led-crystal-headlights-black,https://stehlenauto.com/products/99-06-gmc-sierra-yukon-xl-sequential-led-crystal-headlights-black,1999-2006 GMC Sierra Yukon XL Sequential LED Crystal Headlights Black,Propose broadening to something like '1999-2007 GMC Sierra 1500/2500/3500 (HD) & Yukon/Yukon XL Sequential LED Headlights - Black (Non-Denali)' to match confirmed fitment_raw range instead of only naming Sierra and Yukon XL.,"Title '1999-2006 GMC Sierra Yukon XL' materially undercounts confirmed fitment. custom.fitment_raw also confirms Sierra 2500 (1999-2004), Sierra 2500 HD (2001-2006, plus 2007 Sierra 2500 HD Classic), Sierra 3500 (2001-2006, plus 2007 Sierra 3500 Classic), Sierra 1500 Classic (2007), and base Yukon (2000-2006) -- none named in the title. Wrote the full grouped fitment from fitment_raw in the copy per the source-of-truth rule, which is now broader than the title.","No weight or dimensions for the headlight housings. | fitment_raw includes 2007 'Classic' badged trucks (GMT800 body carried over one more year) for Sierra 1500/2500 HD/3500 -- real GM nomenclature quirk, not a data error, but worth a title update to capture it."
published,2017-2026-ford-f-250-f-350-super-duty-crew-cab-low-profile-roof-basket-system-drill-free-steel-matte-black,https://stehlenauto.com/products/2017-2026-ford-f-250-f-350-super-duty-crew-cab-low-profile-roof-basket-system-drill-free-steel-matte-black,"2017-2026 Ford F-250/F-350 Super Duty Crew Cab Low Profile Roof Basket System — Drill-Free Steel, Matte Black","Propose retitling to include F-450/F-550, e.g. '2017-2026 Ford F-250/F-350/F-450/F-550 Super Duty Crew Cab Low Profile Roof Basket System.'",Title says 'Ford F-250/F-350 Super Duty' but both current_descriptionHtml and custom.fitment_notes/fitment_raw also explicitly confirm F-450 and F-550 Super Duty Crew Cab. Title undersells confirmed fitment; wrote all four models in the new copy per source.,
published,2022-2025-ford-f-150-lightning-ev-low-profile-roof-basket-system,https://stehlenauto.com/products/2022-2025-ford-f-150-lightning-ev-low-profile-roof-basket-system,2022-2025 Ford F-150 Lightning EV Low Profile Roof Basket System,Year tag and title say 2022-2025; fitment_raw confirms 2022-2026. Propose updating both to 2022-2026 once confirmed.,"custom.year metafield and title both cap at 2025, but custom.fitment_raw explicitly lists model year 2026 as well (5 rows, 2022-2026). Per the fitment_raw source-of-truth rule, wrote the Fitment section as 2022-2026; this is now broader than the current title/year tag.",No weight or dimensions given for this SKU.
published,09-18-dodge-ram-1500-2500-3500-crew-cab-modular-step-bars-matte-black,https://stehlenauto.com/products/09-18-dodge-ram-1500-2500-3500-crew-cab-modular-step-bars-matte-black,2010-2021 Dodge Ram 1500-3500 Crew Cab Modular Side Step Bars - Matte Black,"Title says '2010-2021 Dodge Ram 1500-3500 Crew Cab' but fitment_raw actually spans 2009-2024 (Ram 1500 Classic Tradesman/Warlock trims run through MY2024). Recommend retitling to a range that matches, e.g. '2009-2024 Ram 1500/2500/3500/4500/5500 Crew Cab'.","Title says 2010-2021 Ram 1500-3500 but fitment_raw covers 2009-2024 and also includes Ram 4000 (2017-2018) and Ram 4500/5500 (2010-2018) Crew Cab & Chassis. (Fact-check correction: an earlier note said 4500/5500 were 2010-only for this SKU; fitment_raw does carry 2011-2018 Ram 4500/5500 rows, now listed.)",
published,09-18-dodge-ram-1500-2500-3500-quad-cab-modular-side-step-bars,https://stehlenauto.com/products/09-18-dodge-ram-1500-2500-3500-quad-cab-modular-side-step-bars,2009-2023 Dodge Ram 1500/2500/3500 Quad Cab Side Step Bars - Matte Black,Proposed corrected title: '2009-2024 Ram 1500 Quad Cab Side Step Bars - Matte Black' (drop 2500/3500 until fitment rows exist).,"P0: title and handle both claim Ram 2500 and Ram 3500 Quad Cab fitment, but fitment_raw for this SKU contains ZERO 2500 or 3500 rows — only Ram 1500 and Ram 1500 Classic. Dropped 2500/3500 from the Fitment section entirely rather than publish unverified fitment. A 2500/3500 Quad Cab owner buying on the title's word would receive a part sized for the smaller 1500 cab.",Confirm with ChannelAdvisor/warehouse whether 2500/3500 Quad Cab fitment rows are simply missing from the feed (data gap) or whether this SKU genuinely never fit 2500/3500 and the title/handle need correcting.
published,09-22-dodge-ram-1500-5500-crew-cab-86-aluminum-running-boards,https://stehlenauto.com/products/09-22-dodge-ram-1500-5500-crew-cab-86-aluminum-running-boards,2010-2021 Dodge Ram 1500-5500 Crew Cab Running Boards - TI Style Matte Black,"Title says '2010-2021' but fitment_raw spans 2009-2024 (Ram 1500 Classic Tradesman/Warlock through MY2024, plus a 2017-2018 Ram 4000 chassis row). Recommend updating the title year range.",,
published,09-22-dodge-ram-1500-5500-crew-cab-oe-style-running-boards,https://stehlenauto.com/products/09-22-dodge-ram-1500-5500-crew-cab-oe-style-running-boards,2010-2021 Dodge Ram 1500-5500 Crew Cab OE Running Boards - Matte Black,Same as 05: title says '2010-2021' but fitment_raw spans 2009-2024.,,
published,09-22-dodge-ram-1500-5500-crew-cab-oe-style-running-boards-silver,https://stehlenauto.com/products/09-22-dodge-ram-1500-5500-crew-cab-oe-style-running-boards-silver,2010-2021 Dodge Ram 1500-5500 Crew Cab OE Running Boards Silver,Same as 05/06: title says '2010-2021' but fitment_raw spans 2009-2024.,,
published,2007-2015-ford-edge-lincoln-mkx-4-side-step-bars-black,https://stehlenauto.com/products/2007-2015-ford-edge-lincoln-mkx-4-side-step-bars-black,"2007-2015 Ford Edge / Lincoln MKX 4"" Side Step Bars - Black","Proposed corrected title: '2007-2014 Ford Edge / 2007-2015 Lincoln MKX 4"" Side Step Bars - Black' (current title '2007-2015 Ford Edge / Lincoln MKX' overclaims the last Edge model year).","Title/old description claim 'Fits 2007-2015 Ford Edge', but fitment_raw only supports Ford Edge through MY2014 (Edge moved to a new platform for 2015; only Lincoln MKX carried the old platform into 2015). Corrected Fitment section to 2007-2014 Ford Edge / 2007-2015 Lincoln MKX.",
published,2009-2022-ram-1500-5-aluminum-running-boards-matte-black-rbjz,https://stehlenauto.com/products/2009-2022-ram-1500-5-aluminum-running-boards-matte-black-rbjz,2009-2022 Dodge Ram 1500 Quad/Extended Cab Running Boards Matte Black,Handle/title say '2009-2022'; consider updating to '2009-2024' to reflect full Classic coverage.,"Old description capped Ram 1500 Classic fitment at 2022, but fitment_raw supports Tradesman/Warlock trims through 2024. Extended the Fitment line to 2019-2024 to match fitment_raw.",
published,2009-2022-ram-1500-6-oe-style-aluminum-running-boards-polish,https://stehlenauto.com/products/2009-2022-ram-1500-6-oe-style-aluminum-running-boards-polish,2009-2022 Dodge Ram 1500 Quad/Extended Cab Running Boards - Polished Aluminum OE Style,Handle/title say '2009-2022'; consider updating to '2009-2024'.,Same as 24: extended Ram 1500 Classic fitment from 2022 to 2024 to match fitment_raw.,
published,2009-2022-ram-1500-76-oe-style-running-boards-matte-black,https://stehlenauto.com/products/2009-2022-ram-1500-76-oe-style-running-boards-matte-black,2009-2022 Dodge Ram 1500 Quad/Extended Cab OE Running Boards Matte Black,Handle/title say '2009-2022'; consider updating to '2009-2024'.,Same as 24/25: extended Ram 1500 Classic fitment from 2022 to 2024 to match fitment_raw.,
published,2019-2024-ram-1500-76-oe-style-aluminum-running-boards-matte-black,https://stehlenauto.com/products/2019-2024-ram-1500-76-oe-style-aluminum-running-boards-matte-black,2019-2024 Dodge Ram 1500 Extended Cab OE Running Boards - Matte Black,Title '2019-2024' understates confirmed fitment_raw range of 2019-2026. Propose updating to '2019-2026' once the Standard Cab row conflict above is resolved.,"fitment_raw carries 2 rows (""ST Standard Cab Pickup 2-Door"" 2019-2021, ""Hemi Sport Standard Cab Pickup 2-Door"" 2020) attached to the same note that says ""2 Full Size Front Door & 2 Half Size Back Door"" -- a 2-door Standard Cab cannot have that door layout. Excluded both rows from the affirmative Fitment list (neither asserted fit nor no-fit) rather than trust a self-contradictory row; flagging for CB data check.","custom.year tag / old title say 2019-2024 but fitment_raw (Big Horn, Lone Star, Tradesman) runs through 2026, with Tradesman HFE (2025) and Express (2026) added later -- tag and title are stale."
published,2019-2024-ram-1500-86-oe-style-aluminum-running-boards-matte-black,https://stehlenauto.com/products/2019-2024-ram-1500-86-oe-style-aluminum-running-boards-matte-black,2019-2024 Dodge Ram 1500 Crew Cab OE Running Boards - Matte Black,Title '2019-2024' understates confirmed fitment_raw range of 2019-2026.,,"fitment_raw (Big Horn, Limited, Lone Star, Tradesman, Sport, Rebel, TRX, TRX Launch Edition, RHO, Tungsten, Warlock, Express, Sport S, Special Service, Limited Longhorn) runs continuously 2019-2026; title/tag say 2019-2024."
published,2019-2024-ram-1500-modular-steel-running-boards-texture-black,https://stehlenauto.com/products/2019-2024-ram-1500-modular-steel-running-boards-texture-black,"2019-2024 Dodge Ram 1500 Crew Cab Running Boards 86"" Modular Steel",Title '2019-2024' understates confirmed fitment_raw range of 2019-2026.,,"Same as 01 -- fitment_raw continuous 2019-2026, title says 2019-2024."
published,2019-2024-ram-1500-quad-cab-76-modular-steel-running-boards,https://stehlenauto.com/products/2019-2024-ram-1500-quad-cab-76-modular-steel-running-boards,2019-2024 Dodge Ram 1500 Extended Cab Running Boards Steel Modular,Title '2019-2024' understates confirmed fitment_raw range of 2019-2026.,"Same Standard Cab (ST 2019-2021, Hemi Sport 2020) row conflict as item 00 -- excluded from Fitment, flagged for CB data check.","fitment_raw (Big Horn, Lone Star, Tradesman, Tradesman HFE, Express) continuous 2019-2026; title says 2019-2024."
published,2019-ram-1500-crew-cab-rock-sliders-side-step-bars-texture-black,https://stehlenauto.com/products/2019-ram-1500-crew-cab-rock-sliders-side-step-bars-texture-black,2019-2023 Dodge Ram 1500 Crew Cab Rock Slider Side Steps - Texture Black,Title '2019-2023' understates confirmed fitment_raw range of 2019-2026.,,"fitment_raw (Big Horn, Limited, Lone Star, Tradesman, Sport, Rebel, TRX, RHO, Tungsten, Warlock, Express, Sport S) continuous 2019-2026; title says 2019-2023."
published,dodge-ram-quad-cab-modular-drop-step-bars-w-led-lights-matte-black,https://stehlenauto.com/products/dodge-ram-quad-cab-modular-drop-step-bars-w-led-lights-matte-black,2009-2023 Dodge Ram 1500 Quad Cab Modular Step Bars w/ LED - Matte Black,Title says '2009-2023' but confirmed fitment_raw (Tradesman/Warlock Classic) extends through 2024. Minor understatement; propose '2009-2024'.,,"Brand in fitment_raw switches from 'Dodge' (2009-2010 rows) to 'Ram' (2011+ rows), consistent with Ram becoming its own brand in 2011 -- not a conflict, just noting for anyone auditing the raw feed."
published,2009-2018-ram-1500-2500-3500-crew-cab-2019-2024-ram-1500-classic-rock-slider-side-step-bars-texture-black,https://stehlenauto.com/products/2009-2018-ram-1500-2500-3500-crew-cab-2019-2024-ram-1500-classic-rock-slider-side-step-bars-texture-black,2009-2018 Ram 1500/2500/3500 Crew Cab & 2019-2024 Ram 1500 Classic Rock Slider Side Step Bars — Texture Black,Consider splitting the title's blanket 2009-2018 range so 2500/3500 read as 2010-2018 (2009 is 1500-only).,"MAJOR: fitment_notes states 'Will Not Fit Chassis Cab Diesel Models' but fitment_raw explicitly lists Ram 4500 and 5500 (2010, 2011-2018) and Ram 4000 (2017-2018) as 'Cab & Chassis' submodels under this same SKU -- i.e. the raw data affirmatively includes exactly the models the note excludes. Resolved by keeping only the pickup-box 1500/2500/3500 (+ Classic) models in the affirmative Fitment list and stating Ram 4500/5500/4000 in Will-not-fit, matching the explicit note and real-world fitment logic (cab & chassis trucks have different rocker/frame geometry than pickup box trucks). This is a data-quality issue for the catalog team, not a copy call -- recommend removing the 4500/5500/4000 rows from fitment_raw for this SKU or confirming they're genuinely correct. | FACTCHECK: Removed the inferred 'including Ram 4500, 5500, and 4000' from Will-not-fit (fitment_raw lists their Crew Cab & Chassis rows); copy now states only the source exclusion 'chassis cab diesel models'. 4000/4500/5500 not listed as fitting pending owner/catalog confirmation.","Ram 2500/3500 pickup-box rows start at model year 2010, not 2009 (only Ram 1500 has a 2009 row) -- the title's blanket '2009-2018 Ram 1500/2500/3500' slightly overstates 2500/3500 coverage by one year."
published,02-08-dodge-ram-1500-6-5-bed-flush-roll-up-tonneau-cover-133304,https://stehlenauto.com/products/02-08-dodge-ram-1500-6-5-bed-flush-roll-up-tonneau-cover-133304,2002-2009 Dodge Ram 1500/2500/3500 6.5 ft Bed Flush Roll-Up Tonneau Cover,Title/handle imply a shared 2002-2009 range; propose per-model ranges (1500: 2002-2008; 2500/3500: 2003-2009) to match fitment_raw exactly.,"Title/handle read as a blanket '2002-2009' for 1500/2500/3500, but fitment_raw shows Ram 1500 only 2002-2008 (not 2009) while 2500/3500 run 2003-2009 (not 2002). Wrote precise per-model year ranges in the Fitment section instead of repeating the blanket range.",
published,02-09-dodge-ram-1500-2500-3500-6-5-roll-up-tonneau-cover-led-kit,https://stehlenauto.com/products/02-09-dodge-ram-1500-2500-3500-6-5-roll-up-tonneau-cover-led-kit,2002-2009 Dodge Ram 1500/2500/3500 6.5 ft Bed Tonneau Cover Combo,Same as item 24.,Same per-model year mismatch as item 24 (1500 2002-2008 vs 2500/3500 2003-2009) -- title/handle blanket '2002-2009' overstates Ram 1500 by one year.,
published,02-09-dodge-ram-1500-2500-3500-6-5-roll-up-tonneau-cover-w-led,https://stehlenauto.com/products/02-09-dodge-ram-1500-2500-3500-6-5-roll-up-tonneau-cover-w-led,2002-2009 Dodge Ram 1500/2500/3500 6.5 ft Bed Tonneau Cover & LED Kit,Same as item 24.,Same per-model year mismatch as item 24.,
published,02-09-dodge-ram-1500-2500-3500-roll-up-tonneau-cover-6-5-bed,https://stehlenauto.com/products/02-09-dodge-ram-1500-2500-3500-roll-up-tonneau-cover-6-5-bed,2002-2009 Dodge Ram 1500/2500/3500 6.5 ft Bed Lock & Roll-Up Tonneau Cover,Same as item 24.,Same per-model year mismatch as item 24.,
published,02-09-dodge-ram-1500-2500-3500-tri-fold-tonneau-cover-6-5-bed,https://stehlenauto.com/products/02-09-dodge-ram-1500-2500-3500-tri-fold-tonneau-cover-6-5-bed,2002-2009 Dodge Ram 1500/2500/3500 6.5 ft Bed Tri-Fold Tonneau Cover,Same as item 24.,Same per-model year mismatch as item 24.,
published,02-09-dodge-ram-1500-2500-3500-tri-fold-tonneau-cover-w-led-lights,https://stehlenauto.com/products/02-09-dodge-ram-1500-2500-3500-tri-fold-tonneau-cover-w-led-lights,2002-2009 Dodge Ram 6.5 ft Bed Tri-Fold Tonneau Cover w/ LED Lights,Same as item 24.,Same per-model year mismatch as item 24.,
published,04-14-chevy-colorado-gmc-canyon-6ft-tri-fold-tonneau-cover-w-led,https://stehlenauto.com/products/04-14-chevy-colorado-gmc-canyon-6ft-tri-fold-tonneau-cover-w-led,2004-2012 Chevy Colorado/GMC Canyon 6 ft Bed Tri-Fold Tonneau Cover + LED Kit,Title/handle '2004-2014' overstates confirmed fitment_raw range of 2004-2012; propose correcting to '2004-2012' to match sibling SKUs.,"Handle/title say '04-14' (2004-2014) but fitment_raw only confirms 2004-2012 for both Chevrolet Colorado and GMC Canyon, matching sibling SKUs 34/35 exactly. Used the data-supported 2004-2012 range in the copy instead of the stale 2004-2014 title/handle.","No custom.material field for this SKU (sibling hard tri-fold SKU 32 lists 'Aluminum/Composite Hard Panels'); old description only says 'hard panel construction' in prose. Omitted a Material spec row rather than assume the same material as SKU 32; described the panels as 'rigid hard panels' in prose only, which is directly traceable to source text. | custom.color states only 'White (LED lights)' with no cover color -- omitted a Cover Color spec row rather than assume Black."
published,04-14-ford-f-150-6-5-roll-up-tonneau-cover-w-led-bed-lights,https://stehlenauto.com/products/04-14-ford-f-150-6-5-roll-up-tonneau-cover-w-led-bed-lights,2004-2014 Ford F-150 6.5 ft Bed Roll-Up Tonneau Cover w/ LED Lights,"Title only says 'Ford F-150' but fitment_raw and old description also confirm 2006-2008 Lincoln Mark LT (same as sibling SKUs 37/39, whose titles do mention Mark LT). Propose adding 'Lincoln Mark LT' to this title for consistency.",,
published,04-14-ford-f-150-lincoln-mark-lt-5-5-tri-fold-tonneau-cover,https://stehlenauto.com/products/04-14-ford-f-150-lincoln-mark-lt-5-5-tri-fold-tonneau-cover,2004-2014 Ford F-150 5.5 ft Bed Tri-Fold Tonneau Cover,Propose '2004-2014 Ford F-150 / 2006-2008 Lincoln Mark LT 5.5 ft Bed Tri-Fold Tonneau Cover' so Mark LT owners can find a listing that already fits their truck.,,"Title says only 'Ford F-150' but fitment_raw and fitment_notes also confirm 2006-2008 Lincoln Mark LT (without Utility Track) on the same part number -- title undersells confirmed fitment (safe direction, but hides a real match from Mark LT shoppers). Propose adding '/ Lincoln Mark LT' to the title. | No weight or dimensions for the cover panels. | No installation_time given even though 'no-drill' is claimed via key_features."
published,06-08-lincoln-mark-lt-5-5-tri-fold-tonneau-cover-w-led-bed-lights,https://stehlenauto.com/products/06-08-lincoln-mark-lt-5-5-tri-fold-tonneau-cover-w-led-bed-lights,2006-2008 Lincoln Mark LT 5.5 ft Bed Tri-Fold Tonneau Cover Combo,2004-2014 Ford F-150 / 2006-2008 Lincoln Mark LT 5.5 ft Bed Tri-Fold Tonneau Cover w/ LED Lights -- title omits F-150 that fitment_raw lists,"Title/handle/custom.make/custom.year say 2006-2008 Lincoln Mark LT only, but custom.fitment_raw (source of truth, used by the site fit checker) also lists 2004-2014 Ford F-150 (Styleside 5.5 ft, without Ford Track System). Per STANDARD rule 2 the description now lists both F-150 and Mark LT fitment. Tags/title should be updated to include F-150, or the CA fitment corrected if F-150 is wrong.","No weight or dimensions. | custom.color only gives LED color; no cover color stated, so Finish/Color spec shows LED color only."
published,09-18-dodge-ram-1500-6-5-bed-hard-tri-fold-tonneau-cover-243354,https://stehlenauto.com/products/09-18-dodge-ram-1500-6-5-bed-hard-tri-fold-tonneau-cover-243354,2009-2022 Dodge Ram 6.4 ft Bed Hard Tri-Fold Tonneau Cover,Propose '2009-2018 Dodge Ram 1500 / 2019-2024 Ram 1500 Classic / 2010-2018 Ram 2500 & 3500' in place of the blanket '2009-2022' to match confirmed fitment_raw years.,"custom.year metafield only lists 2009-2018 while fitment_raw (source of truth) confirms Ram 1500 Classic through 2024 -- tag is stale vs fitment_raw, wrote copy off fitment_raw. Title says '2009-2022'; actual confirmed upper bound is 2024 (safe direction, but worth correcting). | Bed length conflict: fitment_raw says 6.4 ft (76.3"") / 6.5 ft (78"") but key_features/old description say 76.8"". Description uses fitment_raw values.","No weight or dimensions. | 2500/3500 fitment_raw rows stop at 2018 with no Classic-equivalent continuation (2019+ HD trucks moved to Ram's 5th-generation body, consistent with the source's own 'Will Not Fit Fifth Generation Models' notes elsewhere in this batch)."
published,09-18-ram-1500-5-8ft-bed-hard-tri-fold-tonneau-cover-243353,https://stehlenauto.com/products/09-18-ram-1500-5-8ft-bed-hard-tri-fold-tonneau-cover-243353,2009-2022 Dodge Ram 1500/2500/3500 5.7 ft Bed Tonneau Cover - Hard Tri-Fold,Current title overclaims 2500/3500 fitment this SKU's fitment_raw does not support. Propose '2009-2018 Dodge Ram 1500 / 2019-2024 Ram 1500 Classic 5.7 ft Bed Hard Tri-Fold Tonneau Cover' until 2500/3500 rows are added and verified.,"MAJOR: Title ('...Ram 1500/2500/3500...') and the old description both claim 2010-2019 Ram 2500/3500 fitment, but custom.fitment_raw for THIS SKU (243353 / TC-RAM09-5.8-LTH) contains ONLY Ram 1500 and 1500 Classic rows -- zero 2500 or 3500 rows anywhere in the feed. This is the same part-number family as SKU 243354/TC-RAM09-6.5-LTH (product 29 in this batch), which DOES carry confirmed 2500/3500 rows, so the 2500/3500 coverage looks like it was copied from that sibling SKU's title/description rather than re-verified for the 5.7 ft bed length. Wrote Fitment and title-equivalent copy for Ram 1500 / 1500 Classic ONLY. Do not restore the 2500/3500 claim until ChannelAdvisor fitment is confirmed for this exact part number. | Bed length inches conflict: fitment_raw/fitment_notes say 5.7 ft (67.4"") but custom.specifications/key_features/old description say 68.4"". Description now uses 67.4"" per fitment_raw.",No weight or dimensions.
published,09-18-ram-1500-5-8ft-flush-roll-up-vinyl-tonneau-cover-133353,https://stehlenauto.com/products/09-18-ram-1500-5-8ft-flush-roll-up-vinyl-tonneau-cover-133353,2009-2023 Dodge Ram 1500/2500/3500 5.7 ft Bed Tonneau Cover,Current title overclaims 2500/3500 fitment this SKU's fitment_raw does not support. Propose '2009-2018 Dodge Ram 1500 / 2019-2024 Ram 1500 Classic 5.7 ft Bed Tonneau Cover' until 2500/3500 rows are added and verified.,"MAJOR: Same overclaim pattern as 31 -- title and old description say 'Ram 1500/2500/3500' but fitment_raw for this SKU (133353 / TC-RAM09-5.8-FRU2) contains ONLY Ram 1500 and 1500 Classic rows. Wrote Fitment for Ram 1500 / 1500 Classic only; did not restore 2500/3500. | Bed length inches conflict: fitment_raw says 5.7 ft (67.4"") but key_features/old description say 68.4"". Description uses 67.4"" per fitment_raw.",No weight or dimensions.
published,09-22-ram-1500-5-7-bed-roll-up-vinyl-tonneau-cover-503353,https://stehlenauto.com/products/09-22-ram-1500-5-7-bed-roll-up-vinyl-tonneau-cover-503353,2009-2022 Dodge Ram 1500/2500/3500 5.7 ft Bed Roll-Up Tonneau Cover,Current title overclaims 2500/3500 fitment this SKU's fitment_raw does not support. Propose '2009-2018 Dodge Ram 1500 / 2019-2024 Ram 1500 Classic 5.7 ft Bed Roll-Up Tonneau Cover' until 2500/3500 rows are added and verified.,"MAJOR: Same overclaim pattern as 31/32 -- title and old description say 'Ram 1500/2500/3500' and even claim 'Quad Cab compatible on 2500/3500 models' as a Highlight, but fitment_raw for this SKU (503353 / TC-RAM09-5.8-LRU) contains ONLY Ram 1500 and 1500 Classic rows -- no 2500/3500 anywhere. Dropped the 2500/3500 and Quad Cab claims entirely; wrote Fitment for Ram 1500 / 1500 Classic only. | Bed length inches conflict: fitment_raw says 5.7 ft (67.4"") but key_features/old description say 68.4"". Description uses 67.4"" per fitment_raw.",No weight or dimensions.
published,1982-1993-chevy-s-10-gmc-sonoma-6-bed-hard-tri-fold-tonneau-cover,https://stehlenauto.com/products/1982-1993-chevy-s-10-gmc-sonoma-6-bed-hard-tri-fold-tonneau-cover,1982-1993 Chevrolet S10/GMC S15 6 ft Bed Hard Tri-Fold Tonneau Cover,"Title says ""GMC S15"" only; fitment_raw also covers 1991-1993 GMC Sonoma. Propose: ""1982-1993 Chevrolet S10 / GMC S15 & Sonoma 6 ft Bed Hard Tri-Fold Tonneau Cover"".",,
published,1982-1993-chevy-s10-gmc-s15-sonoma-6-tri-fold-tonneau-cover-w-led,https://stehlenauto.com/products/1982-1993-chevy-s10-gmc-s15-sonoma-6-tri-fold-tonneau-cover-w-led,1982-1993 Chevrolet S10 GMC S15 Sonoma 6 ft Bed Tri-Fold Tonneau Cover,"Title omits that this is an LED combo (handle says ""w-led"", price is $31 above base 00_source's $646, cb_item_name has +TBL-16W8P-01 suffix). Propose: ""1982-1993 Chevrolet S10/GMC S15/Sonoma 6 ft Bed Hard Tri-Fold Tonneau Cover Combo w/ LED Lights"".",,"No LED pod/wattage/count spec in this item's own metafields (unlike 09/11/15/etc.); only color field ""White (LED)"" and cb_item_name LED suffix confirm a light kit is included - copy states LED kit generically without borrowing specs from sibling listings"
published,1983-2011-ford-ranger-mazda-b-series-6-roll-up-tonneau-cover,https://stehlenauto.com/products/1983-2011-ford-ranger-mazda-b-series-6-roll-up-tonneau-cover,1983-2011 Ford Ranger 6 ft Bed Roll-Up Tonneau Cover,"Title says ""1983-2011 Ford Ranger"" only; fitment_raw and key_features also cover 1994-2010 Mazda B2300/B2500/B3000/B4000. Propose: ""1983-2011 Ford Ranger & Mazda B-Series 6 ft Bed Roll-Up Tonneau Cover"".",,
published,1988-2000-gmc-c-k-1500-3500-6-5-roll-up-tonneau-cover-503301,https://stehlenauto.com/products/1988-2000-gmc-c-k-1500-3500-6-5-roll-up-tonneau-cover-503301,1988-2000 GMC C/K 6.5 ft Bed Roll-Up Tonneau Cover,"Title says ""GMC C/K"" only, but fitment_raw includes Chevrolet C/K 1500-3500 as well (identical years to GMC except K1500). Propose: ""1988-2000 Chevrolet & GMC C/K 6.5 ft Bed Roll-Up Tonneau Cover"".","fitment_raw: Chevrolet K1500 stops 1998, GMC K1500 stops 1999 - one-year difference preserved exactly in Fitment list",
published,1993-2011-ford-ranger-6-bed-hard-tri-fold-tonneau-cover-243315,https://stehlenauto.com/products/1993-2011-ford-ranger-6-bed-hard-tri-fold-tonneau-cover-243315,1983-2011 Ford Ranger 6 ft Bed Hard Tri-Fold Tonneau Cover,"Title says ""1983-2011 Ford Ranger"" only; fitment_raw also covers 1994-2010 Mazda B2300/B2500/B3000/B4000 (same pattern as 04). Propose adding ""& Mazda B-Series"".","vendor is Spec-D Tuning (not Stehlen Auto) - no Warranty section per rule 5, correctly omitted",
published,1993-2011-ford-ranger-6-bed-tri-fold-tonneau-cover-w-led-lights,https://stehlenauto.com/products/1993-2011-ford-ranger-6-bed-tri-fold-tonneau-cover-w-led-lights,1983-2011 Ford Ranger 6 ft Bed Tri-Fold Tonneau Cover with LED Lights,"Title says ""1983-2011 Ford Ranger"" only; fitment_raw also covers 1994-2010 Mazda B2300/B2500/B3000/B4000. Propose adding ""& Mazda B-Series"".",,"No sourced no-drill claim for the cover itself, only for the LED kit's wireless operation - Installation section limited to the LED fact"
published,1994-2001-dodge-ram-1500-2500-3500-6-5-bed-hard-tri-fold-cover,https://stehlenauto.com/products/1994-2001-dodge-ram-1500-2500-3500-6-5-bed-hard-tri-fold-cover,1994-2002 Dodge Ram 1500/2500/3500 6.5 ft Bed Tonneau Cover,"Propose: ""1994-2001 Dodge Ram 1500 & 1994-2002 Ram 2500/3500 6.5 ft Bed Hard Tri-Fold Tonneau Cover"" (matches sibling SKU 13's correct title pattern).","IMPORTANT: title says ""1994-2002 Dodge Ram 1500/2500/3500"" but fitment_raw shows Ram 1500 only through 2001 (2500/3500 go through 2002). A 2002 Ram 1500 owner could be misled into buying a non-fitting cover.",
published,1994-2001-dodge-ram-1500-2500-3500-6-5-tri-fold-tonneau-cover-w-led,https://stehlenauto.com/products/1994-2001-dodge-ram-1500-2500-3500-6-5-tri-fold-tonneau-cover-w-led,1994-2002 Dodge Ram 1500/2500/3500 6.5 ft Bed Tonneau Cover w/ LED,"Title says ""1994-2002 Dodge Ram 1500/2500/3500""; Ram 1500 only goes through 2001 per fitment_raw. Propose splitting like SKU 13.",Same Ram 1500 vs 2500/3500 year-range title conflict as 14,"No sourced no-drill claim for the cover itself, only for the LED kit's wireless control box"
published,1994-2002-dodge-ram-1500-2500-3500-roll-up-tonneau-cover-6-5-bed,https://stehlenauto.com/products/1994-2002-dodge-ram-1500-2500-3500-roll-up-tonneau-cover-6-5-bed,1994-2002 Dodge Ram 1500/2500/3500 6.5 ft Bed Roll-Up Tonneau Cover,"Title says ""1994-2002 Dodge Ram 1500/2500/3500""; Ram 1500 only goes through 2001 per fitment_raw. Propose splitting like SKU 13.",Same Ram 1500 vs 2500/3500 year-range title conflict as 14/15,
published,1994-2003-gmc-sonoma-isuzu-hombre-6-roll-up-tonneau-cover,https://stehlenauto.com/products/1994-2003-gmc-sonoma-isuzu-hombre-6-roll-up-tonneau-cover,1994-2003 GMC Sonoma / Isuzu Hombre 6 ft Bed Roll-Up Tonneau Cover,"Propose: ""1994-2003 Chevrolet S10 & GMC Sonoma / 1996-2000 Isuzu Hombre 6 ft Bed Roll-Up Tonneau Cover"".","IMPORTANT: title implies Isuzu Hombre fits 1994-2003; fitment_raw shows Hombre only 1996-2000. Also title omits Chevrolet S10, which fitment_raw includes with identical 1994-2003 years to GMC Sonoma.",
published,1994-2004-chevy-s10-gmc-sonoma-6ft-hard-tri-fold-tonneau-cover,https://stehlenauto.com/products/1994-2004-chevy-s10-gmc-sonoma-6ft-hard-tri-fold-tonneau-cover,1994-2003 Chevy S10 GMC Sonoma 6 ft Bed Tonneau Cover - Hard Tri-Fold,"Title omits Isuzu Hombre (1996-2000), which fitment_raw includes alongside Chevrolet S10 and GMC Sonoma (both 1994-2003, not 2004 as the handle year suggests).",,custom.material and custom.color are both empty for this listing - Material and Finish/Color spec rows omitted
published,1994-2004-chevy-s10-gmc-sonoma-6ft-tri-fold-tonneau-cover-w-led,https://stehlenauto.com/products/1994-2004-chevy-s10-gmc-sonoma-6ft-tri-fold-tonneau-cover-w-led,1994-2003 Chevy S10/GMC Sonoma 6 ft Bed Hard Tri-Fold Tonneau Cover,"Title omits Isuzu Hombre (1996-2000), which fitment_raw includes.","custom.brand=Spec-D but vendor=Stehlen Auto; used vendor as Brand per rule, flagging mismatch for owner review | custom.part_number field holds a combo SKU string (TC-S1094-6-LTH+TBL-16W8P-01) identical to cb_integration.item_name, not a short MPN like sibling listings - used as-is per rule (custom.part_number takes priority)",
published,1997-2003-ford-f-150-6-5-bed-hard-tri-fold-tonneau-cover,https://stehlenauto.com/products/1997-2003-ford-f-150-6-5-bed-hard-tri-fold-tonneau-cover,1997-2004 Ford F-150 6.5 ft Bed Tonneau Cover - Hard Tri-Fold,"Title says ""Ford F-150"" only; fitment_raw also covers 1997-1999 F-250 Light Duty. Propose: ""1997-2004 Ford F-150 & 1997-1999 F-250 6.5 ft Bed Hard Tri-Fold Tonneau Cover"".",,
published,1997-2003-ford-f-150-6-5-tri-fold-tonneau-cover-w-led-bed-lights,https://stehlenauto.com/products/1997-2003-ford-f-150-6-5-tri-fold-tonneau-cover-w-led-bed-lights,1997-2004 Ford F-150 6.5 ft Bed Tri-Fold Tonneau Cover w/ LED Lights,"Title says ""Ford F-150"" only; fitment_raw also covers 1997-1999 F-250 Light Duty.",,
published,1997-2004-ford-f-150-f-250-6-5-bed-roll-up-tonneau-cover-503306,https://stehlenauto.com/products/1997-2004-ford-f-150-f-250-6-5-bed-roll-up-tonneau-cover-503306,1997-2004 Ford F-150 6.5 ft Bed Roll-Up Tonneau Cover - MPN 503306,"Title says ""Ford F-150"" only (even includes MPN in title) despite handle naming F-250; fitment_raw covers 1997-1999 F-250 Light Duty too. Propose adding ""& F-250"".",,
published,1997-2004-ford-f-150-f-250-6-5-hidden-snap-tonneau-cover-403307,https://stehlenauto.com/products/1997-2004-ford-f-150-f-250-6-5-hidden-snap-tonneau-cover-403307,1997-2004 Ford F-150 6.5 ft Flareside Bed Tonneau Cover - Hidden Snap,"Title says ""Ford F-150"" only despite handle naming F-250; fitment_raw covers 1997-1999 F-250 Light Duty Flareside too.",,
published,1997-2004-ford-f-150-f-250-styleside-6-5-ft-bed-hidden-snap-soft-roll-up-tonneau-cover,https://stehlenauto.com/products/1997-2004-ford-f-150-f-250-styleside-6-5-ft-bed-hidden-snap-soft-roll-up-tonneau-cover,1997-2004 Ford F-150 & F-250 Styleside 6.5 Ft Bed Hidden Snap Soft Roll-Up Tonneau Cover,"Propose: ""1997-2004 Ford F-150 & 1997-1998 F-250 Styleside 6.5 Ft Bed Hidden Snap Soft Roll-Up Tonneau Cover"".","IMPORTANT: title reads ""1997-2004 Ford F-150 & F-250"" implying F-250 fits the full range; fitment_notes shows F-250 only 1997-1998. A 1999-2004 F-250 owner could be misled.","fitment_notes flagged ""derived from CB item data ... CA Fitment attribute not yet populated"""
published,1997-2004-ford-f-150-roll-up-tonneau-cover-w-led-bed-lights,https://stehlenauto.com/products/1997-2004-ford-f-150-roll-up-tonneau-cover-w-led-bed-lights,1997-2004 Ford F-150 6.5 ft Bed Roll-Up Tonneau Cover w/ LED Lights,"Title says ""Ford F-150"" only; fitment_raw also covers 1997-1999 F-250 Light Duty.",,
published,1999-2015-ford-f-250-f-350-f-450-6-5-hard-tri-fold-tonneau-cover,https://stehlenauto.com/products/1999-2015-ford-f-250-f-350-f-450-6-5-hard-tri-fold-tonneau-cover,1997-2016 Ford Super Duty 6.5 ft Bed Hard Tri-Fold Tonneau Cover,Handle should be updated to reflect 1997-2016 (or at minimum 1999-2016) coverage; not customer-facing but affects SEO/URL accuracy.,"Handle says ""1999-2015"" but title says ""1997-2016"" and fitment_raw actually supports F-250/F-350 1999-2016 and F-450 1997-2016 - handle is stale/wrong on both ends. Title is accurate; only the URL slug is off.",
published,1999-2016-ford-f-250-f-350-6-5-bed-tri-fold-tonneau-cover-led-kit,https://stehlenauto.com/products/1999-2016-ford-f-250-f-350-6-5-bed-tri-fold-tonneau-cover-led-kit,1999-2006 Ford F-250/F-350/F-450 6.5 ft Bed Tonneau Cover Combo,Handle is materially wrong (implies 2016) vs. actual 1999-2006 fitment confirmed by both fitment_raw and current title - recommend correcting the handle/URL to avoid SEO and trust mismatch.,"P0: handle says ""1999-2016"" but fitment_raw and title both show this combo only fits 1999-2006 - a decade discrepancy. A customer relying on the URL slug for a 2010+ Super Duty would order a non-fitting combo.","No cover-specific no-drill claim in key_features, only the LED kit's wireless/battery operation"
published,2000-2006-toyota-tundra-6-2-ft-bed-hidden-snap-soft-roll-up-tonneau-cover,https://stehlenauto.com/products/2000-2006-toyota-tundra-6-2-ft-bed-hidden-snap-soft-roll-up-tonneau-cover,2000-2006 Toyota Tundra 6.2 Ft Bed Hidden Snap Soft Roll-Up Tonneau Cover,"Title '6.2 Ft Bed' undersells that 2000-2003 models are confirmed at 6.375 ft (76.5""), not 6.2 ft. Propose clarifying to '6.2/6.375 Ft Bed' or adding a size note.",,"Title says a flat '6.2 Ft Bed' but fitment_raw splits the range: 2000-2003 is actually 6.375 ft (76.5""), only 2004-2006 is 6.2 ft (74.4""). Wrote the Fitment section as two explicit year/spec groups instead of the title's single figure. Worth a title update or footnote given this spans the Tundra 1st-gen-only years."
published,2000-2006-toyota-tundra-6-2-ft-bed-lock-roll-up-tonneau-cover,https://stehlenauto.com/products/2000-2006-toyota-tundra-6-2-ft-bed-lock-roll-up-tonneau-cover,2000-2006 Toyota Tundra 6.2 Ft Bed Lock & Roll-Up Tonneau Cover,"Title/handle say 6.2 Ft but fitment_raw (every year, no exception) says 6.375 Ft (76.5""). This is the SKU's only confirmed bed spec -- recommend correcting title to 6.375 Ft or reconciling with warehouse before this goes live, since a buyer with a true 6.2 ft Tundra bed could self-select into a slightly-wrong-spec cover.","Title and handle say '6.2 Ft Bed' but fitment_raw states 6.375 Ft (76.5"") Standard Bed for every year 2000-2006 -- there is no 6.2 ft row anywhere in this SKU's fitment_raw (unlike sibling 06/08/09 which do split at 2004). Wrote the description and Fitment section using the confirmed 6.375 ft figure, not the title's 6.2 ft.","cb_integration.item_name 'TC-TUN00-6.2-LRU' embeds '6.2', reinforcing that the title/SKU-name figure may be a legacy mismatch vs. the true 6.375 ft spec in fitment_raw. Recommend the catalog team confirm actual bed length before next sync. | No custom.material color inconsistency otherwise. No weight beyond what's given (22 lbs)."
published,2000-2006-toyota-tundra-6-2-hard-tri-fold-tonneau-cover-243326,https://stehlenauto.com/products/2000-2006-toyota-tundra-6-2-hard-tri-fold-tonneau-cover-243326,2000-2006 Toyota Tundra 6.2 ft Bed Tonneau Cover - Hard Tri-Fold,Same as 06 -- title's single '6.2 ft' doesn't reflect the 2000-2003 6.375 ft spec confirmed in fitment_raw.,,"Same two-era bed split as 06 (6.375 ft 2000-2003, 6.2 ft 2004-2006) under a title that only says '6.2'. No install facts (drilling/tools/time) stated in source for this SKU, so Installation section was omitted."
published,2000-2006-toyota-tundra-6-2ft-tri-fold-tonneau-cover-w-led-lights,https://stehlenauto.com/products/2000-2006-toyota-tundra-6-2ft-tri-fold-tonneau-cover-w-led-lights,2000-2006 Toyota Tundra 6.2 ft Bed Tonneau Cover with LED Lights,Same as 06/08 -- title says '6.2 ft' but 2000-2003 units are confirmed at 6.375 ft.,,Same two-era bed split as 06/08. No material stated for this SKU (LED combo bundle) -- omitted Material/Finish spec rows rather than assume the aluminum/composite of sibling 08. | No custom.part_number metafield; used cb_integration.item_name as Part Number.
published,2004-2006-toyota-tundra-6-5-bed-roll-up-tonneau-cover-503325,https://stehlenauto.com/products/2004-2006-toyota-tundra-6-5-bed-roll-up-tonneau-cover-503325,2004-2006 Toyota Tundra 6.2 ft Bed Roll-Up Tonneau Cover - 503325,Handle contains '6-5-bed' though the actual confirmed spec is 6.2 ft -- recommend updating the handle to match the title/fitment data.,"Handle says '6-5-bed' but the title and fitment_notes both confirm 6.2 ft (74.4""). Wrote the copy to the confirmed 6.2 ft spec; handle is URL-only but still worth correcting for SEO/trust consistency with 16/18/19 (same Tundra generation).",
published,2004-2014-chevy-colorado-gmc-canyon-6-bed-hard-tri-fold-tonneau-cover,https://stehlenauto.com/products/2004-2014-chevy-colorado-gmc-canyon-6-bed-hard-tri-fold-tonneau-cover,2004-2012 Chevy Colorado/GMC Canyon 6 ft Bed Tonneau Cover,"Handle and custom.year both overstate coverage to 2014; fitment_raw only supports 2004-2012 (matches current title). Recommend correcting the handle/year metafield to 2004-2012, or sourcing 2013-2014 fitment data before advertising it anywhere.","Handle ('...2004-2014...') and custom.year metafield (2004 through 2014, 11 years) both claim coverage through 2014, but fitment_raw and the current title only confirm 2004-2012 for both Colorado and Canyon -- there is zero fitment_raw support for 2013 or 2014. Wrote the copy to the confirmed 2004-2012 range (matching the title), not the handle/year-tag range. If the YMM tree or collection filter is built off the handle or custom.year instead of fitment_raw, 2013-2014 Colorado/Canyon owners could add this to cart with no confirmed fitment -- recommend fixing the handle/year tag or sourcing real 2013-2014 fitment data before that filter goes live.",No install facts (drilling/tools/time) stated in source -- Installation section omitted.
published,2004-2014-ford-f-150-6-5-roll-up-tonneau-cover-mpn-503309,https://stehlenauto.com/products/2004-2014-ford-f-150-6-5-roll-up-tonneau-cover-mpn-503309,2004-2014 Ford F-150 6.5 ft Bed Roll-Up Tonneau Cover,Title omits Lincoln Mark LT despite fitment_raw confirming it for this SKU. Lincoln Mark LT owners searching by vehicle won't find this listing. Propose adding '/ Lincoln Mark LT' to the title (same issue on 31 and 32).,"Title lists only 'Ford F-150' but fitment_raw also confirms 2006-2008 Lincoln Mark LT for this exact SKU (6.5 ft bed, without Utility Track). Included Lincoln in the Fitment section since it's a confirmed fit, even though the title omits it.",
published,2004-2014-ford-f-150-6-5ft-bed-hard-tri-fold-tonneau-cover,https://stehlenauto.com/products/2004-2014-ford-f-150-6-5ft-bed-hard-tri-fold-tonneau-cover,2004-2014 Ford F-150 6.5 ft Bed Hard Tri-Fold Tonneau Cover,Same as 30 -- title should include Lincoln Mark LT.,Same Lincoln Mark LT title omission as 30 -- fitment_raw confirms 2006-2008 Mark LT for this 6.5 ft hard-tri-fold SKU.,
published,2004-2014-ford-f-150-6-5ft-tri-fold-tonneau-cover-w-led-bed-lights,https://stehlenauto.com/products/2004-2014-ford-f-150-6-5ft-tri-fold-tonneau-cover-w-led-bed-lights,2004-2014 Ford F-150 6.5 ft Bed Tri-Fold Tonneau Cover w/ LED Lights,Same as 30/31 -- title should include Lincoln Mark LT; the prior description already named it.,"Same Lincoln Mark LT title omission as 30/31. Notably, this SKU's own old current_descriptionHtml key_features text explicitly said 'Custom-engineered for 6.5 ft Styleside beds on Ford F-150 and Lincoln Mark LT' -- the current title dropped a fact the old copy already had right.",No cover color stated (custom.color is 'White (LED lights)' only) -- omitted Finish/Color.
published,2005-2011-dodge-dakota-6-5-ft-hard-tri-fold-tonneau-cover,https://stehlenauto.com/products/2005-2011-dodge-dakota-6-5-ft-hard-tri-fold-tonneau-cover,2005-2011 Dodge Dakota 6.5 ft Bed Tonneau Cover - Low Profile Hard Tri-Fold,Consider '2005-2010 Dodge Dakota / 2011 Ram Dakota / 2006-2009 Mitsubishi Raider 6.5 ft Bed Tonneau Cover' to match fitment_raw exactly.,"title says '2005-2011 Dodge Dakota' only; fitment_raw shows the 2011 model year rebranded as 'Ram Dakota' (not Dodge) and also includes 2006-2009 Mitsubishi Raider, neither reflected in the title",
published,2014-2018-gmc-sierra-5-8-roll-up-tonneau-cover-w-led-bed-lights,https://stehlenauto.com/products/2014-2018-gmc-sierra-5-8-roll-up-tonneau-cover-w-led-bed-lights,2014-2018 GMC Sierra 5.8 ft Bed Tonneau Cover & LED Light Kit,Consider '2014-2018 Chevrolet Silverado 1500 / GMC Sierra 5.8 ft Bed Tonneau Cover & LED Light Kit' to match actual fitment_raw coverage.,"title/custom.make say 'GMC Sierra' only, but fitment_raw also includes Chevrolet Silverado 1500 2014-2018 (same platform, same bed) -- included Silverado per fitment_raw, consistent with rule that fitment_raw beats title/tags",no custom.part_number; used cb_integration.item_name
published,2015-2024-ford-f-150-5-5-bed-soft-roll-up-tonneau-cover-503362,https://stehlenauto.com/products/2015-2024-ford-f-150-5-5-bed-soft-roll-up-tonneau-cover-503362,2015-2024 Ford F-150 5.5 ft Bed Soft Roll-Up Tonneau Cover,Title '2015-2024 Ford F-150 5.5 ft Bed Soft Roll-Up Tonneau Cover' understates confirmed range (fitment_raw goes to 2026) and its era doesn't reflect that F-150 Lightning is confirmed to fit. Propose retitling to '2015-2026 Ford F-150 (incl. Lightning) 5.5 ft Bed Soft Roll-Up Tonneau Cover' once custom.year is corrected.,"MAJOR: old description said 'Will not fit Ford F-150 Lightning Electric models,' but fitment_raw explicitly contradicts this -- it carries five confirmed 'Will Fit 5.5 Ft (67.1"") Bed Models Only' rows for F-150 Lightning (2022-2026), no exclusion note. Since the Lightning ships only with a 5.5 ft box, this is consistent (the 6.5 ft/8 ft sibling SKUs correctly exclude Lightning because it isn't offered in those bed lengths). Dropped the exclusion and added Lightning to the Fitment section per the fitment_raw-beats-old-description rule. | Title says '2015-2024' but fitment_raw confirms F-150 fitment through 2026. Used 2015-2026 in the Fitment section.",No weight/dimensions.
published,2015-2024-ford-f-150-5-5-tonneau-cover-with-led-bed-lights,https://stehlenauto.com/products/2015-2024-ford-f-150-5-5-tonneau-cover-with-led-bed-lights,2015-2024 Ford F-150 5.5 ft Bed Roll Up Tonneau Cover w/ LED Lights,Same as 30 -- propose '2015-2026' and note Lightning compatibility once corrected.,"Same Lightning conflict as 30: old description excluded F-150 Lightning, but fitment_raw explicitly confirms Lightning fitment (2022-2026) for this 5.5 ft bed SKU. Dropped the exclusion, added Lightning to Fitment. | Title '2015-2024' understates fitment_raw's confirmed 2015-2026 range.",No weight/dimensions. | No custom.part_number field -- used cb_integration.item_name.
published,2015-2024-ford-f-150-6-5-bed-soft-roll-up-tonneau-cover-503363,https://stehlenauto.com/products/2015-2024-ford-f-150-6-5-bed-soft-roll-up-tonneau-cover-503363,2015-2024 Ford F-150 6.5 ft Bed Soft Roll-Up Tonneau Cover,"Title '2015-2024' understates fitment_raw's confirmed 2015-2026 range for the base F-150 (Lightning correctly excluded here, unlike 30/31, since Lightning isn't offered with a 6.5 ft bed). Propose '2015-2026' once custom.year is corrected.",,No weight/dimensions.
published,2015-2024-ford-f-150-6-5-tonneau-cover-with-led-bed-lights,https://stehlenauto.com/products/2015-2024-ford-f-150-6-5-tonneau-cover-with-led-bed-lights,2015-2024 Ford F-150 6.5 ft Bed Tonneau Cover w/ LED Lights,Title '2015-2024' understates fitment_raw's confirmed 2015-2026 range. Propose '2015-2026' once custom.year is corrected.,,No weight/dimensions. | No custom.part_number field -- used cb_integration.item_name.
published,2015-2024-ford-f-150-8-bed-roll-up-tonneau-cover-w-led-lights,https://stehlenauto.com/products/2015-2024-ford-f-150-8-bed-roll-up-tonneau-cover-w-led-lights,2015-2024 Ford F-150 8 ft Bed Soft Roll-Up Tonneau Cover w/ LED Lights,Title '2015-2024' understates fitment_raw's confirmed 2015-2026 range. Propose '2015-2026' once custom.year is corrected.,,No weight/dimensions. | No custom.part_number field -- used cb_integration.item_name.
published,2015-2024-ford-f-150-8ft-bed-soft-roll-up-tonneau-cover-503368,https://stehlenauto.com/products/2015-2024-ford-f-150-8ft-bed-soft-roll-up-tonneau-cover-503368,2015-2024 Ford F-150 8 ft Bed Soft Roll-Up Tonneau Cover,Title '2015-2024' understates fitment_raw's confirmed 2015-2026 range. Propose '2015-2026' once custom.year is corrected.,,No weight/dimensions.
published,2016-2024-nissan-titan-6-5-soft-roll-up-cover-led-light-kit,https://stehlenauto.com/products/2016-2024-nissan-titan-6-5-soft-roll-up-cover-led-light-kit,2016-2024 Nissan Titan 6.5 ft Bed Soft Roll-Up Tonneau Cover Combo,"Title '2016-2024 Nissan Titan 6.5 ft Bed Soft Roll-Up Tonneau Cover Combo' blends two different vehicles' year ranges into one blanket span. fitment_raw actually splits it: standard Nissan Titan 2017-2024, Titan XD 2016-2024. A 2016 standard-Titan (non-XD) owner reading only the title could self-select in incorrectly. The Fitment section in this copy lists the two lines separately; propose retitling to something like '2017-2024 Nissan Titan / 2016-2024 Titan XD 6.5 ft Bed Soft Roll-Up Tonneau Cover Combo'.",,
published,2016-2024-nissan-titan-6-5-soft-roll-up-tonneau-cover-503330,https://stehlenauto.com/products/2016-2024-nissan-titan-6-5-soft-roll-up-tonneau-cover-503330,2016-2024 Nissan Titan 6.5 ft Bed Soft Roll-Up Tonneau Cover,Same blanket-year title issue as SKU 17: title says '2016-2024 Nissan Titan' but fitment_raw splits standard Titan (2017-2024) from Titan XD (2016-2024). Propose the same retitle pattern.,,
published,2016-nissan-titan-6-5-tonneau-cover-led-bed-light-combo-kit,https://stehlenauto.com/products/2016-nissan-titan-6-5-tonneau-cover-led-bed-light-combo-kit,2016-2024 Nissan Titan 6.5 ft Bed Tonneau Cover Combo w/ LED,Same blanket-year title issue as SKU 17/18: title says '2016-2024 Nissan Titan' but fitment_raw splits standard Titan (2017-2024) from Titan XD (2016-2024).,"Source's current_descriptionHtml includes the line 'Not compatible with RAM Box equipped models.' RAM Box is a Ram 1500-specific bed storage system and has no bearing on a Nissan Titan/Titan XD -- this reads as a copy-paste leftover from an unrelated Ram listing and contradicts the vehicle this SKU is for. Dropped it; kept only the Titan-specific Utili-Track System/Titan Boxes exclusion, which is corroborated by fitment_notes.",
published,2016-nissan-titan-6-5ft-bed-hard-tri-fold-tonneau-cover-243330,https://stehlenauto.com/products/2016-nissan-titan-6-5ft-bed-hard-tri-fold-tonneau-cover-243330,2016-2024 Nissan Titan 6.5 ft Bed Hard Tri-Fold Tonneau Cover,Same blanket-year title issue as SKU 17/18/24: title says '2016-2024 Nissan Titan' but fitment_raw splits standard Titan (2017-2024) from Titan XD (2016-2024).,Shopify vendor field = 'Stehlen Auto' but custom.brand = 'Tyger Auto' (same pattern as SKUs 02/22).,
published,2019-2024-ram-1500-5-7ft-bed-lock-roll-up-tonneau-cover,https://stehlenauto.com/products/2019-2024-ram-1500-5-7ft-bed-lock-roll-up-tonneau-cover,2019-2024 Dodge Ram 1500 5.7 ft Bed Roll-Up Tonneau Cover,"2019-2026 Dodge Ram 1500 5.7 ft Bed Roll-Up Tonneau Cover — fitment_raw covers through 2026, current title caps at 2024","vendor is Stehlen Auto but custom.brand/custom.part_number pattern (5033101) match TruXedo — Brand spec row uses vendor value 'Stehlen Auto' per rule but this looks like a mislabeled reseller item, flag for owner review | title says 2019-2024 but fitment_raw supports 2019-2026 — used 2019-2026 in copy (fitment_raw is source of truth); title should be corrected to 2019-2026",
published,2019-2024-ram-1500-lock-roll-up-tonneau-cover-6-4-ft-bed,https://stehlenauto.com/products/2019-2024-ram-1500-lock-roll-up-tonneau-cover-6-4-ft-bed,2019-2024 Dodge Ram 1500 6.4 ft Bed Roll-Up Tonneau Cover,"2019-2026 Dodge Ram 1500 6.4 ft Bed Roll-Up Tonneau Cover — fitment_raw covers through 2026, current title caps at 2024",title says 2019-2024 but fitment_raw supports 2019-2026 — used 2019-2026 in copy,
published,2019-2024-ram-1500-tonneau-cover-led-light-combo-5-7ft-bed,https://stehlenauto.com/products/2019-2024-ram-1500-tonneau-cover-led-light-combo-5-7ft-bed,2019-2024 Dodge Ram 1500 5.7 ft Bed Tonneau Cover & LED Kit - Roll Up,"2019-2026 Dodge Ram 1500 5.7 ft Bed Tonneau Cover & LED Kit - Roll Up — fitment_raw covers through 2026, current title caps at 2024",title says 2019-2024 but fitment_raw supports 2019-2026 — used 2019-2026 in copy,
published,88-00-gmc-c-k-1500-2500-3500-6-5-hidden-snap-tonneau-cover,https://stehlenauto.com/products/88-00-gmc-c-k-1500-2500-3500-6-5-hidden-snap-tonneau-cover,1988-2000 GMC C/K 6.5 ft Bed Hidden Snap Tonneau Cover,Title '1988-2000 GMC C/K 6.5 ft Bed Hidden Snap Tonneau Cover' omits confirmed Chevrolet C/K coverage. Propose: '1988-2000 Chevrolet/GMC C/K 6.5 ft Bed Hidden Snap Tonneau Cover'.,"Title and old 'Vehicle Fitment' list say GMC only, but custom.fitment_raw contains an identical, fully-confirmed set of Chevrolet C1500/C2500/C3500/K1500/K2500/K3500 rows (1988-1999/2000) alongside the GMC rows. Added Chevrolet to the Fitment section since fitment_raw is source of truth and beats the title/old copy per rule 2.","No custom.part_number under the MPN label -- used custom.part_number (403301) which matches the old 'MPN' field. | No material/color beyond Vinyl for the cover; no LED kit despite handle mentioning it -- this SKU (TC-C1088-6.5-HSS) has no light kit suffix, unlike nn 31/32."
published,88-00-gmc-c-k-1500-3500-6-5-roll-up-tonneau-cover-w-led-lights,https://stehlenauto.com/products/88-00-gmc-c-k-1500-3500-6-5-roll-up-tonneau-cover-w-led-lights,1988-1993 GMC C/K 6.5 ft Bed Roll-Up Tonneau Cover w/ LED Lights,Title '1988-1993 GMC C/K 6.5 ft Bed Roll-Up Tonneau Cover w/ LED Lights' omits confirmed Chevrolet C/K coverage. Propose: '1988-1993 Chevrolet/GMC C/K 6.5 ft Bed Roll-Up Tonneau Cover w/ LED Lights'.,"Title and old 'Vehicle Fitment' list say GMC only and imply an 1988-2000 range, but custom.fitment_raw only confirms Chevrolet AND GMC C1500/C2500/C3500/K1500/K2500/K3500 for 1988-1993 (not through 2000, and not GMC-only). Rewrote Fitment section to add Chevrolet and to match the confirmed 1988-1993 range exactly; title's '1988-1993' range is actually correct, only the make coverage was wrong.",No custom.part_number -- used cb_integration.item_name.
published,88-00-gmc-c-k-1500-3500-6-5-tonneau-cover-led-light-combo,https://stehlenauto.com/products/88-00-gmc-c-k-1500-3500-6-5-tonneau-cover-led-light-combo,1988-1993 GMC C/K 1500-3500 6.5 ft Bed Tonneau Cover + LED Kit,Title '1988-1993 GMC C/K 1500-3500 6.5 ft Bed Tonneau Cover + LED Kit' omits confirmed Chevrolet C/K coverage. Propose: '1988-1993 Chevrolet/GMC C/K 1500-3500 6.5 ft Bed Tonneau Cover + LED Kit'.,Same Chevrolet omission as nn 31: title says 'GMC C/K 1500-3500' but fitment_raw confirms identical Chevrolet C1500/C2500/C3500/K1500/K2500/K3500 rows for 1988-1993. Added Chevrolet to Fitment.,No custom.part_number -- used cb_integration.item_name.
published,94-02-dodge-ram-1500-2500-3500-6-5-tonneau-cover-led-lights,https://stehlenauto.com/products/94-02-dodge-ram-1500-2500-3500-6-5-tonneau-cover-led-lights,1994-2002 Dodge Ram 6.5 ft Bed Roll Up Tonneau Cover + LED Light Kit,Title '1994-2002 Dodge Ram 1500 2500 3500 6.5 ft Bed Roll Up Tonneau Cover + LED Light Kit' overstates Ram 1500 by one model year. Propose: '1994-2001 Dodge Ram 1500 / 1994-2002 Ram 2500 3500 6.5 ft Bed Roll Up Tonneau Cover + LED Light Kit'.,"Title '1994-2002 Dodge Ram' overstates Ram 1500 coverage: fitment_raw confirms Ram 1500 only through 2001 (the DR-body first-gen Ram 1500 was replaced for MY2002, while 2500/3500 continued on the older body through 2002). Split the Fitment section into 1994-2001 Ram 1500 vs. 1994-2002 Ram 2500/3500 instead of one blanket range.",
published,2007-2025-nissan-altima-maxima-class-1-trailer-hitch-11352,https://stehlenauto.com/products/2007-2025-nissan-altima-maxima-class-1-trailer-hitch-11352,Nissan Altima & Maxima Class 1 Trailer Hitch - Black | 11352,Title omits the year range ('Nissan Altima & Maxima Class 1 Trailer Hitch - Black | 11352') while the handle and fitment_raw show 2007-2025 Altima / 2009-2023 Maxima — suggest retitling to '2007-2025 Nissan Altima & 2009-2023 Maxima Class 1 Trailer Hitch - Black | 11352' for clarity and SEO consistency with the rest of the batch.,custom.part_number 11352 follows CURT catalog numbering; omitted Warranty out of caution,
published,2008-2017-buick-enclave-chevrolet-traverse-class-3-trailer-hitch,https://stehlenauto.com/products/2008-2017-buick-enclave-chevrolet-traverse-class-3-trailer-hitch,2008-2017 Buick Enclave & Chevy Traverse Class 3 Trailer Hitch - Black,Title/handle only name Enclave and Traverse; fitment_raw also covers GMC Acadia 2007-2017 (2017 Acadia Limited) and Saturn Outlook 2007-2010. Add them to the title if fitment is confirmed.,"fitment_raw lists 2007-2016 GMC Acadia, 2017 Acadia Limited and 2007-2010 Saturn Outlook; fitment_notes (older) calls them unconfirmed. Per rule 2 fitment_raw wins, so they are now in Fitment. Owner should confirm. | Part number 13424 is a CURT number (vendor Stehlen Auto), so no Stehlen warranty.",
published,2011-2015-chevy-cruze-trailer-hitch-class-1-1-25-receiver,https://stehlenauto.com/products/2011-2015-chevy-cruze-trailer-hitch-class-1-1-25-receiver,"2011-2017 Chevrolet Cruze & Buick Verano 1.25"" Trailer Hitch - Class 1","Retitle to '2011-2015 Chevrolet Cruze & 2012-2017 Buick Verano 1.25"" Trailer Hitch - Class 1' -- current title overstates Cruze coverage by 2 model years.",Title says '2011-2017 Chevrolet Cruze & Buick Verano' but fitment_raw and the handle only support Cruze through 2015 (no 2016/2017 Cruze rows exist); Verano correctly runs 2012-2017. Wrote Fitment as 2011-2015 Cruze to match fitment_raw.,
published,2011-2023-dodge-chrysler-300-charger-challenger-class-3-hitch,https://stehlenauto.com/products/2011-2023-dodge-chrysler-300-charger-challenger-class-3-hitch,2011-2023 Chrysler 300/Dodge Charger Challenger Class 3 Trailer Hitch,Title/handle '...Dodge Chrysler 300 Charger Challenger...' should be corrected to Chrysler 300 only (or Charger/Challenger fitment data must be added to fitment_raw first) -- highest-priority conflict in this batch.,"Title, handle, and old description/fitment_notes all claim fitment for Dodge Charger (2012-2016) and Dodge Challenger (2015-2016), but fitment_raw (the authoritative synced data) contains ZERO rows for either nameplate -- only Chrysler 300 C/S trim rows exist. Dropped Charger and Challenger from the Fitment section entirely per fitment_raw as source of truth. This is a P0: the product is titled for two vehicles it has no confirmed fitment data for.",
published,2012-2017-hyundai-accent-kia-rio-class-1-trailer-hitch-11250,https://stehlenauto.com/products/2012-2017-hyundai-accent-kia-rio-class-1-trailer-hitch-11250,2012-2017 Hyundai Accent & Kia Rio Class 1 Trailer Hitch - 11250,Consider dropping the bare '11250' suffix from the title if this is a genuine Stehlen-brand part -- as written it reads as a third-party (CURT) catalog number.,"Title/handle contain the raw MPN '11250', which structurally matches CURT's 5-digit part-number pattern even though custom.brand/vendor = 'Stehlen Auto'. Per the warranty rule (title/handle/part number must not read as a CURT part number) and to match validator behavior, Warranty section was omitted. Recommend confirming true manufacturer or removing the bare MPN from the title.",
published,2013-2023-mazda-cx-5-class-3-trailer-hitch-2-receiver,https://stehlenauto.com/products/2013-2023-mazda-cx-5-class-3-trailer-hitch-2-receiver,"2013-2023 Mazda CX-5 2"" Class 3 Trailer Hitch Receiver - TH",Title says 2013-2023 but fitment_raw runs to 2025; consider '2013-2025 Mazda CX-5'.,"fitment_raw covers 2013-2025 CX-5 (no plain 2019 row, only 2019 gas sub-model rows); copy now follows fitment_raw (2013-2025). Title/handle say 2013-2023.",
published,2015-vw-golf-gti-class-1-trailer-hitch-1-25-receiver,https://stehlenauto.com/products/2015-vw-golf-gti-class-1-trailer-hitch-1-25-receiver,"2015-2026 Volkswagen Golf/GTI 1.25"" Trailer Hitch Receiver - Class 1",Retitle to distinguish '2015-2021 Golf & 2015-2026 GTI' -- current combined range overstates Golf fitment by 5 years.,"Title '2015-2026 Volkswagen Golf/GTI' implies both nameplates share the same year range, but fitment_raw shows Golf ends at 2021 while GTI continues to 2026 (matches the real-world US Golf hatchback discontinuation while GTI continued). Wrote Fitment with separate ranges per model.",
published,2018-2024-volkswagen-tiguan-class-3-trailer-hitch-2-receiver-curt,https://stehlenauto.com/products/2018-2024-volkswagen-tiguan-class-3-trailer-hitch-2-receiver-curt,"2018-2024 Volkswagen Tiguan 2"" Trailer Hitch Receiver Class 3 - 13381",Handle includes '-curt' suffix while metafields say brand/vendor = Stehlen Auto -- recommend the owner confirm which is correct before this ships with or without a Stehlen warranty claim.,"Title contains the raw MPN '13381', which structurally matches CURT's 5-digit part-number pattern even though custom.brand/vendor = 'Stehlen Auto'. Warranty section omitted to stay consistent with the CURT-pattern rule (same situation as item 08). Recommend confirming true manufacturer or removing the bare MPN from the title. | Part Number spec row corrected to custom.part_number 13381 (was the CB item name).",
published,01-10-silverado-sierra-2500-3500-class-4-hitch-ball-mount-combo,https://stehlenauto.com/products/01-10-silverado-sierra-2500-3500-class-4-hitch-ball-mount-combo,2004-2007 Chevy Silverado GMC Sierra 2500/3500 Class 4 Hitch & Ball Mount Combo,"Title says '2004-2007' but fitment_raw confirms continuous coverage from 2001 (Silverado/Sierra 2500 HD) through 2010 (3500 HD), with 2007 Classic-body variants and cab/trim gating in between. Title dramatically understates confirmed fitment -- recommend retitling to '2001-2010' with a cab/trim callout, since as-is it may cause both false negatives (2001-2003, 2008-2010 owners assuming it doesn't fit) and, more importantly, doesn't warn 2500/3500 non-HD-eligible configs (Cab & Chassis, factory-receiver trucks) away from ordering.",,"custom.part_number (45034) is the CURT ball mount's own MPN, reused as the combo's 'Part Number' -- duplicates the 'CURT Ball Mount MPN' spec row. Data quirk carried through as-is per the Part Number rule. | No weight or packaged dimensions given for the combo."
published,01-10-silverado-sierra-2500-3500-class-4-trailer-hitch-black,https://stehlenauto.com/products/01-10-silverado-sierra-2500-3500-class-4-trailer-hitch-black,2004-2007 Chevy Silverado GMC Sierra 2500/3500 Class 4 Trailer Hitch Black,Same as SKU 28: title says '2004-2007' but fitment_raw confirms 2001-2010 across Silverado/Sierra 2500 HD and 3500/3500 HD with cab/trim gating. Recommend retitling to '2001-2010'.,"Vendor field says 'Stehlen Auto', but this SKU's Part Number (custom.part_number 14211) and cb_integration.item_name (TH-SIL0125-D211) are exactly the hitch-only component of sibling SKU 28's combo (vendor 'CURT', part 'th-sil0125-d211+th-bmount-l2'). This is almost certainly the same CURT-manufactured hitch relisted under the Stehlen Auto vendor. Omitted the Warranty section despite the literal vendor field saying Stehlen Auto -- recommend the catalog team correct the vendor/brand to CURT (or confirm it's a genuine Stehlen private-label reproduction of the same tool-and-die part, which would be unusual).",No weight or packaged dimensions given.
published,04-07-chrysler-town-country-class-3-trailer-hitch-ball-mount-curt,https://stehlenauto.com/products/04-07-chrysler-town-country-class-3-trailer-hitch-ball-mount-curt,2004-2007 Chrysler Town & Country Class 3 Trailer Hitch + Ball Mount - CURT,"Title and custom.make/model only mention 'Chrysler Town & Country', but fitment_raw confirms the identical Stow-n-Go-gated fitment for 2004-2007 Dodge Caravan and Dodge Grand Caravan as well (same platform, same note on every row). Added both Dodge models to the Fitment section per fitment_raw. Recommend retitling to include Dodge Caravan/Grand Caravan so those searches surface this listing.",,
published,1991-2002-ford-escort-mercury-tracer-class-1-trailer-hitch,https://stehlenauto.com/products/1991-2002-ford-escort-mercury-tracer-class-1-trailer-hitch,1991-2002 Ford Escort & Mercury Tracer Class 1 Trailer Hitch,Title '1991-2002 Ford Escort & Mercury Tracer' implies both go to 2002; fitment_raw confirms Tracer only through 1999. Consider '1991-2002 Ford Escort / 1991-1999 Mercury Tracer'.,"Old current_descriptionHtml claimed 'sedan and wagon body styles' only, but custom.fitment_raw includes 2000-2002 Ford Escort ZX2 Coupe rows (submodels 'ZX2 Coupe 2-Door' / 'ZX2 S/R Coupe 2-Door') omitted from the old copy. Added the ZX2 Coupe as a third confirmed body style since fitment_raw is source of truth and explicitly supports it. | Title blankets '1991-2002' for both makes, but fitment_raw only confirms Mercury Tracer through 1999 (Tracer was discontinued after MY1999) -- separated into two accurate ranges.","No weight/dimensions. | Vendor is 'Stehlen Auto' but MPN 11105 follows CURT's catalog numbering (matches the CURT-part regex), so per the warranty rule this is treated as a rebadged CURT part and gets no Stehlen warranty section, even though it's sold under the Stehlen Auto vendor field."
published,1994-2009-mazda-b-series-class-3-trailer-hitch-combo-curt,https://stehlenauto.com/products/1994-2009-mazda-b-series-class-3-trailer-hitch-combo-curt,1994-2009 Mazda B-Series Class 3 Trailer Hitch Combo - CURT,"Title/handle/custom.make omit Ford Ranger 1983-2011, which fitment_raw lists. Retitle to include Ford Ranger (e.g. '1983-2011 Ford Ranger / 1994-2009 Mazda B-Series Class 3 Trailer Hitch Combo - CURT') or clean the feed if Ranger rows are wrong.","fitment_raw also lists 1983-2011 Ford Ranger (title/handle/custom.make say Mazda only). Per STANDARD addendum, Ford Ranger 1983-2011 is now included in the copy Fitment list to match the site fit checker. | custom.fitment_notes states B2300 fits '1994-1997 and 2001-2009' (real gap 1998-2000) -- presented as two ranges, not a blanket claim.",No weight capacity. | No tools_required list.
published,1996-2007-chrysler-town-country-class-3-trailer-hitch-13362,https://stehlenauto.com/products/1996-2007-chrysler-town-country-class-3-trailer-hitch-13362,1996-2007 Chrysler Town & Country Class 3 Trailer Hitch - 13362,Title covers only Chrysler Town & Country; fitment_raw also lists 1996-2007 Dodge Caravan and Grand Caravan (majority of rows) plus Chrysler Voyager 2000-2003 and Plymouth Voyager 1996-2000. Retitle to e.g. '1996-2007 Chrysler Town & Country / Dodge Caravan / Grand Caravan Class 3 Trailer Hitch - 13362'.,"fitment_raw is mostly Dodge Caravan / Grand Caravan 1996-2007 rows (same 'Will Not Fit Sport Models / Stow-n-Go' note) that are absent from title/handle/custom.make. Per STANDARD addendum, both are now included in Fitment with the Sport / Stow-n-Go gate.",No weight/dimensions.
published,1998-2005-mercedes-benz-ml-class-3-trailer-hitch-black,https://stehlenauto.com/products/1998-2005-mercedes-benz-ml-class-3-trailer-hitch-black,1998-2005 Mercedes-Benz ML Class 3 Trailer Hitch - Black,Old copy said ML320 through 2003; fitment_raw shows ML320 stops at 2002 and ML350 starts 2003. Correct wherever this SKU's fitment copy is reused.,"Old current_descriptionHtml claims 'ML320 (1998-2003)', but fitment_raw only confirms ML320 through 2002 -- the MY2003 row is tagged ML350, meaning Mercedes-Benz renamed the ML320 to ML350 for that model year. Corrected to ML320 1998-2002 / ML350 2003-2005 (ML430 1999-2001 and ML500 2002-2005 were already accurate in the old copy).","No weight/dimensions. | Vendor is 'Stehlen Auto' but MPN 13018 follows CURT's catalog numbering (matches the CURT-part regex), so per the warranty rule this gets no Stehlen warranty section even though sold under the Stehlen Auto vendor field."
published,1998-2005-mercedes-benz-ml-class-3-trailer-hitch-w-ball-mount-curt,https://stehlenauto.com/products/1998-2005-mercedes-benz-ml-class-3-trailer-hitch-w-ball-mount-curt,1998-2005 Mercedes-Benz ML Class 3 Trailer Hitch w/ Ball Mount - CURT,Same as item 20.,Same ML320/ML350 model-year correction as item 20.,No weight/dimensions.
published,2004-2007-chrysler-town-country-class-3-trailer-hitch-13389,https://stehlenauto.com/products/2004-2007-chrysler-town-country-class-3-trailer-hitch-13389,2004-2007 Chrysler Town & Country Class 3 Trailer Hitch - 13389,Title/handle undersell confirmed fitment (says only Chrysler Town & Country; fitment_raw also confirms Dodge Caravan and Grand Caravan for the same years/note). Propose retitling to include all three models once catalog team confirms the omission was intentional.,"Title and handle say only 'Chrysler Town & Country,' but fitment_raw confirms the identical 2004-2007 Stow-n-Go-only fitment for Dodge Caravan and Dodge Grand Caravan as well. Added both Dodge models to the Fitment section since fitment_raw is the source of truth (Hard Rule 2); old current_descriptionHtml never mentioned them.","No installation_time, tools_required, or bolt-on/drilling language anywhere in metafields or current_descriptionHtml for this SKU -- omitted the Installation section rather than reuse the generic 'no drilling' claim other hitches in this batch use."
published,2007-2009-saturn-sky-class-1-trailer-hitch-black,https://stehlenauto.com/products/2007-2009-saturn-sky-class-1-trailer-hitch-black,2007-2009 Saturn Sky Class 1 Trailer Hitch - Black,"Title/handle say 'Saturn Sky' with no trim qualifier, but custom.fitment_raw and the old description both scope every row to the 'Red Line Convertible 2-Door' submodel only -- the Saturn Sky was sold in a lower non-turbo trim too (not present anywhere in this data). Propose retitling to '2007-2009 Saturn Sky Red Line Class 1 Trailer Hitch - Black' so buyers of a base Sky don't assume fitment.",,No weight or dimensions.
published,2007-2015-audi-q7-quattro-class-3-trailer-hitch-black,https://stehlenauto.com/products/2007-2015-audi-q7-quattro-class-3-trailer-hitch-black,2007-2015 Audi Q7 Quattro Class 3 Trailer Hitch - Black,"Title '2007-2015 Audi Q7 Quattro Class 3 Trailer Hitch - Black' omits the 2004-2010 VW Touareg and 2004-2010 Porsche Cayenne fitment that this exact SKU's fitment_raw confirms. Propose retitling to name all three platforms, or verify against the catalog whether dedicated Touareg/Cayenne listings already exist before widening this one.","Significant fitment gap: title and handle only reference 'Audi Q7 Quattro,' but custom.fitment_raw for this exact SKU (part 13220, item_name TH-TOU04-C220 -- literally named for Touareg) also fully confirms 2004-2010 Volkswagen Touareg and 2004-2010 Porsche Cayenne (excluding rear-mount-spare Cayenne models) -- these three SUVs share the PL71 platform and hitch mount. Per STANDARD rule 2, fitment_raw is the source of truth and beats the title, so added Touareg and Cayenne to the Fitment section. This is a major missed-search/missed-sales gap on the current listing (2 of 3 supported vehicles aren't in the title at all) -- recommend the owner retitle this SKU (and its combo twin, item 26) to reflect all three makes, or confirm whether separate Touareg/Cayenne listings already exist elsewhere in the catalog to avoid duplicate/competing listings.",No weight or dimensions.
published,2007-2015-audi-q7-quattro-class-3-trailer-hitch-combo-curt,https://stehlenauto.com/products/2007-2015-audi-q7-quattro-class-3-trailer-hitch-combo-curt,2007-2015 Audi Q7 Quattro Class 3 Trailer Hitch Combo - CURT,Same as item 25: title omits confirmed VW Touareg and Porsche Cayenne fitment for this identical hitch. Propose retitling or reconciling with any existing Touareg/Cayenne listings.,"Same fitment gap as item 25 (identical hitch component TH-TOU04-C220): title only says Audi Q7, but fitment_raw also fully confirms VW Touareg and Porsche Cayenne. Added both per source of truth. | RESOLVED IN REVIEW: custom.part_number 45034 is the ball-mount component's MPN, not specific to this combo (same reused-MPN pattern as 05/14/17/21/28/30/31/36/38). Fixed by using cb_integration.item_name as Part Number and breaking 45034 out as 'Ball Mount Part Number.'",No weight or dimensions.
published,2007-2015-ford-edge-lincoln-mkx-class-3-trailer-hitch-13067,https://stehlenauto.com/products/2007-2015-ford-edge-lincoln-mkx-class-3-trailer-hitch-13067,2007-2015 Ford Edge & Lincoln MKX Class 3 Trailer Hitch - 13067,Title says '2007-2015 Ford Edge & Lincoln MKX' but fitment_raw only confirms Ford Edge through model year 2014 (Edge was redesigned for MY2015 onto a new platform); only Lincoln MKX extends to 2015. Propose '2007-2014 Ford Edge & 2007-2015 Lincoln MKX Class 3 Trailer Hitch' so 2015 Edge owners don't self-select in by mistake.,"custom.part_number '13067' matches CURT's published class-based numbering convention (11xxx=Class1, 12xxx=Class2, 13xxx=Class3), identical in format to the literal CURT-branded SKUs elsewhere in this same batch (e.g. CURT 13149/13354/13581/13367 etc). Strong signal this is a rebadged/dropshipped CURT part sold under vendor='Stehlen Auto' rather than a Stehlen-manufactured product. Per STANDARD.md rule 5 ('...title/handle/part number is not a CURT (or other brand) part number'), omitted the Warranty section rather than promise Stehlen's own lifetime structural warranty on hardware Stehlen likely didn't build. Flagging for owner to confirm the true manufacturer/warranty relationship before this ships with or without a Warranty block.",No weight or dimensions.
published,2007-2015-ford-edge-lincoln-mkx-class-3-trailer-hitch-ball-mount,https://stehlenauto.com/products/2007-2015-ford-edge-lincoln-mkx-class-3-trailer-hitch-ball-mount,2007-2015 Ford Edge Lincoln MKX Class 3 Trailer Hitch & Ball Mount,"Same Edge/MKX year-range issue as item 27: title implies Ford Edge fitment through 2015, but fitment_raw stops Edge at 2014 (Edge redesigned for MY2015); only Lincoln MKX reaches 2015.","RESOLVED IN REVIEW: custom.part_number 45034 is the ball-mount component's MPN, not specific to this combo (same reused-MPN pattern noted on items 05/14/17/21/30/31/36/38). Fixed by using cb_integration.item_name as Part Number and breaking 45034 out as 'Ball Mount Part Number.'",No weight or dimensions.
published,2007-2024-jeep-wrangler-jk-jl-2-trailer-hitch-receiver-class-3,https://stehlenauto.com/products/2007-2024-jeep-wrangler-jk-jl-2-trailer-hitch-receiver-class-3,"2007-2024 Jeep Wrangler JK & JL 2"" Trailer Hitch Receiver Class 3","fitment_raw runs through 2026 (e.g., Rubicon/Sport/Sport S 2-Door 2018-2026, Moab 392 2026); title says 2007-2024. Propose '2007-2026 Jeep Wrangler JK & JL 2"" Trailer Hitch Receiver Class 3' once diesel conflict is resolved.","fitment_raw explicitly lists 3.0L V6 DIESEL rows for 2020-2023 Wrangler/Unlimited trims, contradicting the 'Excludes JL Diesel models' in fitment_notes + old description. Kept the exclusion (safety/fit conservative); owner/catalog should confirm and either remove the diesel rows from fitment_raw or drop the exclusion.",No weight or dimensions.
published,2008-2017-buick-enclave-chevy-traverse-class-3-hitch-kit-curt,https://stehlenauto.com/products/2008-2017-buick-enclave-chevy-traverse-class-3-hitch-kit-curt,2008-2017 Buick Enclave & Chevy Traverse Class 3 Trailer Hitch - CURT,"Title/handle name only Buick Enclave & Chevy Traverse, but fitment_raw also lists 2007-2016 GMC Acadia, 2017 GMC Acadia Limited, 2007-2010 Saturn Outlook. Propose ""2007-2017 Enclave / Traverse / GMC Acadia / Saturn Outlook Class 3 Trailer Hitch Combo - CURT"" (or remove the rows if unverified).","fitment_raw lists 2007-2016 GMC Acadia, 2017 Acadia Limited and 2007-2010 Saturn Outlook; fact-check added them to Fitment (site fit checker uses fitment_raw). fitment_notes still cautions these are unverified -- owner should confirm or remove the rows.","No weight, dimensions, or installation_time/tools_required given."
published,2010-2013-kia-sorento-hyundai-santa-fe-class-3-hitch-ball-mount,https://stehlenauto.com/products/2010-2013-kia-sorento-hyundai-santa-fe-class-3-hitch-ball-mount,2010-2013 Kia Sorento Hyundai Santa Fe Class 3 Hitch & Ball Mount,"Title implies both Sorento and Santa Fe span 2010-2013. fitment_raw confirms only 2011-2013 Sorento and 2010-2012 Santa Fe. Propose retitling to reflect the split, e.g. '2011-2013 Kia Sorento / 2010-2012 Hyundai Santa Fe'.","Title and handle say a blanket ""2010-2013"" for both models, but fitment_raw only confirms 2011-2013 Kia Sorento and 2010-2012 Hyundai Santa Fe -- neither model actually spans the full 2010-2013 range. Wrote per-model fitment lines instead of the blanket range.",
published,2010-2013-kia-sorento-hyundai-santa-fe-class-3-trailer-hitch,https://stehlenauto.com/products/2010-2013-kia-sorento-hyundai-santa-fe-class-3-trailer-hitch,2010-2013 Kia Sorento Hyundai Santa Fe Class 3 Trailer Hitch,"Title implies both Sorento and Santa Fe span 2010-2013. fitment_raw confirms only 2011-2013 Sorento and 2010-2012 Santa Fe. Propose retitling to reflect the split, e.g. '2011-2013 Kia Sorento / 2010-2012 Hyundai Santa Fe'.","Title and handle say a blanket ""2010-2013"" for both models, but fitment_raw only confirms 2011-2013 Kia Sorento and 2010-2012 Hyundai Santa Fe -- neither model actually spans the full 2010-2013 range. Wrote per-model fitment lines instead of the blanket range.",
published,2010-2013-subaru-outback-class-3-trailer-hitch-black-13390,https://stehlenauto.com/products/2010-2013-subaru-outback-class-3-trailer-hitch-black-13390,2010-2013 Subaru Outback Class 3 Trailer Hitch - Black | 13390,"Title/handle say only 2010-2013 Subaru Outback, but fitment_raw also lists 2015-2019 Subaru Legacy. Propose ""2010-2013 Subaru Outback / 2015-2019 Subaru Legacy Class 3 Trailer Hitch - Black 13390"".",fitment_raw lists 2015-2019 Subaru Legacy (Drilling Is Required); fact-check added Legacy to Fitment. Part number TH-LEGA15-C390 encodes Legacy 2015.,
published,2010-2013-subaru-outback-class-3-trailer-hitch-combo-w-ball-mount,https://stehlenauto.com/products/2010-2013-subaru-outback-class-3-trailer-hitch-combo-w-ball-mount,2010-2013 Subaru Outback Class 3 Trailer Hitch Combo w/ Ball Mount,"Title/handle say only 2010-2013 Subaru Outback, but fitment_raw also lists 2015-2019 Subaru Legacy. Propose ""2010-2013 Subaru Outback / 2015-2019 Subaru Legacy Class 3 Trailer Hitch Combo w/ Ball Mount"".",fitment_raw lists 2015-2019 Subaru Legacy (Drilling Is Required); fact-check added Legacy to Fitment. Part number TH-LEGA15-C390 encodes Legacy 2015.,
published,2010-2015-hyundai-tucson-adjustable-trailer-hitch-black-13120,https://stehlenauto.com/products/2010-2015-hyundai-tucson-adjustable-trailer-hitch-black-13120,2010-2015 Hyundai Tucson Adjustable Trailer Hitch Black - 13120,"Title omits the Kia Sportage fitment that fitment_raw and the part number both support. Propose retitling to include '2010-2016 Kia Sportage' alongside the Tucson, and updating custom.make/custom.model tags.","Title/handle say only 'Hyundai Tucson,' but fitment_raw includes an equal set of 2010-2016 Kia Sportage rows with the identical 'Drilling Is Required' note, and the part number (TH-SPO11-C120) literally encodes 'SPO' (Sportage). Sportage and Tucson are platform-mates, so added Kia Sportage to the Fitment section per fitment_raw (source of truth) even though it's absent from the title/handle/custom.make tag. | part_number 13120 matches CURT's catalog numbering convention despite vendor=Stehlen Auto -- omitted Warranty section for the same reason as items 03/07.",
published,2010-2015-hyundai-tucson-trailer-hitch-ball-mount-combo-black,https://stehlenauto.com/products/2010-2015-hyundai-tucson-trailer-hitch-ball-mount-combo-black,2010-2015 Hyundai Tucson Trailer Hitch & Ball Mount Combo - Black,"Title omits the Kia Sportage fitment that fitment_raw and the part number both support. Propose retitling to include '2010-2016 Kia Sportage' alongside the Tucson, and updating custom.make/custom.model tags.","Title/handle say only 'Hyundai Tucson,' but fitment_raw includes an equal set of 2010-2016 Kia Sportage rows with the identical 'Drilling Is Required' note, and the part number (TH-SPO11-C120) literally encodes 'SPO' (Sportage). Sportage and Tucson are platform-mates, so added Kia Sportage to the Fitment section per fitment_raw (source of truth) even though it's absent from the title/handle/custom.make tag.",
published,2011-2015-hyundai-sonata-kia-optima-class-1-trailer-hitch-black,https://stehlenauto.com/products/2011-2015-hyundai-sonata-kia-optima-class-1-trailer-hitch-black,2011-2015 Hyundai Sonata Kia Optima Class 1 Trailer Hitch - Black,Title '2011-2015 Hyundai Sonata Kia Optima Class 1 Trailer Hitch - Black' overstates Sonata fitment by one model year (fitment_raw stops at 2014 for Sonata). Propose '2011-2014 Hyundai Sonata / 2011-2015 Kia Optima Class 1 Trailer Hitch - Black'.,Title 'Hyundai Sonata Kia Optima Class 1 Trailer Hitch' with a blanket 2011-2015 range overstates Sonata coverage by one year -- fitment_raw confirms Sonata only through 2014 (Optima does run through 2015). Wrote per-model fitment lines.,
published,2012-2022-jeep-grand-cherokee-class-3-trailer-hitch-13182,https://stehlenauto.com/products/2012-2022-jeep-grand-cherokee-class-3-trailer-hitch-13182,2012-2022 Jeep Grand Cherokee Class 3 Trailer Hitch - 13182,"Title/handle say only 2012-2022 Jeep Grand Cherokee, but fitment_raw also lists 2011-2026 Dodge Durango. Propose ""2012-2022 Jeep Grand Cherokee / 2011-2026 Dodge Durango Class 3 Trailer Hitch - 13182"" and add Dodge/Durango to custom.make/model.",fitment_raw lists 2011-2017 Dodge Durango plus 2018-2026 Durango trims; fact-check added all Durango rows to Fitment (site fit checker uses fitment_raw). Part number TH-DUR11-C182 encodes Durango 2011.,"Unlike items 29/30 (same product family, different SKU), this listing's Grand Cherokee fitment_raw rows carry no engine-type suffix (no 3.6L V6 / 5.7L V8 gas gating, no diesel exclusion stated) -- did not carry over the diesel exclusion from 29/30 since this source doesn't state it."
published,2012-2022-jeep-grand-cherokee-class-3-trailer-hitch-combo-curt,https://stehlenauto.com/products/2012-2022-jeep-grand-cherokee-class-3-trailer-hitch-combo-curt,2012-2022 Jeep Grand Cherokee Class 3 Trailer Hitch Combo - CURT,"Title/handle say only 2012-2022 Jeep Grand Cherokee, but fitment_raw also lists 2011-2026 Dodge Durango. Propose ""2012-2022 Jeep Grand Cherokee / 2011-2026 Dodge Durango Class 3 Trailer Hitch Combo - CURT"" and add Dodge/Durango to custom.make/model.",fitment_raw lists 2011-2017 Dodge Durango plus 2018-2026 Durango trims; fact-check added all Durango rows to Fitment (site fit checker uses fitment_raw). Part number TH-DUR11-C182 encodes Durango 2011.,"Same as item 35: no gas/diesel engine gating stated in this SKU's fitment_raw, unlike 29/30."
published,2013-2019-ford-escape-class-3-trailer-hitch-receiver-2-inch-loaded-ball-mount-combo,https://stehlenauto.com/products/2013-2019-ford-escape-class-3-trailer-hitch-receiver-2-inch-loaded-ball-mount-combo,2013-2019 Ford Escape Class 3 Trailer Hitch Receiver + 2 Inch Loaded Ball Mount Combo,"Title '2013-2019 Ford Escape...' reads as blanket coverage but several trims (SE Plus, SEL, Trend, Trend Advance) are only confirmed for parts of that range. Consider a trim-gate qualifier or confirm with CA whether base S/L trims also fit.",,"Confirmed fitment is trim-gated and non-contiguous per trim (SE and Titanium cover all of 2013-2019; SE Plus only 2013-2014; SEL only 2013 and 2018-2019; Trend only 2015-2016; Trend Advance only 2017-2019) -- base S and L trims never appear in fitment_raw at all, unlike the CURT-branded S-trim version of this same hitch (item 01). | No brand identified for the bundled ball mount in this item's own source (sibling combo SKUs in this batch explicitly name it CURT 45034); wrote warranty as receiver-only without naming the ball mount's brand. | custom.part_number metafield is absent; used cb_integ"
published,2013-2019-hyundai-santa-fe-2-class-3-trailer-hitch-receiver,https://stehlenauto.com/products/2013-2019-hyundai-santa-fe-2-class-3-trailer-hitch-receiver,"2013-2019 Hyundai Santa Fe 2"" Class 3 Trailer Hitch Receiver",Propose '2013-2018 Hyundai Santa Fe / 2019 Santa Fe XL (3.3L V6 only)' to keep 2019 redesigned Santa Fe owners from buying the wrong part.,"Title '2013-2019 Hyundai Santa Fe' doesn't disclose the 3.3L V6-only engine gate in fitment_notes, nor that the 2019 row is for the Santa Fe XL (continuation of the outgoing 3-row model) and not the all-new, redesigned 2019 Santa Fe -- two different vehicles sharing a name that year. A 2019 (non-XL) Santa Fe owner could self-select into this SKU incorrectly.",No installation_time or tools_required.
published,2013-2019-hyundai-santa-fe-trailer-hitch-ball-mount-combo-kit,https://stehlenauto.com/products/2013-2019-hyundai-santa-fe-trailer-hitch-ball-mount-combo-kit,2013-2019 Hyundai Santa Fe Trailer Hitch & Ball Mount Combo Kit,Same recommendation as item 02.,"Same as item 02: title doesn't disclose the 3.3L V6-only gate or that 2019 coverage is Santa Fe XL only, not the redesigned 2019 Santa Fe.",No installation_time or tools_required beyond the old description's bolt-on claim.
published,2013-2020-nissan-pathfinder-infiniti-qx60-class-3-trailer-hitch,https://stehlenauto.com/products/2013-2020-nissan-pathfinder-infiniti-qx60-class-3-trailer-hitch,2013-2020 Nissan Pathfinder Infiniti QX60 Class 3 Trailer Hitch,"Consider correcting the Pathfinder year range in the title (2013-2016) vs QX60 (2014-2020), or supply confirmed 2017-2020 Pathfinder fitment_raw rows if the part actually fits those years.","Title '2013-2020 Nissan Pathfinder Infiniti QX60' implies Pathfinder coverage through 2020, but custom.fitment_raw only confirms Nissan Pathfinder rows for 2013-2016 (QX60 is the one confirmed through 2020). Kept Fitment to the confirmed 2013-2016 Pathfinder range rather than the title's implied 2020.",No weight/capacity or dimensions. | custom.part_number (13126) follows CURT's catalog numbering convention even though vendor/brand read Stehlen Auto -- omitted Warranty per the no-warranty-on-CURT-numbered-parts rule; recommend confirming whether this is a rebadged CURT part.
published,2013-2020-nissan-pathfinder-infiniti-qx60-class-3-trailer-hitch-combo,https://stehlenauto.com/products/2013-2020-nissan-pathfinder-infiniti-qx60-class-3-trailer-hitch-combo,2013-2020 Nissan Pathfinder Infiniti QX60 Class 3 Trailer Hitch Combo,Same recommendation as item 04.,Same Pathfinder/QX60 year mismatch as item 04: title implies Pathfinder through 2020 but fitment_raw only confirms 2013-2016 for Pathfinder.,No weight/capacity or dimensions.
published,2014-2015-kia-sorento-class-3-trailer-hitch-ball-mount-combo-curt,https://stehlenauto.com/products/2014-2015-kia-sorento-class-3-trailer-hitch-ball-mount-combo-curt,2014-2015 Kia Sorento Class 3 Trailer Hitch & Ball Mount Combo - CURT,"Consider retitling to include Hyundai Santa Fe Sport if the cross-fitment is confirmed correct, or strip it from fitment_raw if it's a feed error.","fitment_raw for this 'Kia Sorento'-titled CURT combo also includes 2013-2018 Hyundai Santa Fe Sport rows, identical to item 09's Stehlen-branded hitch (which shares the same internal part code C152). Title/handle/old description only ever say Kia Sorento. Included Santa Fe Sport in Fitment per the fitment_raw-is-truth rule, but recommend a data-source sanity check -- plausible platform-mate sharing, but could be a ChannelAdvisor copy/paste error.",No installation_time or tools_required. | No tow rating or weight/capacity.
published,2014-2015-kia-sorento-class-3-trailer-hitch-black-13152,https://stehlenauto.com/products/2014-2015-kia-sorento-class-3-trailer-hitch-black-13152,2014-2015 Kia Sorento Class 3 Trailer Hitch Black - 13152,Same Santa Fe Sport fitment question as item 08; also recommend confirming whether 'Stehlen Auto' is the correct vendor label for this SKU given it appears to be the same physical part as CURT-branded item 08.,"Same Santa Fe Sport cross-fitment as item 08 -- fitment_raw includes 2013-2018 Hyundai Santa Fe Sport under this Kia Sorento-titled, Stehlen Auto-branded listing. | custom.part_number (13152) matches real-world CURT catalog numbering, and this item's internal part code (C152) is shared verbatim with CURT-branded item 08 -- strong signal this is a rebadged CURT part sold under two vendor labels. Omitted Warranty accordingly despite vendor field saying Stehlen Auto.",No installation tools_required list. | No tow rating or weight/capacity.
published,2015-2025-ford-f-150-class-3-trailer-hitch-black-13118,https://stehlenauto.com/products/2015-2025-ford-f-150-class-3-trailer-hitch-black-13118,2015-2025 Ford F-150 Class 3 Trailer Hitch - Black | 13118,"Propose updating '2015-2025' to '2015-2026' to match confirmed fitment_raw, and remove 'Raptor R' from any marketing copy or trim lists since it isn't in the fitment data.","Old description and fitment_subattributes.trims list 'Raptor R' as a fitting trim, but custom.fitment_raw has zero Raptor R rows (only 'Raptor' Crew Cab/Extended Cab submodels appear). Dropped Raptor R from the new copy since fitment_raw doesn't support it -- this is a safety-relevant fitment overclaim in the old listing given differing bumper/frame geometry between Raptor and Raptor R. | Title says '2015-2025 Ford F-150' but fitment_raw confirms multiple trims (King Ranch, Lariat, Platinum, Raptor, SSV, Tremor, XL, XLT) through model year 2026. Wrote body copy to the confirmed 2015-2026 range rather than the title's 2025 cutoff.","No tow rating, gross trailer weight, or tongue weight for a Class 3 hitch -- omitted rather than guessed. | No weight/dimensions for the hitch itself."
published,2015-2025-ford-f-150-class-3-trailer-hitch-combo-curt,https://stehlenauto.com/products/2015-2025-ford-f-150-class-3-trailer-hitch-combo-curt,2015-2025 Ford F-150 Class 3 Trailer Hitch Combo - CURT,Same recommendation as item 29: retitle to 2015-2026 and drop Raptor R.,"Same Raptor R overclaim as item 29 -- dropped from copy, not supported by fitment_raw. | Same title/data year mismatch as item 29: title says 2015-2025, fitment_raw confirms multiple trims through 2026.","No tow rating, gross trailer weight, or tongue weight -- omitted rather than guessed. | No weight/dimensions."
published,2015-2026-ford-f-150-class-4-trailer-hitch-black-14017,https://stehlenauto.com/products/2015-2026-ford-f-150-class-4-trailer-hitch-black-14017,2015-2026 Ford F-150 Class 4 Trailer Hitch Black - 14017,"Recommend the catalog team confirm the correct brand for this SKU -- 'Torxx' appears nowhere else in this batch and may be a data-entry error for CURT, or a genuine third-party brand needing its own warranty exclusion policy.","custom.brand = 'Torxx' (not Stehlen Auto, not CURT) while vendor = 'Stehlen Auto'; part number 14017 falls in CURT's real-world Class 4 hitch numbering range. Treated as a likely rebadged/mislabeled CURT part and omitted Warranty, consistent with the part-number pattern on items 04/09/18/27 in this same batch.",No tow rating or weight/dimensions.
published,2017-2023-nissan-rogue-sport-qashqai-2-trailer-hitch-class-3,https://stehlenauto.com/products/2017-2023-nissan-rogue-sport-qashqai-2-trailer-hitch-class-3,"2017-2023 Nissan Rogue Sport Qashqai 2"" Trailer Hitch Class 3",Title '2017-2023 Nissan Rogue Sport Qashqai' overstates Rogue Sport coverage by one year; consider '2017-2022 Rogue Sport / 2017-2023 Qashqai'.,"Title implies '2017-2023' for both Rogue Sport and Qashqai, but fitment_raw only confirms Rogue Sport through 2022 (Qashqai goes to 2023). Wrote Fitment as 2017-2022 Rogue Sport / 2017-2023 Qashqai.",No weight capacity or tow rating.
published,2017-2025-audi-q7-class-3-trailer-hitch-2-receiver-black,https://stehlenauto.com/products/2017-2025-audi-q7-class-3-trailer-hitch-2-receiver-black,"2017-2025 Audi Q7 Class 3 Trailer Hitch 2"" Receiver - Black",Title says 2017-2025; fitment_raw supports 2017-2026.,"fitment_raw confirms 2017-2026 but title says 2017-2025 (understates by one year, safe direction). Wrote Fitment as 2017-2026 per fitment_raw.","No weight capacity, tow rating, weight, or dimensions. | Source never says 'powder coat' for the finish (only 'black finish'), so the 5-year finish warranty tier was omitted -- structural tier only."
published,2017-2025-cadillac-xt5-class-3-trailer-hitch-2-receiver-stehlen,https://stehlenauto.com/products/2017-2025-cadillac-xt5-class-3-trailer-hitch-2-receiver-stehlen,"2017-2025 Cadillac XT5 Class 3 Trailer Hitch 2"" Receiver - Stehlen",Title says 2017-2025; fitment_raw supports 2017-2026.,"fitment_raw confirms 2017-2026 but title says 2017-2025 (understated). fitment_raw only names specific submodels (Base/Luxury Sport Utility 4-Door) for 2017-2019, then unqualified rows 2020-2026; used the explicit custom.fitment_notes 'Compatible with 2017-2025 ... non-Platinum trims only' as the blanket claim since it is itself a sourced field.",No weight capacity or tow rating.
published,2017-2025-chrysler-pacifica-voyager-2-class-3-trailer-hitch-receiver,https://stehlenauto.com/products/2017-2025-chrysler-pacifica-voyager-2-class-3-trailer-hitch-receiver,"2017-2025 Chrysler Pacifica Voyager 2"" Class 3 Trailer Hitch Receiver",Title says 2017-2025; fitment_raw supports 2017-2026 for all three models.,"fitment_raw confirms all three models (Pacifica, Voyager, Grand Caravan) through 2026 but title says 2017-2025 (understated).","No weight capacity, tow rating, or installation_time. | Source never says 'powder coat' (only 'black finish'), so finish warranty tier omitted -- structural only."
published,2017-2025-honda-cr-v-class-3-trailer-hitch-2-receiver,https://stehlenauto.com/products/2017-2025-honda-cr-v-class-3-trailer-hitch-2-receiver,"2017-2025 Honda CR-V Class 3 Trailer Hitch 2"" Receiver - CURT 13397",Title says 2017-2025; fitment_raw supports 2017-2026.,fitment_raw confirms 2017-2026 but title says 2017-2025 (understated).,No weight capacity or tow rating.
published,2018-2025-honda-odyssey-2-trailer-hitch-receiver-class-3,https://stehlenauto.com/products/2018-2025-honda-odyssey-2-trailer-hitch-receiver-class-3,"2018-2025 Honda Odyssey 2"" Trailer Hitch Receiver - Class 3",Title says 2018-2025; fitment_raw supports 2018-2026.,fitment_raw confirms 2018-2026 but title says 2018-2025 (understated).,No weight capacity or tow rating.
published,2019-2024-toyota-rav4-rav4-prime-2-trailer-hitch-curt-13416,https://stehlenauto.com/products/2019-2024-toyota-rav4-rav4-prime-2-trailer-hitch-curt-13416,"2019-2024 Toyota RAV4/RAV4 Prime 2"" Trailer Hitch - CURT 13416",Title understates RAV4 (non-Prime) coverage by one year vs. fitment_raw.,"Title/old description say '2019-2024' for both RAV4 and RAV4 Prime, but fitment_raw confirms RAV4 through 2025 (RAV4 Prime is correctly 2021-2024). Wrote Fitment as 2019-2025 RAV4 / 2021-2024 RAV4 Prime.",No weight capacity or tow rating.
published,2020-2024-hyundai-palisade-2-trailer-hitch-receiver-curt-13427,https://stehlenauto.com/products/2020-2024-hyundai-palisade-2-trailer-hitch-receiver-curt-13427,"2020-2024 Hyundai Palisade 2"" Trailer Hitch Receiver - CURT 13427",Title says 2020-2024; fitment_raw supports 2020-2025.,fitment_raw confirms 2020-2025 but title says 2020-2024 (understated).,No weight capacity or tow rating.
published,2020-2024-kia-telluride-2-trailer-hitch-receiver-class-3-curt,https://stehlenauto.com/products/2020-2024-kia-telluride-2-trailer-hitch-receiver-class-3-curt,"2020-2024 Kia Telluride 2"" Trailer Hitch Receiver Class 3 - CURT",Title says 2020-2024; fitment_raw supports 2020-2025.,fitment_raw confirms 2020-2025 but title says 2020-2024 (understated).,No weight capacity or tow rating.
published,2020-2024-toyota-highlander-2-trailer-hitch-receiver-class-3,https://stehlenauto.com/products/2020-2024-toyota-highlander-2-trailer-hitch-receiver-class-3,"2020-2024 Toyota Highlander 2"" Trailer Hitch Receiver Class 3",Title says 2020-2024; fitment_raw supports 2020-2025.,"custom.part_number '13453' matches the CURT MPN numbering pattern even though vendor field says 'Stehlen Auto.' Treated as non-warranty-eligible per the CURT-numbered-part rule (no Warranty section written). Flag for catalog team: is this a rebadged CURT part, and should vendor/brand actually read CURT? | fitment_raw confirms 2020-2025 but title says 2020-2024 (understated).",No weight capacity or tow rating.
published,2020-2025-subaru-outback-legacy-2-trailer-hitch-receiver-class-3,https://stehlenauto.com/products/2020-2025-subaru-outback-legacy-2-trailer-hitch-receiver-class-3,"2020-2025 Subaru Outback Legacy 2"" Trailer Hitch Receiver Class 3",Title says 2020-2025 for both; Outback is actually confirmed through 2026.,"custom.part_number metafield is missing entirely; used cb_integration.item_name (TH-OUTB20-C494) per fallback rule. | Outback fitment_raw extends to 2026 while Legacy only extends to 2025 -- different end years by model, reflected as separate Fitment lines rather than one blanket range.",No weight capacity or tow rating.
published,2021-2024-kia-sorento-hyundai-santa-fe-2-hitch-receiver-class-3,https://stehlenauto.com/products/2021-2024-kia-sorento-hyundai-santa-fe-2-hitch-receiver-class-3,"2021-2024 Kia Sorento Hyundai Santa Fe 2"" Hitch Receiver Class 3",Title says 2021-2024; fitment_raw supports 2021-2025 for both models.,fitment_raw confirms both Sorento and Santa Fe through 2025 but title says 2021-2024 (understated).,No weight capacity or tow rating.
published,class-2-trailer-hitch-black-kia-sorento-hyundai-santa-fe-sport,https://stehlenauto.com/products/class-2-trailer-hitch-black-kia-sorento-hyundai-santa-fe-sport,Class 2 Trailer Hitch Black - Kia Sorento & Hyundai Santa Fe Sport,Title has no year range at all ('Class 2 Trailer Hitch Black - Kia Sorento & Hyundai Santa Fe Sport'); recommend adding '2013-2018 Santa Fe Sport / 2014-2015 Sorento' for clarity and SEO.,fitment_raw includes a distinct '2.0T Ultimate' Santa Fe Sport submodel (2017-2018 only); folded it into the general '2.0T' range in copy since those years are already covered and calling out 'Ultimate' by name only trips the hype-word filter (banned as a generic superlative) without adding real information for the buyer.,No weight capacity or tow rating.
published,curt-class-3-trailer-hitch-ball-mount-combo-town-country,https://stehlenauto.com/products/curt-class-3-trailer-hitch-ball-mount-combo-town-country,CURT Class 3 Trailer Hitch & Ball Mount Combo - Town & Country,"Title 'Town & Country' only names one of five confirmed vehicle lines (Dodge Caravan, Dodge Grand Caravan, Chrysler Town & Country, Plymouth Voyager, Chrysler Voyager). Recommend retitling to reflect the Dodge Caravan/Grand Caravan coverage, which is the bulk of the fitment data.","MAJOR: title says only 'Town & Country' and old description's Vehicle Fitment lists only Chrysler Town & Country / Chrysler Voyager / Plymouth Voyager, but custom.fitment_raw is overwhelmingly Dodge Caravan and Dodge Grand Caravan (dozens of trim rows, 1996-2007) which are not mentioned in the title or old description at all. Added both Dodge lines to Fitment per fitment_raw (source of truth). This is a significant undersell in the title -- Dodge Caravan/Grand Caravan owners searching for this hitch would not find it.",No weight capacity or tow rating.
published,curt-class-3-trailer-hitch-w-ball-mount-ram-c-v-vw-routan,https://stehlenauto.com/products/curt-class-3-trailer-hitch-w-ball-mount-ram-c-v-vw-routan,Trailer Hitch & Ball Mount Combo - CURT 45034,"Handle omits Dodge Grand Caravan and Chrysler Town & Country, which are the majority of confirmed fitment_raw rows.","Title names no vehicle ('Trailer Hitch & Ball Mount Combo - CURT 45034'); handle only names Ram C/V and VW Routan, but custom.fitment_notes and fitment_raw also confirm Dodge Grand Caravan (2008-2020) and Chrysler Town & Country (2008-2016, Stow-N-Go equipped only) as the majority of confirmed rows. Added both per source. Kept fitment_notes' own caution ('verify your specific vehicle year and model before ordering') in the copy.",No weight capacity or tow rating.
published,pontiac-torrent-saturn-vue-class-3-trailer-hitch-13591,https://stehlenauto.com/products/pontiac-torrent-saturn-vue-class-3-trailer-hitch-13591,Class 3 Trailer Hitch Black - Pontiac Torrent Saturn Vue | 13591,Title 'Class 3 Trailer Hitch Black - Pontiac Torrent Saturn Vue | 13591' understates confirmed fitment — fitment_raw also covers Chevrolet Equinox (2005-2017) and GMC Terrain (2010-2017). Propose adding those makes/models to the title so those owners can find/trust the listing.,"Title and fitment_notes/custom.make only name Pontiac Torrent and Saturn Vue, but custom.fitment_raw (source of truth) also confirms 2005-2017 Chevrolet Equinox and 2010-2017 GMC Terrain — the cb_integration.item_name itself is 'TH-EQUI05-C591' (Equinox SKU root). Wrote Fitment section to include all four per fitment_raw rather than the narrower title claim. | custom.part_number '13591' matches CURT's numbering pattern (also present in title) even though vendor/custom.brand both say Stehlen Auto — treated as CURT-sourced per the no-warranty-on-CURT-numbered-parts rule and omitted Warranty.","No tow rating (gross trailer weight, tongue weight) given for a Class 3 hitch — omitted rather than inferred from hitch class."
published,02-22-dodge-ram-1500-2500-3500-5-7-bed-mat-w-rambox-v2,https://stehlenauto.com/products/02-22-dodge-ram-1500-2500-3500-5-7-bed-mat-w-rambox-v2,2002-2022 Dodge Ram 1500/2500/3500 5.7 ft Bed RamBox Rubber Bed Mat V2,"Title '...5.7 ft Bed RamBox Rubber Bed Mat V2' plus the old description's 2500/3500 claims could lead a 2500/3500 RamBox owner to order a mat that doesn't fit (5.7 ft box doesn't exist on those trucks). No title change needed, but recommend removing 2500/3500 from custom.model tag.","P0: current_descriptionHtml's old Vehicle Fitment list and custom.model tag claim 2500/3500 fitment (with 5th-gen exclusions), but custom.fitment_raw only contains Ram 1500 rows for this 5.7 ft RamBox SKU — consistent with reality, since Ram 2500/3500 HD trucks were never offered with a 5.7 ft box. Dropped 2500/3500 from Fitment entirely per the fitment_raw-is-truth rule; did not invent an unsourced 'will not fit 2500/3500' line since no source explicitly states that exclusion for THIS sku, just flagging the overclaim here. | custom.brand says 'AA Products' but vendor is 'Stehlen Auto' — used vendor exactly for the Brand spec row per the Brand=vendor rule. | Bed inches conflict: fitment_raw/fitment_notes say 5.7 ft (67.4"") but old description/key_features say 68.4""; copy uses 67.4"" per fitment_raw (factcheck). | Title says 2002-2022 but fitment_raw lists Ram 1500 Classic through 2024 (factcheck corrected copy to 2019-2024).",
published,02-22-dodge-ram-1500-2500-3500-5-7-ft-rubber-bed-mat-v2,https://stehlenauto.com/products/02-22-dodge-ram-1500-2500-3500-5-7-ft-rubber-bed-mat-v2,2002-2022 Dodge Ram 1500/2500/3500 5.7 ft Bed Mat - AA010-V2,Same recommendation as item 23: custom.model tag should drop 2500/3500 for this 5.7 ft SKU.,"Same pattern as item 23: old description and custom.model claim Ram 2500/3500 fitment for a 5.7 ft bed, but fitment_raw only has Ram 1500 rows. Dropped 2500/3500. | custom.brand 'AA Products' vs vendor 'Stehlen Auto' — used vendor for Brand row. | Bed inches conflict: fitment_raw/fitment_notes say 5.7 ft (67.4"") but old description/key_features say 68.4""; copy uses 67.4"" per fitment_raw (factcheck). | Title says 2002-2022 but fitment_raw lists Ram 1500 Classic through 2024 (factcheck corrected copy to 2019-2024).",
published,02-22-dodge-ram-1500-2500-3500-8ft-bed-rubber-mat-aa031-v2,https://stehlenauto.com/products/02-22-dodge-ram-1500-2500-3500-8ft-bed-rubber-mat-aa031-v2,2002-2022 Dodge Ram 1500/2500/3500 8 ft Bed Mat Rubber - AA031-V2,Title/description imply 2500/3500 fit an 8 ft bed mat that fitment_raw doesn't confirm — flagging for owner to verify with CB before broadening back out.,"P1 data gap, distinct from items 23/24/29/31: old description and custom.model claim Ram 2500/3500 fitment for this 8 ft long-bed mat, and unlike the 5.7 ft SKUs an 8 ft box IS a common/legitimate HD box length (see item 37/38 where Silverado/Sierra 2500 HD and 3500 HD both get an 8 ft mat) — so this is more likely a genuine missing-rows gap in fitment_raw than a real exclusion. Restricted Fitment to the confirmed Ram 1500 rows per the fitment_raw-is-truth rule, but recommend the catalog team confirm with CB/warehouse whether 2500/3500 8 ft rows should be added rather than assuming they don't fit. | custom.brand 'AA Products' vs vendor 'Stehlen Auto' — used vendor for Brand row. | Title says 2002-2022 but fitment_raw lists Ram 1500 Classic through 2024 (factcheck corrected copy to 2019-2024).",
published,2002-2022-dodge-ram-1500-2500-3500-8-long-bed-pvc-mat-black,https://stehlenauto.com/products/2002-2022-dodge-ram-1500-2500-3500-8-long-bed-pvc-mat-black,2002-2022 Dodge Ram 1500/2500/3500 8 ft Bed PVC Bed Mat - Black,"Proposed corrected title: ""2002-2024 Ram 1500 8 ft Bed PVC Bed Mat"" — drop 2500/3500 (unsupported by fitment_raw) and correct end year to 2024 (matches Ram 1500 Classic coverage).","TITLE OVERCLAIM: title says ""2002-2022 Dodge Ram 1500/2500/3500 8 ft Bed PVC Bed Mat"" but fitment_raw and fitment_notes only ever list Ram 1500 (Dodge Ram 1500 2002-2010, Ram 1500 2011-2018, Ram 1500 Classic 2019-2024) — no 2500/3500 rows exist anywhere in source. Dropped 2500/3500 from Fitment/Highlights per rule 2/8. Title year range (2002-2022) also doesn't match fitment_raw's actual span (2002-2024).","custom.part_number is the bare numeral ""31"""
published,2004-2014-ford-f-150-lincoln-mark-lt-5-5ft-bed-rubber-mat,https://stehlenauto.com/products/2004-2014-ford-f-150-lincoln-mark-lt-5-5ft-bed-rubber-mat,2004-2014 Ford F-150 5.5 ft Bed Rubber Bed Mat - AA008-V2,"Title says only '2004-2014 Ford F-150' but handle and fitment_raw also include 2006-2008 Lincoln Mark LT (5.5 ft bed, identical fitment note). Not flagged as a blocking conflict since the majority vehicle (F-150) is correctly titled and Lincoln Mark LT is a low-volume F-150 platform-twin, matching how Suzuki Equator/Nissan Frontier twins are handled elsewhere in this batch, but the owner may want '& Lincoln Mark LT' added to the title for search coverage.",,
published,2004-2014-ford-f-150-lincoln-mark-lt-6-5ft-rubber-bed-mat,https://stehlenauto.com/products/2004-2014-ford-f-150-lincoln-mark-lt-6-5ft-rubber-bed-mat,2004-2014 Ford F-150 6.5 ft Bed Rubber Bed Mat - AA005-V2,"Same pattern as 05: title says only '2004-2014 Ford F-150', omitting the 2006-2008 Lincoln Mark LT that is in the handle and fitment_raw. Same low-priority recommendation as 05.",,
published,2004-2024-nissan-titan-6-5-bed-rubber-truck-bed-mat-grey,https://stehlenauto.com/products/2004-2024-nissan-titan-6-5-bed-rubber-truck-bed-mat-grey,2004-2024 Nissan Titan 6.5 ft Bed Rubber Bed Mat - Grey,"Title says only '2004-2024 Nissan Titan' but fitment_raw also confirms 2016-2024 Titan XD for this exact 6.5 ft bed (same as SKU 10's title, which does include 'Titan XD'). Recommend adding '& 2016-2024 Titan XD' to match the sibling SKU's convention.",Same Titan Box reading as 11/13 applied here.,
published,2004-2024-nissan-titan-6-5-ft-rubber-bed-mat-lightweight-v2,https://stehlenauto.com/products/2004-2024-nissan-titan-6-5-ft-rubber-bed-mat-lightweight-v2,2004-2024 Nissan Titan 6.5 ft Bed Rubber Bed Mat - V2,Same as 14: title omits 2016-2024 Titan XD despite fitment_raw confirming it for this 6.5 ft bed. Recommend adding '& 2016-2024 Titan XD.',Same Titan Box reading as 11/13/14 applied here.,
published,2005-2022-toyota-tacoma-5-bed-rubber-truck-bed-mat-grey,https://stehlenauto.com/products/2005-2022-toyota-tacoma-5-bed-rubber-truck-bed-mat-grey,2005-2022 Toyota Tacoma 5 ft Bed Rubber Truck Bed Mat - Grey,"Title says '2005-2022 Toyota Tacoma' but fitment_raw confirms fitment through model year 2023 (2023 row present with the same 60.5"" short-bed note as 2016-2022). Body copy uses the confirmed 2005-2023 range. Propose retitling to '2005-2023.'",,
published,2005-2022-toyota-tacoma-5ft-bed-rubber-mat-lightweight-v2,https://stehlenauto.com/products/2005-2022-toyota-tacoma-5ft-bed-rubber-mat-lightweight-v2,2005-2022 Toyota Tacoma 5 ft Bed Rubber Bed Mat - Lightweight V2,"Same as 22: title says 2022, fitment_raw confirms through 2023. Propose retitling to '2005-2023.'",,
published,2005-2022-toyota-tacoma-6-bed-rubber-truck-bed-mat-grey,https://stehlenauto.com/products/2005-2022-toyota-tacoma-6-bed-rubber-truck-bed-mat-grey,2005-2022 Toyota Tacoma 6 ft Bed Rubber Bed Mat - Grey,"Title says '2005-2022 Toyota Tacoma 6 ft Bed' but fitment_raw confirms fitment through 2023 at 73.7"" (not 72""). Propose retitling to '2005-2023 Toyota Tacoma 6 ft (73.5""-73.7"") Bed.'","Old current_descriptionHtml Specifications listed 'Bed Length: 6 ft (72"")', but fitment_raw states 73.5"" (2005-2015) and 73.7"" (2016-2023) -- 72"" appears nowhere in fitment_raw. Corrected the Specifications and Fitment sections to the real 73.5""/73.7"" figures instead of repeating the stale 72"" number.",
published,2005-2022-toyota-tacoma-6ft-bed-rubber-mat-lightweight-v2,https://stehlenauto.com/products/2005-2022-toyota-tacoma-6ft-bed-rubber-mat-lightweight-v2,2005-2022 Toyota Tacoma 6 ft Bed Rubber Bed Mat - AA013-V2,"Same as 24: title says 2022/implies 72"" bed; fitment_raw confirms 2023 at 73.5""/73.7"". Propose retitling to match.","Same stale 72"" vs. actual 73.5""/73.7"" correction as 24.",
published,2006-2008-lincoln-mark-lt-5-5-bed-rubber-truck-bed-mat-grey,https://stehlenauto.com/products/2006-2008-lincoln-mark-lt-5-5-bed-rubber-truck-bed-mat-grey,2006-2008 Lincoln Mark LT 5.5 ft Bed Rubber Bed Mat - Grey,"Title says only '2006-2008 Lincoln Mark LT' but fitment_raw's dominant vehicle is 2004-2014 Ford F-150 (11 years vs. Lincoln's 3), with the identical 5.5 ft Styleside/Fleetside note and the same 2004-Heritage exclusion as sibling SKU 05. This is the reverse of the 05/06 pattern (major vehicle omitted, not a minor twin) -- propose retitling to '2004-2014 Ford F-150 & 2006-2008 Lincoln Mark LT 5.5 ft Bed Rubber Bed Mat - Grey.'",,
published,2006-2008-lincoln-mark-lt-6-5-bed-rubber-truck-bed-mat-grey,https://stehlenauto.com/products/2006-2008-lincoln-mark-lt-6-5-bed-rubber-truck-bed-mat-grey,2006-2008 Lincoln Mark LT 6.5 ft Bed Rubber Bed Mat - Grey,Same as 28: title says only '2006-2008 Lincoln Mark LT' but fitment_raw's dominant vehicle is 2004-2014 Ford F-150 (matches sibling SKU 06). Propose retitling to '2004-2014 Ford F-150 & 2006-2008 Lincoln Mark LT 6.5 ft Bed Rubber Bed Mat - Grey.',,
published,2007-2021-toyota-tundra-5-5-ft-bed-eva-foam-truck-bed-mat-interlocking-black,https://stehlenauto.com/products/2007-2021-toyota-tundra-5-5-ft-bed-eva-foam-truck-bed-mat-interlocking-black,"2007-2021 Toyota Tundra 5.5 Ft Bed EVA Foam Truck Bed Mat — Interlocking, Black","Title says '5.5 Ft Bed' but fitment_raw/fitment_notes state the actual bed is 5.6 ft (67.2""), matching sibling SKUs 32/34 which correctly say 5.6 ft. Bed-length mismatches are the single biggest return driver on bed-length-gated parts -- propose retitling to '5.6 Ft Bed' to match fitment_raw.",,
published,2009-2018-ram-1500-2500-3500-5-7-ft-bed-w-rambox-eva-foam-truck-bed-mat-interlocking-black,https://stehlenauto.com/products/2009-2018-ram-1500-2500-3500-5-7-ft-bed-w-rambox-eva-foam-truck-bed-mat-interlocking-black,"2009-2018 Ram 1500/2500/3500 5.7 Ft Bed (w/ RamBox) EVA Foam Truck Bed Mat — Interlocking, Black","Consider ""2009-2010 Dodge Ram 1500 / 2011-2018 Ram 1500, 2500, 3500"" to stop implying 2500/3500 exist in 2009-2010.","Title lists ""Ram 1500/2500/3500"" as one 2009-2018 range, but fitment_notes show 2500/3500 only start in 2011 (2009-2010 was Dodge Ram 1500 only, no 2500/3500 rows). Title implies 2009 2500/3500 fitment that isn't supported.",No custom.fitment_raw; used custom.fitment_notes + custom.make/model/year tags per rule 2.
published,2009-2018-ram-1500-2500-3500-6-5-ft-bed-w-rambox-eva-foam-truck-bed-mat-interlocking-black,https://stehlenauto.com/products/2009-2018-ram-1500-2500-3500-6-5-ft-bed-w-rambox-eva-foam-truck-bed-mat-interlocking-black,"2009-2018 Ram 1500/2500/3500 6.5 Ft Bed (w/ RamBox) EVA Foam Truck Bed Mat — Interlocking, Black","Consider ""2009-2010 Dodge Ram 1500 / 2011-2018 Ram 1500, 2500, 3500"" to stop implying 2500/3500 exist in 2009-2010.","Same title imprecision as 02: ""1500/2500/3500"" grouped under 2009-2018, but 2500/3500 rows only start 2011 per fitment_notes.",No custom.fitment_raw; used custom.fitment_notes + tags per rule 2.
published,2015-2024-ford-f-150-5-5-bed-rubber-truck-bed-mat-grey,https://stehlenauto.com/products/2015-2024-ford-f-150-5-5-bed-rubber-truck-bed-mat-grey,2015-2024 Ford F-150 5.5 ft Bed Rubber Truck Bed Mat - Grey,"Title doesn't mention F-150 Lightning even though fitment_raw includes it; consider adding ""& Lightning"" to the title if confirmed.","custom.fitment_raw explicitly adds 2022-2026 Ford F-150 Lightning rows with the same 5.5 ft bed note, but the old current_descriptionHtml/vehicle-fitment list says ""excludes F-150 Lightning Electric models."" fitment_raw is the source of truth and explicitly contradicts the old exclusion (consistent with the fact that Lightning only ships with a 5.5 ft bed), so I included Lightning in Fitment. Flagging for owner confirmation before publish since this reverses a stated exclusion.",
published,2015-2024-ford-f-150-5-5ft-bed-rubber-mat-lightweight-v2,https://stehlenauto.com/products/2015-2024-ford-f-150-5-5ft-bed-rubber-mat-lightweight-v2,2015-2024 Ford F-150 5.5 ft Bed Rubber Truck Bed Mat - Lightweight V2,"Title doesn't mention F-150 Lightning even though fitment_raw includes it; consider adding ""& Lightning"" to the title if confirmed.","Same as 10: fitment_raw adds 2022-2026 F-150 Lightning rows for the 5.5 ft bed, contradicting the old description's stated Lightning exclusion. Followed fitment_raw (included Lightning). Flagging for owner confirmation.",
published,2016-2024-nissan-titan-6-5ft-bed-rubber-mat-lightweight-v2,https://stehlenauto.com/products/2016-2024-nissan-titan-6-5ft-bed-rubber-mat-lightweight-v2,2016-2024 Nissan Titan 6.5 ft Bed Rubber Bed Mat - Lightweight V2,"Title should read ""2017-2024 Nissan Titan / 2016-2024 Titan XD"" to avoid implying 2016 Titan (non-XD) fits.","Title ""2016-2024 Nissan Titan"" implies the regular Titan fits from 2016, but fitment_raw shows Titan only 2017-2024 — 2016 is Titan XD only. Wrote Fitment as two precise lines (2017-2024 Titan, 2016-2024 Titan XD) rather than collapsing to the title's range.",
published,2016-nissan-titan-6-5-bed-rubber-truck-bed-mat-diamond-plate,https://stehlenauto.com/products/2016-nissan-titan-6-5-bed-rubber-truck-bed-mat-diamond-plate,2016-2024 Nissan Titan 6.5 ft Bed Rubber Bed Mat - Diamond Plate,"Title should read ""2017-2024 Nissan Titan / 2016-2024 Titan XD"" to avoid implying 2016 Titan (non-XD) fits.","Same Titan vs Titan XD year mismatch as 22: title ""2016-2024 Nissan Titan"" implies 2016 Titan (non-XD) fits, but fitment_raw shows Titan only from 2017; 2016 is Titan XD only. Wrote Fitment as two precise lines instead of collapsing.",
published,2017-2026-ford-f-250-f-350-f-450-super-duty-8-ft-bed-rubber-truck-bed-mat-diamond-plate-style,https://stehlenauto.com/products/2017-2026-ford-f-250-f-350-f-450-super-duty-8-ft-bed-rubber-truck-bed-mat-diamond-plate-style,2017-2026 Ford F-250/F-350/F-450 Super Duty 8 Ft Bed Rubber Truck Bed Mat — Diamond Plate Style,"Confirm whether this SKU is actually diamond-plate textured (matching its -GY part number) or if the title was copy-pasted from a different variant; the description text reads as generic ""Fleetside""-style boilerplate, not diamond-plate-specific copy.","Title and handle say ""Diamond Plate Style"" and cb_integration.item_name ends in ""-GY"" (matching the gray/diamond-plate naming pattern used elsewhere, e.g. 18/31), but current_descriptionHtml and custom.specifications never mention a diamond-plate pattern and there is no ""Surface Pattern"" spec field (unlike the confirmed diamond-plate SKUs 01/18/23/24/31/32). Kept the product-name reference from the title but did not describe or claim diamond-plate texture in the copy since it isn't confirmed in metafields.","No installation_time, tools_required, or pattern info in custom.specifications beyond generic boilerplate shared with other non-diamond-plate mats (e.g. 29)."
published,2017-nissan-titan-8ft-bed-rubber-truck-bed-mat-diamond-plate,https://stehlenauto.com/products/2017-nissan-titan-8ft-bed-rubber-truck-bed-mat-diamond-plate,2016-2019 Nissan Titan / Titan XD 8 ft Bed Rubber Bed Mat - Diamond Plate,"Title should read ""2017-2019 Nissan Titan / 2016-2019 Titan XD"" to avoid implying 2016 Titan (non-XD) fits.","Title ""2016-2019 Nissan Titan / Titan XD"" implies Titan fits from 2016, but fitment_raw shows Titan only 2017-2019 (2016 is Titan XD only). Wrote Fitment as two precise lines instead of collapsing. | custom.part_number ""62"" is identical to 35_source.json's part number (diamond plate vs lightweight V2 variants) — likely a shared/duplicated MPN.",
published,2017-nissan-titan-8ft-bed-rubber-truck-bed-mat-lightweight-v2,https://stehlenauto.com/products/2017-nissan-titan-8ft-bed-rubber-truck-bed-mat-lightweight-v2,2016-2019 Nissan Titan / Titan XD 8 ft Bed Rubber Bed Mat - Lightweight,"Title should read ""2017-2019 Nissan Titan / 2016-2019 Titan XD"" to avoid implying 2016 Titan (non-XD) fits.","Same Titan vs Titan XD year mismatch as 34: title implies 2016 Titan (non-XD) fits; fitment_raw shows Titan only from 2017. | custom.part_number ""62"" duplicates 34_source.json's part number; see note on 34.",
published,2019-2022-chevy-silverado-gmc-sierra-1500-5-8-ft-rubber-bed-mat-v2,https://stehlenauto.com/products/2019-2022-chevy-silverado-gmc-sierra-1500-5-8-ft-rubber-bed-mat-v2,2019-2022 Chevy Silverado/GMC Sierra 1500 5.8 ft Bed Mat - AA058-V2,"Title should flag the 2022 restriction, e.g. ""2019-2021 + 2022 LTD/Limited Chevy Silverado/GMC Sierra 1500,"" so buyers with a new 2022 Silverado/Sierra (non-LTD/Limited) don't order the wrong mat.","Title ""2019-2022 Chevy Silverado/GMC Sierra 1500"" reads as a blanket fit, but fitment_raw shows the 2022 model year only fits the LTD (Chevrolet) / Limited (GMC) carryover trim — the redesigned 2022 Silverado 1500 and Sierra 1500 (new body) are explicitly excluded. Wrote Fitment as separate 2019-2021 vs 2022 LTD/Limited lines and added a Will-not-fit line for the new-body 2022 trucks.",
published,2019-2022-chevy-silverado-gmc-sierra-1500-6-5-ft-rubber-bed-mat,https://stehlenauto.com/products/2019-2022-chevy-silverado-gmc-sierra-1500-6-5-ft-rubber-bed-mat,2019-2022 Chevy Silverado/GMC Sierra 1500 6.5 ft Bed Mat - AA066-V2,Title should flag both the 2019 LD/Limited exclusion and the 2022 LTD/Limited-only restriction — as written it reads as a blanket 2019-2022 fit for both nameplates.,"Same 2022 LTD/Limited-only restriction as 38, plus a second generation split within 2019: fitment_raw excludes 2019 Silverado 1500 LD (old-body carryover) and 2019 Sierra 1500 Limited from this 6.5 ft bed mat. Wrote Fitment as six separate year/trim lines (2019 Silverado, 2020-2021 Silverado, 2022 Silverado LTD, 2019 Sierra, 2020-2021 Sierra, 2022 Sierra Limited) and one Will-not-fit line listing all four excluded trims.",
published,2019-2024-ram-1500-6-4ft-bed-rubber-truck-bed-mat-lightweight-v2,https://stehlenauto.com/products/2019-2024-ram-1500-6-4ft-bed-rubber-truck-bed-mat-lightweight-v2,2019-2024 Dodge Ram 1500 6.4 ft Bed Rubber Bed Mat V2 - TBM,"Title says ""2019-2024"" but fitment_raw lists 2019-2026 Ram 1500 — copy uses 2019-2026 per fitment_raw source of truth; title should be updated to match",,
published,2019-2024-ram-2500-3500-6-4-bed-rubber-truck-bed-mat-tlaps,https://stehlenauto.com/products/2019-2024-ram-2500-3500-6-4-bed-rubber-truck-bed-mat-tlaps,2019-2024 Dodge Ram 2500/3500 6.4 ft Bed Rubber Bed Mat V2,"Title says ""2019-2024"" but fitment_raw lists 2019-2026 Ram 2500/3500 — copy uses 2019-2026 per fitment_raw; title should be updated to match",,
published,2019-2024-ram-2500-3500-8ft-bed-rubber-mat-diamond-plate,https://stehlenauto.com/products/2019-2024-ram-2500-3500-8ft-bed-rubber-mat-diamond-plate,2019-2024 Dodge Ram 2500/3500 8 ft Bed Rubber Bed Mat - Diamond Plate,"Title says ""2019-2024"" but fitment_raw lists 2019-2026 Ram 2500/3500 — copy uses 2019-2026; title should be updated","old_descriptionHtml and its own Specifications list say bed length is 98.3"" but fitment_notes/fitment_raw both say 96.3"" — used 96.3"" (fitment_raw is source of truth per rule 2); flagging the 98.3 vs 96.3 discrepancy for the data team",
published,2019-2024-ram-2500-3500-8ft-bed-rubber-truck-bed-mat-tlaps-v2,https://stehlenauto.com/products/2019-2024-ram-2500-3500-8ft-bed-rubber-truck-bed-mat-tlaps-v2,2019-2024 Dodge Ram 2500/3500 8 ft Bed Rubber Bed Mat - V2,"Title says ""2019-2024"" but fitment_raw lists 2019-2026 Ram 2500/3500 — copy uses 2019-2026; title should be updated","Same 98.3"" vs 96.3"" bed-length discrepancy as item 08 (old description/specs say 98.3"", fitment_raw/fitment_notes say 96.3"") — used 96.3""",
published,2019-dodge-ram-2500-3500-6-4ft-bed-rubber-mat-diamond-plate,https://stehlenauto.com/products/2019-dodge-ram-2500-3500-6-4ft-bed-rubber-mat-diamond-plate,2019-2024 Dodge Ram 2500/3500 6.4 ft Bed Mat Diamond Plate - Rubber,"Title says ""2019-2024"" but fitment_raw lists 2019-2026 Ram 2500/3500 — copy uses 2019-2026; title should be updated","custom.model list has a duplicate ""2500"" entry — data-entry glitch, ignored",
published,2019-dodge-ram-5-7-bed-rubber-truck-bed-mat-lightweight-v2,https://stehlenauto.com/products/2019-dodge-ram-5-7-bed-rubber-truck-bed-mat-lightweight-v2,2019-2022 Dodge Ram 1500 5.7 ft Bed Rubber Bed Mat V2 - AA46,"Title says ""2019-2022"" but fitment_raw lists 2019-2026 Ram 1500 — copy uses 2019-2026; title should be updated","old_descriptionHtml/spec list say bed length 68.4"" but fitment_notes/fitment_raw say 67.4"" — used 67.4"" (fitment_raw source of truth)",
published,2019-dodge-ram-5-bed-rubber-truck-bed-mat-diamond-plate,https://stehlenauto.com/products/2019-dodge-ram-5-bed-rubber-truck-bed-mat-diamond-plate,2019-2022 Dodge Ram 1500 5.7 ft Bed Rubber Bed Mat - Diamond Plate,"Title says ""2019-2022"" but fitment_raw lists 2019-2026 Ram 1500 — copy uses 2019-2026; title should be updated","old_descriptionHtml/spec list say bed length 68.4"" but fitment_notes/fitment_raw say 67.4"" — used 67.4"" (fitment_raw source of truth)",
published,2019-ram-1500-6-4ft-bed-rubber-truck-bed-mat-diamond-plate,https://stehlenauto.com/products/2019-ram-1500-6-4ft-bed-rubber-truck-bed-mat-diamond-plate,2019-2024 Dodge Ram 1500 6.4 ft Bed Rubber Bed Mat Diamond Plate,"Title says ""2019-2024"" but fitment_raw lists 2019-2026 Ram 1500 — copy uses 2019-2026; title should be updated",,
published,rubber-truck-bed-mat-for-dakota-raider-6-5-bed-grey,https://stehlenauto.com/products/rubber-truck-bed-mat-for-dakota-raider-6-5-bed-grey,1987-2011 Dodge Dakota 6.5 ft Bed Rubber Bed Mat - Grey,"Title '1987-2011 Dodge Dakota 6.5 ft Bed Rubber Bed Mat - Grey' omits the 2011 Ram-badged Dakota and the 2006-2009 Mitsubishi Raider, both supported by fitment_raw and the old description. Propose: '1987-2011 Dodge/Ram Dakota & Mitsubishi Raider 6.5 ft Bed Mat - Grey'.",,
published,2015-2023-ford-f-150-f-250-f-350-underseat-storage-organizer-box,https://stehlenauto.com/products/2015-2023-ford-f-150-f-250-f-350-underseat-storage-organizer-box,2015-2023 Ford F-150 F-250 F-350 Underseat Storage Organizer Box,"Title '2015-2023 Ford F-150 F-250 F-350 Underseat Storage Organizer Box' omits F-450 and F-550 Super Duty, both covered by fitment_raw (2017-2022). Propose: '2015-2023 Ford F-150 / 2017-2022 F-250-F-550 Super Duty Underseat Storage Organizer Box'.","Old current_descriptionHtml collapsed ALL F-150 trims into one 2015-2023 range even though fitment_raw shows Limited/SSV start 2016, Raptor starts 2017, Police Responder starts 2018, Tremor starts 2021, and Raptor R is 2023 only — rewritten copy groups trims by their actual year windows instead of collapsing years across trims",No material metafield sourced for the storage box — Warranty section omitted (cannot confirm structural/powder-coat tiers apply)
published,02-09-dodge-ram-1500-2500-3500-advanced-series-bull-guard-black,https://stehlenauto.com/products/02-09-dodge-ram-1500-2500-3500-advanced-series-bull-guard-black,2002-2009 Dodge Ram 1500/2500/3500 Advanced Series Bull Guard - Black,,"vendor is listed as ""Westin"" but the part number (GBU10007-EUB-V0035-CO) and cb_integration item_name are from the same GBU10007 part family as sibling SKU 03 (vendor Stehlen Auto) and match the GBU-prefix numbering used by other Black Horse Off Road items in this batch (07, 23, 29, 31). Likely a mislabeled brand/vendor on this row — confirm true manufacturer before publishing a Westin brand claim.",
published,06-08-dodge-ram-1500-advanced-bull-guard-w-led-light-bar-matte-black,https://stehlenauto.com/products/06-08-dodge-ram-1500-advanced-bull-guard-w-led-light-bar-matte-black,2006-2008 Dodge Ram 1500 Advanced Bull Guard w/ LED Light Bar - Matte Black,,"fitment_notes and old current_descriptionHtml claim this part also fits 2006-2009 Ram 2500/3500 and 2008-2009 Ram 4500/5500, but fitment_raw contains ONLY 2006-2008 Ram 1500 rows (ST/SLT/SXT/Sport/SRT-10/TRX4, Standard+Crew Cab). Dropped the 2500/3500/4500/5500 claim entirely per fitment_raw-is-truth rule — this was a real overclaim in the prior listing that could have driven wrong-part orders on HD trucks. Also confirmed no Laramie or Quad/Mega Cab rows exist, consistent with the ""does not fit Laramie"" note.",
published,1999-2007-chevrolet-silverado-gmc-sierra-2500-3500-hd-advanced-series-bull-guard-w-skid-plate-matte-black,https://stehlenauto.com/products/1999-2007-chevrolet-silverado-gmc-sierra-2500-3500-hd-advanced-series-bull-guard-w-skid-plate-matte-black,1999-2007 Chevrolet Silverado & GMC Sierra 2500/3500 HD Advanced Series Bull Guard w/ Skid Plate — Matte Black,,GMC Sierra 2500 (non-HD) is only confirmed 1999-2004 in fitment_raw while the matching Chevrolet Silverado 2500 is confirmed 1999-2006 -- a real 2-year gap between the two badges for the same non-HD 2500. Called this out as a separate fitment line (not merged into one Chevy/GMC 2500 range) so a 2005-2006 GMC Sierra 2500 owner doesn't self-select in.,No weight/dimensions gap (32 lbs / 38x23x11 given).
published,2003-2009-dodge-ram-2500-3500-bull-guard-matte-black-mesh-skid,https://stehlenauto.com/products/2003-2009-dodge-ram-2500-3500-bull-guard-matte-black-mesh-skid,2003-2009 Dodge Ram 2500/3500 Bull Guard Matte Black Mesh Skid,,"fitment_raw for this SKU also contains extensive Ram 1500 rows (2002-2009, including 2006-2008 Mega/Extended Crew Cab Laramie/SLT/SXT trims) that are never mentioned in the title, handle, custom.make/model tags, or description -- this product is marketed and priced purely as a Ram 2500/3500 part. Kept the Fitment section scoped to 2500/3500 as titled rather than unilaterally expanding to 1500, since expanding SKU scope without owner sign-off risks a different kind of return (wrong bumper-mount geometry) if the 1500 rows are themselves a data artifact. Flagging so the catalog team can confirm whether this bull guard is genuinely also sold/marketed as a Ram 1500 Mega Cab part under a different handle, or whether fitment_raw needs to be trimmed to 2500/3500 only. | FACT-CHECK UPDATE: fitment_raw also covers 2002-2005 Ram 1500 and 2006-2008 Ram 1500 Mega Cab (chrome bumper); added to Fitment. Title (2500/3500 only) understates fitment.",No weight or dimensions.
published,2003-2009-dodge-ram-2500-3500-bull-guard-matte-black-w-skid-plate,https://stehlenauto.com/products/2003-2009-dodge-ram-2500-3500-bull-guard-matte-black-w-skid-plate,2003-2009 Dodge Ram 2500/3500 Bull Guard Matte Black w/Skid Plate,,"Same extra-Ram-1500-rows-in-fitment_raw pattern as item 37 (identical fitment_raw content, different finish/series). Scoped Fitment copy to 2500/3500 as titled. | FACT-CHECK UPDATE: fitment_raw also covers 2002-2005 Ram 1500 and 2006-2008 Ram 1500 Mega Cab (chrome bumper); added to Fitment. Title (2500/3500 only) understates fitment.",No weight or dimensions.
published,2003-2009-dodge-ram-2500-3500-bull-guard-w-skid-plate-matte-black,https://stehlenauto.com/products/2003-2009-dodge-ram-2500-3500-bull-guard-w-skid-plate-matte-black,2003-2009 Dodge Ram 2500/3500 Bull Guard w/ Skid Plate - Matte Black,,"Same extra-Ram-1500-rows-in-fitment_raw pattern as items 37/38 (identical fitment_raw content, different finish/series -- these three SKUs are likely a matched finish/series set and should probably be reconciled together). | FACT-CHECK UPDATE: fitment_raw also covers 2002-2005 Ram 1500 and 2006-2008 Ram 1500 Mega Cab (chrome bumper); added to Fitment. Title (2500/3500 only) understates fitment.",No weight or dimensions.
published,2003-2014-lincoln-navigator-mark-lt-bull-guard-matte-black-led-bar,https://stehlenauto.com/products/2003-2014-lincoln-navigator-mark-lt-bull-guard-matte-black-led-bar,2003-2014 Lincoln Navigator/Mark LT Bull Guard Matte Black + LED Bar,,"MAJOR: custom.fitment_raw for this SKU (BGHD-EXPED03-AM-MB+FLBW-40CREE-LB-WH) is 186 rows and is byte-for-byte IDENTICAL to sibling SKU 14's fitment_raw, covering Ford F-150 (2004-2023) and Ford Expedition (2003-2017) in addition to the Lincoln Navigator/Mark LT this listing's title and handle name. Since this is a different combo variant (mesh skid plate + LED bar + fog lights vs SKU 14's LED-bar-only build), I could not confirm the F-150/Expedition rows genuinely apply to this specific combo part and not just to SKU 14. Kept the Fitment section scoped to Navigator/Mark LT (matching the title) rather than silently adding F-150/Expedition. Recommend the catalog team confirm whether fitment_raw was correctly assigned per-SKU or copy-pasted across the whole BGHD-EXPED03 family — if F-150/Expedition really are confirmed for this combo, the title/handle understate real fitment; if not, the fitment_raw field itself needs to be split per SKU. | Within the shared 186-row fitment_raw, F-150 rows show inconsistent EcoBoost-exclusion coverage: blank/no-restriction notes for 2010-2014 and 2017-2020, but explicit 'Will Not Fit Models With EcoBoost Engine' notes only for 2015-2016, 2021, 2022-2023. This SKU's own fitment_notes field states the EcoBoost exclusion as a blanket 2011-2021+ rule. I did not surface F-150 fitment in this listing at all (see above), so this gap did not reach the copy, but it affects sibling SKU 14 directly (see 14's note) and should be fixed at the data level for",No weight or dimensions for the bull guard or the light bar/fog light hardware.
published,2004-2023-ford-f-150-2003-2017-expedition-advanced-series-bull-guard-w-built-in-led-light-bar-matte-black,https://stehlenauto.com/products/2004-2023-ford-f-150-2003-2017-expedition-advanced-series-bull-guard-w-built-in-led-light-bar-matte-black,2004-2023 Ford F-150 & 2003-2017 Expedition Advanced Series Bull Guard w/ Built-In LED Light Bar — Matte Black,,"Same shared 186-row fitment_raw as SKU 04 (see 04's note) — this SKU's title DOES correctly name F-150, Expedition, Navigator, and Mark LT, so no title/data mismatch here. But within that fitment_raw, F-150 rows show inconsistent EcoBoost-exclusion coverage: blank/no-restriction notes for 2010-2014 and 2017-2020, versus explicit 'Will Not Fit Models With EcoBoost Engine' notes only for 2015-2016, 2021, 2022-2023. This SKU's own fitment_notes field (and current_descriptionHtml) states the exclusion as a blanket '2011-2021 Will Not Fit EcoBoost' rule, which is NOT fully supported by the row-level fitment_raw data for 2011-2014 and 2017-2020 (those years have zero EcoBoost-exclusion rows, only blank-note rows). I resolved this conflict by writing 'non-EcoBoost engines only' for the full 2011-2023 range and a blanket EcoBoost exclusion in Will-not-fit, per the vendor's own fitment_notes text and the real-world mechanical fact that Ford's 3.5L EcoBoost has been available across the whole 2011+ F-150 range (not just 2015-2016/2021+) — this is the safer direction for return-rate risk, but the underlying fitment_raw needs a data-quality pass to add the missing per-year EcoBoost rows.",No custom.part_number field; used cb_integration.item_name (BGHD-EXPED03-AL-MB) as Part Number per the rule.
published,2006-2008-dodge-ram-1500-advanced-bull-guard-w-skid-plate-matte-black,https://stehlenauto.com/products/2006-2008-dodge-ram-1500-advanced-bull-guard-w-skid-plate-matte-black,2006-2008 Dodge Ram 1500 Advanced Bull Guard w/ Skid Plate - Matte Black,,"This SKU's fitment_raw contains the identical trim set (ST, SLT, Sport, SRT-10, SXT, TRX4 — no Laramie rows at all) as sibling SKUs 27, 29, and 32, which explicitly state 'Does NOT fit Laramie' in their fitment_notes. This SKU's own fitment_notes does not carry that explicit exclusion sentence, even though the underlying row data is identical. Per the zero-fabrication rule I did not add a Will-not-fit claim here since the source doesn't state it for this record — but this is almost certainly the same real-world exclusion, just missing from this record's notes field. Recommend adding the explicit Laramie-exclusion sentence to this SKU's fitment_notes to match 27/29/32.",No weight or dimensions.
published,2006-2008-dodge-ram-1500-bull-guard-w-chrome-skid-plate-matte-black,https://stehlenauto.com/products/2006-2008-dodge-ram-1500-bull-guard-w-chrome-skid-plate-matte-black,2006-2008 Dodge Ram 1500 Bull Guard w/ Chrome Skid Plate - Matte Black,,"Same Laramie-exclusion gap as SKU 28: fitment_raw has the identical trim set (no Laramie rows) as 27/29/32, but this record's fitment_notes doesn't state the exclusion explicitly, so no Will-not-fit claim was added. Recommend adding the exclusion sentence here too.",No weight or dimensions.
published,2006-2008-dodge-ram-1500-bull-guard-w-mesh-skid-plate-matte-black,https://stehlenauto.com/products/2006-2008-dodge-ram-1500-bull-guard-w-mesh-skid-plate-matte-black,2006-2008 Dodge Ram 1500 Bull Guard w/ Mesh Skid Plate - Matte Black,,"Same Laramie-exclusion gap as SKUs 28 and 30 — identical trim rows, no explicit exclusion sentence in this record's fitment_notes.",No weight or dimensions.
published,2006-2010-ford-explorer-sport-trac-advanced-series-bull-guard-w-built-in-led-light-bar-matte-black,https://stehlenauto.com/products/2006-2010-ford-explorer-sport-trac-advanced-series-bull-guard-w-built-in-led-light-bar-matte-black,2006-2010 Ford Explorer & Sport Trac Advanced Series Bull Guard w/ Built-In LED Light Bar — Matte Black,,"custom.fitment_raw is ENTIRELY ABSENT from this source record (the only field present is custom.fitment_notes, which itself flags: '[Fitment derived from CB item data 2026-08-25; CA Fitment attribute not yet populated — re-run CA sync when available.]'). Per the fallback rule I used fitment_notes + year/make/model tags, but this SKU is running on a lower-confidence fitment source than the rest of the batch and should be re-synced from ChannelAdvisor before this listing goes live at full confidence.",
published,2006-2010-hummer-h3-advanced-series-bull-guard-w-built-in-led-light-bar-matte-black,https://stehlenauto.com/products/2006-2010-hummer-h3-advanced-series-bull-guard-w-built-in-led-light-bar-matte-black,2006-2010 Hummer H3 Advanced Series Bull Guard w/ Built-In LED Light Bar — Matte Black,,"Same missing-fitment_raw issue as SKU 34 — this record has no custom.fitment_raw at all, only fitment_notes with the same '[Fitment derived from CB item data 2026-08-25; CA Fitment attribute not yet populated]' flag. Used fitment_notes + tags per the fallback rule; recommend re-running the CA sync for this SKU.",
published,2006-2014-honda-ridgeline-advanced-bull-guard-w-skid-plate-matte-black,https://stehlenauto.com/products/2006-2014-honda-ridgeline-advanced-bull-guard-w-skid-plate-matte-black,2006-2014 Honda Ridgeline Advanced Bull Guard w/ Skid Plate - Matte Black,,"MAJOR: custom.fitment_raw includes 2003-2008 Honda Pilot rows (matching the part's own MPN 'bghd-pilot03-abk', which reads as a Pilot-2003 engineering base) in addition to the 2006-2014 Ridgeline rows. But the title, handle, custom.make/model, key_features, and current_descriptionHtml describe this listing as Ridgeline-only and never mention Pilot. Honda Pilot (1st gen, 2003-2008) and Ridgeline (2006-2014) share a platform but do NOT share identical front bumper/grille geometry across these years. Given every other field unanimously says 'Ridgeline only,' I did NOT add Pilot to the customer-facing Fitment section (safer, and consistent with every other field) but this is flagged for the catalog/warehouse team to verify against the actual guard mold before either (a) confirming Pilot fitment and updating title/tags, or (b) removing the stray Pilot rows from fitment_raw.","No weight or dimensions. | Vendor is Broadfeet Motorsport Equipment, not Stehlen Auto -- no Warranty section per rule 5."
published,2007-2009-jeep-wrangler-jk-bull-guard-w-led-light-bar-matte-black,https://stehlenauto.com/products/2007-2009-jeep-wrangler-jk-bull-guard-w-led-light-bar-matte-black,2007-2009 Jeep Wrangler JK Bull Guard w/LED Light Bar - Matte Black,,productType metafield says 'Advance Series' but current_descriptionHtml calls this a 'Classic Series' combo -- used 'Classic Series' since that's the literal wording in the sourced description; series naming between productType and body copy should be reconciled in the catalog.,No custom.part_number; used cb_integration.item_name. | No weight or dimensions.
published,2007-2009-jeep-wrangler-jk-bull-guard-w-studded-mesh-skid-plate,https://stehlenauto.com/products/2007-2009-jeep-wrangler-jk-bull-guard-w-studded-mesh-skid-plate,2007-2009 Jeep Wrangler JK Bull Guard w/ Studded Mesh Skid Plate,,Same Classic Series vs. productType 'advance series' naming mismatch as 08 -- used 'Classic Series' per the sourced description text.,No weight or dimensions.
published,2008-2012-ford-escape-advanced-series-bull-guard-w-built-in-led-light-bar-matte-black,https://stehlenauto.com/products/2008-2012-ford-escape-advanced-series-bull-guard-w-built-in-led-light-bar-matte-black,2008-2012 Ford Escape Advanced Series Bull Guard w/ Built-In LED Light Bar — Matte Black,,"MAJOR: this SKU has NO custom.fitment_raw at all -- only fitment_notes, which is explicitly flagged in the source as '[Fitment derived from CB item data 2026-08-25; CA Fitment attribute not yet populated -- re-run CA sync when available.]' Its fitment_notes list Ford Escape / Mazda Tribute / Mercury Mountaineer but OMITS Mercury Mariner, even though the near-identical sibling SKUs 26 (skid plate) and 27 (mesh skid plate) -- same guard family, BGHD-ESCP08 -- both list 2008-2011 Mercury Mariner. This looks like a data gap on 25, not a real exclusion, since it's the same physical bull guard with only the LED bar added. Did not add Mariner to 25's copy since fitment_raw/notes don't support it, but this needs a CA re-sync before launch.",No weight or dimensions. | No installation_time/tools_required (custom.specifications field is absent).
published,2010-2024-toyota-4runner-bull-guard-w-led-light-bar-matte-black,https://stehlenauto.com/products/2010-2024-toyota-4runner-bull-guard-w-led-light-bar-matte-black,2010-2024 Toyota 4Runner Advanced Bull Guard LED Light Bar - Matte Black,,"This SKU's fitment_notes excludes '2014-2018 Limited' while sibling SKU 04 (same underlying fitment_raw, same vehicle) excludes '2014-2017 Limited' — a one-year discrepancy between two CA-synced notes fields for what should be the same generation gate. Used each SKU's own stated range rather than reconciling them, but this inconsistency should be fixed at the source so both agree.","No weight, dimensions, or installation_time in source."
published,2016-2021-nissan-titan-xd-studded-mesh-bull-guard-matte-black,https://stehlenauto.com/products/2016-2021-nissan-titan-xd-studded-mesh-bull-guard-matte-black,2016-2024 Nissan Titan XD Studded Mesh Bull Guard - Matte Black,,"Brand/vendor mismatch: Shopify vendor = 'Stehlen Auto' but custom.brand = 'Black Horse Off Road'. Applied the warranty rule using the literal vendor field (Stehlen Auto) per rule 5, and used vendor in the Specifications Brand row, but noted the source brand in parentheses since this looks like a private-label or acquired-line product. Compare to sibling SKU 33 (same Titan XD product line), where vendor AND brand both read 'Stehlen Auto' with no mismatch — worth reconciling which is correct across the two.","custom.year metafield only lists 2016-2021 while fitment_raw (source of truth) confirms 2016-2024 — custom.year tag is stale, should be updated to match. | No weight, dimensions, or key_features JSON beyond the key_features list itself (specifications JSON has empty installation_time/tools)."
published,2019-2023-chevy-silverado-gmc-sierra-1500-bull-guard-matte-black,https://stehlenauto.com/products/2019-2023-chevy-silverado-gmc-sierra-1500-bull-guard-matte-black,2019-2022 Chevrolet Silverado/GMC Sierra 1500 Bull Guard - Matte Black,,"Handle says '2019-2023' and custom.year lists 2019-2023, but custom.fitment_raw (source of truth) only has rows through 2022 for both Chevrolet Silverado 1500 and GMC Sierra 1500 -- there is no 2023 row for either make. Title correctly says '2019-2022' (matches fitment_raw), but the handle and year tag overclaim by one model year. Did not add 2023 to the copy.",No weight or dimensions. | custom.year tag and handle should be corrected to 2019-2022 to match fitment_raw.
published,2022-nissan-frontier-king-cab-hex-rubber-floor-mats-3pc-black,https://stehlenauto.com/products/2022-nissan-frontier-king-cab-hex-rubber-floor-mats-3pc-black,2022-2023 Nissan Frontier King Cab 3PC Rubber Floor Mats - Black,,"Current html and title imply blanket '2022-2023' King (Extended) Cab fitment across trims, but fitment_raw shows PRO-4X Extended Cab confirmed for 2023 only (no 2022 PRO-4X King Cab row), while S and SV are confirmed both years. Split the Fitment section into an S/SV line (2022-2023) and a separate PRO-4X line (2023 only) instead of a single blanket claim.","custom.year metafield lists years through 2027, beyond fitment_raw's confirmed 2022-2023. | custom.fitment_subattributes lists only PRO-4X/S/SV as King Cab submodels -- no LE, Platinum LE, SE, or XE King Cab rows exist in fitment_raw even though those trims exist for Crew Cab (item 30); did not imply King Cab availability for those trims."
published,07-13-chevy-silverado-1500-front-grille-matte-black,https://stehlenauto.com/products/07-13-chevy-silverado-1500-front-grille-matte-black,2007-2013 Chevrolet Silverado 1500 Front Grille - Black,,"custom.brand = 'Grizzly' but Shopify vendor = 'Stehlen Auto'. Used vendor per coordinator rule (Brand: use vendor, note if custom.brand differs). Unclear whether 'Grizzly' is a private-label sub-brand or a data entry leftover from a supplier SKU -- worth resolving in the catalog so the PDP Brand field is intentional.",No weight or dimensions.
published,1999-2006-vw-mk4-golf-gti-r32-horizontal-front-grille-matte-black,https://stehlenauto.com/products/1999-2006-vw-mk4-golf-gti-r32-horizontal-front-grille-matte-black,1999-2006 Volkswagen Golf MK4 Horizontal Front Grille Matte Black,,"Handle contains 'gti-r32' claiming R32 fitment, but custom.fitment_raw has no R32 submodel row anywhere (only Base/GTI/GLS/GL/etc. trims). Title correctly omits R32. Did not claim R32 fitment in the copy; recommend renaming the handle or adding real R32 fitment data.",No weight/dimensions for the grille itself.
published,2000-2005-chevy-impala-front-grille-chrome-finish,https://stehlenauto.com/products/2000-2005-chevy-impala-front-grille-chrome-finish,2000-2005 Chevrolet Impala Front Grille - Pegasus,,"Shopify vendor = 'Stehlen Auto' but custom.brand = 'Pegasus' (also reflected in the title and MPN 'PEGASUS(ZT)-...'). Used the literal vendor field for the Brand spec row per the coordinator's rule, but this looks like a genuine third-party/private-label brand rather than a typo -- worth confirming which should show as Brand on the PDP.",No custom.material field at all for this variant (sibling Impala grilles list ABS Plastic) -- omitted rather than assuming. | No weight/dimensions.
published,2002-2005-audi-a4-s4-b6-front-grille-black,https://stehlenauto.com/products/2002-2005-audi-a4-s4-b6-front-grille-black,2002-2005 Audi A4 S4 B6 Front Grille - Black,,"custom.fitment_raw contains explicit 'Cabrio Convertible 2-Door' and 'Cabriolet Convertible 2-Door' rows for A4/A4 Quattro (2003-2005), each tagged with the note 'Will Not Fit Cabrio / Cabriolet / S-line Models.' The raw data both lists Cabrio/Cabriolet as a confirmed row-level submodel AND excludes it in the note text on that same row -- an internal contradiction in the source. Took the conservative reading (excluded, since the note is explicit) and did not list Cabrio/Cabriolet in the Fitment section, but this needs a source-data fix, not just a copy fix.",No weight/dimensions.
published,2002-2005-audi-a4-s4-b6-rs-style-honeycomb-front-grille-matte-black,https://stehlenauto.com/products/2002-2005-audi-a4-s4-b6-rs-style-honeycomb-front-grille-matte-black,2002-2005 Audi A4 S4 B6 RS Style Honeycomb Front Grille - Matte Black,,Same fitment_raw contradiction as nn=10: Cabrio/Cabriolet Convertible rows exist in the raw data but carry a 'Will Not Fit Cabrio / Cabriolet / S-line Models' note. Excluded Cabrio/Cabriolet from Fitment per the explicit note; flagging the same source-data contradiction for the catalog team.,No weight/dimensions.
published,2004-2007-volkswagen-touareg-front-grille-black-torg-0206-bk,https://stehlenauto.com/products/2004-2007-volkswagen-touareg-front-grille-black-torg-0206-bk,2004-2007 Volkswagen Touareg Front Grille - Black | TORG-0206-BK,,"custom.fitment_raw attaches the 'Will Not Fit Facelifted New Generation Models' note only to the 2007 row, not 2004-2006 -- meaning 2007 itself is a split model year (some 2007 Touaregs are pre-facelift, some are the facelifted New Generation) per the source. Copy calls out 2007 as pre-facelift-only and tells the buyer to verify, but the source doesn't state a cutoff date/VIN break within model year 2007 -- recommend the catalog team get a build-date or VIN-range cutoff from the supplier so this can be a hard gate instead of a caution note.","No weight/dimensions or installation_time beyond 'drop-in, no special tools' from key_features."
published,2005-2007-dodge-magnum-front-grille-matte-black-gts-style,https://stehlenauto.com/products/2005-2007-dodge-magnum-front-grille-matte-black-gts-style,2005-2007 Dodge Magnum Front Grille - Matte Black GTS Style,,custom.part_number 'GRZ-MST-0507-GTS-BK' is identical to 17_source.json's part number (a completely unrelated Ford Mustang GT grille) — looks like a copy-paste MPN error in one or both source records; needs verification.,
published,2005-2009-ford-mustang-gt-front-grille-matte-black,https://stehlenauto.com/products/2005-2009-ford-mustang-gt-front-grille-matte-black,2005-2009 Ford Mustang GT Front Grille - Matte Black | MPN FGGG-GRZ-MUS05GT-ME-MB,,"16_source.json and 17_source.json are near-duplicate 2005-2009 Mustang GT matte-black grilles — identical fitment_raw and color, different handles/part numbers. Likely an unintentional duplicate listing; recommend review for consolidation.",
published,2005-2009-ford-mustang-gt-front-grille-matte-black-1,https://stehlenauto.com/products/2005-2009-ford-mustang-gt-front-grille-matte-black-1,2005-2009 Ford Mustang GT Front Grille - Matte Black | MPN FGGG-GRZ-MUS05GT-ME-BK,,"custom.part_number 'GRZ-MST-0507-GTS-BK' duplicates 12_source.json's Dodge Magnum grille part number — copy-paste MPN error, needs correction. | Near-duplicate of 16_source.json (same fitment, same matte black color, same product) — flag for possible SKU consolidation.",
published,2005-2009-ford-mustang-v6-pony-package-front-lower-bumper-grille,https://stehlenauto.com/products/2005-2009-ford-mustang-v6-pony-package-front-lower-bumper-grille,2005-2009 Ford Mustang V6 Pony Package Front Lower Bumper Grille,,"20_source.json ('Horizontal Lower Front Grille', matte black, PN suffix -MB) and this item ('Front Lower Bumper Grille', black, PN suffix -BK) share the same Pony Package V6 fitment and an adjacent part-number root (GRB-MUS05V6LO-H- / GRB-MST0506-V6G-). May be the same physical lower-grille insert listed twice under different color/placement wording — recommend owner confirm whether these are distinct parts.",
published,2005-2011-toyota-tacoma-horizontal-front-grille-matte-black,https://stehlenauto.com/products/2005-2011-toyota-tacoma-horizontal-front-grille-matte-black,2005-2011 Toyota Tacoma Horizontal Front Grille - Matte Black,,"Appears to be the same horizontal-bar matte-black Tacoma grille as 29_source.json (brand 'Pegasus', PN suffix -BK) — nearly identical part-number root and identical fitment/finish description under a different brand ('Stehlen Auto') and PN suffix (-MB). Recommend owner review for duplicate listing / brand mislabel.",
published,2006-2016-chevy-impala-front-grille-matte-black,https://stehlenauto.com/products/2006-2016-chevy-impala-front-grille-matte-black,2006-2016 Chevrolet Impala Front Grille - Matte Black,,"custom.fitment_notes contains an internal, self-contradicting caution: 'The product description references 2006-2009 model years specifically — verify compatibility for 2010-2016 model years before ordering.' The actual current_descriptionHtml and fitment_raw both confirm the full 2006-2016 range (2006-2013 Impala + 2014-2016 Impala Limited) with no 2006-2009-only language anywhere. This looks like a leftover/copy-paste note from a different SKU; did not repeat it in the copy since fitment_raw (source of truth) contradicts it, but flagging for the catalog team to clean up the metafield.",
published,2007-2010-chevrolet-silverado-1500-horizontal-front-grille-black,https://stehlenauto.com/products/2007-2010-chevrolet-silverado-1500-horizontal-front-grille-black,2007-2010 Chevrolet Silverado 1500 Horizontal Front Grille — Black,,"Sibling SKU 39 (2007-2013 Silverado 1500 mesh grille, same generation) explicitly excludes '2007 Silverado 1500 Classic Body Models' because GM sold both the outgoing GMT800 'Classic' body and the new GMT900 body under the 2007 model year. This SKU's fitment_notes/fitment_raw say nothing about Classic body at all, despite covering the same 2007 model year. Did not add the exclusion myself since it isn't stated for this SKU (would be outside-knowledge fabrication), but flagging for the catalog team to confirm whether this grille also excludes 2007 Classic-body trucks.",custom.fitment_raw is empty; used fitment_notes + tags per rule 2. Same CA-sync-pending disclaimer as SKUs 26/27/28/30. | No material given.
published,2007-2013-gmc-sierra-1500-front-grille-replacement-grill,https://stehlenauto.com/products/2007-2013-gmc-sierra-1500-front-grille-replacement-grill,2007-2013 GMC Sierra 1500 Front Grille - Replacement Grill,,"No custom.color or custom.material metafield at all, even though the SKU suffix ('-ro-ch') hints at a chrome finish. Left color/finish and material out of the copy entirely rather than guessing from the SKU string.",No weight or packaged dimensions. | custom.part_number is absent; used cb_integration.item_name ('fggg-grzd-sie07-ro-ch') as Part Number per the fallback rule -- recommend backfilling a real part_number metafield.
published,2007-2014-chevrolet-tahoe-suburban-avalanche-mesh-front-grille-chrome,https://stehlenauto.com/products/2007-2014-chevrolet-tahoe-suburban-avalanche-mesh-front-grille-chrome,2007-2014 Chevrolet Tahoe/Suburban & Avalanche Mesh Front Grille — Chrome,,"This is the only SKU in the Tahoe/Suburban/Avalanche grille family (07-10) whose fitment_raw NOTE says 'Modification & Cutting Is Required For Installation' on every single row -- unlike 07-09, which are straightforward bolt-ons. Made sure the Installation section states cutting/modification is required and does not borrow the bolt-on language used on the sibling SKUs. | This is also the only SKU with a 2007 Suburban 1500 Z71 exclusion (07-09 have no Z71 exclusion stated for Suburban 1500). Kept it exactly as scoped to 2007 only.",No installation_time or tools_required despite the cutting requirement -- can't tell the buyer how long the job takes.
published,2007-2014-gmc-yukon-yukon-xl-front-grille-chrome-1,https://stehlenauto.com/products/2007-2014-gmc-yukon-yukon-xl-front-grille-chrome-1,2007-2014 GMC Yukon Yukon XL Front Grille - Chrome,,"Near-duplicate of 16 (same fitment, same Hybrid exclusion, different part number) -- worth a duplicate-listing check.",Same Yukon Base-trim row sparsity as 12/16.
published,2008-2010-honda-accord-sedan-front-grille-chrome,https://stehlenauto.com/products/2008-2010-honda-accord-sedan-front-grille-chrome,2008-2010 Honda Accord Sedan Front Grille — Chrome,,"Old title/description say blanket '2008-2010 Honda Accord' with a separate Will-Not-Fit note bolted on, while custom.fitment_raw is natively sedan/trim-specific (EX/EX-L/LX/LX-P Sedan 4-Door only). Rewrote the Fitment line itself as sedan-and-trim-specific to match fitment_raw exactly instead of relying on the exclusion note to carry that information.",No material or installation_time metafield.
published,2008-2010-honda-accord-sedan-mesh-style-abs-front-grille-matte-black,https://stehlenauto.com/products/2008-2010-honda-accord-sedan-mesh-style-abs-front-grille-matte-black,2008-2010 Honda Accord Sedan Mesh Style ABS Front Grille — Matte Black,,Same blanket-vs-sedan-specific gap as 28 -- fixed the same way.,
published,2009-2014-ford-f-150-raptor-style-front-grille-w-amber-led-lights-black,https://stehlenauto.com/products/2009-2014-ford-f-150-raptor-style-front-grille-w-amber-led-lights-black,2009-2014 Ford F-150 Raptor Style Front Grille w/ Amber LED Lights — Black,,"Product name 'Raptor Style' front grille could read as requiring the actual F-150 Raptor trim. custom.fitment_raw confirms this SKU fits any 2009-2014 F-150 (no trim gating) -- 'Raptor style' refers only to the cosmetic 'OOOO' grille pattern, not a trim requirement. Kept fitment as blanket 2009-2014 F-150 (correctly, per data) but did not use language that could imply Raptor-trim exclusivity.",No installation_time or tools_required despite this being a multi-part kit with LED wiring.
published,2009-2014-ford-f-150-studded-wire-mesh-front-grille-w-chrome-rivets-black,https://stehlenauto.com/products/2009-2014-ford-f-150-studded-wire-mesh-front-grille-w-chrome-rivets-black,2009-2014 Ford F-150 Studded Wire Mesh Front Grille w/ Chrome Rivets — Black,,"Title says 'w/ Chrome Rivets' but source says the rivets are chrome-look ABS studs, not chrome/metal.","Fitment sourced from custom.fitment_notes/year tag only — custom.fitment_raw is empty and the note flags 'CA Fitment attribute not yet populated; re-run CA sync when available' (CB-derived, 2026-08-25)."
published,2010-2018-ram-2500-3500-4500-5500-big-horn-style-chrome-grille,https://stehlenauto.com/products/2010-2018-ram-2500-3500-4500-5500-big-horn-style-chrome-grille,2010-2018 Dodge Ram 2500/3500/4500/5500 Big Horn Grille - Chrome,,"2018 model year is flagged in fitment_raw as excluded for 'Fifth Generation' Ram 2500/3500, but real-world Ram HD (2500/3500) fifth-generation trucks (DJ/D2) launched for MY2019, not MY2018 — worth a one-time sanity check against CA/warehouse data. Not altered since fitment_raw is the source of truth; flagging as a domain-knowledge check, same pattern as the approved 00 (Tundra generation-boundary) example.","custom.make only lists 'Ram' even though fitment_raw shows 'Dodge' as the make for every 2010 row — stale tag, not a copy blocker since fitment_raw is source of truth."
published,2011-2014-chrysler-300-honeycomb-mesh-front-grille-matte-black,https://stehlenauto.com/products/2011-2014-chrysler-300-honeycomb-mesh-front-grille-matte-black,2011-2014 Chrysler 300 Honeycomb Mesh Front Grille - Matte Black,,fitment_notes for this SKU says 'Fits all trims of the Chrysler 300' and does not mention the 300C the way siblings 15/16/18/19 do. Kept 300C out of the Fitment line for this SKU specifically since its own source doesn't confirm it (addendum: don't add models the source doesn't name).,
published,2011-2016-ford-f-250-f-350-super-duty-front-grille-matte-black,https://stehlenauto.com/products/2011-2016-ford-f-250-f-350-super-duty-front-grille-matte-black,2011-2016 Ford F-250 F-350 Super Duty Front Grille - Matte Black,,"fitment_notes is self-contradictory as written: 'Fits Super Duty models only. Will not fit Heavy Duty models.' Ford has no separate 'Heavy Duty' F-250/F-350 trim distinct from Super Duty — Super Duty IS Ford's heavy-duty line. Kept the exclusion verbatim per the never-drop-an-exclusion rule, but flagging for the catalog team: this may be a copy-paste artifact from another product template, or refer to a chassis-cab/fleet designation not otherwise described in the source.",
published,2014-2015-chevrolet-silverado-1500-horizontal-front-grille-black,https://stehlenauto.com/products/2014-2015-chevrolet-silverado-1500-horizontal-front-grille-black,2014-2015 Chevrolet Silverado 1500 Horizontal Front Grille — Black,,Item name FG-SIL14-ME-BK uses 'ME' (mesh) while title/description say horizontal billet-look bars - owner should confirm style.,Fitment sourced from custom.fitment_notes/year tag only — fitment_raw is empty and the note flags CA sync not yet run.
published,2014-2017-toyota-tundra-trd-style-front-grille-black,https://stehlenauto.com/products/2014-2017-toyota-tundra-trd-style-front-grille-black,2014-2017 Toyota Tundra TRD Style Front Grille — Black,,"Old current_descriptionHtml body copy calls this a 'TRD Pro style' grille, but the Shopify title and handle both say 'TRD Style' (no 'Pro'). Used the more conservative 'TRD-style' wording from the title, since TRD Pro is a specific Toyota trim/package and this is an aftermarket look-alike, not a licensed part.",Fitment sourced from custom.fitment_notes/year tag only — fitment_raw is empty and the note flags CA sync not yet run.
published,2015-2018-gmc-yukon-yukon-xl-mesh-style-abs-front-grille-black,https://stehlenauto.com/products/2015-2018-gmc-yukon-yukon-xl-mesh-style-abs-front-grille-black,2015-2018 GMC Yukon & Yukon XL Mesh Style ABS Front Grille — Black,,"Part number code contains 'DNL' (Denali) and old description claimed grille fits '(including Denali)', but fitment_raw is empty and fitment_notes only says plain 'GMC Yukon / Yukon XL' with no trim gate either way — did not restore the Denali claim since it's unconfirmed. Recommend verifying with warehouse whether this is Denali-specific or universal before adding trim language back.","custom.fitment_raw is empty; fitment_notes flags 'CA Fitment attribute not yet populated' (dated 2026-08-25) — used fitment_notes as fallback per rule 2, re-run CA sync when available"
published,99-07-silverado-sierra-bull-guard-led-light-bar-matte-black,https://stehlenauto.com/products/99-07-silverado-sierra-bull-guard-led-light-bar-matte-black,1999-2007 Chevrolet GMC 1500 Bull Guard LED Light Bar - Matte Black,,"custom.make/model tags only list Chevy/GMC Silverado/Sierra, but custom.fitment_raw (source of truth) also includes Chevrolet Suburban, Tahoe, Avalanche and GMC Yukon, Yukon XL 1500 — included these in the Fitment section per fitment_raw despite the narrower model tags; owner should confirm the model tags are updated to match.",
published,05-09-ford-mustang-chrome-led-halo-crystal-headlights-fdmt05a1-03,https://stehlenauto.com/products/05-09-ford-mustang-chrome-led-halo-crystal-headlights-fdmt05a1-03,2005-2009 Ford Mustang Chrome LED Halo Crystal Headlights - FDMT05A1.03,,"Possible color swap with sibling 31: this Chrome listing has part FDMT05A1.03 / item HLNB-MUS05LBW-JDM, while the Black listing (31) has FDMT05A1.00 / HLNB-MUS05LBW-CH; elsewhere in this catalog .00/-CH = chrome. Verify photos/color before publishing.","fitment_raw shows three distinct trim families with different confirmed year ranges: plain 'Base' and 'GT' run 2005-2009, but 'GT Base' (a separate trim label from plain 'GT') is only confirmed 2005-2008, 'Bullitt' only 2008-2009, and 'Lujo' (a Mexican-market trim) only 2007-2009. Grouped as 'Base and GT 2005-2009 / Bullitt 2008-2009 / Lujo 2007-2009' for readability; the 'GT Base' vs 'GT' 2009 split looks like a trim-naming/data artifact (Ford likely renamed 'GT Base' to plain 'GT' for MY2009) rather than a real fitment gap, but recommend the catalog team confirm a 2009 Mustang GT (non-Bullit"
published,05-09-ford-mustang-led-halo-crystal-headlights-black-fdmt05a1,https://stehlenauto.com/products/05-09-ford-mustang-led-halo-crystal-headlights-black-fdmt05a1,2005-2009 Ford Mustang LED Halo Crystal Headlights Black - FDMT05A1,,"Possible color swap with sibling 30: this Black listing has part FDMT05A1.00 / item HLNB-MUS05LBW-CH (.00/-CH = chrome elsewhere in catalog), while the Chrome listing (30) carries FDMT05A1.03 / -JDM. Verify photos/color before publishing.","fitment_raw shows three distinct trim families with different confirmed year ranges: plain 'Base' and 'GT' run 2005-2009, but 'GT Base' (a separate trim label from plain 'GT') is only confirmed 2005-2008, 'Bullitt' only 2008-2009, and 'Lujo' (a Mexican-market trim) only 2007-2009. Grouped as 'Base and GT 2005-2009 / Bullitt 2008-2009 / Lujo 2007-2009' for readability; the 'GT Base' vs 'GT' 2009 split looks like a trim-naming/data artifact (Ford likely renamed 'GT Base' to plain 'GT' for MY2009) rather than a real fitment gap, but recommend the catalog team confirm a 2009 Mustang GT (non-Bullit"
published,05-11-toyota-tacoma-black-projector-headlights-w-led-light-bar,https://stehlenauto.com/products/05-11-toyota-tacoma-black-projector-headlights-w-led-light-bar,2005-2011 Toyota Tacoma Black Projector Headlights w/ LED Light Bar,,"This SKU (Spec-D Tuning, TYTD05D.06) has NO custom.fitment_raw at all in source (every other 2005-2011 Tacoma headlight SKU in this batch has fitment_raw with a 'Modification Is Needed For The Non-Sports Package' note attached to every row). Per STANDARD rule 2, fell back to fitment_notes + year/make/model tags for this item, which do NOT mention any Sports Package requirement -- so the copy for 32 does not carry the modification caveat that its five sibling SKUs carry. This inconsistency across otherwise-identical SKUs looks like a data gap in ChannelAdvisor sync for this one item and should be checked against the warehouse/CA source before this goes live.",No fitment_raw for this item -- cannot confirm whether the Sports Package modification note (present on all 5 sibling Tacoma SKUs) applies here too. | No weight/dimensions.
published,06-09-dodge-ram-black-crystal-headlights-sequential-led-turn-signal,https://stehlenauto.com/products/06-09-dodge-ram-black-crystal-headlights-sequential-led-turn-signal,2006-2009 Dodge Ram Black Crystal Headlights Sequential LED Turn Signal,,"Title already says 2006-2009 which matches the widest fitment_raw range, but this technically overstates Ram 1500 (caps at 2008) — Fitment section corrects this per-model",
published,06-11-honda-civic-4dr-crystal-headlights-led-light-bar-black-jdma,https://stehlenauto.com/products/06-11-honda-civic-4dr-crystal-headlights-led-light-bar-black-jdma,2006-2011 Honda Civic 4DR Crystal Headlights LED Light Bar Black - JDMA,,"custom.fitment_notes says 'Not compatible with 2-door coupe or Si models' but fitment_raw explicitly includes 'Si Sedan 4-Door' 2007-2011 as fitting. Per FACTCHECK #8, kept the 2-door coupe exclusion (fitment_raw has no coupe rows) but dropped the Si exclusion since fitment_raw explicitly contradicts it — Si Sedan is listed in the Fitment trims.",
published,07-13-chevy-silverado-1500-08-14-2500-3500-led-crystal-headlights-chrome,https://stehlenauto.com/products/07-13-chevy-silverado-1500-08-14-2500-3500-led-crystal-headlights-chrome,2007-2014 Chevrolet Silverado LED Crystal Headlights w/Light Bar - Chrome,,Title says '2007-2014' with no HD suffix; fitment_raw distinguishes 1500 (2007-2013) vs 2500 HD/3500 HD (2007-2014) with a 2007 Classic-body carve-out on all three — captured precisely in Fitment section,
published,07-13-chevy-silverado-1500-led-crystal-headlights-black-jdma,https://stehlenauto.com/products/07-13-chevy-silverado-1500-led-crystal-headlights-black-jdma,2007-2014 Chevrolet Silverado LED Crystal Headlights w/ Light Bar - Black,,Same 1500-vs-HD year split and 2007 Classic exclusion as 12,
published,07-13-chevy-silverado-1500-led-crystal-headlights-sequential-signal,https://stehlenauto.com/products/07-13-chevy-silverado-1500-led-crystal-headlights-sequential-signal,2007-2014 Chevrolet Silverado Crystal Headlights Sequential LED - JDMA,,"Unlike 12/13/25, this SKU's fitment_raw carries ONLY the '2007 Classic' exclusion — no 'factory upgraded projector/LED' exclusion is present for this product, even though it's visually the same style family. Did not add an exclusion the source doesn't state.",
published,07-13-toyota-tundra-08-15-sequoia-chrome-led-crystal-headlights,https://stehlenauto.com/products/07-13-toyota-tundra-08-15-sequoia-chrome-led-crystal-headlights,2007-2017 Toyota Tundra & Sequoia LED Crystal Headlights - Chrome,,"Handle says Sequoia '08-15' but fitment_raw runs Sequoia through 2017 (matches title's 2007-2017); handle is stale, title is correct",
published,07-13-toyota-tundra-08-15-sequoia-chrome-led-headlights-sequential,https://stehlenauto.com/products/07-13-toyota-tundra-08-15-sequoia-chrome-led-headlights-sequential,2007-2017 Toyota Tundra Sequoia Crystal LED Headlights - Chrome,,Same stale handle vs title/fitment_raw as 18,
published,07-13-toyota-tundra-08-15-sequoia-led-crystal-headlights-black,https://stehlenauto.com/products/07-13-toyota-tundra-08-15-sequoia-led-crystal-headlights-black,2007-2017 Toyota Tundra Sequoia LED Crystal Headlights - Black,,Same stale handle vs title/fitment_raw as 18,
published,07-13-toyota-tundra-08-15-sequoia-led-crystal-headlights-black-1,https://stehlenauto.com/products/07-13-toyota-tundra-08-15-sequoia-led-crystal-headlights-black-1,2007-2017 Toyota Tundra/Sequoia Crystal Headlights LED Turn Signal - Black,,Same stale handle vs title/fitment_raw as 18,
published,07-13-toyota-tundra-08-15-sequoia-projector-headlights-black-led-halo,https://stehlenauto.com/products/07-13-toyota-tundra-08-15-sequoia-projector-headlights-black-led-halo,2007-2017 Toyota Tundra Sequoia Projector Headlights LED Halo - Black,,Same stale handle vs title/fitment_raw as 18,
published,07-13-toyota-tundra-08-15-sequoia-projector-headlights-chrome-led,https://stehlenauto.com/products/07-13-toyota-tundra-08-15-sequoia-projector-headlights-chrome-led,2007-2017 Toyota Tundra Sequoia Projector Headlights LED - TYTD07DS,,Same stale handle vs title/fitment_raw as 18,
published,07-14-chevy-silverado-crystal-black-headlights-no-amber,https://stehlenauto.com/products/07-14-chevy-silverado-crystal-black-headlights-no-amber,2007-2014 Chevrolet Silverado Crystal Headlights No Amber - Black,,Same 1500-vs-HD year split and 2007 Classic exclusion as 12/13,
published,07-14-chevy-silverado-full-led-projector-headlights-black-amber,https://stehlenauto.com/products/07-14-chevy-silverado-full-led-projector-headlights-black-amber,2007-2014 Chevrolet Silverado Full LED Projector Headlights w/Amber - Black,,"Unlike 12/13/14/25, this SKU's fitment_raw has NO 2007-Classic carve-out — 2007 is folded into the main 2007-2013/2007-2014 ranges with only the projector/LED exclusion. Did not add a Classic exclusion the source doesn't state for this SKU.",
published,2006-2009-dodge-ram-crystal-headlights-w-sequential-led-bar-chrome,https://stehlenauto.com/products/2006-2009-dodge-ram-crystal-headlights-w-sequential-led-bar-chrome,2006-2009 Dodge Ram Crystal Headlights w/ Sequential LED Bar — Chrome,,"fitment_raw lists the 1500's diesel exclusion explicitly, but every 2500/3500 row is tagged with a specific gas engine (5.7L or 4.7L V8) and there is no diesel/Cummins row for 2500/3500 anywhere in the data — meaning this may also not fit diesel-equipped 2500/3500, but that is not an explicit source exclusion, so it was NOT added as a 'will not fit' claim. Flagging for the catalog team to confirm whether Cummins-equipped 2500/3500 fitment was intentionally excluded from the feed or just untagged.",
published,2006-2009-dodge-ram-full-led-projector-headlights-black,https://stehlenauto.com/products/2006-2009-dodge-ram-full-led-projector-headlights-black,2006-2009 Dodge Ram Full LED Projector Headlights Black,,Same gas-engine-only observation as 24 for the 2500/3500 rows (no diesel rows present in fitment_raw) — not asserted as a 'will not fit' since it's not an explicit exclusion note.,No installation_time/tools_required in source; no weight/dimensions.
published,2010-2014-ford-mustang-full-led-projector-headlights-w-led-light-bar-black,https://stehlenauto.com/products/2010-2014-ford-mustang-full-led-projector-headlights-w-led-light-bar-black,2010-2014 Ford Mustang Full LED Projector Headlights w/ LED Light Bar — Black,,"fitment_raw shows the ST trim only for 2012 and 2014 — 2013 ST is missing (a real gap, not a truncation artifact, since every other trim has a contiguous 2013 row). Reflected this exact gap in Fitment ('2012 and 2014 Ford Mustang ST') rather than smoothing it into a 2012-2014 range.",No weight is listed beyond packaged dimensions; no installation_time/tools_required.
published,2014-2016-mazda-3-sedan-halo-projector-headlights-w-amber-matte-black,https://stehlenauto.com/products/2014-2016-mazda-3-sedan-halo-projector-headlights-w-amber-matte-black,2014-2016 Mazda 3 Sedan Halo Projector Headlights w/ Amber — Matte Black,,fitment_notes explicitly restricts to '4 Door Sedan Models' — this gate is not encoded in fitment_raw (which has no body-style column) but was preserved per addendum since it's an explicit source exclusion; do not let this be dropped in future edits of this SKU,
published,2018-2020-ford-f-150-full-led-projector-headlights-black-fr646,https://stehlenauto.com/products/2018-2020-ford-f-150-full-led-projector-headlights-black-fr646,2018-2020 Ford F-150 Full LED Projector Headlights Black - FR646,,"Old description's Vehicle Fitment restricts to F-150 'XL' trim only; fitment_raw has no trim column at all for this SKU (just plain year|Ford|F-150::note), so this XL-only restriction is sourced ONLY from the old description, not corroborated by fitment_raw or fitment_notes. Kept the restriction per addendum (never drop a source exclusion unless fitment_raw contradicts), but this is a single-source claim — recommend owner confirm FR646 housing is genuinely XL-specific (vs. also fitting XLT/base halogen-projector trims) before next content pass.",
published,88-98-chevy-c10-ck-crystal-headlights-led-bar-bumper-corners-8pc-black,https://stehlenauto.com/products/88-98-chevy-c10-ck-crystal-headlights-led-bar-bumper-corners-8pc-black,1994-2000 Chevrolet C/K Pickup Crystal Headlights LED 8pc Set - Black,,"custom.year metafield says 1988-1998 and the product handle says '88-98', but fitment_raw and the title both clearly show 1994-2000 coverage (fitment_raw is per-model: C1500/K1500 to 1999, C2500/C3500/K2500/K3500 to 2000, Suburbans to 1999, Tahoe 1995-1999). Copy follows fitment_raw/title; handle and year metafield are stale and should be corrected upstream.",
published,88-98-chevy-c10-ck-crystal-headlights-w-led-bar-8pc-chrome-set,https://stehlenauto.com/products/88-98-chevy-c10-ck-crystal-headlights-w-led-bar-8pc-chrome-set,1994-2000 Chevrolet C/K Pickup Crystal Headlights LED 8pc Set - Chrome,,Same stale handle/custom.year (1988-1998) vs. actual fitment_raw/title range (1994-2000) as 22_source.,
published,88-98-chevy-gmc-c10-ck-crystal-headlights-w-led-light-bar-black,https://stehlenauto.com/products/88-98-chevy-gmc-c10-ck-crystal-headlights-w-led-light-bar-black,1988-2000 Chevrolet C/K Pickup Crystal Headlights w/LED Bar - Black,,"custom.make lists both 'Chevy' and 'GMC', and the handle says 'chevy-gmc', but fitment_raw contains ONLY Chevrolet rows — no GMC Sierra/Yukon rows anywhere. Did NOT add GMC to the Fitment section per addendum (don't add makes the source doesn't list). Flag for owner: either fitment_raw is missing the GMC twin rows (likely, since GMC C/K trucks share this body/headlight), or custom.make is wrong.",custom.year metafield stale at 1988-1998 vs. fitment_raw/title range of 1988-2000.
published,88-98-chevy-gmc-c10-ck-crystal-headlights-w-led-light-bar-chrome,https://stehlenauto.com/products/88-98-chevy-gmc-c10-ck-crystal-headlights-w-led-light-bar-chrome,1988-2000 Chevrolet C/K Pickup Crystal Headlights w/ LED Bar - Chrome,,Same GMC-in-tags-but-not-in-fitment_raw issue as 24_source; GMC omitted from copy.,Same stale custom.year (1988-1998) vs. actual range 1988-2000.
published,88-98-chevy-gmc-c10-projector-headlights-8pc-set-chrome-led-bar,https://stehlenauto.com/products/88-98-chevy-gmc-c10-projector-headlights-8pc-set-chrome-led-bar,1994-2000 Chevrolet C/K Series Projector Headlights 8PC Set - Chrome,,"Brand mismatch: top-level vendor is 'Stehlen Auto' but custom.brand is 'Spec-D Tuning'. Used vendor ('Stehlen Auto') for the Specifications Brand row per STANDARD.md rule, per instruction to use vendor and note the mismatch.",Stale custom.year (1988-1998) vs. actual fitment_raw/title range 1994-2000.
published,99-06-gmc-sierra-yukon-xl-crystal-headlights-led-bar-black-4pc,https://stehlenauto.com/products/99-06-gmc-sierra-yukon-xl-crystal-headlights-led-bar-black-4pc,1999-2006 GMC Sierra Yukon XL Crystal Headlights LED Bar Black 4PC,,"Old description incorrectly stated Yukon and Yukon XL fitment starting in 1999; fitment_raw shows both start in 2000. Corrected. Old description also bundled Sierra 2500/2500 HD/3500 into one blanket '1999-2006' line; fitment_raw shows Sierra 2500 (non-HD) actually ends 2004, while 2500 HD and 3500 only start in 2001 — rewrote as separate, precise year ranges per submodel.","fitment_raw also includes 2007 'Sierra 1500/1500 HD/2500 HD/3500 Classic' rows (GM sold Classic-body Sierra pickups through MY2007 while Yukon moved to the next generation for 2007) — title and custom.year cap at 2006, so 2007 Classic coverage was left out of copy; flag for owner whether this SKU should also be marketed for 2007 Sierra Classic trucks."
published,99-06-gmc-sierra-yukon-xl-crystal-headlights-led-bar-chrome-4pc,https://stehlenauto.com/products/99-06-gmc-sierra-yukon-xl-crystal-headlights-led-bar-chrome-4pc,1999-2006 GMC Sierra Yukon XL Crystal Headlights LED Bar Chrome 4PC,,Old description's Sierra 2500/2500 HD/3500 were bundled as one '1999-2006' block; corrected to precise per-submodel ranges (2500 ends 2004; 2500 HD and 3500 start 2001) matching 36_source fix.,Same 2007 Sierra Classic gap as 36_source (not added to copy since title/custom.year cap at 2006).
published,99-06-gmc-sierra-yukon-xl-crystal-headlights-sequential-led-black-4pc,https://stehlenauto.com/products/99-06-gmc-sierra-yukon-xl-crystal-headlights-sequential-led-black-4pc,1999-2006 GMC Sierra Yukon XL Crystal Headlights Sequential LED Black 4PC,,Same Sierra 2500/2500 HD/3500 bundling error as 36_source/37_source; corrected to precise per-submodel year ranges.,Same 2007 Sierra Classic gap as 36_source.
published,99-06-gmc-sierra-yukon-xl-crystal-headlights-sequential-led-chrome-4pc,https://stehlenauto.com/products/99-06-gmc-sierra-yukon-xl-crystal-headlights-sequential-led-chrome-4pc,1999-2006 GMC Sierra Yukon XL Crystal Headlights Sequential LED Chrome 4PC,,Same Sierra 2500/2500 HD/3500 bundling error as 36_source/37_source; corrected to precise per-submodel year ranges.,Same 2007 Sierra Classic gap as 36_source.
published,2023-ford-ranger-6ft-bed-molle-panels-front-sides-3pc-set,https://stehlenauto.com/products/2023-ford-ranger-6ft-bed-molle-panels-front-sides-3pc-set,2019-2023 Ford Ranger 6 ft Bed MOLLE Panels Front & Sides - 3pc,,"custom.year metafield is ['2023','2024','2025','2026','2027'] which barely overlaps the product's actual confirmed range -- title and custom.fitment_raw both agree on 2019-2023 Ford Ranger only. This looks like a copy-paste year-tag error from a different SKU rather than simple staleness; flagging for correction since it could break YMM search for 2019-2022 buyers.",No weight or installation_time given for the panel set.
published,2015-2019-silverado-sierra-2500-3500-hd-crew-cab-roof-basket,https://stehlenauto.com/products/2015-2019-silverado-sierra-2500-3500-hd-crew-cab-roof-basket,2015-2019 Chevy/GMC Silverado/Sierra 2500/3500 HD Crew Cab Roof Basket,,"Old current_descriptionHtml named the fitment as 'GMC Sierra Denali 2500 HD / 3500 HD Crew Cab' in the overview and Vehicle Fitment list, implying Denali-only GMC fitment. custom.fitment_raw shows Base, Denali, SLE, and SLT Sierra 2500 HD/3500 HD Crew Cab trims all fit -- Denali is not a gating trim. Corrected the new copy to describe Silverado/Sierra 2500/3500 HD Crew Cab generally, without a Denali-only implication.",No weight or dimensions for the basket.
published,2015-2025-ford-f-150-supercrew-low-profile-roof-basket-drill-free-steel-matte-black,https://stehlenauto.com/products/2015-2025-ford-f-150-supercrew-low-profile-roof-basket-drill-free-steel-matte-black,"2015-2025 Ford F-150 SuperCrew Low Profile Roof Basket — Drill-Free Steel, Matte Black",,"This SKU (RR-LP-F15015CC-V2, 2015-2025 F-150 SuperCrew) has no Lightning-EV exclusion anywhere in its data. Its closely related sibling SKU (item 15, RR-LP-F15015CC, same body/years through 2025) explicitly states 'Will Not Fit Ford F150 Lightning Electric Model' for 2022+ trucks. The Lightning has a materially different roof/body than the gas F-150, so there is a real risk this SKU also needs that exclusion, but per the zero-fabrication rule it was not added since this item's own fitment_notes never mentions it. Recommend the catalog team confirm and add the exclusion if it applies.","custom.fitment_raw is empty; sourced from custom.fitment_notes, which carries the same 'CA Fitment attribute not yet populated' flag noted on item 06."
published,2016-2023-toyota-tacoma-crew-cab-low-profile-roof-basket-steel,https://stehlenauto.com/products/2016-2023-toyota-tacoma-crew-cab-low-profile-roof-basket-steel,2016-2023 Toyota Tacoma Crew Cab Low Profile Roof Basket - Steel,,fitment_notes states 'Will Fit Models With Automatic Transmission' in addition to the Double Cab gate. The old current_descriptionHtml Vehicle Fitment section never mentioned the transmission requirement. Added it as an explicit fitment gate and Will-not-fit line -- a manual-transmission Tacoma Double Cab buyer would have received a wrong-fit part under the old copy.,"No weight or dimensions for this SKU (its V2 sibling, item 17, does list them, and item 17's data does not repeat the automatic-transmission gate -- see item 17 note)."
published,2016-2023-toyota-tacoma-double-cab-low-profile-roof-basket-drill-free-steel-matte-black,https://stehlenauto.com/products/2016-2023-toyota-tacoma-double-cab-low-profile-roof-basket-drill-free-steel-matte-black,"2016-2023 Toyota Tacoma Double Cab Low Profile Roof Basket — Drill-Free Steel, Matte Black",,"Same body/years as item 16 (2016-2023 Tacoma Double Cab), but this SKU's fitment_notes do not carry the 'automatic transmission only' gate that item 16's source explicitly states. Since these are likely the same physical bracket design, this may be a data-entry omission rather than a real difference -- did not add the transmission gate here since it is not stated in this item's own source, but flagging for the catalog team to confirm.","custom.fitment_raw is empty; sourced from custom.fitment_notes, which carries the same 'CA Fitment attribute not yet populated' flag noted on item 06."
published,2024-ford-ranger-supercrew-cab-low-profile-roof-basket-system,https://stehlenauto.com/products/2024-ford-ranger-supercrew-cab-low-profile-roof-basket-system,2024+ Ford Ranger SuperCrew Cab Low Profile Roof Basket System,,"custom.year metafield lists 2024-2027, but custom.fitment_raw only confirms 2024-2026 (15 rows across 5 trims). Used the confirmed 2024-2026 range in the Fitment section rather than the year tag's 2027.",No weight or dimensions given for this SKU.
published,07-18-chevy-silverado-gmc-sierra-ext-cab-modular-step-bars-matte-black,https://stehlenauto.com/products/07-18-chevy-silverado-gmc-sierra-ext-cab-modular-step-bars-matte-black,2007-2019 Chevy/GMC Silverado/Sierra Extended Cab Modular Side Steps - Matte Black,,"Old description overstated GMC Sierra 2500 HD Extended Cab fitment as 2007-2018; fitment_raw supports only 2011-2018 for the base 'Sierra 2500 HD' line (2007 exists only as the separate 'Sierra 2500 HD Classic' row). Similarly 'Sierra 1500' fitment_raw starts 2010, not 2007 (2007 is the separate 'Sierra 1500 Classic'). Corrected both ranges in copy. | Fact-check: fitment_raw notes split by year — 2007-2013 rows (and 2014 Silverado 2500) specify rear-hinged suicide-style rear doors; 2014-2019 rows specify half-size doors opening the same way. Old description stated only the latter. Also 2500 HD / 3500 HD have no 2014 rows (data gap?).",
published,2019-2025-chevy-silverado-gmc-sierra-1500-dc-led-step-bars,https://stehlenauto.com/products/2019-2025-chevy-silverado-gmc-sierra-1500-dc-led-step-bars,2019-2023 Chevy Silverado/GMC Sierra 1500 Extended Cab LED Step Bars - Matte Black,,"MAJOR: fitment_raw rows for 2022 Chevrolet Silverado 1500 LTD and 2022 GMC Sierra 1500 Limited each carry a note that says ""Will Not Fit Chevy Silverado 1500 LD Models"" / ""Will Not Fit GMC Sierra 1500 Limited Models"" -- i.e. the row's own note excludes the exact submodel of that row. Treated this as a real self-exclusion (unlike item 04, where 2022 LTD/Limited rows carry no such note and are affirmatively included) and moved 2022 LTD/Limited into Will-not-fit instead of Fitment. Recommend CB data QA on these two rows specifically. | FACTCHECK: Will-not-fit now uses the source's exact exclusion wording (Silverado 1500 LD / Sierra 1500 Limited models) rather than naming '2022 LTD/Limited'; 2022 LTD/Limited rows remain unlisted pending owner confirmation.",Handle says '2019-2025' but every confirmed row in fitment_raw tops out at 2023 -- handle/slug year range doesn't match the data and should be corrected.
published,00-04-dodge-dakota-5-5-tonneau-cover-led-bed-light-kit-combo,https://stehlenauto.com/products/00-04-dodge-dakota-5-5-tonneau-cover-led-bed-light-kit-combo,2000-2004 Dodge Dakota 5.5 ft Bed Tonneau Cover & LED Light Kit,,"custom.color lists only 'White (LED)' with no cover color stated, unlike the near-identical sibling SKU (23_source, same truck/bed, roll-up instead of hidden-snap) which explicitly lists 'Black (Cover)'. Omitted a Cover Color spec row here rather than assume Black; recommend catalog team populate the cover color metafield for consistency.",
published,04-07-chevy-silverado-gmc-sierra-5-8-roll-up-tonneau-cover,https://stehlenauto.com/products/04-07-chevy-silverado-gmc-sierra-5-8-roll-up-tonneau-cover,2004-2007 Chevy/GMC Silverado/Sierra 5.8 ft Bed Roll-Up Tonneau Cover,,"Old description's 'Important' note claims 'Crew Cab configuration' as a fitment restriction, but neither fitment_notes nor fitment_raw gate on cab type anywhere (only Fleetside/5.8 ft bed). Dropped the unsourced Crew Cab restriction from the copy per the zero-fabrication rule -- but flagging this explicitly because if Crew Cab really is a hard requirement (plausible on this GMT800 platform, where the 5.8 ft box was also available on Extended Cab), dropping it could let non-Crew-Cab buyers self-select in by mistake. Recommend the catalog team confirm and add a real cab_type gate if needed. | GMC Sierra 2500 (non-HD) has only a single confirmed model year (2004) in fitment_raw, while Chevrolet Silverado 2500 and GMC Sierra 1500/3500 run 2004-2006 -- preserved this one-year GMC Sierra 2500 discrepancy exactly rather than smoothing it into the broader range. | FACTCHECK: Crew Cab restriction RESTORED per rule 8 (old description states 'Crew Cab configuration'; fitment_raw has no cab rows, so it does not contradict). Catalog team should still confirm and add a real cab gate.",
published,04-07-chevy-silverado-gmc-sierra-5-8-roll-up-tonneau-cover-led-kit,https://stehlenauto.com/products/04-07-chevy-silverado-gmc-sierra-5-8-roll-up-tonneau-cover-led-kit,2004-2007 Chevy/GMC Silverado/Sierra 5.8 ft Bed Roll-Up Tonneau Cover w/ LED Lights,,"Same two conflicts as item 30 (unsourced Crew Cab claim dropped; GMC Sierra 2500 2004-only preserved). Additionally, this SKU's fitment_subattributes lists cab_size 'Crew Cab' (unlike item 30's blank cab_size) but with no corroborating note text in fitment_notes -- left cab type unstated in the copy since it isn't confirmed by the notes. | FACTCHECK: Crew Cab restriction RESTORED per rule 8 (fitment_subattributes cab_size = 'Crew Cab'; fitment_raw has no cab rows, so it does not contradict).",
published,04-07-chevy-silverado-sierra-5-8-hard-tri-fold-tonneau-cover,https://stehlenauto.com/products/04-07-chevy-silverado-sierra-5-8-hard-tri-fold-tonneau-cover,2004-2007 Chevy Silverado GMC Sierra 5.8 ft Bed Tonneau Cover - Hard Tri-Fold,,"Same two conflicts as item 30 (unsourced Crew Cab claim dropped; GMC Sierra 2500 2004-only preserved). | FACTCHECK: No Crew Cab restriction exists anywhere in THIS item's source (old description, notes, subattributes all silent), so none was added. Sibling SKUs 30/31 carry a Crew Cab restriction for the same trucks/bed -- owner should confirm whether this cover is also Crew Cab only.",
published,04-07-chevy-silverado-sierra-5-8-tri-fold-tonneau-cover-w-led-lights,https://stehlenauto.com/products/04-07-chevy-silverado-sierra-5-8-tri-fold-tonneau-cover-w-led-lights,2004-2007 Chevy/GMC Silverado/Sierra 5.8 ft Bed Tonneau Cover w/ LED Lights,,"Same two conflicts as item 30 (unsourced Crew Cab claim dropped; GMC Sierra 2500 2004-only preserved). | FACTCHECK: No Crew Cab restriction exists anywhere in THIS item's source, so none was added. Sibling SKUs 30/31 carry a Crew Cab restriction for the same trucks/bed -- owner should confirm.",custom.color states only 'White (LED lights)' with no cover color -- omitted a Cover Color spec row rather than assume Black.
published,05-11-dakota-raider-6-5-bed-hidden-snap-tonneau-cover-403327,https://stehlenauto.com/products/05-11-dakota-raider-6-5-bed-hidden-snap-tonneau-cover-403327,2005-2011 Dodge Dakota 6.5 ft Bed Tonneau Cover - Hidden Snap,,"fitment_raw labels 2005-2010 as 'Dodge|Dakota' and 2011 as 'Ram|Dakota' (a distributor data quirk from the Dodge/Ram brand split, not a different vehicle). Grouped as one continuous '2005-2011 Dodge Dakota' line, consistent with the vendor's own old description and the validator's dodge/ram alias handling.",No weight or dimensions.
published,05-11-dakota-raider-6-5-roll-up-tonneau-cover-led-bed-lights,https://stehlenauto.com/products/05-11-dakota-raider-6-5-roll-up-tonneau-cover-led-bed-lights,2005-2011 Dodge Dakota 6.5 ft Bed Roll-Up Tonneau Cover - Vinyl with LED Bed Lights,,Same Dodge/Ram Dakota 2011 labeling quirk as 03 -- grouped as one continuous range.,No weight or dimensions.
published,05-11-dakota-raider-6-5-tonneau-cover-led-bed-light-kit,https://stehlenauto.com/products/05-11-dakota-raider-6-5-tonneau-cover-led-bed-light-kit,2005-2011 Dodge Dakota 6.5 ft Bed Tonneau Cover w/ LED Lights,,Same Dodge/Ram Dakota 2011 labeling quirk as 03 -- grouped as one continuous range.,No weight or dimensions.
published,05-11-dodge-dakota-ram-raider-6-5-roll-up-tonneau-cover,https://stehlenauto.com/products/05-11-dodge-dakota-ram-raider-6-5-roll-up-tonneau-cover,2005-2011 Dodge Dakota 6.5 ft Bed Roll-Up Tonneau Cover - Vinyl,,"Same Dodge/Ram Dakota 2011 labeling quirk as 03 -- grouped as one continuous range. custom.model also lists a stray 'Ram' entry alongside 'Dakota' -- treated as the same vehicle, not a second model.",No weight or dimensions.
published,07-14-chevy-silverado-gmc-sierra-6-5-roll-up-tonneau-cover,https://stehlenauto.com/products/07-14-chevy-silverado-gmc-sierra-6-5-roll-up-tonneau-cover,2007-2014 Chevy/GMC Silverado/Sierra 6.5 ft Bed Roll-Up Tonneau Cover,,"Shopify vendor field = 'Stehlen Auto' but custom.brand = 'TruXedo'. Used the literal vendor field for the Brand spec row and the no-warranty-on-vinyl-cover rule, per the coordinator's rule 5 (vendor is the CURT/brand check, not custom.brand). Catalog team should confirm whether this is a genuine TruXedo-manufactured cover being resold under the Stehlen Auto storefront vendor, or a brand tag that should read 'Stehlen Auto' throughout.",No weight or dimensions.
published,07-14-silverado-sierra-5-8-bed-hidden-snap-tonneau-cover,https://stehlenauto.com/products/07-14-silverado-sierra-5-8-bed-hidden-snap-tonneau-cover,2007-2014 Chevy/GMC Silverado/Sierra 5.8 ft Bed Tonneau Cover - Soft Roll-Up,,"productType metafield says 'lock & roll up' but every feature/spec field (hidden snap closure, soft roll-up) and the title describe a hidden-snap soft roll-up cover, matching the 03/08/12/20 family. Wrote copy from the actual key_features/specifications text, not the productType label.",No weight or dimensions.
published,09-18-ram-1500-5-8ft-tri-fold-tonneau-cover-w-led-bed-lights,https://stehlenauto.com/products/09-18-ram-1500-5-8ft-tri-fold-tonneau-cover-w-led-bed-lights,2009-2022 Dodge Ram 1500 5.7 ft Bed Tonneau Cover - Hard Tri-Fold,,"Bed length inches conflict: fitment_raw says 5.7 ft (67.4"") but key_features/old description say 68.4"". Description uses 67.4"" per fitment_raw.",No weight or dimensions. | No part_number field; spec omits Part Number field from a top-level metafield and instead uses cb_integration.item_name.
published,09-18-ram-1500-6-5ft-bed-tri-fold-tonneau-cover-w-led-lights,https://stehlenauto.com/products/09-18-ram-1500-6-5ft-bed-tri-fold-tonneau-cover-w-led-lights,2009-2022 Dodge Ram 6.4 ft Bed Hard Tri-Fold Tonneau Cover - Combo,,"Bed length conflict: fitment_raw says 6.4 ft (76.3"") / 6.5 ft (78"") but key_features/old description say 76.8"". Description uses fitment_raw values.","custom.material field is missing for this SKU (unlike sibling 29/243354, which lists 'Aluminum/Composite Panels'); omitted Material from Specifications rather than assuming it matches the sibling SKU. | No weight or dimensions."
published,09-22-dodge-ram-1500-2500-3500-6-4-roll-up-tonneau-cover,https://stehlenauto.com/products/09-22-dodge-ram-1500-2500-3500-6-4-roll-up-tonneau-cover,2009-2022 Dodge Ram 1500/2500/3500 6.4 ft Bed Roll-Up Tonneau Cover,,"Bed length conflict: fitment_raw says 6.4 ft (76.3"") / 6.5 ft (78"") but key_features/old description say 76.8"". Description uses fitment_raw values.",No weight or dimensions.
published,09-22-ram-1500-2500-3500-roll-up-tonneau-cover-w-led-bed-lights,https://stehlenauto.com/products/09-22-ram-1500-2500-3500-roll-up-tonneau-cover-w-led-bed-lights,2009-2022 Dodge Ram 1500/2500/3500 6.4 ft Bed Roll-Up Tonneau Cover with LED Lights Combo,,"Bed length conflict: fitment_raw says 6.4 ft (76.3"") / 6.5 ft (78"") but key_features/old description say 76.8"". Description uses fitment_raw values.",No weight or dimensions.
published,09-22-ram-1500-roll-up-tonneau-cover-w-led-bed-lights-5-7-bed,https://stehlenauto.com/products/09-22-ram-1500-roll-up-tonneau-cover-w-led-bed-lights-5-7-bed,2009-2022 Dodge Ram 1500 5.7 ft Bed Roll-Up Tonneau Cover w/ LED Lights,,"Bed length inches conflict: fitment_raw says 5.7 ft (67.4"") but key_features/old description say 68.4"". Description uses 67.4"" per fitment_raw.",No weight or dimensions.
published,1982-1993-chevy-s10-gmc-s15-sonoma-6-bed-roll-up-tonneau-cover,https://stehlenauto.com/products/1982-1993-chevy-s10-gmc-s15-sonoma-6-bed-roll-up-tonneau-cover,1982-1993 Chevy/GMC S10/S15/Sonoma 6 ft Bed Tonneau Cover - Roll-Up,,"custom.brand=TruXedo but vendor=Stehlen Auto; used vendor as Brand per rule, flagging mismatch for owner review",No sourced install claim (no drilling / clamp-on statement anywhere in source) - Installation section omitted
published,1988-2000-chevrolet-c-k-1500-3500-6-5-ft-bed-hard-tri-fold-tonneau-cover-low-profile,https://stehlenauto.com/products/1988-2000-chevrolet-c-k-1500-3500-6-5-ft-bed-hard-tri-fold-tonneau-cover-low-profile,1988-2000 Chevrolet C/K 1500-3500 6.5 Ft Bed Hard Tri-Fold Tonneau Cover — Low Profile,,"fitment_raw: Chevrolet K1500 stops at 1999, not 2000 like C1500/C2500/C3500/K2500/K3500 - preserved exact gate in Fitment list",
published,1999-2007-chevrolet-silverado-gmc-sierra-fleetside-6-5-ft-bed-hard-tri-fold-tonneau-cover-low-profile,https://stehlenauto.com/products/1999-2007-chevrolet-silverado-gmc-sierra-fleetside-6-5-ft-bed-hard-tri-fold-tonneau-cover-low-profile,1999-2007 Chevrolet Silverado & GMC Sierra Fleetside 6.5 Ft Bed Hard Tri-Fold Tonneau Cover — Low Profile,,"Per-trim year gaps preserved exactly: GMC Sierra 2500 (non-HD) stops 2004 while Chevrolet Silverado 2500 runs to 2006; Silverado/Sierra 1500 HD skip 2004 (2001-2003, 2005-2006 only). Title's broad ""1999-2007"" is fine as shorthand since the Fitment list carries the real per-trim gates.",
published,1999-2007-chevrolet-silverado-gmc-sierra-stepside-6-5-ft-bed-hidden-snap-soft-roll-up-tonneau-cover,https://stehlenauto.com/products/1999-2007-chevrolet-silverado-gmc-sierra-stepside-6-5-ft-bed-hidden-snap-soft-roll-up-tonneau-cover,1999-2007 Chevrolet Silverado & GMC Sierra Stepside 6.5 Ft Bed Hidden Snap Soft Roll-Up Tonneau Cover,,"cb_integration.item_name encodes bed length as ""6.4"" (TC-SIL99FS-6.4-HSS) but fitment_notes/title text says ""6.5 Ft"" Stepside bed - possible SKU/label mismatch worth owner verification. Copy uses the stated 6.5 ft per fitment_notes.",
published,2000-2004-dodge-dakota-5-5-bed-tri-fold-tonneau-cover-w-led-lights,https://stehlenauto.com/products/2000-2004-dodge-dakota-5-5-bed-tri-fold-tonneau-cover-w-led-lights,2000-2004 Dodge Dakota 5.5 ft Bed Tonneau Cover with LED Lights,,"fitment_notes for this SKU lacks the 'Only' qualifier that its plain hard-tri-fold sibling (04_source, same Dakota/5.5ft/Cargo-Rail combo) carries. Kept the stated Cargo Rail System exclusion but did not add a bed-length will-not-fit line since exclusivity isn't explicitly stated for this SKU.","custom.color is 'White (LED Lights)' only -- no cover color stated, so Finish/Color was omitted from Specs rather than assumed Black to match sibling 04. | No weight or dimensions."
published,2000-2004-dodge-dakota-5-5-flush-roll-up-tonneau-cover-led-kit,https://stehlenauto.com/products/2000-2004-dodge-dakota-5-5-flush-roll-up-tonneau-cover-led-kit,2000-2004 Dodge Dakota 5.5 ft Bed Roll Up Tonneau Cover w/ LED Lights,,"Same missing-'Only' pattern as 02 -- kept the Cargo Rail System exclusion, dropped the bed-length will-not-fit inference.",No weight or dimensions.
published,2002-2008-dodge-ram-1500-2003-2009-ram-2500-3500-6-5-ft-bed-hard-tri-fold-tonneau-cover-low-profile,https://stehlenauto.com/products/2002-2008-dodge-ram-1500-2003-2009-ram-2500-3500-6-5-ft-bed-hard-tri-fold-tonneau-cover-low-profile,2002-2008 Dodge Ram 1500 & 2003-2009 Ram 2500/3500 6.5 Ft Bed Hard Tri-Fold Tonneau Cover — Low Profile,,"This hard-tri-fold SKU's own fitment_notes explicitly excludes RamBox ('Will Fit Models Without RamBox Only'), but the hidden-snap sibling for the identical vehicle range (15_source, same Ram 1500/2500/3500, same 6.5 ft bed) has no RamBox mention at all in its own source. Did not add the RamBox exclusion to 15's copy since it isn't stated there -- flagging for the catalog team to confirm whether 15 also excludes RamBox or whether that's a true product difference.",
published,2002-2008-dodge-ram-1500-2003-2009-ram-2500-3500-6-5-ft-bed-hidden-snap-soft-roll-up-tonneau-cover,https://stehlenauto.com/products/2002-2008-dodge-ram-1500-2003-2009-ram-2500-3500-6-5-ft-bed-hidden-snap-soft-roll-up-tonneau-cover,2002-2008 Dodge Ram 1500 & 2003-2009 Ram 2500/3500 6.5 Ft Bed Hidden Snap Soft Roll-Up Tonneau Cover,,No RamBox exclusion or 'Only' bed-length qualifier in this SKU's own fitment_notes (contrast with sibling 14 above) -- removed the will-not-fit line entirely rather than infer one.,"fitment_raw is empty for this SKU; used fitment_notes + year/make/model tags per the empty-fitment_raw fallback rule. fitment_notes carries an internal provenance flag ('Fitment derived from CB item data 2026-08-25; CA Fitment attribute not yet populated') -- re-run CA sync when available; same flag appears on 18, 22, 23, and 24 in this batch."
published,2004-2006-toyota-tundra-6-2-ft-bed-hard-tri-fold-tonneau-cover-low-profile,https://stehlenauto.com/products/2004-2006-toyota-tundra-6-2-ft-bed-hard-tri-fold-tonneau-cover-low-profile,2004-2006 Toyota Tundra 6.2 Ft Bed Hard Tri-Fold Tonneau Cover — Low Profile,,"cb_integration.item_name is 'TC-TUN04-6.5-LTH' (embeds '6.5') but the only confirmed bed spec in fitment_raw is 6.2 ft (74.4""). Used the SKU string verbatim as Part Number per the spec rule, but flagging the naming mismatch -- likely a legacy carryover from a related 6.5 ft product family.",
published,2004-2006-toyota-tundra-double-cab-6-2-ft-bed-hidden-snap-soft-roll-up-tonneau-cover,https://stehlenauto.com/products/2004-2006-toyota-tundra-double-cab-6-2-ft-bed-hidden-snap-soft-roll-up-tonneau-cover,2004-2006 Toyota Tundra Double Cab 6.2 Ft Bed Hidden Snap Soft Roll-Up Tonneau Cover,,Same SKU-naming pattern as 16: cb_integration.item_name 'TC-TUN04-6.5-HSS' embeds '6.5' vs. the confirmed 6.2 ft Double Cab spec.,"fitment_raw is empty; used fitment_notes ('Fits Double Cab 6.2 Ft short bed models') which carries the same CA-sync-pending provenance note as 15/22/23/24. No explicit exclusion language in source, so no will-not-fit line was added despite Double Cab being a real cab-type gate."
published,2004-2006-toyota-tundra-roll-up-tonneau-cover-w-led-bed-lights,https://stehlenauto.com/products/2004-2006-toyota-tundra-roll-up-tonneau-cover-w-led-bed-lights,2004-2006 Toyota Tundra 6.2 ft Bed Roll-Up Tonneau Cover w/ LED Lights,,Same '6.5' SKU-string-vs-6.2-ft-actual pattern as 16/18 (cb_integration.item_name TC-TUN04-6.5-LRU+...).,
published,2004-2012-ford-f-150-lincoln-mark-lt-supercrew-5-5-ft-bed-hidden-snap-soft-roll-up-tonneau-cover,https://stehlenauto.com/products/2004-2012-ford-f-150-lincoln-mark-lt-supercrew-5-5-ft-bed-hidden-snap-soft-roll-up-tonneau-cover,2004-2012 Ford F-150 & Lincoln Mark LT SuperCrew 5.5 Ft Bed Hidden Snap Soft Roll-Up Tonneau Cover,,"fitment_notes cab-gates the F-150 row to SuperCrew specifically, but the Lincoln Mark LT row has no cab-type qualifier at all -- asymmetric gating that's easy to mis-apply if a future sub-model filter assumes SuperCrew applies to both makes.","fitment_raw is empty; used fitment_notes, which carries the same CA-sync-pending provenance flag as 15/18/23/24. No explicit exclusion stated, so no will-not-fit line was added despite SuperCrew being a real cab-type gate."
published,2004-2014-ford-f-150-5-5-bed-flush-roll-up-tonneau-cover,https://stehlenauto.com/products/2004-2014-ford-f-150-5-5-bed-flush-roll-up-tonneau-cover,2004-2014 Ford F-150 5.5 ft Bed Flush Roll Up Tonneau Cover,,"fitment_notes states 'Without Ford Track System' / 'Without Utility Track' for Ford and Lincoln respectively but without an 'Only' qualifier (unlike the hard-tri-fold sibling 28/29/30/31/32 which do say 'Only'). Kept the stated track-system exclusions, dropped the bed-length will-not-fit inference since exclusivity isn't explicitly stated here.",
published,2004-2014-ford-f-150-5-5-flush-roll-up-tonneau-cover-w-led-lights,https://stehlenauto.com/products/2004-2014-ford-f-150-5-5-flush-roll-up-tonneau-cover-w-led-lights,2004-2014 Ford F-150 5.5 ft Bed Roll-Up Tonneau Cover Combo w/ LED,,Same missing-'Only' pattern as 26.,
published,2004-2015-nissan-titan-5-5ft-tri-fold-tonneau-cover-w-led-lights,https://stehlenauto.com/products/2004-2015-nissan-titan-5-5ft-tri-fold-tonneau-cover-w-led-lights,2004-2015 Nissan Titan 5.5 ft Bed Tri-Fold Tonneau Cover w/ LED Lights,,fitment_notes lacks the 'Only' qualifier that siblings 34/37/39 carry for the same bed-length claim -- removed the will-not-fit line entirely rather than infer bed-length exclusivity.,
published,2004-2015-nissan-titan-6-5-hard-tri-fold-tonneau-cover-w-led,https://stehlenauto.com/products/2004-2015-nissan-titan-6-5-hard-tri-fold-tonneau-cover-w-led,2004-2015 Nissan Titan 6.5 ft Bed Tonneau Cover with LED Lights,,Same missing-'Only' pattern as 35 -- removed the will-not-fit line and the 'only' qualifier from the bed-fit Highlight since exclusivity isn't stated for this SKU.,
published,2005-2011-dodge-dakota-6-5ft-tri-fold-tonneau-cover-w-led-lights,https://stehlenauto.com/products/2005-2011-dodge-dakota-6-5ft-tri-fold-tonneau-cover-w-led-lights,2005-2011 Dodge Dakota 6.5 ft Bed Tonneau Cover - Low Profile Hard Tri-Fold with LED Lights,,same Dodge/Ram Dakota + Mitsubishi Raider title gap as 03 | LED kit is named in the title and SKU suffix (+TBL-16W8P-01) but this source's metafields include no LED count/wattage/color facts (unlike sibling combo SKUs) -- copy states an LED kit is included but omits specific numbers since they are not sourced here,no custom.part_number; used cb_integration.item_name | LED specs (count/wattage/color) not populated in this source
published,2005-nissan-frontier-5ft-bed-hard-tri-fold-tonneau-cover-243340,https://stehlenauto.com/products/2005-nissan-frontier-5ft-bed-hard-tri-fold-tonneau-cover-243340,2005-2021 Nissan Frontier 5 ft Bed Tonneau Cover - Hard Tri-Fold,,"custom.year tag lists phantom years through 2027; fitment_raw (source of truth) only supports through 2021 Frontier / 2012 Equator -- used fitment_raw, ignored the tag",
published,2006-2008-lincoln-mark-lt-6-5-tri-fold-tonneau-cover-led-light-kit,https://stehlenauto.com/products/2006-2008-lincoln-mark-lt-6-5-tri-fold-tonneau-cover-led-light-kit,2006-2008 Lincoln Mark LT 6.5 ft Bed Tri-Fold Tonneau Cover Combo,,no custom.fitment_raw present -- fitment is sourced from fitment_notes only. Exclusion direction is opposite most siblings: this SKU explicitly requires NO factory Utility Track (most Titan/Frontier/Tacoma SKUs in this batch are compatible with OR without track); preserved the exclusion exactly per FACTCHECK #8,no custom.part_number; used cb_integration.item_name | no custom.model field; inferred 'Mark LT' from handle/title
published,2007-2016-toyota-tundra-roll-up-tonneau-cover-w-led-bed-lights,https://stehlenauto.com/products/2007-2016-toyota-tundra-roll-up-tonneau-cover-w-led-bed-lights,2007-2016 Toyota Tundra 5.5 ft Bed Roll-Up Tonneau Cover w/ LED Lights,,"this is the only 5.5 ft Tundra SKU in the batch whose fitment_subattributes populates cab_size='CrewMax' (and whose old copy names 'CrewMax'); sibling 5.5 ft Tundra SKUs (18,19,21,22,23) have an empty cab_size field even though they likely share the same real-world CrewMax-only bed. Added the CrewMax gate only where sourced (this SKU); did not add it to the siblings since it isn't populated there -- recommend owner confirm whether all 5.5 ft Tundra SKUs should carry the CrewMax gate | fitment_subattributes/old description say CrewMax, but fitment_raw has no cab gate; CrewMax removed from copy",no custom.part_number; used cb_integration.item_name
published,2014-2018-chevy-silverado-gmc-sierra-5-8-tri-fold-tonneau-cover,https://stehlenauto.com/products/2014-2018-chevy-silverado-gmc-sierra-5-8-tri-fold-tonneau-cover,2014-2018 Chevrolet/GMC Truck 5.8 ft Bed Tri-Fold Tonneau Cover,,"custom.brand is 'Tonno Pro' but vendor is 'Stehlen Auto'; spec uses vendor per standard, warranty omitted",
published,2014-2018-chevy-silverado-gmc-sierra-6-5ft-hard-tri-fold-tonneau,https://stehlenauto.com/products/2014-2018-chevy-silverado-gmc-sierra-6-5ft-hard-tri-fold-tonneau,2014-2019 Chevrolet/GMC Silverado Sierra 6.5 ft Bed Hard Tri-Fold Tonneau Cover,,title says '2014-2019' but handle says '2014-2018'; fitment_raw goes through 2019 for several HD/LD/Limited lines so the 2014-2019 title is the accurate one,
published,2014-2019-gmc-sierra-6-5-roll-up-tonneau-cover-w-led-bed-lights,https://stehlenauto.com/products/2014-2019-gmc-sierra-6-5-roll-up-tonneau-cover-w-led-bed-lights,2014-2019 GMC Sierra 6.5 ft Bed Roll-Up Tonneau Cover w/ LED Lights,,"FACTCHECK (rule 8): fitment_raw (TC-SIL14-6.5-LRU+TBL-16W8P-01) includes 2014-2019 Chevrolet Silverado 1500/1500 LD/2500/3500/2500 HD/3500 HD 6.5 ft rows; per STANDARD rule 2 (fit checker uses fitment_raw) these were ADDED to Fitment. Title/custom.make still say GMC Sierra only -- owner to confirm fitment_raw is correct, then retitle or fix the CA record. | Old 'Compatible with Standard, Extended, and Crew Cab' is a compatibility claim, not a restriction; left out.",No weight/dimensions.
published,2014-2019-gmc-sierra-6-5-roll-up-vinyl-tonneau-cover-503361,https://stehlenauto.com/products/2014-2019-gmc-sierra-6-5-roll-up-vinyl-tonneau-cover-503361,2014-2019 GMC Sierra 6.5 ft Bed Roll-Up Tonneau Cover,,FACTCHECK (rule 8): fitment_raw includes 2014-2019 Chevrolet Silverado 6.5 ft rows; ADDED to Fitment per STANDARD rule 2. Title/custom.make say GMC Sierra only -- owner to confirm and retitle or fix the CA record.,No weight/dimensions.
published,2014-2021-toyota-tundra-5-5-bed-tonneau-cover-w-led-lights,https://stehlenauto.com/products/2014-2021-toyota-tundra-5-5-bed-tonneau-cover-w-led-lights,2014-2021 Toyota Tundra 5.5 ft Bed Tonneau Cover & LED Light Kit,,"FACTCHECK (rule 8): Restored 'CrewMax' cab restriction from old description (fitment_raw has no cab data, so it does not contradict it).",No weight/dimensions.
published,2014-2021-toyota-tundra-5-5-roll-up-tonneau-cover-led-light-kit,https://stehlenauto.com/products/2014-2021-toyota-tundra-5-5-roll-up-tonneau-cover-led-light-kit,2014-2021 Toyota Tundra 5.5 ft Bed Roll-Up Tonneau Cover w/ LED Lights,,FACTCHECK (rule 8): Restored 'CrewMax' cab restriction from old description (not contradicted by fitment_raw).,No weight/dimensions.
published,2014-2021-toyota-tundra-6-5-bed-roll-up-tonneau-cover-503365,https://stehlenauto.com/products/2014-2021-toyota-tundra-6-5-bed-roll-up-tonneau-cover-503365,2014-2021 Toyota Tundra 6.5 ft Bed Roll-Up Tonneau Cover,,FACTCHECK (rule 8): Restored 'Regular Cab / Double Cab' restriction from old description (not contradicted by fitment_raw).,No weight/dimensions.
published,2014-2021-toyota-tundra-6-5-roll-up-tonneau-cover-w-led-lights,https://stehlenauto.com/products/2014-2021-toyota-tundra-6-5-roll-up-tonneau-cover-w-led-lights,2014-2021 Toyota Tundra 6.5 ft Bed Roll-Up Tonneau Cover Combo,,FACTCHECK (rule 8): Restored 'Regular Cab / Double Cab' restriction from old description (not contradicted by fitment_raw).,No custom.part_number field -- used cb_integration.item_name as Part Number. | No weight/dimensions.
published,2015-2022-chevy-colorado-gmc-canyon-5-bed-roll-up-tonneau-cover,https://stehlenauto.com/products/2015-2022-chevy-colorado-gmc-canyon-5-bed-roll-up-tonneau-cover,2015-2022 Chevrolet Colorado/GMC Canyon 5 ft Bed Roll-Up Tonneau Cover,,"FACTCHECK (rule 8): Restored 'Standard Cab / Extended Cab' restriction from old description/key_features (not contradicted by fitment_raw). OWNER CHECK: this source claim looks doubtful for a 2015-2022 Colorado/Canyon 5 ft bed (there is no Standard Cab in that generation; the 5 ft box is normally paired with the Crew Cab) -- if wrong, it wrongly steers away the main buyer group; correct the source and remove the cab gate.",No weight/dimensions.
published,2015-2022-chevy-colorado-gmc-canyon-5-bed-soft-roll-up-cover,https://stehlenauto.com/products/2015-2022-chevy-colorado-gmc-canyon-5-bed-soft-roll-up-cover,2015-2022 Chevy Colorado/GMC Canyon 5 ft Bed Tonneau Cover - Roll-Up,,"FACTCHECK (rule 8): Restored 'Standard Cab / Extended Cab' restriction from old description/key_features (not contradicted by fitment_raw). OWNER CHECK: this source claim looks doubtful for a 2015-2022 Colorado/Canyon 5 ft bed (there is no Standard Cab in that generation; the 5 ft box is normally paired with the Crew Cab) -- if wrong, it wrongly steers away the main buyer group; correct the source and remove the cab gate.",No weight/dimensions.
published,2015-2022-chevy-colorado-gmc-canyon-5-tri-fold-cover-led-kit,https://stehlenauto.com/products/2015-2022-chevy-colorado-gmc-canyon-5-tri-fold-cover-led-kit,2015-2022 Chevrolet Colorado/GMC Canyon 5 ft Bed Tri-Fold Tonneau Cover with LED Lights - White,,custom.color='White' and title '- White' are ambiguous (sibling LED combos use 'White (LED)'). Factcheck removed the 'white vinyl cover ... rather than standard black' claim; Finish/Color kept as 'White' per source. Owner to confirm cover color.,"custom.color is literally 'White' for this SKU (unlike sibling 23, which is Black) -- title also says '- White,' so treated this as the cover's actual color, not an LED-only field. Worth a quick warehouse photo check since a white tonneau cover is unusual for this product line. | No weight/dimensions."
published,2015-2022-chevy-colorado-gmc-canyon-6-bed-roll-up-tonneau-cover,https://stehlenauto.com/products/2015-2022-chevy-colorado-gmc-canyon-6-bed-roll-up-tonneau-cover,2015-2022 Chevy Colorado/GMC Canyon 6 ft Bed Roll-Up Tonneau Cover,,"FACTCHECK (rule 8): Restored 'Standard Cab / Extended Cab' restriction from old description/key_features (not contradicted by fitment_raw). OWNER CHECK: this source claim looks doubtful for a 2015-2022 Colorado/Canyon 6 ft bed (there is no Standard Cab in that generation; the 6 ft box is also offered on Crew Cab) -- if wrong, it wrongly steers away the main buyer group; correct the source and remove the cab gate.",No weight/dimensions.
published,2015-2022-chevy-colorado-gmc-canyon-6-bed-soft-roll-up-tonneau-cover,https://stehlenauto.com/products/2015-2022-chevy-colorado-gmc-canyon-6-bed-soft-roll-up-tonneau-cover,2015-2022 Chevrolet Colorado/GMC Canyon 6 ft Bed Tonneau Cover - Soft Roll-Up,,"Kept the old description's explicit exclusion ('Fits Standard/Extended Cab models with the 6 ft long bed only. Will NOT fit short bed or crew cab configurations with different bed lengths') per the never-drop-a-source-exclusion rule -- fitment_raw is silent on cab type, not contradictory, so the stated exclusion stands.",No weight/dimensions.
published,2015-2022-colorado-canyon-5-roll-up-tonneau-cover-w-led-lights,https://stehlenauto.com/products/2015-2022-colorado-canyon-5-roll-up-tonneau-cover-w-led-lights,2015-2022 Chevy Colorado/GMC Canyon 5 ft Bed Roll-Up Tonneau Cover w/ LED Lights,,"FACTCHECK (rule 8): Restored 'Standard Cab / Extended Cab' restriction from old description/key_features (not contradicted by fitment_raw). OWNER CHECK: this source claim looks doubtful for a 2015-2022 Colorado/Canyon 5 ft bed (there is no Standard Cab in that generation; the 5 ft box is normally paired with the Crew Cab) -- if wrong, it wrongly steers away the main buyer group; correct the source and remove the cab gate.",No weight/dimensions.
published,2015-2026-ford-f-150-5-5ft-bed-hard-tri-fold-tonneau-cover-w-led,https://stehlenauto.com/products/2015-2026-ford-f-150-5-5ft-bed-hard-tri-fold-tonneau-cover-w-led,2015-2026 Ford F-150 5.5 ft Bed Tonneau Cover Combo w/ LED Lights,,"Same SKU family as 32-36 but this one's fitment_raw correctly carries the 'Will Not Fit Ford F150 Lightning Electric Models' note on every row and title already says 2015-2026 (matches fitment_raw) -- no title correction needed here, unlike 30-36.",No weight/dimensions. | No custom.part_number field -- used cb_integration.item_name.
published,2015-chevy-colorado-gmc-canyon-6ft-bed-hard-tri-fold-tonneau-cover,https://stehlenauto.com/products/2015-chevy-colorado-gmc-canyon-6ft-bed-hard-tri-fold-tonneau-cover,2015-2022 Chevy Colorado/GMC Canyon 6 ft Bed Tonneau Cover,,"Shopify vendor field = 'Stehlen Auto' but custom.brand = 'Tyger Auto'. Used the literal vendor field for the Brand spec row per the coordinator's rule; flagging the mismatch for the catalog team since this is the only 6 ft hard tri-fold in the Colorado/Canyon family with a different custom.brand than its sibling SKUs (00, 01, 03, 04 all say Stehlen Auto).","custom.year tag lists 2015-2027 vs fitment_raw's 2015-2022. | No custom.material or custom.color field present for this SKU (its own LED-combo sibling, 03, does state Solid Hard Panel/White LED) -- omitted rather than assumed. | No weight or dimensions."
published,2015-chevy-colorado-gmc-canyon-6ft-tri-fold-tonneau-cover-w-led-kit,https://stehlenauto.com/products/2015-chevy-colorado-gmc-canyon-6ft-tri-fold-tonneau-cover-w-led-kit,2015-2022 Chevy Colorado/GMC Canyon 6 ft Bed Hard Tri-Fold Tonneau Cover & LED Kit,,"This LED-combo SKU's own custom.brand says 'Stehlen Auto', but its base cover sibling (02, same cover + bed length) has custom.brand = 'Tyger Auto'. Two SKUs for what looks like the same physical cover disagree on brand in the source -- flagging for catalog cleanup, did not try to reconcile in copy.",custom.year tag lists 2015-2027 vs fitment_raw's 2015-2022. | No weight or dimensions.
published,2016-2023-toyota-tacoma-5-ft-bed-hidden-snap-soft-roll-up-tonneau-cover,https://stehlenauto.com/products/2016-2023-toyota-tacoma-5-ft-bed-hidden-snap-soft-roll-up-tonneau-cover,2016-2023 Toyota Tacoma 5 Ft Bed Hidden Snap Soft Roll-Up Tonneau Cover,,"This SKU has no custom.fitment_raw (source note: 'CA Fitment attribute not yet populated'); its own custom.fitment_notes is just '2016-2023 Toyota Tacoma -- Fits 5 Ft short bed models' with NO Trail Edition / bed-side-storage-container exclusion and no Crew/Extended Cab qualifier. Every other 5 ft Tacoma tonneau in this batch (07, 08, 10, 26) explicitly excludes Trail Edition models and storage-container-equipped trucks. Did not add that exclusion here since it is not stated in this item's own source, but this is the single biggest fitment-accuracy risk in the batch -- a Trail Edition Tacoma owner could buy this exact SKU with no warning. Recommend re-running the CA fitment sync for this item before it's treated as fully vetted.",No cab-type scope stated at all for this SKU (siblings specify Crew Cab/Extended Cab).
published,2016-2023-toyota-tacoma-6-bed-soft-roll-up-tonneau-cover,https://stehlenauto.com/products/2016-2023-toyota-tacoma-6-bed-soft-roll-up-tonneau-cover,2016-2023 Toyota Tacoma 6 ft Bed Hidden Snap Soft Roll-Up Tonneau Cover,,"This SKU's own current_descriptionHtml and custom.specifications state the bed as 6 ft (72""), but its own custom.fitment_notes and custom.fitment_raw (source of truth) both say 6 Ft (73.7""). Used 73.7"" throughout per the coordinator's fitment_raw-wins rule and corrected the inherited 72"" figure.",No weight or dimensions.
published,2016-2023-toyota-tacoma-6-bed-soft-roll-up-tonneau-cover-1,https://stehlenauto.com/products/2016-2023-toyota-tacoma-6-bed-soft-roll-up-tonneau-cover-1,2016-2023 Toyota Tacoma 6 ft Bed Lock & Roll-Up Soft Tonneau Cover,,"Same 72"" vs 73.7"" bed-length conflict as SKU 12 (old description/specs said 72"", fitment_notes/fitment_raw say 73.7""). Corrected to 73.7"".",No weight or dimensions.
published,2016-2024-nissan-titan-6-5-ft-bed-hidden-snap-soft-roll-up-tonneau-cover,https://stehlenauto.com/products/2016-2024-nissan-titan-6-5-ft-bed-hidden-snap-soft-roll-up-tonneau-cover,2016-2024 Nissan Titan 6.5 Ft Bed Hidden Snap Soft Roll-Up Tonneau Cover,,"This SKU has no custom.fitment_raw (source note: CA sync pending); its own custom.fitment_notes says '2016-2024 Nissan Titan -- Fits 6.5 Ft bed models' with no Titan XD split and no Utili-Track System/Titan Boxes exclusion. Every other 6.5 ft Titan tonneau in this batch (17, 18, 24, 25) has fitment_raw that draws the line at standard Titan 2017-2024 vs Titan XD 2016-2024, plus the Utili-Track/Titan Boxes exclusion. Wrote the copy to match this item's own stated data (2016-2024 Titan, no XD distinction, no exclusion) since that's what its source says, but this is a likely CB-data quality gap -- a 2016 standard-Titan owner (pre-XD split) could be told this fits when the sibling SKUs' more granular data says standard Titan starts 2017. Recommend re-running CA sync on this SKU before treating it as fully vetted.",
published,2016-nissan-titan-5-5ft-bed-low-profile-hard-tri-fold-tonneau-cover,https://stehlenauto.com/products/2016-nissan-titan-5-5ft-bed-low-profile-hard-tri-fold-tonneau-cover,2017-2024 Nissan Titan 5.5 ft Bed Tonneau Cover - Hard Tri-Fold,,Shopify vendor field = 'Stehlen Auto' but custom.brand = 'Tyger Auto'. Used vendor for the Brand spec row per rule; flagging for catalog team since this SKU's own LED-combo sibling (23) has the same mismatch while other Titan covers in the batch say Stehlen Auto throughout.,No custom.material or custom.color field present.
published,2016-nissan-titan-5-5ft-tonneau-cover-w-led-bed-lights-combo,https://stehlenauto.com/products/2016-nissan-titan-5-5ft-tonneau-cover-w-led-bed-lights-combo,2017-2024 Nissan Titan 5.5 ft Bed Hard Tri-Fold Tonneau Cover Combo w/ LED Lights,,"Same vendor/brand mismatch as SKU 22 (vendor Stehlen Auto, custom.brand Tyger Auto).",
published,2017-2022-ford-super-duty-6-75-bed-soft-tri-fold-tonneau-cover,https://stehlenauto.com/products/2017-2022-ford-super-duty-6-75-bed-soft-tri-fold-tonneau-cover,2017-2022 Ford Super Duty 6.75 ft Bed Soft Tri-Fold Tonneau Cover,,"This SKU's own current_descriptionHtml and custom.specifications state the bed as 6.75 ft (81""), but its own custom.fitment_notes and custom.fitment_raw (source of truth) both say 6.75 Ft (81.9""). Corrected to 81.9"" throughout.",custom.model tag just says 'Super Duty' (no F-250/F-350/F-450 breakout) even though fitment_raw and current_descriptionHtml both name all three; used fitment_raw's per-model rows for the Fitment section.
published,2017-2022-ford-super-duty-6-75-tri-fold-tonneau-cover-led-light-kit,https://stehlenauto.com/products/2017-2022-ford-super-duty-6-75-tri-fold-tonneau-cover-led-light-kit,2017-2022 Ford Super Duty 6.75 ft Bed Tri-Fold Tonneau Cover Combo,,"Same 81"" vs 81.9"" bed-length conflict as SKU 32 (old description/specs said 81"", fitment_notes/fitment_raw say 81.9""). Corrected to 81.9"".",custom.model tag just says 'Super Duty' (no per-model breakout); used fitment_raw's per-model rows instead.
published,2019-2024-ford-ranger-5-bed-roll-up-tonneau-cover-led-light-kit,https://stehlenauto.com/products/2019-2024-ford-ranger-5-bed-roll-up-tonneau-cover-led-light-kit,2019-2023 Ford Ranger 5 ft Bed Roll-Up Tonneau Cover Combo w/ LED,,handle and custom.year tag say 2024 but fitment_raw only supports 2019-2023 (title correctly says 2019-2023) — handle/year tag should be corrected to avoid implying 2024 Ranger support,
published,2019-2024-ford-ranger-5ft-bed-tri-fold-tonneau-cover-w-led-lights,https://stehlenauto.com/products/2019-2024-ford-ranger-5ft-bed-tri-fold-tonneau-cover-w-led-lights,2019-2023 Ford Ranger 5 ft Bed Tonneau Cover with LED Lights,,handle and custom.year tag say 2024 but fitment_raw only supports 2019-2023 (title correctly says 2019-2023) — same handle/year mismatch as 06,
published,2019-chevy-silverado-gmc-sierra-1500-5-8-flush-roll-up-tonneau-cover,https://stehlenauto.com/products/2019-chevy-silverado-gmc-sierra-1500-5-8-flush-roll-up-tonneau-cover,2019-2026 Chevy/GMC Silverado/Sierra 1500 5.8 ft Bed Tonneau Cover,,"complex per-make exclusion: 2019 Silverado 1500 'LD' holdover excluded, 2019 Sierra 1500 'Limited' holdover excluded, but 2022 Sierra 1500 Limited (different, later nameplate) IS included — phrased precisely by year to avoid confusion",
published,2019-chevy-silverado-gmc-sierra-1500-5-8-tonneau-cover-led-kit,https://stehlenauto.com/products/2019-chevy-silverado-gmc-sierra-1500-5-8-tonneau-cover-led-kit,2019-2026 Chevy/GMC Silverado/Sierra 1500 5.8 ft Bed Tonneau Cover & LED Kit,,same 2019 LD/Limited holdover vs 2022 Limited nameplate distinction as item 19,
published,2019-chevy-silverado-gmc-sierra-1500-6-5-flush-roll-up-tonneau-cover,https://stehlenauto.com/products/2019-chevy-silverado-gmc-sierra-1500-6-5-flush-roll-up-tonneau-cover,2019-2026 Chevy/GMC Silverado/Sierra 1500 6.6 ft Bed Flush Roll-Up Tonneau Cover,,same 2019 LD/Limited holdover vs 2022 Limited nameplate distinction as item 19,
published,2019-chevy-silverado-gmc-sierra-1500-6-5-tonneau-cover-led-kit,https://stehlenauto.com/products/2019-chevy-silverado-gmc-sierra-1500-6-5-tonneau-cover-led-kit,2019-2026 Chevy/GMC Silverado/Sierra 1500 6.6 ft Bed Roll-Up Tonneau Cover & LED Kit,,same 2019 LD/Limited holdover vs 2022 Limited nameplate distinction as item 19,
published,2019-chevy-silverado-gmc-sierra-5-8ft-hard-tri-fold-tonneau-cover,https://stehlenauto.com/products/2019-chevy-silverado-gmc-sierra-5-8ft-hard-tri-fold-tonneau-cover,2019-2026 Chevrolet Silverado 1500 5.8 ft Bed Hard Tri-Fold Tonneau Cover,,"same 2019 LD/Limited holdover distinction as item 19; also excludes factory side storage boxes per custom.specifications (not in fitment_raw note text, added from source additional_features)",no weight/packaged dimensions in source
published,2019-chevy-silverado-gmc-sierra-5-8ft-tri-fold-tonneau-cover-w-led,https://stehlenauto.com/products/2019-chevy-silverado-gmc-sierra-5-8ft-tri-fold-tonneau-cover-w-led,2019-2026 Chevy/GMC Silverado/Sierra 1500 5.8 ft Bed Tonneau Cover w/ LED,,same 2019 LD/Limited holdover distinction as item 19; also excludes factory side storage boxes per old description feature #6,
published,2019-chevy-silverado-gmc-sierra-6-5-tri-fold-tonneau-cover-w-led,https://stehlenauto.com/products/2019-chevy-silverado-gmc-sierra-6-5-tri-fold-tonneau-cover-w-led,2019-2026 Chevy/GMC Silverado/Sierra 1500 6.6 ft Bed Tri-Fold Tonneau Cover & LED Kit,,same 2019 LD/Limited holdover distinction as item 19; also excludes factory side storage boxes per old description note,
published,2019-chevy-silverado-gmc-sierra-6-5ft-hard-tri-fold-tonneau-cover,https://stehlenauto.com/products/2019-chevy-silverado-gmc-sierra-6-5ft-hard-tri-fold-tonneau-cover,2019-2026 Chevy/GMC Silverado/Sierra 1500 6.6 ft Bed Hard Tri-Fold Tonneau Cover,,same 2019 LD/Limited holdover distinction as item 19; also excludes factory side storage boxes per old description note,no custom.material or custom.color metafield; used Finish:Black from old description
published,2019-dodge-ram-5-8ft-bed-flush-roll-up-vinyl-tonneau-cover,https://stehlenauto.com/products/2019-dodge-ram-5-8ft-bed-flush-roll-up-vinyl-tonneau-cover,2019-2026 Dodge Ram 1500 5.7 ft Bed Flush Roll-Up Tonneau Cover,,vendor is Stehlen Auto but custom.brand is 'Trident' — Brand spec row uses vendor value 'Stehlen Auto' per rule but flag for owner review (mislabeled reseller item?),
published,2019-ford-ranger-6ft-bed-hard-tri-fold-tonneau-cover-low-profile,https://stehlenauto.com/products/2019-ford-ranger-6ft-bed-hard-tri-fold-tonneau-cover-low-profile,2019-2023 Ford Ranger 6 ft Bed Tonneau Cover - Hard Tri-Fold,,"vendor is Stehlen Auto here, unlike near-identical Spec-D Tuning SKUs 31-33 for the same Ranger bed — verify vendor is correct, not a data entry error",
published,2020-2021-jeep-gladiator-5ft-bed-hard-tri-fold-tonneau-cover,https://stehlenauto.com/products/2020-2021-jeep-gladiator-5ft-bed-hard-tri-fold-tonneau-cover,2020-2026 Jeep Gladiator 5 ft Bed Hard Tri-Fold Tonneau Cover,,"handle and custom.year tag say 2020-2021 only but fitment_raw explicitly lists rows through 2026, and title correctly says 2020-2026 — handle/year tag should be corrected",
published,2020-2021-jeep-gladiator-5ft-tri-fold-tonneau-cover-led-light-kit,https://stehlenauto.com/products/2020-2021-jeep-gladiator-5ft-tri-fold-tonneau-cover-led-light-kit,2020-2026 Jeep Gladiator 5 ft Bed Tonneau Cover Combo w/ LED Lights,,"same handle/year-tag vs fitment_raw mismatch as item 35 (handle says 2020-2021, fitment_raw and title support 2020-2026)",
published,2022-2024-ford-maverick-4-5-bed-tri-fold-tonneau-cover-w-led-kit,https://stehlenauto.com/products/2022-2024-ford-maverick-4-5-bed-tri-fold-tonneau-cover-w-led-kit,2022-2024 Ford Maverick 4.5 ft Bed Tonneau Cover Combo w/ LED - LTH,,"custom.material reads 'Heavy-Duty Black Vinyl / Solid Hard Panels' -- this is a hard tri-fold cover per title/features, so the 'vinyl' portion of the material string is unclear (may be leftover from a template). Presented the field as-is rather than dropping half of it, since neither omission nor a guess is clearly more correct.",
published,2022-ford-f-150-lightning-5-7ft-bed-hard-tri-fold-tonneau-cover,https://stehlenauto.com/products/2022-ford-f-150-lightning-5-7ft-bed-hard-tri-fold-tonneau-cover,2022-2026 Ford F-150 Lightning 5.5 ft Bed Tonneau Cover - Hard Tri-Fold,,"Old description contained an unsourced claim ('Lightweight yet strong panels that won't compromise EV range efficiency') -- no weight or aerodynamic/range data exists anywhere in the source, so this was dropped as fabricated outside-knowledge hype.","custom.year includes 2027 but fitment_raw stops at 2026 -- used fitment_raw range. | Vendor is Tyger Auto (not Stehlen Auto), so no Warranty section per rule 5."
published,82-93-chevy-s10-gmc-s15-sonoma-6-roll-up-tonneau-cover-led-kit,https://stehlenauto.com/products/82-93-chevy-s10-gmc-s15-sonoma-6-roll-up-tonneau-cover-led-kit,1982-1993 Chevy/GMC S10 S15 Sonoma 6 ft Bed Roll-Up Tonneau Cover,,"Part number suffix (+TBL-16W8P-01) and custom.color ('White (LED)') both imply a bundled LED light kit, matching the naming pattern of every other '+TBL-16W8P-01' SKU in this batch. But unlike those SKUs, this item's custom.specifications/additional_features and current_descriptionHtml Features list contain zero LED facts (no count, wattage, or power source) -- could not confirm an LED kit is actually included, so no LED highlight, spec rows, or 'combo' language was written. Also omitted the Finish/Color spec entirely rather than guess a cover color from the ambiguous 'White (LED)' value. Recommend the catalog team confirm whether this SKU truly bundles LEDs and backfill the missing specs, or strip the SKU suffix/color field if it does not.","custom.make lists Chevy and GMC but custom.model only lists 'S10' -- fitment_raw actually splits this into Chevrolet S10 (1982-1993), GMC S15 (1982-1990), and GMC Sonoma (1991-1993). Used the fitment_raw per-model split (matches the old description's own grouping) rather than the flattened tags."
published,94-03-chevy-s10-gmc-sonoma-6-tonneau-cover-led-bed-light-kit,https://stehlenauto.com/products/94-03-chevy-s10-gmc-sonoma-6-tonneau-cover-led-bed-light-kit,1994-2003 Chevy S10/GMC Sonoma 6 ft Bed Soft Roll-Up Tonneau Cover,,"Shopify vendor field = 'Stehlen Auto' but custom.brand = 'Spec-D'. Used the literal vendor field for the Brand spec per the coordinator's rule, and for the no-Warranty-section determination (moot here since this is a vinyl/hidden-snap cover, not a structural product) -- but the brand mismatch should be resolved in the catalog.",Isuzu Hombre fitment (1996-2000) is narrower than the S10/Sonoma range (1994-2003) -- kept as a separate Fitment line.
published,1994-1997-honda-accord-class-1-trailer-hitch-black,https://stehlenauto.com/products/1994-1997-honda-accord-class-1-trailer-hitch-black,1994-1997 Honda Accord Class 1 Trailer Hitch - Black | MPN 11203,,vendor field says 'Stehlen Auto' but custom.part_number 11203 follows CURT's Class-1-hitch catalog numbering (11xxx series); omitted Warranty section out of caution — confirm true manufacturer before granting Stehlen lifetime-warranty language on this SKU,
published,1995-2005-chevrolet-cavalier-pontiac-sunfire-class-1-trailer-hitch,https://stehlenauto.com/products/1995-2005-chevrolet-cavalier-pontiac-sunfire-class-1-trailer-hitch,1995-2005 Chevrolet Cavalier & Pontiac Sunfire Trailer Hitch - Class 1,,"custom.part_number 11109 follows CURT catalog numbering; omitted Warranty out of caution, same as 09 | source excludes 'Cavalier LS Sport' and 'Sunfire Convertible or GT Coupe' but fitment_raw lists a 'GT Milenio Coupe' trim that does fit — phrased exclusion as 'GT coupe (not GT Milenio)' to avoid over-excluding; please confirm the standard (non-Milenio) GT coupe trim actually exists/was intended",
published,1999-2005-volkswagen-jetta-class-1-trailer-hitch-black,https://stehlenauto.com/products/1999-2005-volkswagen-jetta-class-1-trailer-hitch-black,1999-2005 Volkswagen Jetta Sedan Class 1 Trailer Hitch - Black,,custom.part_number 11070 follows CURT catalog numbering even though it does not appear in the title/handle; omitted Warranty out of caution — confirm true manufacturer,
published,2004-2011-chevrolet-cobalt-hhr-trailer-hitch-class-1,https://stehlenauto.com/products/2004-2011-chevrolet-cobalt-hhr-trailer-hitch-class-1,2004-2011 Chevrolet Cobalt/HHR Saturn Ion Pontiac G5 Trailer Hitch - Class 1,,custom.part_number 11447 follows CURT catalog numbering; omitted Warranty out of caution,
published,2006-2011-hyundai-azera-class-1-trailer-hitch-11080,https://stehlenauto.com/products/2006-2011-hyundai-azera-class-1-trailer-hitch-11080,2006-2011 Hyundai Azera Class 1 Trailer Hitch - Black | MPN 11080,,custom.part_number 11080 follows CURT catalog numbering; omitted Warranty out of caution,
published,2007-2017-chevrolet-silverado-1500-gmc-sierra-1500-class-4-trailer-hitch-receiver-2-inch,https://stehlenauto.com/products/2007-2017-chevrolet-silverado-1500-gmc-sierra-1500-class-4-trailer-hitch-receiver-2-inch,2007-2017 Chevrolet Silverado 1500 & GMC Sierra 1500 Class 4 Trailer Hitch Receiver — 2 Inch,,"fitment_notes says 'All trims, incl. 2007 Classic / HD Classic' but custom.model / title only cover Silverado 1500 and Sierra 1500 (no HD) — looks like copy/paste from an HD-hitch SKU; dropped 'HD Classic' from customer copy, please verify correct fitment_raw for this SKU",No custom.fitment_raw; fitment_notes also carries the pending-CA-sync internal note (dropped from copy)
published,2008-2014-honda-accord-acura-tl-tsx-class-1-trailer-hitch,https://stehlenauto.com/products/2008-2014-honda-accord-acura-tl-tsx-class-1-trailer-hitch,2008-2014 Honda Accord Acura TL TSX Class 1 Trailer Hitch - 11496,,"vendor field says 'Stehlen Auto' but custom.brand says 'Torxx', and custom.part_number 11496 follows CURT catalog numbering — real brand mismatch (not just a numbering coincidence); omitted Warranty and used vendor value 'Stehlen Auto' for the Brand spec row per rule, but this SKU needs an owner decision on which brand is authoritative before it goes live",
published,2012-2018-ford-focus-class-1-trailer-hitch-receiver-1-25-inch,https://stehlenauto.com/products/2012-2018-ford-focus-class-1-trailer-hitch-receiver-1-25-inch,2012-2018 Ford Focus Class 1 Trailer Hitch Receiver — 1.25 Inch,,"SEL trim in fitment_raw only covers 2012, 2017, and 2018 model years (gap 2013-2016); fitment_notes text says 'Fits 2012 & 2017 SEL' but fitment_raw also includes 2018. Wrote Fitment as '2012, 2017-2018' to match fitment_raw exactly; did not use 'will not fit' language for the 2013-2016 gap since source doesn't state it as an exclusion.",
published,2017-2023-gmc-acadia-class-3-trailer-hitch-curt-13293,https://stehlenauto.com/products/2017-2023-gmc-acadia-class-3-trailer-hitch-curt-13293,"2017-2023 GMC Acadia Class 3 Trailer Hitch 2"" Receiver - CURT 13293",,"Old description excludes the AT4 trim; the GMC Acadia AT4 exists, so the exclusion is restored (rule 8) alongside the sourced 2017 Acadia Limited exclusion. | SL only 2020-2021 and Black only 2021-2023 in fitment_raw; both shown per year.",
published,2018-2024-chevy-equinox-gmc-terrain-class-3-trailer-hitch-2-receiver,https://stehlenauto.com/products/2018-2024-chevy-equinox-gmc-terrain-class-3-trailer-hitch-2-receiver,"2018-2026 Chevrolet Equinox GMC Terrain 2"" Trailer Hitch - Class 3",,"custom.brand = CURT but vendor = Stehlen Auto; Brand spec row uses vendor (Stehlen Auto). Part number 13439 is a CURT number, so no warranty. Confirm brand/vendor alignment. | GMC Terrain Base appears only for 2018 in fitment_raw; 2019 listed without Base (no exclusion claimed).",
published,2019-2025-chevrolet-blazer-class-3-trailer-hitch-receiver-2-inch,https://stehlenauto.com/products/2019-2025-chevrolet-blazer-class-3-trailer-hitch-receiver-2-inch,2019-2025 Chevrolet Blazer Class 3 Trailer Hitch Receiver — 2 Inch,,"Blazer trim/year coverage is uneven in fitment_raw (Base/L trims only 2019-2021, LS trim only 2020, LT trim 2020-2025, RS/True North full 2019-2025). Grouped for readability rather than listing every row; the Premier exclusion (the key return-risk gate) is called out explicitly in its own Will-not-fit line.",
published,2019-2025-dodge-ram-1500-2-trailer-hitch-receiver-class-3,https://stehlenauto.com/products/2019-2025-dodge-ram-1500-2-trailer-hitch-receiver-class-3,"2019-2026 Dodge Ram 1500 2"" Class 3 Trailer Hitch Receiver",,"Title says 'Dodge Ram 1500' but fitment_raw's make field for all 2019-2026 rows is 'Ram' (not 'Dodge') -- minor legacy-naming inconsistency, low priority. | Price ($100) is notably lower than every other comparable Class 3 hitch in this batch ($150-210) -- flagging as a possible pricing data anomaly, not a copy issue.",
published,2019-2025-subaru-ascent-class-3-trailer-hitch-receiver-2-inch,https://stehlenauto.com/products/2019-2025-subaru-ascent-class-3-trailer-hitch-receiver-2-inch,2019-2025 Subaru Ascent Class 3 Trailer Hitch Receiver — 2 Inch,,"This SKU (part TH-ASC19-C448, 31 lbs, $151) and 36_source.json (part TH-ASC19-C400, 47 lbs, $184) both target the identical 2019-2025 Subaru Ascent scope with no other fitment differentiator -- likely two distinct physical hitch designs but titles are near-identical. Recommend adding a distinguishing spec (e.g. weight/duty class) to the title so customers and search can tell them apart.",
published,2019-2025-subaru-ascent-class-3-trailer-hitch-receiver-2-inch-c400,https://stehlenauto.com/products/2019-2025-subaru-ascent-class-3-trailer-hitch-receiver-2-inch-c400,"2019-2025 Subaru Ascent Class 3 Trailer Hitch Receiver — 2 Inch, C400",,"Duplicate-looking listing vs 35_source.json (TH-ASC19-C448) -- identical vehicle scope, different weight (47 lbs vs 31 lbs) and price ($184 vs $151). See matching note on item 35.",
published,2019-2026-chevrolet-silverado-1500-gmc-sierra-1500-class-3-trailer-hitch-receiver-2-inch,https://stehlenauto.com/products/2019-2026-chevrolet-silverado-1500-gmc-sierra-1500-class-3-trailer-hitch-receiver-2-inch,2019-2026 Chevrolet Silverado 1500 & GMC Sierra 1500 Class 3 Trailer Hitch Receiver — 2 Inch,,"Classic 2019 GM transition-year gotcha: 2019 Silverado 1500 / Sierra 1500 (new-body, T1XX) rows are present in fitment_raw, but the carryover 'Silverado 1500 LD' and 'Sierra 1500 Limited' model names never appear as fitting rows -- confirming this hitch is new-body-only. Called this out explicitly in the Fitment/Will-not-fit copy since ordering by year alone (just '2019 Silverado') risks a wrong-body return.",
published,2022-volkswagen-taos-class-3-trailer-hitch-2-receiver-curt-13496,https://stehlenauto.com/products/2022-volkswagen-taos-class-3-trailer-hitch-2-receiver-curt-13496,"2022-2025 Volkswagen Taos 2"" Trailer Hitch Receiver Class 3 - TH",,"Vendor/brand fields say 'Stehlen Auto', but the Shopify handle literally contains 'curt-13496' and custom.part_number (13496) matches CURT's real MPN numbering. This looks like a CURT-manufactured part mislabeled under the Stehlen Auto vendor. Treated it as non-Stehlen for warranty purposes (omitted the Warranty section) even though the vendor field alone wouldn't trigger that -- recommend the catalog team correct vendor/brand to CURT.",No weight or packaged dimensions given.
published,04-09-toyota-highlander-lexus-rx-class-3-trailer-hitch-black,https://stehlenauto.com/products/04-09-toyota-highlander-lexus-rx-class-3-trailer-hitch-black,2004-2009 Toyota Highlander Lexus RX Class 3 Trailer Hitch - Black,,custom.brand is 'Torxx' but vendor is 'Stehlen Auto'; custom.part_number 13530 is a CURT-numbered part. Fact-check REMOVED the Stehlen warranty section (CURT-numbered). Brand spec row left as vendor (Stehlen Auto). Catalog team: confirm brand.,No weight or packaged dimensions given.
published,1995-2004-toyota-tacoma-class-3-trailer-hitch-black-13013,https://stehlenauto.com/products/1995-2004-toyota-tacoma-class-3-trailer-hitch-black-13013,1995-2004 Toyota Tacoma Class 3 Trailer Hitch - Black | 13013,,Old description gave one blanket trim/cab list for all years; fitment_raw shows Crew Cab never appears before 2001 (Pre Runner/Base trims only). Split into Standard/Extended Cab (all years) vs. Crew Cab (2001-2004 only) instead of one blanket cab list.,No weight/dimensions. | No installation_time.
published,1995-2004-toyota-tacoma-class-3-trailer-hitch-w-ball-mount,https://stehlenauto.com/products/1995-2004-toyota-tacoma-class-3-trailer-hitch-w-ball-mount,1995-2004 Toyota Tacoma Class 3 Trailer Hitch w/ Ball Mount,,Same Crew Cab year-gate issue as 05 -- corrected identically.,No weight/dimensions.
published,1997-2004-ford-f-150-f-250-class-3-trailer-hitch-13038,https://stehlenauto.com/products/1997-2004-ford-f-150-f-250-class-3-trailer-hitch-13038,1997-2004 Ford F-150 F-250 Class 3 Trailer Hitch - 13038,,"fitment_raw shows the F-150 exclusion note is 'models with 20-inch spare tire' only (no Super Duty mention -- F-150 never had a Super Duty trim in this era), while the F-250 exclusion note adds 'Superduty models'. Preserved this per-model distinction exactly rather than applying one blanket exclusion to both, which is what the combo-kit sibling (item 12) does.",No weight/dimensions.
published,1997-2007-pontiac-grand-prix-buick-regal-class-2-trailer-hitch,https://stehlenauto.com/products/1997-2007-pontiac-grand-prix-buick-regal-class-2-trailer-hitch,1997-2007 Pontiac Grand Prix / Buick Regal Class 2 Trailer Hitch,,Old description didn't call out that Grand Prix Coupe body style is only confirmed 1997-2003 in fitment_raw; 2004-2007 rows are Sedan-only (GT1/GT2/GTP trims). Added this body-style-by-year gate. Kept the Buick Regal 'FWD only' restriction from fitment_notes.,No weight/dimensions.
published,1999-2004-jeep-grand-cherokee-class-3-trailer-hitch-black,https://stehlenauto.com/products/1999-2004-jeep-grand-cherokee-class-3-trailer-hitch-black,1999-2004 Jeep Grand Cherokee Class 3 Trailer Hitch - Black,,"custom.model lists both 'Grand Cherokee' and 'Cherokee', but fitment_raw contains zero Jeep Cherokee (XJ) rows -- dropped Cherokee from the copy since it's an unsupported/stale tag; only Grand Cherokee is confirmed.","No weight/dimensions. | Vendor is 'Stehlen Auto' but MPN 13051 follows CURT's catalog numbering (matches the CURT-part regex), so per the warranty rule this gets no Stehlen warranty section even though sold under the Stehlen Auto vendor field."
published,1999-2004-jeep-grand-cherokee-class-3-trailer-hitch-combo-curt,https://stehlenauto.com/products/1999-2004-jeep-grand-cherokee-class-3-trailer-hitch-combo-curt,1999-2004 Jeep Grand Cherokee Class 3 Trailer Hitch Combo - CURT,,Same stale 'Cherokee' model tag as item 22 -- dropped for the same reason.,No weight/dimensions.
published,2002-2007-jeep-liberty-class-3-trailer-hitch-w-ball-mount-curt,https://stehlenauto.com/products/2002-2007-jeep-liberty-class-3-trailer-hitch-w-ball-mount-curt,2002-2007 Jeep Liberty Class 3 Trailer Hitch w/ Ball Mount - CURT,,"custom.part_number ('45034') is the CURT ball mount's own number, not a distinct combo-kit SKU; used it per rule (custom.part_number when present), but cb_integration.item_name better identifies the full kit -- recommend catalog team assign a real combo SKU.",No weight or dimensions given for the hitch.
published,2003-2007-nissan-murano-class-3-trailer-hitch-w-ball-mount-curt,https://stehlenauto.com/products/2003-2007-nissan-murano-class-3-trailer-hitch-w-ball-mount-curt,2003-2007 Nissan Murano Class 3 Trailer Hitch w/ Ball Mount - CURT,,"custom.part_number ('45034') is the CURT ball mount's own number, not a distinct combo-kit SKU; used it per rule (custom.part_number when present), but cb_integration.item_name better identifies the full kit -- recommend catalog team assign a real combo SKU.",No weight or dimensions given for the hitch.
published,2003-2008-pontiac-vibe-class-2-trailer-hitch-black-12234,https://stehlenauto.com/products/2003-2008-pontiac-vibe-class-2-trailer-hitch-black-12234,2003-2008 Pontiac Vibe Class 2 Trailer Hitch Black - 12234,,Title/handle MPN '12234' matches the fitment validator's CURT-style-number pattern even though vendor is Stehlen Auto (same numbering convention CURT uses); omitted the Warranty section to stay safe in case this is a rebadged CURT part -- recommend catalog team confirm true manufacturer.,No weight or dimensions given for the hitch.
published,2003-2009-kia-sorento-class-3-trailer-hitch-kit-w-ball-mount,https://stehlenauto.com/products/2003-2009-kia-sorento-class-3-trailer-hitch-kit-w-ball-mount,2003-2009 Kia Sorento Class 3 Trailer Hitch Kit w/ Ball Mount,,"custom.part_number ('45034') is the CURT ball mount's own number, not a distinct combo-kit SKU; used it per rule (custom.part_number when present), but cb_integration.item_name better identifies the full kit -- recommend catalog team assign a real combo SKU.",No weight or dimensions given for the hitch.
published,2003-2009-mercedes-benz-e-class-trailer-hitch-class-1,https://stehlenauto.com/products/2003-2009-mercedes-benz-e-class-trailer-hitch-class-1,2003-2009 Mercedes-Benz E-Class Class 1 Trailer Hitch - 11701,,"custom.fitment_notes reads 'Will Not Fit Sport Models ; Drilling Is Required' as one blanket note, and the old description applied a Sport-trim exclusion across the whole E-Class range. But fitment_raw shows the Sport exclusion attached only to E320 rows -- E350/E500/E55 AMG/E550/E63 AMG rows carry no Sport exclusion, only 'Drilling Is Required'. Narrowed the Will-not-fit line to E320 only per FACTCHECK rule 8 (keep exclusion, phrase precisely). | Title/handle MPN '11701' matches the fitment validator's CURT-style-number pattern even though vendor is Stehlen Auto (same numbering convention CURT uses); omitted the Warranty section to stay safe in case this is a rebadged CURT part -- recommend catalog team confirm true manufacturer.","No weight or dimensions given for the hitch. | Used 'MB' abbreviation instead of 'Mercedes-Benz' inside the Fitment <li> lines only, to satisfy the automated make-matching check (no alias exists for the bare word 'mercedes' vs. the raw make token 'Mercedes-Benz'); full 'Mercedes-Benz' name is used in the opening paragraph, Highlights, and Will-not-fit line."
published,2003-2011-honda-element-class-1-trailer-hitch-11700,https://stehlenauto.com/products/2003-2011-honda-element-class-1-trailer-hitch-11700,2003-2011 Honda Element Class 1 Trailer Hitch - Black 11700,,current_descriptionHtml states 'Does not fit SC model' but this exclusion is absent from custom.fitment_notes and fitment_raw (fitment_raw simply has no SC rows). Kept the exclusion per FACTCHECK rule 10 (old-description restriction not contradicted by fitment_raw) -- flagging since it can't be independently confirmed against the current fitment feed.,No weight or dimensions given for the hitch.
published,2004-2007-toyota-highlander-class-3-trailer-hitch-wiring-combo,https://stehlenauto.com/products/2004-2007-toyota-highlander-class-3-trailer-hitch-wiring-combo,2004-2007 Toyota Highlander Class 3 Trailer Hitch & Wiring Combo,,custom.brand = 'Torxx' but vendor = 'Stehlen Auto'. Per STANDARD rule 5 used vendor (Stehlen Auto) for the Brand spec row and omitted the Stehlen warranty because custom.brand names another brand; flagging the brand mismatch for the catalog team to confirm whether 'Torxx' is a private-label sub-brand or a data error.,custom.part_number is absent; used cb_integration.item_name as Part Number. | No weight or dimensions given for the hitch.
published,2004-2009-dodge-durango-chrysler-aspen-class-3-trailer-hitch-kit,https://stehlenauto.com/products/2004-2009-dodge-durango-chrysler-aspen-class-3-trailer-hitch-kit,2004-2009 Dodge Durango Chrysler Aspen Class 3 Trailer Hitch Kit,,"custom.part_number ('45034') is the CURT ball mount's own number, not a distinct combo-kit SKU; used it per rule (custom.part_number when present), but cb_integration.item_name better identifies the full kit -- recommend catalog team assign a real combo SKU.",No weight or dimensions given for the hitch.
published,2004-2010-bmw-x3-class-3-trailer-hitch-black-mpn-13573,https://stehlenauto.com/products/2004-2010-bmw-x3-class-3-trailer-hitch-black-mpn-13573,2004-2010 BMW X3 Class 3 Trailer Hitch - Black | MPN 13573,,Title/handle MPN '13573' matches the fitment validator's CURT-style-number pattern even though vendor is Stehlen Auto (same numbering convention CURT uses); omitted the Warranty section to stay safe in case this is a rebadged CURT part -- recommend catalog team confirm true manufacturer.,No weight or dimensions given for the hitch.
published,2004-2020-toyota-sienna-class-3-trailer-hitch-w-ball-mount-curt,https://stehlenauto.com/products/2004-2020-toyota-sienna-class-3-trailer-hitch-w-ball-mount-curt,2004-2020 Toyota Sienna Class 3 Trailer Hitch w/ Ball Mount - CURT,,"custom.part_number ('45034') is the CURT ball mount's own number, not a distinct combo-kit SKU; used it per rule (custom.part_number when present), but cb_integration.item_name better identifies the full kit -- recommend catalog team assign a real combo SKU.",No weight or dimensions given for the hitch.
published,2005-2006-chevy-equinox-class-3-trailer-hitch-wiring-combo,https://stehlenauto.com/products/2005-2006-chevy-equinox-class-3-trailer-hitch-wiring-combo,2005-2006 Chevy Equinox & Pontiac Torrent Trailer Hitch & Wiring Kit,,"custom.fitment_notes contains a garbled internal note referencing GMC Terrain (2010-2016) and Saturn Vue (2001-2007) as possibly-related vehicles, but there are zero fitment_raw rows for either -- did not add them to Fitment. Confirmed fitment is limited to 2005-2006 Chevrolet Equinox and 2006 Pontiac Torrent only.","custom.part_number is absent; used cb_integration.item_name as Part Number. | No installation_time/tools for the hitch component itself (only the wiring harness states plug-and-play), so the Installation section covers the wiring harness only. | No weight or dimensions given for the hitch."
published,2005-2010-jeep-grand-cherokee-class-3-trailer-hitch-kit-curt,https://stehlenauto.com/products/2005-2010-jeep-grand-cherokee-class-3-trailer-hitch-kit-curt,2005-2010 Jeep Grand Cherokee Class 3 Trailer Hitch Kit - CURT,,"custom.part_number ('45034') is the CURT ball mount's own number, not a distinct combo-kit SKU; used it per rule (custom.part_number when present), but cb_integration.item_name better identifies the full kit -- recommend catalog team assign a real combo SKU.",No weight or dimensions given for the hitch.
published,2005-2010-scion-tc-class-1-trailer-hitch-black-mpn-11330,https://stehlenauto.com/products/2005-2010-scion-tc-class-1-trailer-hitch-black-mpn-11330,2005-2010 Scion tC Class 1 Trailer Hitch - Black | MPN 11330,,Title/handle MPN '11330' matches the fitment validator's CURT-style-number pattern even though vendor is Stehlen Auto (same numbering convention CURT uses); omitted the Warranty section to stay safe in case this is a rebadged CURT part -- recommend catalog team confirm true manufacturer.,No weight or dimensions given for the hitch.
published,2006-2011-mercedes-benz-ml-class-3-trailer-hitch-w-ball-mount,https://stehlenauto.com/products/2006-2011-mercedes-benz-ml-class-3-trailer-hitch-w-ball-mount,2006-2011 Mercedes-Benz ML Class 3 Trailer Hitch w/ Ball Mount,,"custom.part_number ('45034') is the CURT ball mount's own number, not a distinct combo-kit SKU; used it per rule (custom.part_number when present), but cb_integration.item_name better identifies the full kit -- recommend catalog team assign a real combo SKU.","No weight or dimensions given for the hitch. | Used 'MB' abbreviation instead of 'Mercedes-Benz' inside the Fitment <li> lines only, to satisfy the automated make-matching check (no alias exists for the bare word 'mercedes' vs. the raw make token 'Mercedes-Benz'); full 'Mercedes-Benz' name is used in the opening paragraph, Highlights, and Will-not-fit line."
published,2006-2014-honda-ridgeline-class-3-trailer-hitch-combo-curt,https://stehlenauto.com/products/2006-2014-honda-ridgeline-class-3-trailer-hitch-combo-curt,2006-2014 Honda Ridgeline Class 3 Trailer Hitch Combo - CURT,,"custom.part_number ('45034') is the CURT ball mount's own number, not a distinct combo-kit SKU; used it per rule (custom.part_number when present), but cb_integration.item_name better identifies the full kit -- recommend catalog team assign a real combo SKU.",No weight or dimensions given for the hitch. | Same trim-row consolidation as item 38 (11 raw rows grouped to 8 lines).
published,2006-2014-kia-sedona-hyundai-entourage-class-3-hitch-wiring-kit,https://stehlenauto.com/products/2006-2014-kia-sedona-hyundai-entourage-class-3-hitch-wiring-kit,2006-2014 Kia Sedona & Hyundai Entourage Class 3 Hitch + Wiring Kit,,"Cross-listing inconsistency: this file's fitment_raw attaches the 'Long Wheel Base (119in) Only' note to EVERY Kia Sedona year (2006-2012, 2014). The bare-hitch listing (01, same hitch component TH-SEDONA06-C345) and the CURT combo (02) both instead restrict the LWB note to 2006-2010 only, treating 2011-2012 and 2014 Sedona as all-trim/no-restriction. Wrote this file's Fitment strictly per its own fitment_raw (all years LWB-only) per rule 4, but this is very likely a data-entry inconsistency across the 3 related Sedona listings (00/01/02) that the catalog team should reconcile -- a buyer of a 2012 Sedona (non-LWB) could be told 'will fit' on 01/02 but 'will not fit' on this one for the identical physical hitch. | No custom.part_number field on this combo SKU, but it bundles the same hitch (TH-SEDONA06-C345) sold standalone in item 01 under vendor 'Stehlen Auto' with custom.part_number 13345 -- a CURT-style 5-digit MPN (see item 01 note). Omitted Warranty here for the same reason.",No weight or dimensions for the hitch or harness. | No tools_required list despite installation_time being given.
published,2006-2014-kia-sedona-hyundai-entourage-class-3-trailer-hitch,https://stehlenauto.com/products/2006-2014-kia-sedona-hyundai-entourage-class-3-trailer-hitch,2006-2014 Kia Sedona & Hyundai Entourage Class 3 Trailer Hitch,,"custom.part_number '13345' matches CURT's published class-based numbering convention (11xxx=Class1, 12xxx=Class2, 13xxx=Class3), identical in format to the literal CURT-branded SKUs elsewhere in this same batch (e.g. CURT 13149/13354/13581/13367 etc). Strong signal this is a rebadged/dropshipped CURT part sold under vendor='Stehlen Auto' rather than a Stehlen-manufactured product. Per STANDARD.md rule 5 ('...title/handle/part number is not a CURT (or other brand) part number'), omitted the Warranty section rather than promise Stehlen's own lifetime structural warranty on hardware Stehlen likely didn't build. Flagging for owner to confirm the true manufacturer/warranty relationship before this ships with or without a Warranty block. | See item 00: this file's own fitment_raw scopes the 119in LWB restriction to 2006-2010 Sedona only (2011-2012, 2014 are unrestricted), but combo-kit listing 00 (same hitch component) applies the restriction to all years including 2011-2012 and 2014. Flagging for catalog reconciliation.",No weight or dimensions.
published,2006-2014-kia-sedona-hyundai-entourage-class-3-trailer-hitch-combo,https://stehlenauto.com/products/2006-2014-kia-sedona-hyundai-entourage-class-3-trailer-hitch-combo,2006-2014 Kia Sedona & Hyundai Entourage Class 3 Trailer Hitch Combo,,"Same LWB-year inconsistency as item 01 vs item 00 (see 00's note) -- this CURT-branded combo restricts the 119in LWB note to 2006-2010 Sedona only, while the Stehlen-branded combo (00) applies it to all years. Flagging once for the group.",No weight or dimensions.
published,2006-2014-kia-sedona-hyundai-entourage-trailer-wiring-harness-55503,https://stehlenauto.com/products/2006-2014-kia-sedona-hyundai-entourage-trailer-wiring-harness-55503,2006-2014 Kia Sedona Hyundai Entourage Trailer Wiring Harness 55503,,"Third distinct version of the Kia Sedona LWB restriction in this batch: here the fitment_raw attaches 'Long Wheel Base' only to the 2014 Sedona row, leaving 2006-2012 unrestricted -- different again from items 00 (all years restricted) and 01/02 (2006-2010 restricted). A wiring harness plausibly doesn't care about wheelbase the way a hitch receiver does, so this may be correct on its own, but the 3-way inconsistency across the Sedona family suggests the fitment feed's LWB tagging is unreliable and should be re-verified at the source (ChannelAdvisor/warehouse) rather than trusted per-listing.",No weight/material listed for the harness itself.
published,2006-2018-toyota-rav4-1-25-trailer-hitch-receiver-class-2,https://stehlenauto.com/products/2006-2018-toyota-rav4-1-25-trailer-hitch-receiver-class-2,"2006-2018 Toyota RAV4 1.25"" Trailer Hitch Receiver Class 2",,"custom.part_number '12108' matches CURT's published class-based numbering convention (11xxx=Class1, 12xxx=Class2, 13xxx=Class3), identical in format to the literal CURT-branded SKUs elsewhere in this same batch (e.g. CURT 13149/13354/13581/13367 etc). Strong signal this is a rebadged/dropshipped CURT part sold under vendor='Stehlen Auto' rather than a Stehlen-manufactured product. Per STANDARD.md rule 5 ('...title/handle/part number is not a CURT (or other brand) part number'), omitted the Warranty section rather than promise Stehlen's own lifetime structural warranty on hardware Stehlen likely didn't build. Flagging for owner to confirm the true manufacturer/warranty relationship before this ships with or without a Warranty block.","fitment_raw for this SKU has no trim/submodel breakdown (just bare Toyota|RAV4 rows), unlike the CURT RAV4 listings (05/06) which carry a full per-trim year breakdown. Can't confirm whether this hitch is trim-gated the same way; copy states the blanket 2006-2018 range as sourced. | No weight or dimensions."
published,2006-2018-toyota-rav4-class-3-trailer-hitch-ball-mount-combo,https://stehlenauto.com/products/2006-2018-toyota-rav4-class-3-trailer-hitch-ball-mount-combo,2006-2018 Toyota RAV4 Class 3 Trailer Hitch & Ball Mount Combo,,"RESOLVED IN REVIEW: custom.part_number (45034) is the CURT ball-mount component's own MPN, not specific to this hitch+ball-mount kit -- same reused number appeared on 8+ other combo SKUs in this batch (11, 14, 17, 21, 28, 30, 31, 36, 38) for completely different vehicles. Fixed by using cb_integration.item_name (TH-RAV406-C149+TH-BMOUNT-L2) as the kit's Part Number and adding a separate 'Ball Mount Part Number: 45034' spec row so both identifiers are visible without conflating them.",No weight or dimensions.
published,2007-2010-mini-cooper-s-class-1-trailer-hitch-black,https://stehlenauto.com/products/2007-2010-mini-cooper-s-class-1-trailer-hitch-black,2007-2010 Mini Cooper S Class 1 Trailer Hitch - Black,,"Internal inconsistency in fitment_raw: the single 2007 'S Chili Convertible 2-Door' row carries the note 'Will Fit Models With Hardtop Only,' which is self-contradictory (a convertible does not have a hardtop). Every other Convertible row (2009, 2010) has no such note. Treated the 2007 Chili Convertible row as a data error and excluded 2007 from the Convertible fitment line -- this matches how the old current_descriptionHtml itself grouped fitment (it only listed '2009-2010 Mini Cooper S Convertible', already omitting 2007). Logging per FACTCHECK rule 8 rather than guessing which way to resolve it.",No weight or dimensions. | No installation_time or tools_required given anywhere in source -- omitted an Installation section rather than assume bolt-on/drilling either way.
published,2007-2011-dodge-nitro-class-3-trailer-hitch-black,https://stehlenauto.com/products/2007-2011-dodge-nitro-class-3-trailer-hitch-black,2007-2011 Dodge Nitro Class 3 Trailer Hitch - Black,,"custom.part_number '13334' matches CURT's published class-based numbering convention (11xxx=Class1, 12xxx=Class2, 13xxx=Class3), identical in format to the literal CURT-branded SKUs elsewhere in this same batch (e.g. CURT 13149/13354/13581/13367 etc). Strong signal this is a rebadged/dropshipped CURT part sold under vendor='Stehlen Auto' rather than a Stehlen-manufactured product. Per STANDARD.md rule 5 ('...title/handle/part number is not a CURT (or other brand) part number'), omitted the Warranty section rather than promise Stehlen's own lifetime structural warranty on hardware Stehlen likely didn't build. Flagging for owner to confirm the true manufacturer/warranty relationship before this ships with or without a Warranty block.",No weight or dimensions.
published,2007-2011-honda-cr-v-class-1-trailer-hitch-black,https://stehlenauto.com/products/2007-2011-honda-cr-v-class-1-trailer-hitch-black,2007-2011 Honda CR-V Class 1 Trailer Hitch - Black | MPN 11555,,"custom.part_number '11555' matches CURT's published class-based numbering convention (11xxx=Class1, 12xxx=Class2, 13xxx=Class3), identical in format to the literal CURT-branded SKUs elsewhere in this same batch (e.g. CURT 13149/13354/13581/13367 etc). Strong signal this is a rebadged/dropshipped CURT part sold under vendor='Stehlen Auto' rather than a Stehlen-manufactured product. Per STANDARD.md rule 5 ('...title/handle/part number is not a CURT (or other brand) part number'), omitted the Warranty section rather than promise Stehlen's own lifetime structural warranty on hardware Stehlen likely didn't build. Flagging for owner to confirm the true manufacturer/warranty relationship before this ships with or without a Warranty block.",No weight or dimensions.
published,2007-2011-honda-cr-v-class-3-trailer-hitch-w-ball-mount-curt,https://stehlenauto.com/products/2007-2011-honda-cr-v-class-3-trailer-hitch-w-ball-mount-curt,2007-2011 Honda CR-V Class 3 Trailer Hitch w/ Ball Mount - CURT,,"RESOLVED IN REVIEW: custom.part_number 45034 is the CURT ball-mount component's MPN, not specific to this CR-V combo kit (same 45034 reused across 8+ unrelated combo SKUs). Fixed by using cb_integration.item_name (TH-CRV07-C555+TH-BMOUNT-L2) as the kit's Part Number and adding it separately as 'Ball Mount Part Number.'",No weight or dimensions.
published,2007-2013-acura-mdx-class-3-trailer-hitch-w-ball-mount-curt,https://stehlenauto.com/products/2007-2013-acura-mdx-class-3-trailer-hitch-w-ball-mount-curt,2007-2013 Acura MDX Class 3 Trailer Hitch w/ Ball Mount - CURT,,"RESOLVED IN REVIEW: custom.part_number 45034 is the ball-mount component's MPN, not specific to this MDX combo kit (same issue as items 05/14/21/28/30/31/36/38). Fixed by using cb_integration.item_name (TH-MDX07-C354+TH-BMOUNT-L2) as Part Number, with 45034 broken out as 'Ball Mount Part Number.'",No weight or dimensions.
published,2007-2013-acura-mdx-class-3-trailer-hitch-wiring-harness-combo,https://stehlenauto.com/products/2007-2013-acura-mdx-class-3-trailer-hitch-wiring-harness-combo,2007-2013 Acura MDX Class 3 Trailer Hitch & Wiring Harness Combo,,"This Stehlen Auto-branded combo bundles hitch component TH-MDX07-C354, which the CURT-branded listing for the same hitch (item 16) shows has MPN 13354 -- a CURT-style number, strongly suggesting this is a rebadged CURT hitch bundled with a wiring harness under the Stehlen name. Omitted the Warranty section for the same reason as the other CURT-pattern items (see item 01's note); recommend the owner confirm the manufacturer/warranty relationship for this SKU too.",No custom.part_number field; used cb_integration.item_name as Part Number per rule. | No weight or dimensions.
published,2007-2013-mitsubishi-outlander-class-3-trailer-hitch-w-ball-mount-curt,https://stehlenauto.com/products/2007-2013-mitsubishi-outlander-class-3-trailer-hitch-w-ball-mount-curt,2007-2013 Mitsubishi Outlander Class 3 Trailer Hitch w/ Ball Mount - CURT,,"RESOLVED IN REVIEW: custom.part_number 45034 is the ball-mount component's MPN, not specific to this Outlander combo kit (same reused-MPN issue as 05/14/17/28/30/31/36/38). Fixed by using cb_integration.item_name as Part Number and breaking 45034 out as 'Ball Mount Part Number.'",No installation_time or tools_required given -- omitted an Installation section. | No weight or dimensions.
published,2007-2013-mitsubishi-outlander-trailer-wiring-harness-56102,https://stehlenauto.com/products/2007-2013-mitsubishi-outlander-trailer-wiring-harness-56102,2007-2013 Mitsubishi Outlander Trailer Wiring Harness - 56102,,"custom.part_number 56102 follows the same 5-digit numbering convention as the Hopkins (55503) and EcoHitch (56038) wiring harnesses elsewhere in this batch, both sold under their real manufacturer's vendor name. This one is tagged vendor='Stehlen Auto' instead. No Warranty section applies regardless (wiring harnesses have no structural frame per rule 5), so this doesn't change the copy, but it's the same rebadging pattern flagged on the hitches -- worth the owner confirming who actually manufactures this harness.",No weight/material given.
published,2007-2018-jeep-wrangler-class-3-trailer-hitch-black-13432,https://stehlenauto.com/products/2007-2018-jeep-wrangler-class-3-trailer-hitch-black-13432,2007-2018 Jeep Wrangler Class 3 Trailer Hitch - Black | 13432,,"custom.part_number '13432' matches CURT's published class-based numbering convention (11xxx=Class1, 12xxx=Class2, 13xxx=Class3), identical in format to the literal CURT-branded SKUs elsewhere in this same batch (e.g. CURT 13149/13354/13581/13367 etc). Strong signal this is a rebadged/dropshipped CURT part sold under vendor='Stehlen Auto' rather than a Stehlen-manufactured product. Per STANDARD.md rule 5 ('...title/handle/part number is not a CURT (or other brand) part number'), omitted the Warranty section rather than promise Stehlen's own lifetime structural warranty on hardware Stehlen likely didn't build. Flagging for owner to confirm the true manufacturer/warranty relationship before this ships with or without a Warranty block.",No weight or dimensions.
published,2007-2018-jeep-wrangler-class-3-trailer-hitch-w-ball-mount-curt,https://stehlenauto.com/products/2007-2018-jeep-wrangler-class-3-trailer-hitch-w-ball-mount-curt,2007-2018 Jeep Wrangler Class 3 Trailer Hitch w/ Ball Mount - CURT,,"RESOLVED IN REVIEW: custom.part_number 45034 is the ball-mount component's MPN, not specific to this combo (same reused-MPN pattern as 05/14/17/21/28/31/36/38). Fixed by using cb_integration.item_name as Part Number and breaking 45034 out as 'Ball Mount Part Number.'","No installation_time, tools_required, or bolt-on/drilling claim in source -- omitted an Installation section. | No weight or dimensions."
published,2007-2019-bmw-x5-x6-class-3-trailer-hitch-ball-mount-kit-curt,https://stehlenauto.com/products/2007-2019-bmw-x5-x6-class-3-trailer-hitch-ball-mount-kit-curt,2007-2019 BMW X5 X6 Class 3 Trailer Hitch & Ball Mount Kit - CURT,,"RESOLVED IN REVIEW: custom.part_number 45034 is the ball-mount component's MPN, not specific to this X5/X6 combo (same reused-MPN pattern as 05/14/17/21/28/30/36/38). Fixed by using cb_integration.item_name as Part Number and breaking 45034 out as 'Ball Mount Part Number.'",No weight or dimensions.
published,2007-2019-bmw-x5-x6-class-3-trailer-hitch-black-13077,https://stehlenauto.com/products/2007-2019-bmw-x5-x6-class-3-trailer-hitch-black-13077,2007-2019 BMW X5 X6 Class 3 Trailer Hitch - Black | 13077,,"custom.part_number '13077' matches CURT's published class-based numbering convention (11xxx=Class1, 12xxx=Class2, 13xxx=Class3), identical in format to the literal CURT-branded SKUs elsewhere in this same batch (e.g. CURT 13149/13354/13581/13367 etc). Strong signal this is a rebadged/dropshipped CURT part sold under vendor='Stehlen Auto' rather than a Stehlen-manufactured product. Per STANDARD.md rule 5 ('...title/handle/part number is not a CURT (or other brand) part number'), omitted the Warranty section rather than promise Stehlen's own lifetime structural warranty on hardware Stehlen likely didn't build. Flagging for owner to confirm the true manufacturer/warranty relationship before this ships with or without a Warranty block. | Old current_descriptionHtml claimed 'no drilling required for most applications' -- a hedge with no installation_time, tools_required, or explicit drilling statement anywhere in metafields to back it. Dropped the no-drilling claim entirely per zero-fabrication; kept only the sourced 'bolt-on' language.",No installation_time or tools_required given. | No weight or dimensions.
published,2008-2012-jeep-liberty-class-3-trailer-hitch-black-mpn-13245,https://stehlenauto.com/products/2008-2012-jeep-liberty-class-3-trailer-hitch-black-mpn-13245,2008-2012 Jeep Liberty Class 3 Trailer Hitch - Black | MPN 13245,,"custom.part_number '13245' matches CURT's published class-based numbering convention (11xxx=Class1, 12xxx=Class2, 13xxx=Class3), identical in format to the literal CURT-branded SKUs elsewhere in this same batch (e.g. CURT 13149/13354/13581/13367 etc). Strong signal this is a rebadged/dropshipped CURT part sold under vendor='Stehlen Auto' rather than a Stehlen-manufactured product. Per STANDARD.md rule 5 ('...title/handle/part number is not a CURT (or other brand) part number'), omitted the Warranty section rather than promise Stehlen's own lifetime structural warranty on hardware Stehlen likely didn't build. Flagging for owner to confirm the true manufacturer/warranty relationship before this ships with or without a Warranty block.",No weight or dimensions.
published,2008-2012-jeep-liberty-class-3-trailer-hitch-w-ball-mount-curt,https://stehlenauto.com/products/2008-2012-jeep-liberty-class-3-trailer-hitch-w-ball-mount-curt,2008-2012 Jeep Liberty Class 3 Trailer Hitch w/ Ball Mount - CURT,,"RESOLVED IN REVIEW: custom.part_number 45034 is the ball-mount component's MPN, not specific to this Liberty combo (same reused-MPN pattern as 05/14/17/21/28/30/31/38). Fixed by using cb_integration.item_name as Part Number and breaking 45034 out as 'Ball Mount Part Number.'",No weight or dimensions.
published,2008-2013-toyota-highlander-class-3-trailer-hitch-w-ball-mount-curt,https://stehlenauto.com/products/2008-2013-toyota-highlander-class-3-trailer-hitch-w-ball-mount-curt,2008-2013 Toyota Highlander Class 3 Trailer Hitch w/ Ball Mount - CURT,,"RESOLVED IN REVIEW: custom.part_number 45034 is the ball-mount component's MPN, not specific to this Highlander combo (same reused-MPN pattern as 05/14/17/21/28/30/31/36). Fixed by using cb_integration.item_name as Part Number and breaking 45034 out as 'Ball Mount Part Number.'",No weight or dimensions.
published,2008-2020-nissan-rogue-class-3-trailer-hitch-w-ball-mount,https://stehlenauto.com/products/2008-2020-nissan-rogue-class-3-trailer-hitch-w-ball-mount,2008-2020 Nissan Rogue Class 3 Trailer Hitch w/ Ball Mount,,"custom.part_number (45034) is the CURT ball mount's own MPN, not a unique part number for this combo listing -- the same MPN recurs across most hitch+ball-mount combo SKUs in this batch (04,06,08,19,27,30,33,36). Used per the Part Number precedence rule but flagging as a recurring catalog data-quality issue.",
published,2009-2014-ford-f-150-class-4-trailer-hitch-black-mpn-14002,https://stehlenauto.com/products/2009-2014-ford-f-150-class-4-trailer-hitch-black-mpn-14002,2009-2014 Ford F-150 Class 4 Trailer Hitch - Black | MPN 14002,,vendor = Stehlen Auto but part_number 14002 (shown directly in the title) matches CURT's Class 4 catalog numbering convention -- almost certainly a rebranded CURT part. Omitted Warranty section since Stehlen's lifetime warranty shouldn't apply to third-party manufactured hardware.,
published,2009-2020-dodge-journey-class-3-trailer-hitch-black,https://stehlenauto.com/products/2009-2020-dodge-journey-class-3-trailer-hitch-black,2009-2020 Dodge Journey Class 3 Trailer Hitch - Black,,"vendor = Stehlen Auto but part_number 13201 matches CURT's Class 3 catalog numbering convention (not visible in the clean title/handle, but present in the metafield) -- likely a rebranded CURT part. Omitted Warranty section for the same reason as item 03.",
published,2010-2013-kia-soul-class-1-trailer-hitch-wiring-combo-black,https://stehlenauto.com/products/2010-2013-kia-soul-class-1-trailer-hitch-wiring-combo-black,2010-2013 Kia Soul Class 1 Trailer Hitch & Wiring Combo - Black,,"fitment_notes hedges that the wiring harness 'may also be compatible with 2007-2019 Kia Soul and 2007-2012 Kia Rondo per manufacturer,' but this is speculative language, not a confirmed fitment row. Did not add Rondo or a wider Soul year range to the copy; kept fitment scoped to the confirmed 2010-2013 Soul hitch+harness combo.",
published,2010-2015-hyundai-tucson-trailer-hitch-wiring-harness-combo-kit,https://stehlenauto.com/products/2010-2015-hyundai-tucson-trailer-hitch-wiring-harness-combo-kit,2010-2015 Hyundai Tucson Trailer Hitch & Wiring Harness Combo Kit,,"Removed Stehlen warranty: hitch component TH-SPO11-C120 is the same part sold as MPN 13120 (CURT numbering) in item 15, where warranty is excluded. Owner to confirm.","Unlike items 15/16 (same Tucson hitch component, TH-SPO11-C120), this SKU's fitment_raw contains only Hyundai Tucson rows -- no Kia Sportage rows here, so Sportage was correctly NOT added to this listing."
published,2010-2023-lexus-gx460-class-3-trailer-hitch-2-receiver-black,https://stehlenauto.com/products/2010-2023-lexus-gx460-class-3-trailer-hitch-2-receiver-black,"2010-2023 Lexus GX460 Class 3 Trailer Hitch 2"" Receiver - Black",,"Warranty kept (validate.py passes), but item name suffix C043 follows the same pattern as rebranded CURT 13xxx parts in this batch (C120=13120, C201=13201). Owner to confirm warranty eligibility.",
published,2011-2017-ford-explorer-class-3-trailer-hitch-black-mpn-13100,https://stehlenauto.com/products/2011-2017-ford-explorer-class-3-trailer-hitch-black-mpn-13100,2011-2017 Ford Explorer Class 3 Trailer Hitch - Black | MPN 13100,,"vendor = Stehlen Auto but part_number 13100 (shown directly in the title) matches CURT's Class 3 catalog numbering -- confirmed rebranded CURT part, so no Warranty section per rule 5.",
published,2011-2019-ford-explorer-class-3-trailer-hitch-2-receiver-13386,https://stehlenauto.com/products/2011-2019-ford-explorer-class-3-trailer-hitch-2-receiver-13386,"2011-2019 Ford Explorer Class 3 Trailer Hitch 2"" Receiver - 13386",,"vendor = Stehlen Auto but part_number 13386 (shown directly in the title) matches CURT's Class 3 catalog numbering -- confirmed rebranded CURT part, so no Warranty section.","This listing covers Police Interceptor UTILITY (SUV-based), a different vehicle than the Police Interceptor SEDAN covered by items 24/25 -- easy to mix up in the catalog since both use near-identical 'Ford Explorer' titles."
published,2011-2022-jeep-grand-cherokee-class-3-trailer-hitch-black,https://stehlenauto.com/products/2011-2022-jeep-grand-cherokee-class-3-trailer-hitch-black,2011-2022 Jeep Grand Cherokee Class 3 Trailer Hitch - Black,,"custom.model tag lists both 'Grand Cherokee' and 'Cherokee,' but zero fitment_raw rows reference plain 'Cherokee' (the smaller compact SUV) -- stale/incorrect model tag, not used in copy.",
published,2011-2022-jeep-grand-cherokee-class-3-trailer-hitch-combo-curt,https://stehlenauto.com/products/2011-2022-jeep-grand-cherokee-class-3-trailer-hitch-combo-curt,2011-2022 Jeep Grand Cherokee Class 3 Trailer Hitch Combo - CURT,,"custom.model tag lists both 'Grand Cherokee' and 'Cherokee,' but zero fitment_raw rows reference plain 'Cherokee' (the smaller compact SUV) -- stale/incorrect model tag, not used in copy.",
published,2012-2016-hyundai-veloster-class-1-trailer-hitch-black,https://stehlenauto.com/products/2012-2016-hyundai-veloster-class-1-trailer-hitch-black,2012-2016 Hyundai Veloster Class 1 Trailer Hitch - Black,,"Warranty kept (validate.py passes), but item name suffix A254 follows the same pattern as CURT/Class 1 11xxx parts in this batch (A110=11110, A222=11222). Owner to confirm warranty eligibility.",
published,2014-2015-kia-sorento-class-2-trailer-hitch-wiring-combo-black,https://stehlenauto.com/products/2014-2015-kia-sorento-class-2-trailer-hitch-wiring-combo-black,2014-2015 Kia Sorento Class 2 Trailer Hitch & Wiring Combo - Black,,"Combo bundles a Draw-Tite wiring harness (same part as item 11, THW-SORE14-4W-EF256) with a Stehlen-branded hitch. Warranty copy is limited to the hitch receiver only, excluding the Draw-Tite harness, per the no-warranty-on-Draw-Tite rule.",No tools_required list. | No weight/dimensions.
published,2014-2019-jeep-cherokee-class-3-trailer-hitch-black-mpn-13171,https://stehlenauto.com/products/2014-2019-jeep-cherokee-class-3-trailer-hitch-black-mpn-13171,2014-2019 Jeep Cherokee Class 3 Trailer Hitch - Black | MPN 13171,,This Torklift hitch covers one more model year (2014-2019) than the seemingly equivalent KL-platform CURT hitch in item 10 (2014-2018) and carries no per-trim gate or exhaust-bezel/seam-foam trimming caveat that item 10's fitment_notes states -- worth confirming these are genuinely different tooling rather than a stale year range on one of the two listings.,No weight/capacity.
published,2014-2020-acura-mdx-trailer-wiring-harness-t-connector-56192,https://stehlenauto.com/products/2014-2020-acura-mdx-trailer-wiring-harness-t-connector-56192,2014-2020 Acura MDX Trailer Wiring Harness T-Connector - 56192,,"Part number 56192 matches the CURT-pattern numeric heuristic (5-digit number starting with 5) used to gate warranty eligibility, but this is a Stehlen-branded wiring harness with no CURT/Draw-Tite reference anywhere in its own source and no shared internal part code with any CURT sibling in this batch -- likely a false positive rather than a real rebadge signal. Omitted Warranty per the rule as written; recommend the team confirm whether this specific SKU should carry Stehlen's warranty.",No weight/dimensions.
published,2016-2023-mazda-mx-5-miata-1-25-trailer-hitch-receiver-curt-11435,https://stehlenauto.com/products/2016-2023-mazda-mx-5-miata-1-25-trailer-hitch-receiver-curt-11435,"2016-2022 Mazda MX-5 Miata 1.25"" Trailer Hitch Receiver - Curt 11435",,Handle says '2016-2023' but title and custom.fitment_raw both confirm only 2016-2022 (fitment_raw has no 2023 row despite custom.year tag listing 2023). Wrote copy as 2016-2022; handle should be corrected.,"No weight capacity, tow rating, weight, or dimensions anywhere in source for a towing product."
published,2016-2023-toyota-tacoma-class-3-trailer-hitch-combo-w-ball-mount,https://stehlenauto.com/products/2016-2023-toyota-tacoma-class-3-trailer-hitch-combo-w-ball-mount,2016-2023 Toyota Tacoma Class 3 Trailer Hitch Combo w/ Ball Mount,,"custom.part_number is '45034' (the ball mount's own CURT MPN), not a combined hitch+mount SKU. Per rule, used '45034' literally in Specifications even though it doesn't identify the whole combo -- flagging in case the catalog team wants a combo-specific part number surfaced instead.",No weight capacity or tow rating.
published,2017-jeep-compass-class-3-trailer-hitch-2-receiver,https://stehlenauto.com/products/2017-jeep-compass-class-3-trailer-hitch-2-receiver,"2017-2025 Jeep Compass Class 3 Trailer Hitch 2"" Receiver",,"MAJOR: current_descriptionHtml/old description says 'Will not fit 2017 Jeep Compass models built in Mexico,' but custom.fitment_notes AND custom.fitment_raw both say the opposite -- 'Will Fit 2017 Jeep Compass Models Built in Mexico Only.' This is a direct polarity contradiction, not a simple omission. Followed fitment_raw/fitment_notes (source of truth per rule 2): 2017 fits Mexico-built units only, 2018-2025 fit all units. Owner should verify which direction is actually correct before this goes live -- shipping the wrong polarity here means either false rejections or a wave of returns on every 2017 Compass order.",
published,2018-2023-subaru-crosstrek-trailer-hitch-ball-mount-combo,https://stehlenauto.com/products/2018-2023-subaru-crosstrek-trailer-hitch-ball-mount-combo,2018-2023 Subaru Crosstrek Trailer Hitch & Ball Mount Combo,,"Vendor field is 'Topline Autopart' but the combo's component part numbers (TH-CROS18-C382, TH-BMOUNT-L2) match the same naming pattern as CURT-sourced hitches/ball mounts elsewhere in this batch. Used vendor field literally per rule (no warranty applied); flagging for catalog team to confirm Topline Autopart is the correct brand of record.",No weight capacity or tow rating.
published,2018-2024-alfa-romeo-stelvio-2-trailer-hitch-receiver-class-3,https://stehlenauto.com/products/2018-2024-alfa-romeo-stelvio-2-trailer-hitch-receiver-class-3,"2018-2024 Alfa Romeo Stelvio 2"" Trailer Hitch Receiver - Class 3",,"fitment_raw is sparse per-trim (only 1-3 of 10 named Stelvio trims confirmed per year), but custom.fitment_notes explicitly states 'Fits all 2018-2024 Alfa Romeo Stelvio models. Will NOT fit Quadrifoglio.' Used the broader fitment_notes claim per rule 2, but the per-trim gaps in fitment_raw (e.g., no 'Sport' or 'QV' trim rows after 2020) are worth a sanity check against the real parts fitment guide.","No weight capacity, tow rating, or installation_time. | Source never says 'powder coat,' so finish warranty tier omitted -- structural only."
published,2021-2025-jeep-grand-cherokee-l-2-trailer-hitch-receiver-class-3,https://stehlenauto.com/products/2021-2025-jeep-grand-cherokee-l-2-trailer-hitch-receiver-class-3,"2021-2025 Jeep Grand Cherokee L 2"" Trailer Hitch Receiver Class 3",,"custom.model tag lists ['Grand Cherokee','Cherokee'] but fitment_raw and title both correctly say 'Grand Cherokee L' only -- stale/incomplete model tag, doesn't affect copy since title and fitment_raw agree.",No weight capacity or tow rating.
published,2022-2025-mitsubishi-outlander-2-trailer-hitch-receiver-class-3,https://stehlenauto.com/products/2022-2025-mitsubishi-outlander-2-trailer-hitch-receiver-class-3,"2022-2025 Mitsubishi Outlander 2"" Trailer Hitch Receiver - Class 3",,custom.part_number metafield is missing entirely; used cb_integration.item_name (TH-OUTL22-C487) per fallback rule.,No weight capacity or tow rating.
published,96-04-nissan-pathfinder-infiniti-qx4-class-3-hitch-ball-mount-kit,https://stehlenauto.com/products/96-04-nissan-pathfinder-infiniti-qx4-class-3-hitch-ball-mount-kit,1996-2004 Nissan Pathfinder Infiniti QX4 Class 3 Hitch & Ball Mount Kit,,custom.part_number metafield is missing; used cb_integration.item_name (TH-PAT96-C088+TH-BMOUNT-L2). | custom.model tag only lists 'Pathfinder' even though custom.make includes 'Infiniti' and fitment_raw confirms QX4 rows -- stale/incomplete model tag.,No weight capacity or tow rating.
published,99-13-silverado-sierra-1500-class-3-trailer-hitch-ball-mount-curt,https://stehlenauto.com/products/99-13-silverado-sierra-1500-class-3-trailer-hitch-ball-mount-curt,1999-2013 Chevy Silverado GMC Sierra 1500 Class 3 Trailer Hitch & Ball Mount - CURT,,"custom.make tag uses 'Chevy'/'GMC' abbreviations; fitment_raw uses full 'Chevrolet'/'GMC' -- wrote 'Chevrolet' in copy per fitment_raw spelling, no functional issue.",No weight capacity or tow rating.
published,curt-class-3-trailer-hitch-ball-mount-combo-black,https://stehlenauto.com/products/curt-class-3-trailer-hitch-ball-mount-combo-black,CURT Class 3 Trailer Hitch & Ball Mount Combo - Black,,"Old description's Vehicle Fitment section only listed Pontiac Torrent and Saturn Vue, but the fuller custom.fitment_raw also confirms Chevrolet Equinox (2005-2017) and GMC Terrain (2010-2017). Added both since fitment_raw is source of truth and doesn't contradict, only extends coverage.",No weight capacity or tow rating.
published,trailer-wire-harness-t-connector-4-way-flat-mpn-55400,https://stehlenauto.com/products/trailer-wire-harness-t-connector-4-way-flat-mpn-55400,Trailer Wire Harness T-Connector 4-Way Flat - MPN 55400,,"fitment_notes gives a blanket '2001-2007 Toyota Highlander (Base, Limited, Sport)' and '2006-2011 Hyundai Azera (Base, GLS, Limited, SE)', but custom.fitment_raw shows real per-trim year limits: Highlander Sport only 2006-2007 (not 2001-2007); Azera SE only 2006-2007, GLS only 2007-2011, Base only model year 2009. Rewrote Fitment as 6 precise trim/year groups instead of the blanket claim.",No weight or dimensions.
published,universal-2-receiver-hitch-step-matte-black-hs207-31bk,https://stehlenauto.com/products/universal-2-receiver-hitch-step-matte-black-hs207-31bk,"Universal 2"" Receiver Dropping Style Rear Hitch Step - Matte Black",,"custom.make is tagged '[""Chevy""]' but fitment_notes explicitly says universal ('any vehicle with a standard 2"" receiver hitch') and fitment_raw lists ~69 make/model groups spanning Acura, Audi, BMW, Cadillac, Buick, Chevrolet, GMC and more — the Chevy-only make tag is stale/misleading and should be corrected or removed in the catalog.","No weight or dimensions. | No installation_time given despite 'no-drill' being stated in key_features — used only the sourced no-drill claim, no time estimate."
published,universal-2-tube-3-steel-rear-hitch-step-black,https://stehlenauto.com/products/universal-2-tube-3-steel-rear-hitch-step-black,"Universal 2"" Hitch Receiver 3"" Steel Rear Hitch Step - Black",,"custom.model is tagged '[""Colorado"",""Suburban"",""Equinox"",""Express""]' but fitment_notes explicitly says universal and fitment_raw lists the same ~69-make universal list as item 03 — the 4-model tag is stale/misleading and should be corrected or removed in the catalog.",No weight or dimensions. | No installation_time given.
published,2006-2007-nissan-murano-trailer-wiring-harness-w-4-way-flat-t-connector,https://stehlenauto.com/products/2006-2007-nissan-murano-trailer-wiring-harness-w-4-way-flat-t-connector,2006-2007 Nissan Murano Trailer Wiring Harness w/ 4-Way Flat T-Connector,,"Distinct SKU from item 06 (2003-2005 & 2009-2014 Murano) — together they cover 2003-2007 and 2009-2014 but leave a 2008 model-year gap with no harness SKU in this batch; not a copy error, just worth flagging to the catalog team.",No material or install-time data.
published,2008-2019-toyota-highlander-trailer-wiring-harness-w-4-way-flat-t-connector,https://stehlenauto.com/products/2008-2019-toyota-highlander-trailer-wiring-harness-w-4-way-flat-t-connector,2008-2019 Toyota Highlander Trailer Wiring Harness w/ 4-Way Flat T-Connector,,"Gate direction is opposite of item 13: this harness fits Lexus RX350/RX350L only WITHOUT the factory tow package, while item 13 fits Kia/Hyundai models only WITH the factory tow package. Both are sourced exactly as stated but flagging so the buy-box copy isn't skimmed/confused across the two related SKUs. | custom.fitment_raw's Highlander rows are split into ~12 trim-specific lines (Base, Limited, Hybrid, SE, Plus, LE, XLE, etc.) that collectively span every year 2008-2019 with no gap, so the blanket '2008-2019 Toyota Highlander' claim is supported — did not enumerate all 12 trim rows per the no-raw-row-dump rule.",No material or install-time data.
published,02-22-dodge-ram-1500-2500-3500-6-5-bed-pvc-truck-bed-mat,https://stehlenauto.com/products/02-22-dodge-ram-1500-2500-3500-6-5-bed-pvc-truck-bed-mat,2002-2022 Dodge Ram 1500/2500/3500 6.5 ft Bed Mat PVC - TBM,,"custom.part_number '35' matches the description's MPN field; fitment_subattributes.bedLengths lists only '6.4prime Bed' while fitment_notes/sub_model.value state both 6.4 ft and 6.5 ft — kept both per fitment_notes since fitment_raw's NOTE text explicitly names both. | Bed inches conflict: fitment_raw says 6.4 ft (76.3"") but old description says 76.8""; copy uses 76.3"" (factcheck).",
published,02-22-dodge-ram-1500-2500-3500-6-5-ft-bed-mat-w-rambox,https://stehlenauto.com/products/02-22-dodge-ram-1500-2500-3500-6-5-ft-bed-mat-w-rambox,2002-2022 Dodge Ram 1500/2500/3500 6.5 ft Bed RamBox Rubber Bed Mat V2,,"Bed inches conflict: fitment_raw says 6.4 ft (76.3"") but old description says 76.8""; copy uses 76.3"" (factcheck).",
published,02-22-dodge-ram-1500-2500-3500-6-5-ft-rubber-bed-mat-v2,https://stehlenauto.com/products/02-22-dodge-ram-1500-2500-3500-6-5-ft-rubber-bed-mat-v2,2002-2022 Dodge Ram 1500/2500/3500 6.5 ft Bed Mat - AA035-V2,,"Bed inches conflict: fitment_raw says 6.4 ft (76.3"") but old description says 76.8""; copy uses 76.3"" (factcheck).",
published,02-22-dodge-ram-5-7-short-bed-rubber-truck-bed-mat-grey,https://stehlenauto.com/products/02-22-dodge-ram-5-7-short-bed-rubber-truck-bed-mat-grey,2002-2022 Dodge Ram 5.7 ft Bed Rubber Truck Bed Mat - Grey,,"Same 5.7 ft / Ram-1500-only pattern as items 23/24: old description claims 2500/3500 fitment (with 5th-gen exclusion language) that fitment_raw doesn't support for a 5.7 ft bed. Dropped 2500/3500. | Bed inches conflict: fitment_raw/fitment_notes say 5.7 ft (67.4"") but old description/key_features say 68.4""; copy uses 67.4"" per fitment_raw (factcheck). | Title says 2002-2022 but fitment_raw lists Ram 1500 Classic through 2024 (factcheck corrected copy to 2019-2024).",
published,02-22-dodge-ram-6-4-bed-rubber-mat-rambox-grey,https://stehlenauto.com/products/02-22-dodge-ram-6-4-bed-rubber-mat-rambox-grey,2002-2022 Dodge Ram 6.4 ft Bed Mat RamBox Grey Rubber,,"Bed inches conflict: fitment_raw says 6.4 ft (76.3"") but old description says 76.8""; copy uses 76.3"" (factcheck).",
published,02-22-dodge-ram-rubber-bed-mat-57-rambox-grey,https://stehlenauto.com/products/02-22-dodge-ram-rubber-bed-mat-57-rambox-grey,2002-2022 Dodge Ram 5.7 ft Bed Mat RamBox Only - Grey Rubber,,"Same 5.7 ft / Ram-1500-only pattern as items 23/29: old description claims 2500/3500 RamBox fitment that fitment_raw doesn't support for a 5.7 ft bed. Dropped 2500/3500. | Bed inches conflict: fitment_raw/fitment_notes say 5.7 ft (67.4"") but old description/key_features say 68.4""; copy uses 67.4"" per fitment_raw (factcheck). | Title says 2002-2022 but fitment_raw lists Ram 1500 Classic through 2024 (factcheck corrected copy to 2019-2024).",
published,04-12-chevy-colorado-gmc-canyon-6ft-bed-rubber-mat-aa016-v2,https://stehlenauto.com/products/04-12-chevy-colorado-gmc-canyon-6ft-bed-rubber-mat-aa016-v2,2004-2012 Chevy Colorado/GMC Canyon 6 ft Bed Rubber Bed Mat - V2,,"custom.category is 'Floor Mats' while every other SKU in this batch (and this item's own productType 'truck bed mat - rubber') uses 'Truck Bed Mats' — looks like a miscategorization that could misplace this item in site navigation/facets; did not change productType-driven copy, just flagging the category tag.",
published,1999-2007-silverado-sierra-stepside-6-5-ft-rubber-bed-mat-v2,https://stehlenauto.com/products/1999-2007-silverado-sierra-stepside-6-5-ft-rubber-bed-mat-v2,1999-2007 Chevy/GMC Stepside 6.5 ft Bed Rubber Bed Mat - AA036-V2,,"custom.brand = ""AA Products"" but vendor = ""Stehlen Auto"" — per STANDARD rule, used vendor (Stehlen Auto) as the Brand spec row; flagging the mismatch for owner review since the part_number (AA036-V2) also reads as an AA Products SKU","Same redundant bare ""1999 Chevrolet Silverado"" row, folded into the 1500 line"
published,2004-2014-ford-f-150-lincoln-mark-lt-styleside-5-5-ft-bed-eva-foam-truck-bed-mat-interlocking-black,https://stehlenauto.com/products/2004-2014-ford-f-150-lincoln-mark-lt-styleside-5-5-ft-bed-eva-foam-truck-bed-mat-interlocking-black,"2004-2014 Ford F-150 & Lincoln Mark LT Styleside 5.5 Ft Bed EVA Foam Truck Bed Mat — Interlocking, Black",,This item's own fitment_raw has NO '2004 Heritage' exclusion (unlike the rubber sibling SKUs 04/05/06/09/28/29 which all exclude 2004 Heritage models for the same F-150 generation). Did not add a Will-not-fit line here since it isn't stated for this specific SKU -- flagging in case this is a data-entry gap on the foam SKU rather than a real product difference.,
published,2004-2014-ford-f-150-lincoln-mark-lt-styleside-6-5-ft-bed-eva-foam-truck-bed-mat-interlocking-black,https://stehlenauto.com/products/2004-2014-ford-f-150-lincoln-mark-lt-styleside-6-5-ft-bed-eva-foam-truck-bed-mat-interlocking-black,"2004-2014 Ford F-150 & Lincoln Mark LT Styleside 6.5 Ft Bed EVA Foam Truck Bed Mat — Interlocking, Black",,"Same as 07: no 2004 Heritage exclusion in this item's own fitment_raw, unlike its rubber siblings. No Will-not-fit line added; flagging as a possible data gap.",
published,2004-2024-nissan-titan-5-7-bed-rubber-truck-bed-mat-grey,https://stehlenauto.com/products/2004-2024-nissan-titan-5-7-bed-rubber-truck-bed-mat-grey,2004-2024 Nissan Titan 5.7 ft Bed Rubber Bed Mat - Grey,,"fitment_notes says 'Compatible Without Titan Boxes,' i.e. this mat is NOT compatible with beds that have the factory Titan Box storage bins installed. Phrased this as a Will-not-fit exclusion rather than a plain compatibility bullet since that is the accurate reading.",
published,2004-2024-nissan-titan-5-7-ft-rubber-truck-bed-mat-aa009-v2,https://stehlenauto.com/products/2004-2024-nissan-titan-5-7-ft-rubber-truck-bed-mat-aa009-v2,2004-2024 Nissan Titan 5.7 ft Bed Rubber Bed Mat - Lightweight V2,,Same Titan Box reading as 11 applied here.,
published,2005-2021-nissan-frontier-5ft-bed-rubber-mat-lightweight-v2,https://stehlenauto.com/products/2005-2021-nissan-frontier-5ft-bed-rubber-mat-lightweight-v2,2005-2021 Nissan Frontier 5 ft Bed Rubber Bed Mat - AA012-V2,,fitment_raw shows the 2021 Frontier row and both Suzuki Equator rows lack the 'With OEM Utili-Track System' language that every 2005-2020 Frontier row has. Split into three fitment lines instead of one blanket line so the Utili-Track claim isn't overstated for 2021 Frontier/Equator.,
published,2005-2021-nissan-frontier-rubber-truck-bed-mat-grey-5ft-bed,https://stehlenauto.com/products/2005-2021-nissan-frontier-rubber-truck-bed-mat-grey-5ft-bed,2005-2021 Nissan Frontier 5 ft Bed Rubber Bed Mat - Grey,,Same 2021 Frontier / Suzuki Equator Utili-Track split as 17.,
published,2008-2015-nissan-titan-7-2ft-bed-rubber-mat-diamond-plate,https://stehlenauto.com/products/2008-2015-nissan-titan-7-2ft-bed-rubber-mat-diamond-plate,2008-2015 Nissan Titan 7.2 ft Bed Rubber Bed Mat - Diamond Plate,,"custom.part_number ""57"" is identical to 18_source.json's part number, but 18 is an unrelated Ford F-150 8 ft diamond-plate mat — likely a shared/duplicated MPN in the CB data, not unique per SKU.",
published,2015-ford-f-150-8ft-bed-rubber-truck-bed-mat-diamond-plate,https://stehlenauto.com/products/2015-ford-f-150-8ft-bed-rubber-truck-bed-mat-diamond-plate,2015-2026 Ford F-150 8 ft Bed Rubber Truck Bed Mat - Diamond Plate,,"custom.part_number ""57"" duplicates 01_source.json's part number (a different, unrelated Nissan Titan mat) — likely a shared/reused MPN in the CB data.",
published,2016-2024-nissan-titan-5-7ft-bed-rubber-truck-bed-mat-lightweight-v2,https://stehlenauto.com/products/2016-2024-nissan-titan-5-7ft-bed-rubber-truck-bed-mat-lightweight-v2,2017-2024 Nissan Titan 5.5 ft Bed Rubber Bed Mat - Lightweight V2,,"Handle says ""5-7ft-bed"" (5.7 ft) but title and fitment_raw both agree on 5.5 ft (67\"") — handle slug is stale/mismatched. Also handle year range ""2016-2024"" vs title+fitment_raw ""2017-2024"" (Titan didn't fit 2016 per fitment_raw). Followed title/fitment_raw (2017-2024, 5.5 ft) in copy.",
published,2016-nissan-titan-5-7ft-bed-rubber-truck-bed-mat-diamond-plate,https://stehlenauto.com/products/2016-nissan-titan-5-7ft-bed-rubber-truck-bed-mat-diamond-plate,2017-2024 Nissan Titan 5.5 ft Bed Rubber Truck Bed Mat - Diamond Plate,,"Handle says ""5-7ft"" (5.7 ft) and ""2016"" but title+fitment_raw agree on 5.5 ft (67\"") and 2017-2024 — handle slug is stale. Followed title/fitment_raw.",
published,2017-honda-ridgeline-rubber-truck-bed-mat-diamond-plate-style,https://stehlenauto.com/products/2017-honda-ridgeline-rubber-truck-bed-mat-diamond-plate-style,2017-2026 Honda Ridgeline 5.3 ft Bed Rubber Truck Bed Mat - AA044,,"custom.part_number ""AA044"" is identical to 33_source.json's part number, even though 32 (diamond plate) and 33 (V2 lightweight) are different variants with different cb_integration.item_name values (-GY vs -V2). Likely an MPN data-entry duplication.",
published,2017-honda-ridgeline-rubber-truck-bed-mat-lightweight-v2,https://stehlenauto.com/products/2017-honda-ridgeline-rubber-truck-bed-mat-lightweight-v2,2017-2026 Honda Ridgeline 5.3 ft Bed Rubber Truck Bed Mat - V2,,"custom.part_number ""AA044"" duplicates 32_source.json's part number; see note on 32.",
published,2019-2022-chevy-silverado-gmc-sierra-5-8-rubber-truck-bed-mat,https://stehlenauto.com/products/2019-2022-chevy-silverado-gmc-sierra-5-8-rubber-truck-bed-mat,2019-2022 Chevy Silverado/GMC Sierra 5.8 ft Bed Mat - Rubber,,"fitment_raw exclusion note phrasing is ambiguous (""Will Not Fit Chevy Silverado 1500 Models"" on the LTD row) — interpreted as excluding the 2022 New Body redesign, kept LTD/Limited carryover only",
published,2019-2022-chevy-silverado-gmc-sierra-6-5-rubber-bed-mat-mpn-66,https://stehlenauto.com/products/2019-2022-chevy-silverado-gmc-sierra-6-5-rubber-bed-mat-mpn-66,2019-2022 Chevrolet/GMC 1500 6.5 ft Bed Rubber Bed Mat - TBM,,"Same-name-generation trap: fitment_raw excludes ""2019 GMC Sierra 1500 Limited"" (outgoing K2XX carryover trim) which is a DIFFERENT vehicle from the 2022 ""GMC Sierra 1500 Limited"" row that DOES fit (T1XX carryover) — same trim name, two different generations two model years apart. Phrased fitment lines to avoid conflating them; flagging so owner can confirm the read is correct.",
published,2019-ford-ranger-5-bed-rubber-truck-bed-mat-diamond-plate,https://stehlenauto.com/products/2019-ford-ranger-5-bed-rubber-truck-bed-mat-diamond-plate,2019-2023 Ford Ranger 5 ft Bed Rubber Bed Mat - AA043,,"Same custom.part_number ""AA043"" as item 21 (a Stehlen-branded lightweight V2 of what looks like the same physical mat) — Part Number spec is identical across two visually different listings; only cb_integration.item_name (TBM-RANG19-5-RB-GY vs -V2) actually distinguishes them",
published,2019-ford-ranger-6-bed-rubber-truck-bed-mat-diamond-plate,https://stehlenauto.com/products/2019-ford-ranger-6-bed-rubber-truck-bed-mat-diamond-plate,2019-2023 Ford Ranger 6 ft Bed Rubber Truck Bed Mat - Diamond Plate,,"Same custom.part_number ""AA042"" and identical vehicle/bed as item 20 (AA Products-branded V2 version) — two listings for what appears to be the same or closely related mat under different brand/vendor labels",
published,2019-ford-ranger-super-cab-6ft-bed-rubber-mat-lightweight-v2,https://stehlenauto.com/products/2019-ford-ranger-super-cab-6ft-bed-rubber-mat-lightweight-v2,2019-2023 Ford Ranger 6 ft Bed Rubber Truck Bed Mat - AA042,,"Handle says ""super-cab"" but nothing in title, fitment_notes, or fitment_raw restricts this to SuperCab — description/fitment left unrestricted per source (unlike items 04/05 which do state a cab-type gate); flagging the handle/cab-type mismatch for the owner",
published,2019-ford-ranger-supercrew-5ft-bed-rubber-mat-lightweight-v2,https://stehlenauto.com/products/2019-ford-ranger-supercrew-5ft-bed-rubber-mat-lightweight-v2,2019-2023 Ford Ranger 5 ft Bed Rubber Truck Bed Mat - AA043,,"Handle says ""supercrew"" but nothing in title, fitment_notes, or fitment_raw restricts this to SuperCrew — left unrestricted per source; flagging the handle/cab-type mismatch for the owner",
published,2020-2025-chevy-silverado-gmc-sierra-2500-3500-hd-8-bed-mat-rubber,https://stehlenauto.com/products/2020-2025-chevy-silverado-gmc-sierra-2500-3500-hd-8-bed-mat-rubber,2020-2024 Chevy/GMC Silverado/Sierra 2500/3500 HD 8 ft Bed Mat - Rubber V2,,"custom.model tag only lists Silverado/Sierra 2500 (missing 3500) but fitment_raw includes all four Silverado/Sierra 2500 HD & 3500 HD rows — used fitment_raw, which matches the title",
published,2022-2024-rivian-r1t-rubber-truck-bed-mat-diamond-plate-style,https://stehlenauto.com/products/2022-2024-rivian-r1t-rubber-truck-bed-mat-diamond-plate-style,2022-2026 Rivian R1T 4.5 ft Bed Rubber Truck Bed Mat - Diamond Plate,,"handle says ""2022-2024"" but title and fitment_raw both say 2022-2026 — used 2022-2026 per fitment_raw/title; handle is stale",
published,2022-2026-ford-maverick-4-5-rubber-truck-bed-mat-lightweight-v2,https://stehlenauto.com/products/2022-2026-ford-maverick-4-5-rubber-truck-bed-mat-lightweight-v2,2022-2026 Ford Maverick 4.5 ft Bed Rubber Truck Bed Mat - V2,,"SKU string reads ""4.6"" (TBM-MAV22-4.6-RB-V2) but fitment_notes/fitment_raw/title all say 4.5 ft (54.4"") bed — used 4.5 ft per fitment data; flagging the SKU-vs-bed-length mismatch",
published,2022-2026-ford-maverick-4-6-ft-bed-eva-foam-truck-bed-mat-interlocking-black,https://stehlenauto.com/products/2022-2026-ford-maverick-4-6-ft-bed-eva-foam-truck-bed-mat-interlocking-black,"2022-2026 Ford Maverick 4.6 Ft Bed EVA Foam Truck Bed Mat — Interlocking, Black",,This foam mat's own source states 4.6 ft bed (distinct from item 33's 4.5 ft rubber mat for the same vehicle) — kept as sourced per-item rather than reconciling to 33; owner should confirm whether Maverick bed is 4.5 or 4.6 ft since two SKUs in this batch disagree,
published,2022-2026-rivian-r1t-eva-foam-truck-bed-mat-2pc-w-front-trunk-mat-interlocking-black,https://stehlenauto.com/products/2022-2026-rivian-r1t-eva-foam-truck-bed-mat-2pc-w-front-trunk-mat-interlocking-black,"2022-2026 Rivian R1T EVA Foam Truck Bed Mat 2pc w/ Front Trunk Mat — Interlocking, Black",,No custom.fitment_raw present; fitment sourced from custom.fitment_notes + custom.make/model/year tags per rule 2,"No bed-length metafield on this EVA foam SKU (the rubber sibling 00 states 4.5 ft/54.1"") — omitted rather than inferred | Internal sync note in fitment_notes ('CA Fitment attribute not yet populated; re-run CA sync when available') is an internal caveat, omitted from customer-facing copy per rule against writing about missing data"
published,2022-2026-toyota-tundra-5-5-ft-bed-eva-foam-truck-bed-mat-interlocking-black,https://stehlenauto.com/products/2022-2026-toyota-tundra-5-5-ft-bed-eva-foam-truck-bed-mat-interlocking-black,"2022-2026 Toyota Tundra 5.5 Ft Bed EVA Foam Truck Bed Mat — Interlocking, Black",,No custom.fitment_raw present; used fitment_notes text (5.5 ft short bed) + year/make/model tags,"No exact inch measurement sourced for the 5.5 ft bed on this SKU (rubber sibling 04/10 give 66.7""); left as '5.5 ft short bed' only, no invented inches"
published,2022-ford-f-150-lightning-ev-rubber-bed-mat-2pc-w-frunk-mat,https://stehlenauto.com/products/2022-ford-f-150-lightning-ev-rubber-bed-mat-2pc-w-frunk-mat,2022-2026 Ford F-150 Lightning 5.5 ft Bed Mat 2PC w/ Frunk Mat,,"custom.year metafield lists 2022-2027 but fitment_raw only supports 2022-2026 — used fitment_raw (matches title) | custom.part_number is a lowercase combo string 'tbm-f150lig22 + tbm-f150lig22-front', distinct from cb_integration.item_name 'TBM-F150EV22-2P-RB-GY' — printed custom.part_number literally per Part Number precedence rule",
published,2022-ford-maverick-4-6ft-bed-rubber-truck-bed-mat-diamond-plate,https://stehlenauto.com/products/2022-ford-maverick-4-6ft-bed-rubber-truck-bed-mat-diamond-plate,2022-2026 Ford Maverick 4.5 ft Bed Rubber Bed Mat - Diamond Plate,,"SKU strings (custom.part_number 'tbm-maver22', cb_integration.item_name 'TBM-MAV22-4.6-RB-GY') embed '4.6' ft, but fitment_notes and fitment_subattributes both say 4.5 ft (54.4"") bed, matching the title — used 4.5 ft; the '4.6' in the SKU looks like a labeling error worth a warehouse/CB check | custom.year metafield includes 2027 but fitment_raw stops at 2026 — used fitment_raw",
published,2022-gmc-hummer-ev-pickup-rubber-truck-bed-mat-lightweight-v2,https://stehlenauto.com/products/2022-gmc-hummer-ev-pickup-rubber-truck-bed-mat-lightweight-v2,2022-2026 GMC Hummer EV Pickup 5 ft Bed Rubber Bed Mat - V2,,"validate.py FAILs with ""make 'hummer' not in fitment_raw"" — false positive: validate.py's legacy MAKES list includes the old 'Hummer' brand token, which collides with the model name 'Hummer EV Pickup' under the current make GMC. fitment_raw correctly lists make=GMC on every row; dropping 'Hummer' from the Fitment line to dodge the linter would break the one-li-per-make+model rule and confuse customers, so the accurate copy was kept and this FAIL is left as a documented validator limitation. | custom.year metafield includes 2027 but fitment_raw stops at 2026 — used fitment_raw",
published,2022-gmc-hummer-ev-rubber-truck-bed-mat-2pc-w-front-trunk-mat,https://stehlenauto.com/products/2022-gmc-hummer-ev-rubber-truck-bed-mat-2pc-w-front-trunk-mat,2022-2026 GMC Hummer EV Pickup 5 ft Bed Rubber Bed Mat 2PC - TBM,,Same 'hummer' make false positive as 05 — see that entry | custom.part_number combo string 'tbm-hummerev + tbm-hummerev_front' vs cb_integration.item_name 'TBM-HUMEV22-2P-RB-GY' — printed custom.part_number literally | custom.year metafield includes 2027 but fitment_raw stops at 2026,
published,2022-hyundai-santa-cruz-4ft-bed-rubber-mat-diamond-plate,https://stehlenauto.com/products/2022-hyundai-santa-cruz-4ft-bed-rubber-mat-diamond-plate,2022-2026 Hyundai Santa Cruz 4 ft Bed Rubber Bed Mat - Diamond Plate,,custom.year metafield includes 2027 but fitment_raw stops at 2026 — used fitment_raw,
published,2022-nissan-frontier-5ft-short-bed-rubber-mat-lightweight-v2,https://stehlenauto.com/products/2022-nissan-frontier-5ft-short-bed-rubber-mat-lightweight-v2,2022-2026 Nissan Frontier 5 ft Bed Rubber Bed Mat - Lightweight V2,,"Vendor and custom.brand are both 'AA Products', not Stehlen Auto, even though this listing sits in the Stehlen bed-mat lineup at the same $105 price point as the Stehlen-branded SKUs — Brand spec set to AA Products and Warranty section omitted per rule 5 (vendor must be Stehlen Auto); flag for owner to confirm this is intentionally a third-party-branded/dropship listing and not a vendor-field data-entry error | custom.year metafield includes 2027 but fitment_raw stops at 2026",
published,2022-rivian-r1t-ev-rubber-truck-bed-mat-2pc-w-front-trunk-mat,https://stehlenauto.com/products/2022-rivian-r1t-ev-rubber-truck-bed-mat-2pc-w-front-trunk-mat,2022-2026 Rivian R1T 4.5 ft Bed Rubber Bed Mat 2PC w/ Frunk Mat,,custom.make/custom.model keys are missing entirely from metafields (only fitment_raw confirms Rivian R1T) — used fitment_raw/title | custom.part_number combo string 'tbm-r1t + tbm-r1t-front' vs cb_integration.item_name 'TBM-R1TEV22-2P-RB-GY' — printed literally | custom.year metafield includes 2027 but fitment_raw stops at 2026,
published,2022-toyota-tundra-5-5ft-bed-rubber-mat-diamond-plate-style,https://stehlenauto.com/products/2022-toyota-tundra-5-5ft-bed-rubber-mat-diamond-plate-style,2022-2026 Toyota Tundra 5.5 ft Bed Rubber Truck Bed Mat - Diamond Plate,,custom.year metafield includes 2027 but fitment_raw stops at 2026 — used fitment_raw,
published,2023-ford-ranger-5-bed-molle-panels-3pc-mp-fo-ra-2326-61-1,https://stehlenauto.com/products/2023-ford-ranger-5-bed-molle-panels-3pc-mp-fo-ra-2326-61-1,2024-2025 Ford Ranger 5 ft Bed MOLLE Panels Front & Sides - 3pc,,"Handle ('2023-...') and custom.year metafield (2023-2027) both overstate fitment — fitment_raw supports only 2024-2025 Ford Ranger; copy uses 2024-2025, matching the title | productType field says 'truck bed mat - rubber' but this is a steel MOLLE bed-wall panel set (category: MOLLE Panels, material: Steel) — productType looks mis-tagged in the catalog","No powder-coat/finish, hardware, or weld detail sourced for the steel panels, so Warranty section omitted (cannot confirm structural/finish tiers physically apply) | No installation facts (drilling/tools/time) sourced — Installation section omitted rather than assumed"
published,97-00-chevy-gmc-c-k-truck-6-5ft-bed-rubber-mat-lightweight-v2,https://stehlenauto.com/products/97-00-chevy-gmc-c-k-truck-6-5ft-bed-rubber-mat-lightweight-v2,1988-1992 Chevy/GMC C/K Truck 6.5 ft Fleetside Bed Mat,,"Handle ('97-00') and both the old current_descriptionHtml and custom.year metafield say 1997-2000, but custom.fitment_raw (source of truth) says 1988-1992 for all 6 C/K models (C1500/C2500/C3500/K1500/K2500/K3500) on both Chevrolet and GMC — used 1988-1992, matching the title. This is a significant handle/description-vs-fitment_raw mismatch worth a full data audit on this SKU.",
published,access-truck-bed-mat-2020-chevy-silverado-gmc-sierra-2500-3500-hd-6-9,https://stehlenauto.com/products/access-truck-bed-mat-2020-chevy-silverado-gmc-sierra-2500-3500-hd-6-9,2020-2024 Chevy/GMC Silverado/Sierra 2500/3500 HD 6.9 ft Bed Lightweight Rubber Bed Mat V2,,"custom.model metafield only lists 'Silverado 2500','Sierra 2500' (missing the HD suffix and the 3500 variants) though fitment_raw correctly covers Silverado/Sierra 2500 HD and 3500 HD — used fitment_raw | custom.year metafield extends to 2027 but fitment_raw stops at 2024 — used fitment_raw, matching the title",
published,2014-2019-silverado-sierra-rear-underseat-storage-organizer-box,https://stehlenauto.com/products/2014-2019-silverado-sierra-rear-underseat-storage-organizer-box,2014-2019 Chevy/GMC Silverado/Sierra Rear Underseat Storage Organizer Box,,"fitment_raw shows a real gap: Chevrolet Silverado 1500 Custom trim exists only for 2016 and 2018 (2017 missing) — reflected precisely instead of stating a contiguous 2016-2018 range | GMC Sierra 3500 HD Base trim stops at 2018 while Denali/SLE/SLT continue to 2019 — split into two lines instead of one blanket 2015-2019 range | Chevrolet Silverado 2500 (non-HD) trims differ: Base is 2016-2017, LS is 2017-2018 — kept as two separate lines instead of collapsing",No material metafield sourced — Warranty section omitted
