Handle,Tags,Command
2013-2025-mazda-cx-5-class-2-trailer-hitch-1-25-receiver,"make:Mazda, model:CX-5, year:2013, year:2014, year:2015, year:2016, year:2017, year:2018, year:2019, year:2020, year:2021, year:2022, year:2023, year:2024, year:2025",MERGE
2017-2026-honda-cr-v-class-2-trailer-hitch-1-25-receiver,"make:Honda, model:CR-V, year:2017, year:2018, year:2019, year:2020, year:2021, year:2022, year:2023, year:2024, year:2025, year:2026",MERGE
2007-2011-honda-cr-v-class-3-trailer-hitch-mpn-13555,"make:Honda, model:CR-V, year:2007, year:2008, year:2009, year:2010, year:2011",MERGE
2012-2016-honda-cr-v-class-3-trailer-hitch-black,"make:Honda, model:CR-V, year:2012, year:2013, year:2014, year:2015, year:2016",MERGE
2002-2006-honda-cr-v-class-3-trailer-hitch-black,"make:Honda, model:CR-V, year:2002, year:2003, year:2004, year:2005, year:2006",MERGE
2007-2011-honda-cr-v-class-1-trailer-hitch-black,"make:Honda, model:CR-V, year:2007, year:2008, year:2009, year:2010, year:2011",MERGE
2018-2023-subaru-crosstrek-2-class-3-trailer-hitch-curt-13382,"make:Subaru, model:Crosstrek, year:2018, year:2019, year:2020, year:2021, year:2022, year:2023",MERGE
2011-2015-chevy-cruze-trailer-hitch-class-1-1-25-receiver,"make:Buick, make:Chevrolet, make:Chevy, model:Cruze, model:Verano, year:2011, year:2012, year:2013, year:2014, year:2015, year:2016, year:2017",MERGE
2018-2023-subaru-crosstrek-1-25-trailer-hitch-receiver-curt,"make:Subaru, model:Crosstrek, year:2018, year:2019, year:2020, year:2021, year:2022, year:2023",MERGE
2017-jeep-compass-class-3-trailer-hitch-2-receiver,"make:Jeep, model:Compass, year:2017, year:2018, year:2019, year:2020, year:2021, year:2022, year:2023, year:2024, year:2025",MERGE
1995-2005-chevrolet-cavalier-pontiac-sunfire-class-1-trailer-hitch,"make:Chevrolet, make:Chevy, make:Pontiac, model:Cavalier, model:Sunfire, year:1995, year:1996, year:1997, year:1998, year:1999, year:2000, year:2001, year:2002, year:2003, year:2004, year:2005",MERGE
2004-2011-chevrolet-cobalt-hhr-trailer-hitch-class-1,"make:Chevrolet, make:Chevy, make:Pontiac, make:Saturn, model:Cobalt, model:G5, model:HHR, model:Ion, model:Pursuit, year:2004, year:2005, year:2006, year:2007, year:2008, year:2009, year:2010, year:2011",MERGE
1996-2007-chrysler-town-country-class-3-trailer-hitch-13362,"make:Chrysler, make:Dodge, make:Plymouth, make:Ram, model:Caravan, model:Grand Caravan, model:Town & Country, model:Voyager, year:1996, year:1997, year:1998, year:1999, year:2000, year:2001, year:2002, year:2003, year:2004, year:2005, year:2006, year:2007",MERGE
class-3-trailer-hitch-for-2009-2015-ram-c-v-volkswagen-routan,"make:Chrysler, make:Dodge, make:Ram, make:Volkswagen, model:C/V, model:Grand Caravan, model:Routan, model:Town & Country, year:2008, year:2009, year:2010, year:2011, year:2012, year:2013, year:2014, year:2015, year:2016, year:2017, year:2018, year:2019, year:2020",MERGE
2007-2012-dodge-caliber-class-1-trailer-hitch-black,"make:Dodge, make:Ram, model:Caliber, year:2007, year:2008, year:2009, year:2010, year:2011, year:2012",MERGE
2011-2015-chevrolet-camaro-convertible-class-1-trailer-hitch,"make:Chevrolet, make:Chevy, model:Camaro, year:2011, year:2012, year:2013, year:2014, year:2015",MERGE
1988-2000-gmc-c-k-series-class-4-trailer-hitch-14081,"make:Chevrolet, make:Chevy, model:C1500, model:C2500, model:C3500, model:K1500, model:K2500, model:K3500, year:1992, year:1993, year:1995, year:1998, year:1999",MERGE
curt-13028-class-3-trailer-hitch-2-receiver-for-ford-chevy-gmc,"make:Chevrolet, make:Chevy, make:Ford, model:C10, model:C20, model:C2500, model:C30, model:C3500, model:C3500HD, model:F-250, model:F-350, model:Silverado 3500, model:Silverado 3500 Classic, year:1973, year:1974, year:1975, year:1976, year:1977, year:1978, year:1979, year:1980, year:1981, year:1982, year:1983, year:1984, year:1985, year:1986, year:1987, year:1988, year:1989, year:1990, year:1991, year:1992, year:1993, year:1994, year:1995, year:1996, year:1997, year:1998, year:1999, year:2000, year:2001, year:2002, year:2003, year:2004, year:2005, year:2006, year:2007",MERGE
8-drop-trailer-hitch-ball-mount-2-receiver-chrome-5000lb,"make:Acura, model:MDX, model:RDX, model:SLX, model:ZDX, year:1996, year:1997, year:1998, year:1999, year:2001, year:2002, year:2003, year:2004, year:2005, year:2006, year:2007, year:2008, year:2009, year:2010, year:2011, year:2012, year:2013, year:2014, year:2015, year:2016, year:2017, year:2018, year:2019, year:2020",MERGE
3-in-1-tri-ball-trailer-hitch-mount-2-receiver-w-hook,"make:Acura, model:MDX, model:RDX, model:SLX, model:ZDX, year:1996, year:1997, year:1998, year:1999, year:2001, year:2002, year:2003, year:2004, year:2005, year:2006, year:2007, year:2008, year:2009, year:2010, year:2011, year:2012, year:2013, year:2014, year:2015, year:2016, year:2017, year:2018, year:2019, year:2020",MERGE
2004-2015-nissan-armada-infiniti-qx56-class-3-trailer-hitch,"make:Infiniti, make:Nissan, model:Armada, model:Pathfinder Armada, model:QX56, year:2004, year:2005, year:2006, year:2007, year:2008, year:2009, year:2010, year:2011, year:2012, year:2013, year:2014, year:2015",MERGE
2006-2011-hyundai-azera-class-1-trailer-hitch-11080,"make:Hyundai, model:Azera, year:2006, year:2007, year:2008, year:2009, year:2010, year:2011",MERGE
2007-2025-nissan-altima-maxima-class-1-trailer-hitch-11352,"make:Nissan, model:Altima, model:Maxima, year:2007, year:2008, year:2009, year:2010, year:2011, year:2012, year:2013, year:2014, year:2015, year:2016, year:2017, year:2018, year:2019, year:2020, year:2021, year:2022, year:2023, year:2024, year:2025",MERGE
2008-2013-nissan-altima-coupe-class-1-trailer-hitch-black,"make:Nissan, model:Altima, year:2008, year:2009, year:2010, year:2011, year:2012, year:2013",MERGE
1994-1997-honda-accord-class-1-trailer-hitch-black,"make:Honda, model:Accord, year:1994, year:1995, year:1996, year:1997",MERGE
1998-2007-honda-accord-acura-tl-cl-class-1-trailer-hitch,"make:Acura, make:Honda, model:Accord, model:CL, model:TL, year:1998, year:1999, year:2000, year:2001, year:2002, year:2003, year:2004, year:2005, year:2006, year:2007",MERGE
2008-2014-honda-accord-acura-tl-tsx-class-1-trailer-hitch,"make:Acura, make:Honda, model:Accord, model:TL, model:TSX, year:2008, year:2009, year:2010, year:2011, year:2012, year:2013, year:2014",MERGE
2017-2023-gmc-acadia-class-3-trailer-hitch-curt-13293,"make:GMC, model:Acadia, year:2017, year:2018, year:2019, year:2020, year:2021, year:2022, year:2023",MERGE
2002-2008-audi-a4-s4-vw-passat-w8-class-1-trailer-hitch-11164,"make:Audi, make:Volkswagen, model:A4, model:A4 Quattro, model:Passat, model:S4, year:2002, year:2003, year:2004, year:2005, year:2006, year:2007, year:2008",MERGE
2008-2017-buick-enclave-chevrolet-traverse-class-3-trailer-hitch,"make:Buick, make:Chevrolet, make:Chevy, make:GMC, make:Saturn, model:Acadia, model:Acadia Limited, model:Enclave, model:Outlook, model:Traverse, year:2007, year:2008, year:2009, year:2010, year:2011, year:2012, year:2013, year:2014, year:2015, year:2016, year:2017",MERGE
2011-2023-dodge-chrysler-300-charger-challenger-class-3-hitch,"make:Chrysler, model:300, year:2011, year:2012, year:2013, year:2014, year:2015, year:2016, year:2017, year:2018, year:2019, year:2020, year:2021, year:2022, year:2023",MERGE
2022-toyota-tundra-5-5-hard-tri-fold-tonneau-cover-mpn-2433112,"make:Toyota, model:Tundra, year:2022, year:2023, year:2024, year:2025, year:2026",MERGE
2015-ford-f-150-6-5ft-bed-tonneau-cover-hard-tri-fold,"make:Ford, model:F-150, year:2015, year:2016, year:2017, year:2018, year:2019, year:2020, year:2021, year:2022, year:2023, year:2024, year:2025, year:2026",MERGE
2004-2014-chevy-colorado-gmc-canyon-6-bed-hard-tri-fold-tonneau-cover,"make:Chevrolet, make:Chevy, make:GMC, model:Canyon, model:Colorado, year:2004, year:2005, year:2006, year:2007, year:2008, year:2009, year:2010, year:2011, year:2012",MERGE
2011-2014-dodge-charger-front-grille-black,"make:Dodge, make:Ram, model:Charger, year:2011, year:2012, year:2013, year:2014",MERGE
2004-2008-ford-f-150-4-oval-nerf-bars-stainless-steel,"make:Ford, model:F-150, year:2004, year:2005, year:2006, year:2007, year:2008",MERGE
stehlen-razor-3000-universal-chase-rack-w-led-lights-texture-black,"make:Cadillac, make:Chevrolet, make:Chevy, model:Avalanche, model:Avalanche 1500, model:Avalanche 2500, model:C1500, model:C2500, model:C3500, model:Escalade EXT, model:K1500, model:K2500, model:K3500, model:LUV, model:R3500, model:V3500",MERGE
2021-2024-ford-bronco-bull-guard-w-led-light-bar-matte-black,"make:Ford, model:Bronco, year:2021, year:2022, year:2023, year:2024",MERGE
stehlen-razor-1000-universal-chase-rack-w-led-lights-matte-black,"make:Cadillac, make:Chevrolet, make:Chevy, model:Avalanche, model:Avalanche 1500, model:Avalanche 2500, model:C1500, model:C2500, model:C3500, model:Escalade EXT, model:K1500, model:K2500, model:K3500, model:LUV, model:R3500, model:V3500",MERGE
chevy-silverado-gmc-sierra-bull-guard-skid-plate-matte-black,"make:Chevrolet, make:Chevy, make:GMC, model:Avalanche 1500, model:Sierra 1500, model:Sierra 1500 Classic, model:Silverado 1500, model:Silverado 1500 Classic, model:Suburban 1500, model:Tahoe, model:Yukon, model:Yukon XL 1500, year:1999, year:2000, year:2001, year:2002, year:2003, year:2004, year:2005, year:2006, year:2007",MERGE
99-07-silverado-sierra-bull-guard-led-light-bar-matte-black,"make:Chevrolet, make:Chevy, make:GMC, model:Avalanche 1500, model:Sierra 1500, model:Sierra 1500 Classic, model:Silverado 1500, model:Silverado 1500 Classic, model:Suburban 1500, model:Tahoe, model:Yukon, model:Yukon XL 1500, year:1999, year:2000, year:2001, year:2002, year:2003, year:2004, year:2005, year:2006, year:2007",MERGE
2010-2024-toyota-4runner-bull-guard-w-skid-plate-matte-black,"make:Toyota, model:4Runner, year:2010, year:2011, year:2012, year:2013, year:2014, year:2015, year:2016, year:2017, year:2018, year:2019, year:2020, year:2021, year:2022, year:2023, year:2024",MERGE
2010-2024-toyota-4runner-bull-guard-matte-black-gbu10036-ub3303,"make:Toyota, model:4Runner, year:2010, year:2011, year:2012, year:2013, year:2014, year:2015, year:2016, year:2017, year:2018, year:2019, year:2020, year:2021, year:2022, year:2023, year:2024",MERGE
2003-2009-toyota-4runner-lexus-gx470-bull-guard-matte-black,"make:Lexus, make:Toyota, model:4Runner, model:GX470, year:2003, year:2004, year:2005, year:2006, year:2007, year:2008, year:2009",MERGE
2010-2024-toyota-4runner-bull-guard-w-led-light-bar-matte-black,"make:Toyota, model:4Runner, year:2010, year:2011, year:2012, year:2013, year:2014, year:2015, year:2016, year:2017, year:2018, year:2019, year:2020, year:2021, year:2022, year:2023, year:2024",MERGE
chevrolet-gmc-suburban-tahoe-yukon-bull-guard-gbu10050,"make:Chevrolet, make:Chevy, model:C1500, model:C2500, model:C3500, model:K1500, model:K2500, model:K3500, year:1988, year:1989, year:1990, year:1991, year:1992, year:1993, year:1994, year:1995, year:1996, year:1997, year:1998, year:1999, year:2000",MERGE
2003-2009-toyota-4runner-lexus-gx470-bull-guard-led-light-bar,"make:Lexus, make:Toyota, model:4Runner, model:GX470, year:2003, year:2004, year:2005, year:2006, year:2007, year:2008, year:2009",MERGE
2012-2017-hyundai-accent-kia-rio-class-1-trailer-hitch-11250,"make:Hyundai, make:Kia, model:Accent, model:Rio, year:2012, year:2013, year:2014, year:2015, year:2016, year:2017",MERGE
2004-2007-chrysler-town-country-class-3-trailer-hitch-13389,"make:Chrysler, make:Dodge, make:Ram, model:Caravan, model:Grand Caravan, model:Town & Country, year:2004, year:2005, year:2006, year:2007",MERGE
1991-2002-ford-escort-mercury-tracer-class-1-trailer-hitch,"make:Ford, make:Mercury, model:Escort, model:Tracer, year:1991, year:1992, year:1993, year:1994, year:1995, year:1996, year:1997, year:1998, year:1999, year:2000, year:2001, year:2002",MERGE
class-3-trailer-hitch-for-ford-escape-mazda-tribute-mercury-mariner,"make:Ford, make:Mazda, make:Mercury, model:Escape, model:Mariner, model:Tribute, year:2005, year:2006, year:2007, year:2008, year:2009, year:2010, year:2011, year:2012",MERGE
2018-2024-chevy-equinox-gmc-terrain-class-3-trailer-hitch-2-receiver,"make:Chevrolet, make:Chevy, make:GMC, model:Equinox, model:Terrain, year:2018, year:2019, year:2020, year:2021, year:2022, year:2023, year:2024, year:2025, year:2026",MERGE
pontiac-torrent-saturn-vue-class-3-trailer-hitch-13591,"make:Chevrolet, make:Chevy, make:GMC, make:Pontiac, make:Saturn, model:Equinox, model:Terrain, model:Torrent, model:Vue, year:2002, year:2003, year:2004, year:2005, year:2006, year:2007, year:2008, year:2009, year:2010, year:2011, year:2012, year:2013, year:2014, year:2015, year:2016, year:2017",MERGE
2003-2011-honda-element-class-1-trailer-hitch-11700,"make:Honda, model:Element, year:2003, year:2004, year:2005, year:2006, year:2007, year:2008, year:2009, year:2010, year:2011",MERGE
2007-2010-hyundai-elantra-class-1-trailer-hitch-11467,"make:Hyundai, model:Elantra, year:2007, year:2008, year:2009, year:2010",MERGE
2007-2015-ford-edge-lincoln-mkx-class-3-trailer-hitch-13067,"make:Ford, make:Lincoln, model:Edge, model:MKX, year:2007, year:2008, year:2009, year:2010, year:2011, year:2012, year:2013, year:2014, year:2015",MERGE
2003-2009-mercedes-benz-e-class-trailer-hitch-class-1,"make:Mercedes-Benz, model:E320, model:E350, model:E500, model:E55 AMG, model:E550, model:E63 AMG, year:2003, year:2004, year:2005, year:2006, year:2007, year:2008, year:2009",MERGE
2000-2014-ford-e-series-class-4-trailer-hitch-14055,"make:Ford, model:E-150, model:E-150 Econoline, model:E-250, model:E-250 Econoline, model:E-350 Super Duty, year:2000, year:2001, year:2002, year:2003, year:2004, year:2005, year:2006, year:2007, year:2008, year:2009, year:2010, year:2011, year:2012, year:2013, year:2014",MERGE
1998-2003-dodge-durango-class-3-trailer-hitch-black,"make:Dodge, make:Ram, model:Durango, year:1998, year:1999, year:2000, year:2001, year:2002, year:2003",MERGE
2012-2022-jeep-grand-cherokee-class-3-trailer-hitch-13182,"make:Dodge, make:Jeep, make:Ram, model:Durango, model:Grand Cherokee, model:Grand Cherokee WK, year:2011, year:2012, year:2013, year:2014, year:2015, year:2016, year:2017, year:2018, year:2019, year:2020, year:2021, year:2022, year:2023, year:2024, year:2025, year:2026",MERGE
2016-2023-mazda-cx-9-class-3-trailer-hitch-2-receiver,"make:Mazda, model:CX-9, year:2016, year:2017, year:2018, year:2019, year:2020, year:2021, year:2022, year:2023",MERGE
2004-2009-dodge-durango-chrysler-aspen-class-3-trailer-hitch,"make:Chrysler, make:Dodge, make:Ram, model:Aspen, model:Durango, year:2004, year:2005, year:2006, year:2007, year:2008, year:2009",MERGE
2013-2023-mazda-cx-5-class-3-trailer-hitch-2-receiver,"make:Mazda, model:CX-5, year:2013, year:2014, year:2015, year:2016, year:2017, year:2018, year:2019, year:2020, year:2021, year:2022, year:2023, year:2024, year:2025",MERGE
2017-2025-honda-cr-v-class-3-trailer-hitch-2-receiver,"make:Honda, model:CR-V, year:2017, year:2018, year:2019, year:2020, year:2021, year:2022, year:2023, year:2024, year:2025, year:2026",MERGE
curt-2-loaded-ball-mount-with-1-7-8-ball-45034,"make:Acura, model:MDX, model:RDX, model:SLX, model:ZDX, year:1996, year:1997, year:1998, year:1999, year:2001, year:2002, year:2003, year:2004, year:2005, year:2006, year:2007, year:2008, year:2009, year:2010, year:2011, year:2012, year:2013, year:2014, year:2015, year:2016, year:2017, year:2018, year:2019, year:2020",MERGE
1997-2001-honda-cr-v-class-1-trailer-hitch-black,"make:Honda, model:CR-V, year:1997, year:1998, year:1999, year:2000, year:2001",MERGE
2023-ford-ranger-5-bed-molle-panels-3pc-mp-fo-ra-2326-61-1,"make:Ford, model:Ranger, year:2024, year:2025",MERGE
2023-ford-ranger-6ft-bed-molle-panels-front-sides-3pc-set,"make:Ford, model:Ranger, year:2019, year:2020, year:2021, year:2022, year:2023",MERGE
2023-chevy-colorado-5ft-bed-molle-panels-3pc-set,"make:Chevrolet, make:Chevy, make:GMC, model:Canyon, model:Colorado, year:2023, year:2024, year:2025",MERGE
2010-2024-toyota-4runner-bull-guard-w-led-light-bar-matte-black-1,"make:Toyota, model:4Runner, year:2010, year:2011, year:2012, year:2013, year:2014, year:2015, year:2016, year:2017, year:2018, year:2019, year:2020, year:2021, year:2022, year:2023, year:2024",MERGE
1999-2007-gmc-sierra-advanced-bull-guard-w-led-light-bar-matte-black,"make:Chevrolet, make:Chevy, model:Avalanche 2500, model:Silverado 1500 HD, model:Silverado 1500 HD Classic, model:Silverado 2500, model:Silverado 2500 HD, model:Silverado 2500 HD Classic, model:Silverado 3500, model:Silverado 3500 Classic, model:Suburban 2500, year:1999, year:2000, year:2001, year:2002, year:2003, year:2004, year:2005, year:2006, year:2007",MERGE
advance-series-bull-guard-w-led-light-bar-for-ford-bronco-2021,"make:Ford, model:Bronco, year:2021, year:2022, year:2023, year:2024",MERGE
2021-ford-bronco-studded-mesh-bull-guard-matte-black,"make:Ford, model:Bronco, year:2021, year:2022, year:2023, year:2024",MERGE
92-99-chevy-gmc-suburban-tahoe-yukon-bull-guard-led-light-bar,"make:Chevrolet, make:Chevy, model:C1500, model:C2500, model:C3500, model:K1500, model:K2500, model:K3500, year:1988, year:1989, year:1990, year:1991, year:1992, year:1993, year:1994, year:1995, year:1996, year:1997, year:1998, year:1999, year:2000",MERGE
1992-1999-chevy-gmc-suburban-tahoe-yukon-bull-guard-matte-black,"make:Chevrolet, make:Chevy, model:C1500, model:C2500, model:C3500, model:K1500, model:K2500, model:K3500, year:1988, year:1989, year:1990, year:1991, year:1992, year:1993, year:1994, year:1995, year:1996, year:1997, year:1998, year:1999, year:2000",MERGE
1992-1999-chevy-gmc-suburban-tahoe-yukon-studded-mesh-bull-guard,"make:Chevrolet, make:Chevy, model:C1500, model:C2500, model:C3500, model:K1500, model:K2500, model:K3500, year:1988, year:1989, year:1990, year:1991, year:1992, year:1993, year:1994, year:1995, year:1996, year:1997, year:1998, year:1999, year:2000",MERGE
92-99-chevy-gmc-suburban-tahoe-yukon-bull-guard-w-led-light-bar,"make:Chevrolet, make:Chevy, model:C1500, model:C2500, model:C3500, model:K1500, model:K2500, model:K3500, year:1988, year:1989, year:1990, year:1991, year:1992, year:1993, year:1994, year:1995, year:1996, year:1997, year:1998, year:1999, year:2000",MERGE
1992-1999-chevy-gmc-suburban-tahoe-yukon-bull-guard-matte-black-1,"make:Chevrolet, make:Chevy, model:C1500, model:C2500, model:C3500, model:K1500, model:K2500, model:K3500, year:1988, year:1989, year:1990, year:1991, year:1992, year:1993, year:1994, year:1995, year:1996, year:1997, year:1998, year:1999, year:2000",MERGE
92-99-chevy-gmc-suburban-tahoe-yukon-studded-mesh-bull-guard-combo,"make:Chevrolet, make:Chevy, model:C1500, model:C2500, model:C3500, model:K1500, model:K2500, model:K3500, year:1988, year:1989, year:1990, year:1991, year:1992, year:1993, year:1994, year:1995, year:1996, year:1997, year:1998, year:1999, year:2000",MERGE
1992-1999-chevy-gmc-suburban-tahoe-yukon-bull-guard-texture-black,"make:Chevrolet, make:Chevy, model:C1500, model:C2500, model:C3500, model:K1500, model:K2500, model:K3500, year:1988, year:1989, year:1990, year:1991, year:1992, year:1993, year:1994, year:1995, year:1996, year:1997, year:1998, year:1999, year:2000",MERGE
92-99-chevy-gmc-suburban-tahoe-yukon-bull-guard-w-led-light-bar-1,"make:Chevrolet, make:Chevy, model:C1500, model:C2500, model:C3500, model:K1500, model:K2500, model:K3500, year:1988, year:1989, year:1990, year:1991, year:1992, year:1993, year:1994, year:1995, year:1996, year:1997, year:1998, year:1999, year:2000",MERGE
04-12-chevy-colorado-gmc-canyon-advanced-bull-guard-w-led-bar,"make:Chevrolet, make:Chevy, make:GMC, model:Canyon, model:Colorado, year:2004, year:2005, year:2006, year:2007, year:2008, year:2009, year:2010, year:2011, year:2012",MERGE
04-12-chevy-colorado-gmc-canyon-bull-guard-mesh-skid-plate,"make:Chevrolet, make:Chevy, make:GMC, model:Canyon, model:Colorado, year:2004, year:2005, year:2006, year:2007, year:2008, year:2009, year:2010, year:2011, year:2012",MERGE
04-12-chevy-colorado-gmc-canyon-bull-guard-w-led-light-bar,"make:Chevrolet, make:Chevy, make:GMC, model:Canyon, model:Colorado, year:2004, year:2005, year:2006, year:2007, year:2008, year:2009, year:2010, year:2011, year:2012",MERGE
04-12-chevy-colorado-gmc-canyon-bull-guard-w-skid-plate-matte-black,"make:Chevrolet, make:Chevy, make:GMC, model:Canyon, model:Colorado, year:2004, year:2005, year:2006, year:2007, year:2008, year:2009, year:2010, year:2011, year:2012",MERGE
2004-2012-chevy-colorado-gmc-canyon-advanced-bull-guard-black,"make:Chevrolet, make:Chevy, make:GMC, model:Canyon, model:Colorado, year:2004, year:2005, year:2006, year:2007, year:2008, year:2009, year:2010, year:2011, year:2012",MERGE
2015-2022-chevy-colorado-gmc-canyon-advanced-bull-guard-led-bar,"make:Chevrolet, make:Chevy, make:GMC, model:Canyon, model:Colorado, year:2015, year:2016, year:2017, year:2018, year:2019, year:2020, year:2021, year:2022",MERGE
2015-2022-chevy-colorado-gmc-canyon-bull-guard-w-skid-plate,"make:Chevrolet, make:Chevy, make:GMC, model:Canyon, model:Colorado, year:2015, year:2016, year:2017, year:2018, year:2019, year:2020, year:2021, year:2022",MERGE
05-11-dodge-dakota-ram-mitsubishi-raider-bull-guard-matte-black,"make:Dodge, make:Mitsubishi, make:Ram, model:Dakota, model:Raider, year:2005, year:2006, year:2007, year:2008, year:2009, year:2010, year:2011",MERGE
2005-2011-dodge-dakota-bull-guard-w-mesh-skid-plate-matte-black,"make:Dodge, make:Mitsubishi, make:Ram, model:Dakota, model:Raider, year:2005, year:2006, year:2007, year:2008, year:2009, year:2010, year:2011",MERGE
2005-2011-dodge-dakota-bull-guard-w-led-light-bar-matte-black,"make:Dodge, make:Mitsubishi, make:Ram, model:Dakota, model:Raider, year:2005, year:2006, year:2007, year:2008, year:2009, year:2010, year:2011",MERGE
2005-2011-dodge-dakota-advanced-series-bull-guard-matte-black,"make:Dodge, make:Mitsubishi, make:Ram, model:Dakota, model:Raider, year:2005, year:2006, year:2007, year:2008, year:2009, year:2010, year:2011",MERGE
05-11-dodge-dakota-ram-mitsubishi-raider-front-bull-bar-black,"make:Dodge, make:Mitsubishi, make:Ram, model:Dakota, model:Raider, year:2005, year:2006, year:2007, year:2008, year:2009, year:2010, year:2011",MERGE
05-11-dodge-dakota-bull-bar-w-21-5-120w-led-light-bar,"make:Dodge, make:Mitsubishi, make:Ram, model:Dakota, model:Raider, year:2005, year:2006, year:2007, year:2008, year:2009, year:2010, year:2011",MERGE
1997-2004-dodge-dakota-durango-advanced-bull-guard-w-skid-plate,"make:Dodge, make:Ram, model:Dakota, model:Durango, year:1997, year:1998, year:1999, year:2000, year:2001, year:2002, year:2003, year:2004",MERGE
1997-2004-dodge-dakota-durango-advanced-bull-guard-matte-black,"make:Dodge, make:Ram, model:Dakota, model:Durango, year:1997, year:1998, year:1999, year:2000, year:2001, year:2002, year:2003, year:2004",MERGE
04-09-dodge-durango-chrysler-aspen-bull-guard-led-light-bar-matte-black,"make:Chrysler, make:Dodge, make:Ram, model:Aspen, model:Durango, year:2004, year:2005, year:2006, year:2007, year:2008, year:2009",MERGE
04-09-dodge-durango-chrysler-aspen-bull-guard-w-led-gbu10023,"make:Chrysler, make:Dodge, make:Ram, model:Aspen, model:Durango, year:2004, year:2005, year:2006, year:2007, year:2008, year:2009",MERGE
2004-2009-dodge-durango-chrysler-aspen-bull-guard-matte-black-mesh,"make:Chrysler, make:Dodge, make:Ram, model:Aspen, model:Durango, year:2004, year:2005, year:2006, year:2007, year:2008, year:2009",MERGE
2004-2009-dodge-durango-bull-guard-w-led-light-bar-matte-black,"make:Chrysler, make:Dodge, make:Ram, model:Aspen, model:Durango, year:2004, year:2005, year:2006, year:2007, year:2008, year:2009",MERGE
2004-2009-dodge-durango-advanced-series-bull-guard-matte-black,"make:Chrysler, make:Dodge, make:Ram, model:Aspen, model:Durango, year:2004, year:2005, year:2006, year:2007, year:2008, year:2009",MERGE
2004-2009-dodge-durango-chrysler-aspen-bull-guard-chrome-a070309a,"make:Chrysler, make:Dodge, make:Ram, model:Aspen, model:Durango, year:2004, year:2005, year:2006, year:2007, year:2008, year:2009",MERGE
2004-2009-dodge-durango-chrome-bull-guard-with-led-light-bar,"make:Chrysler, make:Dodge, make:Ram, model:Aspen, model:Durango, year:2004, year:2005, year:2006, year:2007, year:2008, year:2009",MERGE
2011-2016-jeep-grand-cherokee-dodge-durango-bull-guard-led-r203-201bk,"make:Dodge, make:Jeep, make:Ram, model:Durango, model:Grand Cherokee, year:2011, year:2012, year:2013, year:2014, year:2015, year:2016",MERGE
2011-2016-durango-grand-cherokee-advanced-bull-guard-matte-black,"make:Dodge, make:Jeep, make:Ram, model:Durango, model:Grand Cherokee, year:2011, year:2012, year:2013, year:2014, year:2015, year:2016",MERGE
02-09-chevy-trailblazer-gmc-envoy-bull-guard-w-led-matte-black,"make:Chevrolet, make:Chevy, make:GMC, model:Envoy, model:Trailblazer, year:2002, year:2003, year:2004, year:2005, year:2006, year:2007, year:2008, year:2009",MERGE
ford-f-150-expedition-lincoln-bull-guard-mesh-skid-plate-matte-black,"make:Ford, make:Lincoln, model:Expedition, model:F-150, model:Mark LT, model:Navigator, year:2003, year:2004, year:2005, year:2006, year:2007, year:2008, year:2009, year:2010, year:2011, year:2012, year:2013, year:2014, year:2015, year:2016, year:2017, year:2018, year:2019, year:2020, year:2021, year:2022, year:2023",MERGE
2003-2014-lincoln-navigator-mark-lt-bull-guard-matte-black-led-bar,"make:Ford, make:Lincoln, model:Expedition, model:F-150, model:Mark LT, model:Navigator, year:2003, year:2004, year:2005, year:2006, year:2007, year:2008, year:2009, year:2010, year:2011, year:2012, year:2013, year:2014, year:2015, year:2016, year:2017, year:2018, year:2019, year:2020, year:2021, year:2022, year:2023",MERGE
studded-mesh-bull-guard-texture-black-ford-f-150-expedition,"make:Ford, make:Lincoln, model:Expedition, model:F-150, model:Mark LT, model:Navigator, year:2003, year:2004, year:2005, year:2006, year:2007, year:2008, year:2009, year:2010, year:2011, year:2012, year:2013, year:2014, year:2015, year:2016, year:2017, year:2018, year:2019, year:2020, year:2021, year:2022, year:2023",MERGE
advanced-series-bull-guard-w-skid-plate-matte-black,"make:Ford, make:Lincoln, model:Expedition, model:F-150, model:Mark LT, model:Navigator, year:2003, year:2004, year:2005, year:2006, year:2007, year:2008, year:2009, year:2010, year:2011, year:2012, year:2013, year:2014, year:2015, year:2016, year:2017, year:2018, year:2019, year:2020, year:2021, year:2022, year:2023",MERGE
ford-f-150-expedition-studded-mesh-bull-guard-combo-w-led-light-bar,"make:Ford, make:Lincoln, model:Expedition, model:F-150, model:Mark LT, model:Navigator, year:2003, year:2004, year:2005, year:2006, year:2007, year:2008, year:2009, year:2010, year:2011, year:2012, year:2013, year:2014, year:2015, year:2016, year:2017, year:2018, year:2019, year:2020, year:2021, year:2022, year:2023",MERGE
2006-2010-ford-explorer-advanced-series-bull-guard-w-led-light-bar,"make:Ford, model:Explorer, model:Explorer Sport Trac, year:2006, year:2007, year:2008, year:2009, year:2010",MERGE
2011-2019-ford-explorer-advanced-series-bull-guard-w-skid-plate,"make:Ford, model:Explorer, year:2011, year:2012, year:2013, year:2014, year:2015, year:2016, year:2017, year:2018, year:2019",MERGE
1997-2004-ford-f-150-bull-guard-w-mesh-skid-plate-matte-black,"make:Ford, model:Expedition, model:F-150, model:F-150 Heritage, model:F-250, year:1997, year:1998, year:1999, year:2000, year:2001, year:2002, year:2003, year:2004",MERGE
1997-2004-ford-f-150-bull-guard-w-led-light-bar-matte-black,"make:Ford, model:Expedition, model:F-150, model:F-150 Heritage, model:F-250, year:1997, year:1998, year:1999, year:2000, year:2001, year:2002, year:2003, year:2004",MERGE
1997-2004-ford-f-150-f-250-expedition-studded-mesh-bull-guard,"make:Ford, model:Expedition, model:F-150, model:F-150 Heritage, model:F-250, year:1997, year:1998, year:1999, year:2000, year:2001, year:2002, year:2003, year:2004",MERGE
97-03-ford-f-150-f-250-expedition-bull-guard-combo-w-led-bar,"make:Ford, model:Expedition, model:F-150, model:F-150 Heritage, model:F-250, year:1997, year:1998, year:1999, year:2000, year:2001, year:2002, year:2003, year:2004",MERGE
1997-2004-ford-f-150-advanced-series-bull-guard-w-skid-plate-matte-black,"make:Ford, model:Expedition, model:F-150, model:F-150 Heritage, model:F-250, year:1997, year:1998, year:1999, year:2000, year:2001, year:2002, year:2003, year:2004",MERGE
1997-2004-ford-f-150-f-250-expedition-advanced-bull-guard-black,"make:Ford, model:Expedition, model:F-150, model:F-150 Heritage, model:F-250, year:1997, year:1998, year:1999, year:2000, year:2001, year:2002, year:2003, year:2004",MERGE
05-07-ford-super-duty-advanced-bull-guard-w-led-light-bar-matte-black,"make:Ford, model:Excursion, model:F-250 Super Duty, model:F-350 Super Duty, model:F-450 Super Duty, model:F-550 Super Duty, year:2005, year:2006, year:2007",MERGE
05-07-ford-super-duty-advanced-bull-guard-w-led-light-bar,"make:Ford, model:Excursion, model:F-250 Super Duty, model:F-350 Super Duty, model:F-450 Super Duty, model:F-550 Super Duty, year:2005, year:2006, year:2007",MERGE
2005-2007-ford-super-duty-bull-guard-w-mesh-skid-plate-matte-black,"make:Ford, model:Excursion, model:F-250 Super Duty, model:F-350 Super Duty, model:F-450 Super Duty, model:F-550 Super Duty, year:2005, year:2006, year:2007",MERGE
05-07-ford-super-duty-bull-guard-w-led-light-bar-matte-black,"make:Ford, model:Excursion, model:F-250 Super Duty, model:F-350 Super Duty, model:F-450 Super Duty, model:F-550 Super Duty, year:2005, year:2006, year:2007",MERGE
2005-2007-ford-super-duty-advanced-series-bull-guard-matte-black,"make:Ford, model:Excursion, model:F-250 Super Duty, model:F-350 Super Duty, model:F-450 Super Duty, model:F-550 Super Duty, year:2005, year:2006, year:2007",MERGE
05-07-ford-super-duty-advanced-series-bull-guard-matte-black,"make:Ford, model:Excursion, model:F-250 Super Duty, model:F-350 Super Duty, model:F-450 Super Duty, model:F-550 Super Duty, year:2005, year:2006, year:2007",MERGE
05-07-ford-super-duty-advanced-series-bull-guard-texture-black,"make:Ford, model:Excursion, model:F-250 Super Duty, model:F-350 Super Duty, model:F-450 Super Duty, model:F-550 Super Duty, year:2005, year:2006, year:2007",MERGE
2008-2010-ford-super-duty-advanced-series-bull-guard-matte-black-led,"make:Ford, model:F-250 Super Duty, model:F-350 Super Duty, model:F-450 Super Duty, model:F-550 Super Duty, year:2008, year:2009, year:2010",MERGE
2008-2010-ford-super-duty-advanced-bull-guard-w-led-light-bar,"make:Ford, model:F-250 Super Duty, model:F-350 Super Duty, model:F-450 Super Duty, model:F-550 Super Duty, year:2008, year:2009, year:2010",MERGE
2008-2010-ford-super-duty-f-250-f-350-bull-guard-matte-black,"make:Ford, model:F-250 Super Duty, model:F-350 Super Duty, model:F-450 Super Duty, model:F-550 Super Duty, year:2008, year:2009, year:2010",MERGE
08-10-ford-super-duty-bull-guard-w-led-light-bar-matte-black,"make:Ford, model:F-250 Super Duty, model:F-350 Super Duty, model:F-450 Super Duty, model:F-550 Super Duty, year:2008, year:2009, year:2010",MERGE
2008-2010-ford-super-duty-advanced-series-bull-guard-matte-black,"make:Ford, model:F-250 Super Duty, model:F-350 Super Duty, model:F-450 Super Duty, model:F-550 Super Duty, year:2008, year:2009, year:2010",MERGE
2011-2016-ford-super-duty-advanced-bull-guard-w-led-light-bar,"make:Ford, model:F-250 Super Duty, model:F-350 Super Duty, model:F-450 Super Duty, model:F-550 Super Duty, year:2011, year:2012, year:2013, year:2014, year:2015, year:2016",MERGE
2011-2016-ford-super-duty-advanced-series-bull-guard-matte-black,"make:Ford, model:F-250 Super Duty, model:F-350 Super Duty, model:F-450 Super Duty, model:F-550 Super Duty, year:2011, year:2012, year:2013, year:2014, year:2015, year:2016",MERGE
2011-2016-ford-super-duty-advanced-series-bull-guard-texture-black,"make:Ford, model:F-250 Super Duty, model:F-350 Super Duty, model:F-450 Super Duty, model:F-550 Super Duty, year:2011, year:2012, year:2013, year:2014, year:2015, year:2016",MERGE
99-04-ford-super-duty-excursion-bull-guard-led-light-bar-matte-black,"make:Ford, model:Excursion, model:F-250 Super Duty, model:F-350 Super Duty, model:F-450 Super Duty, model:F-550 Super Duty, year:1999, year:2000, year:2001, year:2002, year:2003, year:2004",MERGE
99-04-ford-super-duty-excursion-bull-guard-w-led-light-bar,"make:Ford, model:Excursion, model:F-250 Super Duty, model:F-350 Super Duty, model:F-450 Super Duty, model:F-550 Super Duty, year:1999, year:2000, year:2001, year:2002, year:2003, year:2004",MERGE
1999-2004-ford-super-duty-excursion-bull-guard-w-led-light-bar,"make:Ford, model:Excursion, model:F-250 Super Duty, model:F-350 Super Duty, model:F-450 Super Duty, model:F-550 Super Duty, year:1999, year:2000, year:2001, year:2002, year:2003, year:2004",MERGE
1999-2004-ford-super-duty-bull-guard-w-mesh-skid-plate-matte-black,"make:Ford, model:Excursion, model:F-250 Super Duty, model:F-350 Super Duty, model:F-450 Super Duty, model:F-550 Super Duty, year:1999, year:2000, year:2001, year:2002, year:2003, year:2004",MERGE
1999-2004-ford-super-duty-bull-guard-w-led-light-bar-matte-black,"make:Ford, model:Excursion, model:F-250 Super Duty, model:F-350 Super Duty, model:F-450 Super Duty, model:F-550 Super Duty, year:1999, year:2000, year:2001, year:2002, year:2003, year:2004",MERGE
1999-2004-ford-super-duty-advanced-series-bull-guard-matte-black,"make:Ford, model:Excursion, model:F-250 Super Duty, model:F-350 Super Duty, model:F-450 Super Duty, model:F-550 Super Duty, year:1999, year:2000, year:2001, year:2002, year:2003, year:2004",MERGE
01-04-nissan-frontier-xterra-advanced-bull-guard-led-light-bar,"make:Nissan, model:Frontier, model:Xterra, year:2001, year:2002, year:2003, year:2004",MERGE
2001-2004-nissan-frontier-xterra-advanced-bull-guard-w-led-bar,"make:Nissan, model:Frontier, model:Xterra, year:2001, year:2002, year:2003, year:2004",MERGE
2001-2004-nissan-frontier-xterra-bull-guard-skid-plate-matte-black,"make:Nissan, model:Frontier, model:Xterra, year:2001, year:2002, year:2003, year:2004",MERGE
2001-2004-nissan-frontier-xterra-advanced-series-bull-guard,"make:Nissan, model:Frontier, model:Xterra, year:2001, year:2002, year:2003, year:2004",MERGE
05-21-nissan-frontier-advanced-bull-guard-w-led-light-bar-matte-black,"make:Nissan, model:Frontier, model:Pathfinder, model:Xterra, year:2005, year:2006, year:2007, year:2008, year:2009, year:2010, year:2011, year:2012, year:2013, year:2014, year:2015, year:2016, year:2017, year:2018, year:2019, year:2020, year:2021",MERGE
nissan-pathfinder-xterra-bull-guard-w-mesh-skid-plate-matte-black,"make:Nissan, model:Frontier, model:Pathfinder, model:Xterra, year:2005, year:2006, year:2007, year:2008, year:2009, year:2010, year:2011, year:2012, year:2013, year:2014, year:2015, year:2016, year:2017, year:2018, year:2019, year:2020, year:2021",MERGE
nissan-bull-guard-w-mesh-skid-plate-led-light-bar-matte-black,"make:Nissan, model:Frontier, model:Pathfinder, model:Xterra, year:2005, year:2006, year:2007, year:2008, year:2009, year:2010, year:2011, year:2012, year:2013, year:2014, year:2015, year:2016, year:2017, year:2018, year:2019, year:2020, year:2021",MERGE
2005-2021-nissan-frontier-studded-mesh-bull-guard-texture-black,"make:Nissan, model:Frontier, model:Pathfinder, model:Xterra, year:2005, year:2006, year:2007, year:2008, year:2009, year:2010, year:2011, year:2012, year:2013, year:2014, year:2015, year:2016, year:2017, year:2018, year:2019, year:2020, year:2021",MERGE
05-21-nissan-frontier-bull-guard-w-led-light-bar-combo,"make:Nissan, model:Frontier, model:Pathfinder, model:Xterra, year:2005, year:2006, year:2007, year:2008, year:2009, year:2010, year:2011, year:2012, year:2013, year:2014, year:2015, year:2016, year:2017, year:2018, year:2019, year:2020, year:2021",MERGE
nissan-pathfinder-xterra-advanced-bull-guard-w-skid-plate-matte-black,"make:Nissan, model:Frontier, model:Pathfinder, model:Xterra, year:2005, year:2006, year:2007, year:2008, year:2009, year:2010, year:2011, year:2012, year:2013, year:2014, year:2015, year:2016, year:2017, year:2018, year:2019, year:2020, year:2021",MERGE
2006-2010-hummer-h3-advanced-series-bull-guard-w-led-light-bar,"make:Hummer, model:H3, year:2006, year:2007, year:2008, year:2009, year:2010",MERGE
2006-2010-hummer-h3-bull-guard-w-mesh-skid-plate-matte-black,"make:Hummer, model:H3, year:2006, year:2007, year:2008, year:2009, year:2010",MERGE
2006-2010-hummer-h3-bull-guard-w-skid-plate-led-light-bar,"make:Hummer, model:H3, year:2006, year:2007, year:2008, year:2009, year:2010",MERGE
2006-2010-hummer-h3-advanced-series-bull-guard-w-skid-plate-matte-black,"make:Hummer, model:H3, year:2006, year:2007, year:2008, year:2009, year:2010",MERGE
2006-2010-hummer-h3-advanced-series-bull-guard-texture-black,"make:Hummer, model:H3, year:2006, year:2007, year:2008, year:2009, year:2010",MERGE
2014-2019-toyota-highlander-bull-guard-w-led-light-bar-matte-black,"make:Toyota, model:Highlander, year:2014, year:2015, year:2016, year:2017, year:2018, year:2019",MERGE
2014-2019-toyota-highlander-bull-guard-w-skid-plate-matte-black,"make:Toyota, model:Highlander, year:2014, year:2015, year:2016, year:2017, year:2018, year:2019",MERGE
jeep-commander-grand-cherokee-advanced-bull-guard-led-matte-black,"make:Jeep, model:Commander, model:Grand Cherokee, year:2005, year:2006, year:2007, year:2008, year:2009, year:2010",MERGE
2005-2010-jeep-commander-grand-cherokee-bull-guard-matte-black,"make:Jeep, model:Commander, model:Grand Cherokee, year:2005, year:2006, year:2007, year:2008, year:2009, year:2010",MERGE
jeep-commander-grand-cherokee-bull-guard-w-led-light-bar-matte-black,"make:Jeep, model:Commander, model:Grand Cherokee, year:2005, year:2006, year:2007, year:2008, year:2009, year:2010",MERGE
2008-2010-jeep-grand-cherokee-advanced-bull-guard-w-led-light-bar,"make:Jeep, model:Grand Cherokee, year:2008, year:2009, year:2010",MERGE
2008-2010-jeep-grand-cherokee-bull-guard-w-mesh-skid-plate-matte-black,"make:Jeep, model:Grand Cherokee, year:2008, year:2009, year:2010",MERGE
2008-2010-jeep-grand-cherokee-bull-guard-w-led-light-bar-matte-black,"make:Jeep, model:Grand Cherokee, year:2008, year:2009, year:2010",MERGE
2008-2010-jeep-grand-cherokee-advanced-series-bull-guard-matte-black,"make:Jeep, model:Grand Cherokee, year:2008, year:2009, year:2010",MERGE
2012-2022-nissan-nv-titan-xd-advanced-bull-guard-w-skid-plate,"make:Nissan, model:NV1500, model:NV2500, model:NV3500, model:Titan XD, year:2012, year:2013, year:2014, year:2015, year:2016, year:2017, year:2018, year:2019, year:2020, year:2021, year:2022",MERGE
1999-2004-nissan-pathfinder-advanced-series-bull-guard-w-led-bar,"make:Nissan, model:Pathfinder, year:1999, year:2000, year:2001, year:2002, year:2003, year:2004",MERGE
03-14-honda-pilot-ridgeline-advanced-bull-guard-w-led-matte-black,"make:Honda, model:Pilot, model:Ridgeline, year:2003, year:2004, year:2005, year:2006, year:2007, year:2008, year:2009, year:2010, year:2011, year:2012, year:2013, year:2014",MERGE
2006-2014-honda-ridgeline-advanced-bull-guard-w-skid-plate-matte-black,"make:Honda, model:Pilot, model:Ridgeline, year:2003, year:2004, year:2005, year:2006, year:2007, year:2008, year:2009, year:2010, year:2011, year:2012, year:2013, year:2014",MERGE
2009-2015-honda-pilot-advanced-bull-guard-w-led-light-bar-matte-black,"make:Honda, model:Pilot, year:2009, year:2010, year:2011, year:2012, year:2013, year:2014, year:2015",MERGE
2009-2015-honda-pilot-bull-guard-w-mesh-skid-plate-matte-black,"make:Honda, model:Pilot, year:2009, year:2010, year:2011, year:2012, year:2013, year:2014, year:2015",MERGE
2009-2015-honda-pilot-bull-guard-w-led-light-bar-matte-black,"make:Honda, model:Pilot, year:2009, year:2010, year:2011, year:2012, year:2013, year:2014, year:2015",MERGE
2009-2015-honda-pilot-advanced-series-bull-guard-w-skid-plate-matte-black,"make:Honda, model:Pilot, year:2009, year:2010, year:2011, year:2012, year:2013, year:2014, year:2015",MERGE
02-09-dodge-ram-1500-2500-3500-advanced-bull-guard-led-p4s16004,"make:Dodge, make:Ram, model:Ram 1500, model:Ram 2500, model:Ram 3500, year:2002, year:2003, year:2004, year:2005, year:2006, year:2007, year:2008, year:2009",MERGE
02-09-dodge-ram-1500-2500-3500-advanced-bull-guard-w-led-texture-black,"make:Dodge, make:Ram, model:Ram 1500, model:Ram 2500, model:Ram 3500, year:2002, year:2003, year:2004, year:2005, year:2006, year:2007, year:2008, year:2009",MERGE
2003-2009-dodge-ram-2500-3500-bull-guard-matte-black-mesh-skid,"make:Dodge, make:Ram, model:Ram 1500, model:Ram 2500, model:Ram 3500, year:2002, year:2003, year:2004, year:2005, year:2006, year:2007, year:2008, year:2009",MERGE
2003-2009-dodge-ram-2500-3500-bull-guard-w-skid-plate-matte-black,"make:Dodge, make:Ram, model:Ram 1500, model:Ram 2500, model:Ram 3500, year:2002, year:2003, year:2004, year:2005, year:2006, year:2007, year:2008, year:2009",MERGE
2003-2009-dodge-ram-2500-3500-bull-guard-matte-black-w-skid-plate,"make:Dodge, make:Ram, model:Ram 1500, model:Ram 2500, model:Ram 3500, year:2002, year:2003, year:2004, year:2005, year:2006, year:2007, year:2008, year:2009",MERGE
02-09-dodge-ram-1500-2500-3500-advanced-series-bull-guard-black,"make:Dodge, make:Ram, model:Ram 1500, model:Ram 2500, model:Ram 3500, year:2002, year:2003, year:2004, year:2005, year:2006, year:2007, year:2008, year:2009",MERGE
06-08-dodge-ram-1500-advanced-bull-guard-w-led-light-bar-matte-black,"make:Dodge, make:Ram, model:Ram 1500, year:2006, year:2007, year:2008",MERGE
2006-2008-dodge-ram-1500-advanced-bull-guard-w-led-light-bar,"make:Dodge, make:Ram, model:Ram 1500, year:2006, year:2007, year:2008",MERGE
2006-2008-dodge-ram-1500-bull-guard-w-mesh-skid-plate-matte-black,"make:Dodge, make:Ram, model:Ram 1500, year:2006, year:2007, year:2008",MERGE
2006-2008-dodge-ram-1500-studded-mesh-bull-guard-texture-black,"make:Dodge, make:Ram, model:Ram 1500, year:2006, year:2007, year:2008",MERGE
2006-2008-dodge-ram-1500-advanced-bull-guard-w-skid-plate-matte-black,"make:Dodge, make:Ram, model:Ram 1500, year:2006, year:2007, year:2008",MERGE
2006-2008-dodge-ram-1500-bull-guard-w-chrome-skid-plate-matte-black,"make:Dodge, make:Ram, model:Ram 1500, year:2006, year:2007, year:2008",MERGE
2006-2008-dodge-ram-1500-advanced-series-bull-guard-texture-black,"make:Dodge, make:Ram, model:Ram 1500, year:2006, year:2007, year:2008",MERGE
09-22-ram-1500-advanced-series-bull-guard-w-led-light-bar-matte-black,"make:Dodge, make:Ram, model:1500, model:1500 Classic, model:Ram 1500, year:2009, year:2010, year:2011, year:2012, year:2013, year:2014, year:2015, year:2016, year:2017, year:2018, year:2019, year:2020, year:2021, year:2022, year:2023, year:2024",MERGE
09-22-ram-1500-advanced-series-bull-guard-w-led-light-bar,"make:Dodge, make:Ram, model:1500, model:1500 Classic, model:Ram 1500, year:2009, year:2010, year:2011, year:2012, year:2013, year:2014, year:2015, year:2016, year:2017, year:2018, year:2019, year:2020, year:2021, year:2022, year:2023, year:2024",MERGE
09-22-dodge-ram-1500-bull-guard-w-mesh-skid-plate-matte-black,"make:Dodge, make:Ram, model:1500, model:1500 Classic, model:Ram 1500, year:2009, year:2010, year:2011, year:2012, year:2013, year:2014, year:2015, year:2016, year:2017, year:2018, year:2019, year:2020, year:2021, year:2022, year:2023, year:2024",MERGE
09-22-ram-1500-advanced-series-bull-guard-w-skid-plate-matte-black,"make:Dodge, make:Ram, model:1500, model:1500 Classic, model:Ram 1500, year:2009, year:2010, year:2011, year:2012, year:2013, year:2014, year:2015, year:2016, year:2017, year:2018, year:2019, year:2020, year:2021, year:2022, year:2023, year:2024",MERGE
09-22-dodge-ram-1500-advanced-bull-guard-w-skid-plate-matte-black,"make:Dodge, make:Ram, model:1500, model:1500 Classic, model:Ram 1500, year:2009, year:2010, year:2011, year:2012, year:2013, year:2014, year:2015, year:2016, year:2017, year:2018, year:2019, year:2020, year:2021, year:2022, year:2023, year:2024",MERGE
10-18-ram-2500-3500-advanced-bull-guard-w-led-light-bar-matte-black,"make:Dodge, make:Ram, model:2500, model:3500, model:Ram 2500, model:Ram 3500, year:2010, year:2011, year:2012, year:2013, year:2014, year:2015, year:2016, year:2017, year:2018",MERGE
2010-2018-dodge-ram-2500-3500-bull-guard-w-mesh-skid-plate-matte-black,"make:Dodge, make:Ram, model:2500, model:3500, model:Ram 2500, model:Ram 3500, year:2010, year:2011, year:2012, year:2013, year:2014, year:2015, year:2016, year:2017, year:2018",MERGE
2010-2018-dodge-ram-2500-3500-advanced-bull-guard-w-skid-plate,"make:Dodge, make:Ram, model:2500, model:3500, model:Ram 2500, model:Ram 3500, year:2010, year:2011, year:2012, year:2013, year:2014, year:2015, year:2016, year:2017, year:2018",MERGE
2010-2018-dodge-ram-2500-3500-advanced-series-bull-guard-matte-black,"make:Dodge, make:Ram, model:2500, model:3500, model:Ram 2500, model:Ram 3500, year:2010, year:2011, year:2012, year:2013, year:2014, year:2015, year:2016, year:2017, year:2018",MERGE
2010-2018-ram-dodge-2500-3500-advanced-series-bull-guard-texture-black,"make:Dodge, make:Ram, model:2500, model:3500, model:Ram 2500, model:Ram 3500, year:2010, year:2011, year:2012, year:2013, year:2014, year:2015, year:2016, year:2017, year:2018",MERGE
2019-2023-dodge-ram-1500-studded-mesh-bull-guard-matte-black,"make:Dodge, make:Ram, model:1500, year:2019, year:2020, year:2021, year:2022, year:2023",MERGE
1994-2002-dodge-ram-advanced-series-bull-guard-w-skid-plate-matte-black,"make:Dodge, make:Ram, model:Ram 1500, model:Ram 2500, model:Ram 3500, year:1994, year:1995, year:1996, year:1997, year:1998, year:1999, year:2000, year:2001, year:2002",MERGE
1994-2002-dodge-ram-1500-2500-3500-bull-guard-w-led-light-bar,"make:Dodge, make:Ram, model:Ram 1500, model:Ram 2500, model:Ram 3500, year:1994, year:1995, year:1996, year:1997, year:1998, year:1999, year:2000, year:2001, year:2002",MERGE
2019-ford-ranger-studded-mesh-bull-guard-matte-black,"make:Ford, model:Ranger, year:2019, year:2020, year:2021, year:2022, year:2023",MERGE
2019-2023-ford-ranger-studded-mesh-bull-guard-matte-black-w-led-bar,"make:Ford, model:Ranger, year:2019, year:2020, year:2021, year:2022, year:2023",MERGE
2011-2020-toyota-sienna-advanced-bull-guard-w-led-light-bar,"make:Toyota, model:Sienna, year:2011, year:2012, year:2013, year:2014, year:2015, year:2016, year:2017, year:2018, year:2019, year:2020",MERGE
2011-2020-toyota-sienna-advanced-bull-guard-w-skid-plate-matte-black,"make:Toyota, model:Sienna, year:2011, year:2012, year:2013, year:2014, year:2015, year:2016, year:2017, year:2018, year:2019, year:2020",MERGE
07-10-silverado-sierra-2500hd-3500hd-bull-guard-mesh-skid-plate,"make:Chevrolet, make:Chevy, make:GMC, model:Sierra 2500 HD, model:Sierra 3500 HD, model:Silverado 2500, model:Silverado 2500 HD, model:Silverado 3500, model:Silverado 3500 HD, year:2007, year:2008, year:2009, year:2010",MERGE
07-10-chevy-gmc-silverado-sierra-2500-3500-bull-guard-led-dera,"make:Chevrolet, make:Chevy, make:GMC, model:Sierra 2500 HD, model:Sierra 3500 HD, model:Silverado 2500, model:Silverado 2500 HD, model:Silverado 3500, model:Silverado 3500 HD, year:2007, year:2008, year:2009, year:2010",MERGE
07-10-silverado-sierra-2500hd-3500hd-advanced-bull-guard-matte-black,"make:Chevrolet, make:Chevy, make:GMC, model:Sierra 2500 HD, model:Sierra 3500 HD, model:Silverado 2500, model:Silverado 2500 HD, model:Silverado 3500, model:Silverado 3500 HD, year:2007, year:2008, year:2009, year:2010",MERGE
07-10-silverado-sierra-2500hd-3500hd-advanced-bull-guard-matte-black-1,"make:Chevrolet, make:Chevy, make:GMC, model:Sierra 2500 HD, model:Sierra 3500 HD, model:Silverado 2500, model:Silverado 2500 HD, model:Silverado 3500, model:Silverado 3500 HD, year:2007, year:2008, year:2009, year:2010",MERGE
11-19-silverado-sierra-2500-3500-advanced-bull-guard-led-matte-black,"make:Chevrolet, make:Chevy, make:GMC, model:Sierra 2500 HD, model:Sierra 3500 HD, model:Silverado 2500, model:Silverado 2500 HD, model:Silverado 3500, model:Silverado 3500 HD, year:2011, year:2012, year:2013, year:2014, year:2015, year:2016, year:2017, year:2018, year:2019",MERGE
2011-2019-silverado-sierra-2500-3500-bull-guard-w-skid-plate-matte-black,"make:Chevrolet, make:Chevy, make:GMC, model:Sierra 2500 HD, model:Sierra 3500 HD, model:Silverado 2500, model:Silverado 2500 HD, model:Silverado 3500, model:Silverado 3500 HD, year:2011, year:2012, year:2013, year:2014, year:2015, year:2016, year:2017, year:2018, year:2019",MERGE
2019-2022-chevy-silverado-gmc-sierra-1500-bull-guard-led-light-bar,"make:Chevrolet, make:Chevy, make:GMC, model:Sierra 1500, model:Sierra 1500 Limited, model:Silverado 1500, model:Silverado 1500 LTD, year:2019, year:2020, year:2021, year:2022",MERGE
2019-2022-chevy-silverado-gmc-sierra-1500-bull-guard-led-matte-black,"make:Chevrolet, make:Chevy, make:GMC, model:Sierra 1500, model:Sierra 1500 Limited, model:Silverado 1500, model:Silverado 1500 LTD, year:2019, year:2020, year:2021, year:2022",MERGE
2019-2023-chevy-silverado-gmc-sierra-1500-bull-guard-matte-black,"make:Chevrolet, make:Chevy, make:GMC, model:Sierra 1500, model:Sierra 1500 Limited, model:Silverado 1500, model:Silverado 1500 LTD, year:2019, year:2020, year:2021, year:2022",MERGE
2019-2022-chevy-silverado-gmc-sierra-1500-bull-guard-matte-black,"make:Chevrolet, make:Chevy, make:GMC, model:Sierra 1500, model:Sierra 1500 Limited, model:Silverado 1500, model:Silverado 1500 LTD, year:2019, year:2020, year:2021, year:2022",MERGE
99-07-silverado-sierra-1500-bull-guard-mesh-skid-plate-matte-black,"make:Chevrolet, make:Chevy, make:GMC, model:Sierra 1500, model:Sierra 1500 Classic, model:Silverado 1500, model:Silverado 1500 Classic, model:Suburban 1500, model:Tahoe, model:Yukon, model:Yukon XL 1500, year:1999, year:2000, year:2001, year:2002, year:2003, year:2004, year:2005, year:2006, year:2007",MERGE
99-07-silverado-sierra-1500-advanced-bull-guard-w-skid-plate-matte-black,"make:Chevrolet, make:Chevy, make:GMC, model:Sierra 1500, model:Sierra 1500 Classic, model:Silverado 1500, model:Silverado 1500 Classic, model:Suburban 1500, model:Tahoe, model:Yukon, model:Yukon XL 1500, year:1999, year:2000, year:2001, year:2002, year:2003, year:2004, year:2005, year:2006, year:2007",MERGE
1999-2007-chevy-gmc-1500-advanced-series-bull-guard-texture-black,"make:Chevrolet, make:Chevy, make:GMC, model:Sierra 1500, model:Sierra 1500 Classic, model:Silverado 1500, model:Silverado 1500 Classic, model:Suburban 1500, model:Tahoe, model:Yukon, model:Yukon XL 1500, year:1999, year:2000, year:2001, year:2002, year:2003, year:2004, year:2005, year:2006, year:2007",MERGE
2005-2015-toyota-tacoma-advanced-series-bull-guard-w-led-bar,"make:Toyota, model:Tacoma, year:2005, year:2006, year:2007, year:2008, year:2009, year:2010, year:2011, year:2012, year:2013, year:2014, year:2015",MERGE
2005-2015-toyota-tacoma-bull-guard-w-mesh-skid-plate-matte-black,"make:Toyota, model:Tacoma, year:2005, year:2006, year:2007, year:2008, year:2009, year:2010, year:2011, year:2012, year:2013, year:2014, year:2015",MERGE
2005-2015-toyota-tacoma-bull-guard-w-led-light-bar-matte-black,"make:Toyota, model:Tacoma, year:2005, year:2006, year:2007, year:2008, year:2009, year:2010, year:2011, year:2012, year:2013, year:2014, year:2015",MERGE
2005-2015-toyota-tacoma-advanced-series-bull-guard-w-skid-plate,"make:Toyota, model:Tacoma, year:2005, year:2006, year:2007, year:2008, year:2009, year:2010, year:2011, year:2012, year:2013, year:2014, year:2015",MERGE
2016-2022-toyota-tacoma-classic-bull-guard-studded-mesh-matte-black,"make:Toyota, model:Tacoma, year:2016, year:2017, year:2018, year:2019, year:2020, year:2021, year:2022, year:2023",MERGE
2016-2022-toyota-tacoma-bull-guard-w-mesh-skid-plate-led-bar,"make:Toyota, model:Tacoma, year:2016, year:2017, year:2018, year:2019, year:2020, year:2021, year:2022, year:2023",MERGE
2016-2022-toyota-tacoma-advanced-series-bull-guard-w-skid-plate-matte-black,"make:Toyota, model:Tacoma, year:2016, year:2017, year:2018, year:2019, year:2020, year:2021, year:2022, year:2023",MERGE
04-15-nissan-titan-armada-advanced-bull-guard-led-light-bar-matte-black,"make:Nissan, model:Armada, model:Titan, year:2004, year:2005, year:2006, year:2007, year:2008, year:2009, year:2010, year:2011, year:2012, year:2013, year:2014, year:2015",MERGE
2004-2015-nissan-titan-armada-bull-guard-mesh-skid-plate-matte-black,"make:Nissan, model:Armada, model:Titan, year:2004, year:2005, year:2006, year:2007, year:2008, year:2009, year:2010, year:2011, year:2012, year:2013, year:2014, year:2015",MERGE
2004-2015-nissan-titan-armada-bull-guard-w-led-light-bar-matte-black,"make:Nissan, model:Armada, model:Titan, year:2004, year:2005, year:2006, year:2007, year:2008, year:2009, year:2010, year:2011, year:2012, year:2013, year:2014, year:2015",MERGE
2004-2015-nissan-titan-armada-bull-guard-w-skid-plate-matte-black,"make:Nissan, model:Armada, model:Titan, year:2004, year:2005, year:2006, year:2007, year:2008, year:2009, year:2010, year:2011, year:2012, year:2013, year:2014, year:2015",MERGE
2016-2021-nissan-titan-xd-studded-mesh-bull-guard-matte-black,"make:Nissan, model:TITAN XD, year:2016, year:2017, year:2018, year:2019, year:2020, year:2021, year:2022, year:2023, year:2024",MERGE
2016-2021-nissan-titan-xd-studded-mesh-bull-guard-matte-black-w-led,"make:Nissan, model:TITAN XD, year:2016, year:2017, year:2018, year:2019, year:2020, year:2021, year:2022, year:2023, year:2024",MERGE
07-21-toyota-tundra-sequoia-advanced-bull-guard-w-led-matte-black,"make:Toyota, model:Sequoia, model:Tundra, year:2007, year:2008, year:2009, year:2010, year:2011, year:2012, year:2013, year:2014, year:2015, year:2016, year:2017, year:2018, year:2019, year:2020, year:2021",MERGE
07-21-toyota-tundra-sequoia-bull-guard-w-skid-plate-matte-black,"make:Toyota, model:Sequoia, model:Tundra, year:2007, year:2008, year:2009, year:2010, year:2011, year:2012, year:2013, year:2014, year:2015, year:2016, year:2017, year:2018, year:2019, year:2020, year:2021",MERGE
07-21-toyota-tundra-sequoia-advanced-bull-guard-matte-black,"make:Toyota, model:Sequoia, model:Tundra, year:2007, year:2008, year:2009, year:2010, year:2011, year:2012, year:2013, year:2014, year:2015, year:2016, year:2017, year:2018, year:2019, year:2020, year:2021",MERGE
2000-2007-toyota-tundra-sequoia-advanced-bull-guard-matte-black,"make:Toyota, model:Sequoia, model:Tundra, year:2000, year:2001, year:2002, year:2003, year:2004, year:2005, year:2006, year:2007",MERGE
2007-2009-jeep-wrangler-jk-advanced-bull-guard-w-led-light-bar,"make:Jeep, model:Wrangler, year:2007, year:2008, year:2009",MERGE
2007-2009-jeep-wrangler-jk-bull-guard-w-studded-mesh-skid-plate,"make:Jeep, model:Wrangler, year:2007, year:2008, year:2009",MERGE
2007-2009-jeep-wrangler-jk-bull-guard-w-led-light-bar-matte-black,"make:Jeep, model:Wrangler, year:2007, year:2008, year:2009",MERGE
2007-2009-jeep-wrangler-jk-advanced-series-bull-guard-w-skid-plate,"make:Jeep, model:Wrangler, year:2007, year:2008, year:2009",MERGE
2007-2009-jeep-wrangler-jk-advanced-series-bull-guard-matte-black,"make:Jeep, model:Wrangler, year:2007, year:2008, year:2009",MERGE
2010-2018-jeep-wrangler-jk-bull-guard-w-led-light-bar-matte-black,"make:Jeep, model:Wrangler, model:Wrangler JK, year:2010, year:2011, year:2012, year:2013, year:2014, year:2015, year:2016, year:2017, year:2018",MERGE
2010-2018-jeep-wrangler-bull-guard-w-mesh-skid-plate-matte-black,"make:Jeep, model:Wrangler, model:Wrangler JK, year:2010, year:2011, year:2012, year:2013, year:2014, year:2015, year:2016, year:2017, year:2018",MERGE
2010-2018-jeep-wrangler-jk-advanced-bull-guard-w-led-light-bar,"make:Jeep, model:Wrangler, model:Wrangler JK, year:2010, year:2011, year:2012, year:2013, year:2014, year:2015, year:2016, year:2017, year:2018",MERGE
2010-2018-jeep-wrangler-advanced-series-bull-guard-matte-black,"make:Jeep, model:Wrangler, model:Wrangler JK, year:2010, year:2011, year:2012, year:2013, year:2014, year:2015, year:2016, year:2017, year:2018",MERGE
2020-2023-tesla-model-y-front-bumper-guard-steel-black,"make:Tesla, model:Y, year:2020, year:2021, year:2022, year:2023, year:2024",MERGE
2020-2024-tesla-model-y-front-rear-bumper-guard-set-black-steel,"make:Tesla, model:Y, year:2020, year:2021, year:2022, year:2023, year:2024",MERGE
2020-2023-tesla-model-y-rear-bumper-guard-black,"make:Tesla, model:Y, year:2020, year:2021, year:2022, year:2023, year:2024",MERGE
2005-2010-chrysler-300-front-grille-matte-black-replacement,"make:Chrysler, model:300, year:2005, year:2006, year:2007, year:2008, year:2009, year:2010",MERGE
2005-2010-chrysler-300-honeycomb-mesh-front-grille-matte-black,"make:Chrysler, model:300, year:2005, year:2006, year:2007, year:2008, year:2009, year:2010",MERGE
2011-2014-chrysler-300-front-grille-matte-black-replacement,"make:Chrysler, model:300, year:2011, year:2012, year:2013, year:2014",MERGE
2011-2014-chrysler-300-front-grille-chrome-mesh-style,"make:Chrysler, model:300, year:2011, year:2012, year:2013, year:2014",MERGE
2011-2014-chrysler-300-honeycomb-mesh-front-grille-matte-black,"make:Chrysler, model:300, year:2011, year:2012, year:2013, year:2014",MERGE
2011-2014-chrysler-300-vertical-front-grille-matte-black,"make:Chrysler, model:300, year:2011, year:2012, year:2013, year:2014",MERGE
2011-2014-chrysler-300-vertical-front-grille-chrome-finish,"make:Chrysler, model:300, year:2011, year:2012, year:2013, year:2014",MERGE
2013-2016-audi-a5-s5-rs-style-honeycomb-front-grille-matte-black,"make:Audi, model:A5, model:A5 Quattro, model:S5, year:2013, year:2014, year:2015, year:2016",MERGE
2013-2016-audi-a4-s4-rs-style-honeycomb-mesh-grille-black,"make:Audi, model:A4, model:A4 Quattro, model:S4, year:2013, year:2014, year:2015, year:2016",MERGE
2008-2011-audi-a6-s6-rs-style-honeycomb-mesh-front-grille-black,"make:Audi, model:A6, model:A6 Quattro, model:S6, year:2008, year:2009, year:2010, year:2011",MERGE
2008-2011-audi-a6-s6-rs-style-honeycomb-mesh-front-grille-matte-black,"make:Audi, model:A6, model:A6 Quattro, model:S6, year:2008, year:2009, year:2010, year:2011",MERGE
2008-2010-honda-accord-4-door-sedan-front-grille-matte-black,"make:Honda, model:Accord, year:2008, year:2009, year:2010",MERGE
2008-2010-honda-accord-sedan-front-grille-matte-black,"make:Honda, model:Accord, year:2008, year:2009, year:2010",MERGE
2011-2012-honda-accord-sedan-front-grille-chrome-finish,"make:Honda, model:Accord, year:2011, year:2012",MERGE
1990-1993-honda-accord-front-grille-chrome-trim,"make:Honda, model:Accord, year:1990, year:1991, year:1992, year:1993",MERGE
1998-2002-honda-accord-coupe-front-grill-grille-black,"make:Honda, model:Accord, year:1998, year:1999, year:2000, year:2001, year:2002",MERGE
2006-2010-dodge-charger-front-grille-mesh-style-matte-black,"make:Dodge, make:Ram, model:Charger, year:2006, year:2007, year:2008, year:2009, year:2010",MERGE
2006-2010-dodge-charger-front-grille-chrome-mesh-style,"make:Dodge, make:Ram, model:Charger, year:2006, year:2007, year:2008, year:2009, year:2010",MERGE
2011-2014-dodge-charger-front-grille-chrome-mesh-style,"make:Dodge, make:Ram, model:Charger, year:2011, year:2012, year:2013, year:2014",MERGE
02-05-honda-civic-si-ep3-front-grille-matte-black-abs,"make:Honda, model:Civic, year:2002, year:2003, year:2004, year:2005",MERGE
2002-2005-honda-civic-si-ep3-matte-black-front-grille-hatchback,"make:Honda, model:Civic, year:2002, year:2003, year:2004, year:2005",MERGE
2006-2008-honda-civic-coupe-front-grille-chrome-trim,"make:Honda, model:Civic, year:2006, year:2007, year:2008",MERGE
1999-2000-honda-civic-front-grille-matte-black-abs,"make:Honda, model:Civic, year:1999, year:2000",MERGE
2003-2004-toyota-corolla-front-grille-matte-black,"make:Toyota, model:Corolla, year:2003, year:2004",MERGE
2006-2011-cadillac-dts-vertical-front-grille-black,"make:Cadillac, model:DTS, year:2006, year:2007, year:2008, year:2009, year:2010, year:2011",MERGE
2006-2011-cadillac-dts-chrome-vertical-front-grille-custom,"make:Cadillac, model:DTS, year:2006, year:2007, year:2008, year:2009, year:2010, year:2011",MERGE
2003-2006-ford-expedition-vertical-style-front-grille-black-abs,"make:Ford, model:Expedition, year:2003, year:2004, year:2005, year:2006",MERGE
2003-2006-ford-expedition-vertical-style-chrome-front-grille-abs,"make:Ford, model:Expedition, year:2003, year:2004, year:2005, year:2006",MERGE
2004-2008-ford-f-150-mesh-rivet-style-front-grille-matte-black,"make:Ford, model:F-150, year:2004, year:2005, year:2006, year:2007, year:2008",MERGE
2021-2023-ford-f-150-badgeless-front-grille-glossy-black-abs,"make:Ford, model:F-150, year:2021, year:2022, year:2023",MERGE
2021-2023-ford-f150-badgeless-front-grille-w-led-light-bar-black,"make:Ford, model:F-150, year:2021, year:2022, year:2023",MERGE
2005-2007-ford-f250-f350-black-mesh-grille-w-chrome-rivets,"make:Ford, model:Excursion, model:F-250 Super Duty, model:F-350 Super Duty, model:F-450 Super Duty, model:F-550 Super Duty, year:2005, year:2006, year:2007",MERGE
05-07-ford-f250-f350-f450-studded-mesh-rivet-grille-matte-black,"make:Ford, model:Excursion, model:F-250 Super Duty, model:F-350 Super Duty, model:F-450 Super Duty, model:F-550 Super Duty, year:2005, year:2006, year:2007",MERGE
2011-2016-ford-super-duty-studded-mesh-rivet-grille-matte-black,"make:Ford, model:F-250 Super Duty, model:F-350 Super Duty, year:2011, year:2012, year:2013, year:2015, year:2016",MERGE
2002-2005-audi-a4-s4-b6-front-grille-black,"make:Audi, model:A4, model:A4 Quattro, model:S4, year:2002, year:2003, year:2004, year:2005",MERGE
2002-2005-audi-a4-s4-b6-rs-style-honeycomb-front-grille-matte-black,"make:Audi, model:A4, model:A4 Quattro, model:S4, year:2002, year:2003, year:2004, year:2005",MERGE
2006-2008-audi-a4-rs-style-front-grille-w-emblem-matte-black,"make:Audi, model:A4, model:A4 Quattro, year:2006, year:2007, year:2008",MERGE
2009-2012-audi-a4-front-grille-emblem-with-s3-badge-black,"make:Audi, model:A4, model:A4 Quattro, year:2009, year:2010, year:2011, year:2012",MERGE
2009-2012-audi-a4-front-grill-emblem-matte-black,"make:Audi, model:A4, model:A4 Quattro, year:2009, year:2010, year:2011, year:2012",MERGE
1996-2002-audi-a4-s4-b5-front-grille-black-mesh-style,"make:Audi, model:A4, model:A4 Quattro, model:S4, year:1996, year:1997, year:1998, year:1999, year:2000, year:2001, year:2002",MERGE
2008-2012-audi-a5-s5-front-grille-emblem-gloss-black,"make:Audi, model:A5, model:A5 Quattro, model:S5, year:2008, year:2009, year:2010, year:2011, year:2012",MERGE
2005-2007-audi-a6-rs-style-honeycomb-mesh-front-grille-chrome-black,"make:Audi, model:A6, model:A6 Quattro, year:2005, year:2006, year:2007",MERGE
2005-2009-land-rover-lr3-honeycomb-mesh-front-grille-chrome-black,"make:Land Rover, model:LR3, year:2005, year:2006, year:2007, year:2008, year:2009",MERGE
2005-2009-land-rover-lr3-discovery-3-front-grille-replacement,"make:Land Rover, model:LR3, year:2005, year:2006, year:2007, year:2008, year:2009",MERGE
2005-2009-ford-mustang-v6-pony-package-front-lower-bumper-grille,"make:Ford, model:Mustang, year:2005, year:2006, year:2007, year:2008, year:2009",MERGE
2007-2014-gmc-yukon-yukon-xl-front-lower-bumper-grille-black,"make:GMC, model:Yukon, model:Yukon XL 1500, model:Yukon XL 2500, year:2007, year:2008, year:2009, year:2010, year:2011, year:2012, year:2013, year:2014",MERGE
2007-2014-gmc-yukon-xl-front-lower-bumper-grille-chrome,"make:GMC, model:Yukon, model:Yukon XL 1500, model:Yukon XL 2500, year:2007, year:2008, year:2009, year:2010, year:2011, year:2012, year:2013, year:2014",MERGE
2007-2014-gmc-yukon-honeycomb-mesh-lower-front-grille-matte-black,"make:GMC, model:Yukon, model:Yukon XL 1500, model:Yukon XL 2500, year:2007, year:2008, year:2009, year:2010, year:2011, year:2012, year:2013, year:2014",MERGE
2006-2016-chevy-impala-front-lower-bumper-grille-matte-black,"make:Chevrolet, make:Chevy, model:Impala, model:Impala Limited, year:2006, year:2007, year:2008, year:2009, year:2010, year:2011, year:2012, year:2013, year:2014, year:2015, year:2016",MERGE
2006-2016-chevy-impala-front-grille-matte-black,"make:Chevrolet, make:Chevy, model:Impala, model:Impala Limited, year:2006, year:2007, year:2008, year:2009, year:2010, year:2011, year:2012, year:2013, year:2014, year:2015, year:2016",MERGE
2010-2011-toyota-camry-mesh-front-grille-black,"make:Toyota, model:Camry, year:2010, year:2011",MERGE
2010-2011-toyota-camry-front-grille-chrome-mesh-style,"make:Toyota, model:Camry, year:2010, year:2011",MERGE
2010-2011-toyota-camry-vertical-front-grille-black,"make:Toyota, model:Camry, year:2010, year:2011",MERGE
1999-2006-vw-mk4-golf-gti-r32-horizontal-front-grille-matte-black,"make:Volkswagen, model:Golf, year:1999, year:2000, year:2001, year:2002, year:2003, year:2004, year:2005, year:2006",MERGE
2004-2005-subaru-impreza-aluminum-mesh-grille-matte-black,"make:Subaru, model:Impreza, year:2004, year:2005",MERGE
1999-2005-volkswagen-jetta-mk4-horizontal-front-grille-black,"make:Volkswagen, model:Jetta, year:1999, year:2000, year:2001, year:2002, year:2003, year:2004, year:2005",MERGE
1999-2005-volkswagen-jetta-mk4-front-bumper-grille-matte-black,"make:Volkswagen, model:Jetta, year:1999, year:2000, year:2001, year:2002, year:2003, year:2004, year:2005",MERGE
1999-2005-volkswagen-jetta-mk4-front-grille-matte-black,"make:Volkswagen, model:Jetta, year:1999, year:2000, year:2001, year:2002, year:2003, year:2004, year:2005",MERGE
1999-2005-volkswagen-jetta-mk4-front-grille-matte-black-1,"make:Volkswagen, model:Jetta, year:1999, year:2000, year:2001, year:2002, year:2003, year:2004, year:2005",MERGE
2001-2005-volkswagen-passat-b5-5-front-grille-matte-black,"make:Volkswagen, model:Passat, year:2001, year:2002, year:2003, year:2004, year:2005",MERGE
2001-2005-volkswagen-passat-horizontal-front-bumper-grille-matte-black,"make:Volkswagen, model:Passat, year:2001, year:2002, year:2003, year:2004, year:2005",MERGE
1998-2001-volkswagen-passat-b5-front-grille-matte-black,"make:Volkswagen, model:Passat, year:1998, year:1999, year:2000, year:2001",MERGE
2006-2009-volkswagen-rabbit-front-grille-matte-black-mk5,"make:Volkswagen, model:Rabbit, year:2006, year:2007, year:2008, year:2009",MERGE
2006-2009-land-rover-range-rover-front-grille-chrome-black,"make:Land Rover, model:Range Rover, year:2006, year:2007, year:2008, year:2009",MERGE
06-09-land-rover-range-rover-chrome-mesh-front-grille,"make:Land Rover, model:Range Rover, year:2006, year:2007, year:2008, year:2009",MERGE
2010-2013-hyundai-sonata-front-grille-chrome-finish,"make:Hyundai, model:Sonata, year:2010, year:2011, year:2012, year:2013",MERGE
02-03-subaru-impreza-wrx-front-grille-matte-black-mesh,"make:Subaru, model:Impreza, year:2002, year:2003",MERGE
2002-2003-subaru-impreza-wrx-matte-black-front-grille,"make:Subaru, model:Impreza, year:2002, year:2003",MERGE
2007-2014-toyota-fj-cruiser-front-grille-matte-black,"make:Toyota, model:FJ Cruiser, year:2007, year:2008, year:2009, year:2010, year:2011, year:2012, year:2013, year:2014",MERGE
1997-2004-dodge-dakota-durango-front-grille-black,"make:Dodge, make:Ram, model:Dakota, model:Durango, year:1997, year:1998, year:1999, year:2000, year:2001, year:2002, year:2003, year:2004",MERGE
1997-2004-dodge-dakota-durango-front-grille-chrome,"make:Dodge, make:Ram, model:Dakota, model:Durango, year:1997, year:1998, year:1999, year:2000, year:2001, year:2002, year:2003, year:2004",MERGE
2000-2005-cadillac-deville-front-grille-matte-black,"make:Cadillac, model:DeVille, year:2000, year:2001, year:2002, year:2003, year:2004, year:2005",MERGE
2007-2013-gmc-sierra-1500-front-grille-replacement-grill,"make:GMC, model:Sierra 1500, year:2007, year:2008, year:2009, year:2010, year:2011, year:2012, year:2013",MERGE
2004-2008-ford-f-150-front-grille-chrome-mesh-style,"make:Ford, model:F-150, year:2004, year:2005, year:2006, year:2007, year:2008",MERGE
2006-2008-lexus-is250-is350-front-grille-emblem-matte-black,"make:Lexus, model:IS250, model:IS350, year:2006, year:2007, year:2008",MERGE
2006-2008-lexus-is250-is350-mesh-front-grille-emblem-matte-black,"make:Lexus, model:IS250, model:IS350, year:2006, year:2007, year:2008",MERGE
05-08-nissan-frontier-pathfinder-front-grille-matte-black,"make:Nissan, model:Frontier, model:Pathfinder, year:2005, year:2006, year:2007, year:2008",MERGE
05-08-nissan-frontier-pathfinder-front-grille-chrome,"make:Nissan, model:Frontier, model:Pathfinder, year:2005, year:2006, year:2007, year:2008",MERGE
2005-2008-nissan-frontier-pathfinder-vertical-front-grille-matte-black,"make:Nissan, model:Frontier, model:Pathfinder, year:2005, year:2006, year:2007, year:2008",MERGE
2005-2007-dodge-magnum-front-grille-matte-black-gts-style,"make:Dodge, make:Ram, model:Magnum, year:2005, year:2006, year:2007",MERGE
2005-2009-ford-mustang-gt-front-grille-matte-black,"make:Ford, model:Mustang, year:2005, year:2006, year:2007, year:2008, year:2009",MERGE
2005-2009-ford-mustang-gt-front-grille-matte-black-1,"make:Ford, model:Mustang, year:2005, year:2006, year:2007, year:2008, year:2009",MERGE
2005-2011-toyota-tacoma-front-grille-matte-black,"make:Toyota, model:Tacoma, year:2005, year:2006, year:2007, year:2008, year:2009, year:2010, year:2011",MERGE
2005-2011-toyota-tacoma-front-grille-chrome-mesh-style,"make:Toyota, model:Tacoma, year:2005, year:2006, year:2007, year:2008, year:2009, year:2010, year:2011",MERGE
2005-2011-toyota-tacoma-honeycomb-mesh-front-grille-matte-black,"make:Toyota, model:Tacoma, year:2005, year:2006, year:2007, year:2008, year:2009, year:2010, year:2011",MERGE
2007-2009-toyota-tundra-mesh-front-grille-black,"make:Toyota, model:Tundra, year:2007, year:2008, year:2009",MERGE
2002-2005-dodge-ram-1500-2500-3500-front-grille-black,"make:Dodge, make:Ram, model:Ram 1500, model:Ram 2500, model:Ram 3500, year:2002, year:2003, year:2004, year:2005",MERGE
2007-2009-toyota-tundra-front-grille-chrome-mesh-style,"make:Toyota, model:Tundra, year:2007, year:2008, year:2009",MERGE
02-05-dodge-ram-1500-2500-3500-front-grille-chrome,"make:Dodge, make:Ram, model:Ram 1500, model:Ram 2500, model:Ram 3500, year:2002, year:2003, year:2004, year:2005",MERGE
2002-2005-dodge-ram-1500-2500-3500-horizontal-front-grille-matte-black,"make:Dodge, make:Ram, model:Ram 1500, model:Ram 2500, model:Ram 3500, year:2002, year:2003, year:2004, year:2005",MERGE
1998-2004-chevy-s10-blazer-s10-pickup-front-grille-chrome,"make:Chevrolet, make:Chevy, model:Blazer, model:S10, year:1998, year:1999, year:2000, year:2001, year:2002, year:2003, year:2004",MERGE
2004-2006-chrysler-sebring-front-grille-black-replacement,"make:Chrysler, model:Sebring, year:2004, year:2005, year:2006",MERGE
2004-2006-chrysler-sebring-front-grille-chrome-mesh-style,"make:Chrysler, model:Sebring, year:2004, year:2005, year:2006",MERGE
2005-2011-toyota-tacoma-front-grille-matte-black-mesh-style,"make:Toyota, model:Tacoma, year:2005, year:2006, year:2007, year:2008, year:2009, year:2010, year:2011",MERGE
2005-2011-toyota-tacoma-front-grille-chrome-finish,"make:Toyota, model:Tacoma, year:2005, year:2006, year:2007, year:2008, year:2009, year:2010, year:2011",MERGE
2005-2011-toyota-tacoma-horizontal-front-grille-matte-black,"make:Toyota, model:Tacoma, year:2005, year:2006, year:2007, year:2008, year:2009, year:2010, year:2011",MERGE
2008-2010-dodge-avenger-front-grille-matte-black-replacement,"make:Dodge, make:Ram, model:Avenger, year:2008, year:2009, year:2010",MERGE
06-09-chevy-trailblazer-lt-front-grille-matte-black,"make:Chevrolet, make:Chevy, model:Trailblazer, model:Trailblazer EXT, year:2006, year:2007, year:2008, year:2009",MERGE
2006-2009-chevy-trailblazer-lt-front-grille-chrome-mesh,"make:Chevrolet, make:Chevy, model:Trailblazer, model:Trailblazer EXT, year:2006, year:2007, year:2008, year:2009",MERGE
2007-2012-dodge-caliber-front-grille-matte-black-replacement,"make:Dodge, make:Ram, model:Caliber, year:2007, year:2008, year:2009, year:2010, year:2011, year:2012",MERGE
2005-2007-dodge-dakota-front-grille-matte-black-mesh-style,"make:Dodge, make:Ram, model:Dakota, year:2005, year:2006, year:2007",MERGE
2007-2014-gmc-yukon-yukon-xl-front-grille-chrome,"make:GMC, model:Yukon, model:Yukon XL 1500, model:Yukon XL 2500, year:2007, year:2008, year:2009, year:2010, year:2011, year:2012, year:2013, year:2014",MERGE
2002-2008-gmc-envoy-front-grille-matte-black-replacement-grill,"make:GMC, model:Envoy, year:2002, year:2003, year:2004, year:2005, year:2006, year:2007, year:2008",MERGE
2007-2010-ford-explorer-sport-trac-front-grille-chrome,"make:Ford, model:Explorer Sport Trac, year:2007, year:2008, year:2009, year:2010",MERGE
2004-2008-ford-f-150-front-grille-matte-black-mesh-style,"make:Ford, model:F-150, year:2004, year:2005, year:2006, year:2007, year:2008",MERGE
2000-2005-chevy-impala-front-grille-matte-black-replacement,"make:Chevrolet, make:Chevy, model:Impala, year:2000, year:2001, year:2002, year:2003, year:2004, year:2005",MERGE
2000-2005-chevy-impala-front-grille-chrome-finish,"make:Chevrolet, make:Chevy, model:Impala, year:2000, year:2001, year:2002, year:2003, year:2004, year:2005",MERGE
2000-2005-chevy-impala-front-grille-matte-black-replacement-1,"make:Chevrolet, make:Chevy, model:Impala, year:2000, year:2001, year:2002, year:2003, year:2004, year:2005",MERGE
2006-2016-chevy-impala-monte-carlo-front-grille-black,"make:Chevrolet, make:Chevy, model:Impala, model:Impala Limited, model:Monte Carlo, year:2006, year:2007, year:2008, year:2009, year:2010, year:2011, year:2012, year:2013, year:2014, year:2015, year:2016",MERGE
2006-2016-chevy-impala-monte-carlo-front-grille-chrome,"make:Chevrolet, make:Chevy, model:Impala, model:Impala Limited, model:Monte Carlo, year:2006, year:2007, year:2008, year:2009, year:2010, year:2011, year:2012, year:2013, year:2014, year:2015, year:2016",MERGE
2004-2007-nissan-titan-armada-front-grille-matte-black,"make:Nissan, model:Armada, model:Titan, year:2004, year:2005, year:2006, year:2007",MERGE
09-12-dodge-ram-1500-mesh-style-front-grille-black,"make:Dodge, make:Ram, model:1500, model:Ram 1500, year:2009, year:2010, year:2011, year:2012",MERGE
2009-2012-dodge-ram-1500-front-grille-chrome-mesh-style,"make:Dodge, make:Ram, model:1500, model:Ram 1500, year:2009, year:2010, year:2011, year:2012",MERGE
07-14-chevy-tahoe-suburban-avalanche-front-grille-matte-black,"make:Chevrolet, make:Chevy, model:Avalanche, model:Suburban 1500, model:Suburban 2500, model:Tahoe, year:2007, year:2008, year:2009, year:2010, year:2011, year:2012, year:2013, year:2014",MERGE
02-06-cadillac-escalade-front-grille-chrome-mesh-style,"make:Cadillac, model:Escalade, model:Escalade ESV, model:Escalade EXT, year:2002, year:2003, year:2004, year:2005, year:2006",MERGE
2007-2014-ford-expedition-vertical-front-grille-black,"make:Ford, model:Expedition, year:2007, year:2008, year:2009, year:2010, year:2011, year:2012, year:2013, year:2014",MERGE
2004-2008-ford-f-150-front-grille-vertical-style-matte-black,"make:Ford, model:F-150, year:2004, year:2005, year:2006, year:2007, year:2008",MERGE
2004-2008-ford-f-150-front-grille-chrome-vertical-style,"make:Ford, model:F-150, year:2004, year:2005, year:2006, year:2007, year:2008",MERGE
2004-2008-ford-f-150-vertical-style-front-grille-matte-black,"make:Ford, model:F-150, year:2004, year:2005, year:2006, year:2007, year:2008",MERGE
2011-2016-ford-f-250-f-350-super-duty-front-grille-matte-black,"make:Ford, model:F-250 Super Duty, model:F-350 Super Duty, year:2011, year:2012, year:2013, year:2014, year:2015, year:2016",MERGE
1999-2004-ford-super-duty-excursion-front-grille-black,"make:Ford, model:Excursion, model:F-250 Super Duty, model:F-350 Super Duty, model:F-450 Super Duty, model:F-550 Super Duty, year:1999, year:2000, year:2001, year:2002, year:2003, year:2004",MERGE
1999-2004-ford-super-duty-excursion-front-grille-chrome,"make:Ford, model:Excursion, model:F-250 Super Duty, model:F-350 Super Duty, model:F-450 Super Duty, model:F-550 Super Duty, year:1999, year:2000, year:2001, year:2002, year:2003, year:2004",MERGE
2006-2009-dodge-ram-1500-2500-3500-front-grille-matte-black,"make:Dodge, make:Ram, model:Ram 1500, model:Ram 2500, model:Ram 3500, year:2006, year:2007, year:2008, year:2009",MERGE
2006-2009-dodge-ram-1500-2500-3500-front-grille-chrome,"make:Dodge, make:Ram, model:Ram 1500, model:Ram 2500, model:Ram 3500, year:2006, year:2007, year:2008, year:2009",MERGE
1994-2002-dodge-ram-1500-2500-3500-front-grille-black,"make:Dodge, make:Ram, model:Ram 1500, model:Ram 2500, model:Ram 3500, year:1994, year:1995, year:1996, year:1997, year:1998, year:1999, year:2000, year:2001, year:2002",MERGE
1994-2002-dodge-ram-1500-2500-3500-vertical-front-grille-matte-black,"make:Dodge, make:Ram, model:Ram 1500, model:Ram 2500, model:Ram 3500, year:1994, year:1995, year:1996, year:1997, year:1998, year:1999, year:2000, year:2001, year:2002",MERGE
1999-2006-chevy-silverado-tahoe-suburban-front-grille-black,"make:Chevrolet, make:Chevy, model:Silverado 1500, model:Silverado 2500, model:Suburban 1500, model:Suburban 2500, model:Tahoe, year:1999, year:2000, year:2001, year:2002, year:2003, year:2004, year:2005, year:2006",MERGE
2010-2014-vw-golf-mk6-jetta-front-lower-bumper-grille-black,"make:Volkswagen, model:Golf, model:Golf R, model:Jetta, year:2010, year:2011, year:2012, year:2013, year:2014",MERGE
2010-2014-vw-golf-mk6-jetta-front-grille-matte-black,"make:Volkswagen, model:Golf, model:Golf R, model:Jetta, year:2010, year:2011, year:2012, year:2013, year:2014",MERGE
1993-1999-volkswagen-golf-cabrio-abs-front-grille-black-horizontal,"make:Volkswagen, model:Cabrio, model:Golf, year:1993, year:1994, year:1995, year:1996, year:1997, year:1998, year:1999",MERGE
2008-2011-audi-a3-rs-style-front-grille-matte-black-w-logo,"make:Audi, model:A3, model:A3 Quattro, year:2008, year:2009, year:2010, year:2011",MERGE
2007-2014-gmc-yukon-xl-front-lower-bumper-grille-black,"make:GMC, model:Yukon, model:Yukon XL 1500, model:Yukon XL 2500, year:2007, year:2008, year:2009, year:2010, year:2011, year:2012, year:2013, year:2014",MERGE
2007-2014-gmc-yukon-xl-front-lower-bumper-grille-chrome-1,"make:GMC, model:Yukon, model:Yukon XL 1500, model:Yukon XL 2500, year:2007, year:2008, year:2009, year:2010, year:2011, year:2012, year:2013, year:2014",MERGE
2007-2014-gmc-yukon-yukon-xl-front-grille-matte-black,"make:GMC, model:Yukon, model:Yukon XL 1500, model:Yukon XL 2500, year:2007, year:2008, year:2009, year:2010, year:2011, year:2012, year:2013, year:2014",MERGE
2007-2014-gmc-yukon-yukon-xl-front-grille-chrome-1,"make:GMC, model:Yukon, model:Yukon XL 1500, model:Yukon XL 2500, year:2007, year:2008, year:2009, year:2010, year:2011, year:2012, year:2013, year:2014",MERGE
2007-2014-cadillac-escalade-front-grille-matte-black,"make:Cadillac, model:Escalade, model:Escalade EXT, year:2007, year:2008, year:2009, year:2010, year:2011, year:2012, year:2013, year:2014",MERGE
2007-2014-cadillac-escalade-front-grille-chrome-mesh-style,"make:Cadillac, model:Escalade, model:Escalade EXT, year:2007, year:2008, year:2009, year:2010, year:2011, year:2012, year:2013, year:2014",MERGE
2007-2014-cadillac-escalade-diamond-mesh-front-grille-matte-black,"make:Cadillac, model:Escalade, model:Escalade EXT, year:2007, year:2008, year:2009, year:2010, year:2011, year:2012, year:2013, year:2014",MERGE
07-13-chevy-silverado-1500-front-grille-matte-black,"make:Chevrolet, make:Chevy, model:Silverado 1500, year:2007, year:2008, year:2009, year:2010, year:2011, year:2012, year:2013",MERGE
2007-2013-chevy-silverado-1500-vertical-front-grille-matte-black,"make:Chevrolet, make:Chevy, model:Silverado 1500, year:2007, year:2008, year:2009, year:2010, year:2011, year:2012, year:2013",MERGE
2004-2006-mazda-3-sedan-front-grille-matte-black,"make:Mazda, model:3, year:2004, year:2005, year:2006",MERGE
2004-2006-mazda-3-sedan-matte-black-front-grille-replacement,"make:Mazda, model:3, year:2004, year:2005, year:2006",MERGE
1998-2003-lincoln-navigator-blackwood-chrome-vertical-front-grille,"make:Lincoln, model:Blackwood, model:Navigator, year:1998, year:1999, year:2000, year:2001, year:2002, year:2003",MERGE
2002-2005-dodge-ram-rivet-style-mesh-front-grille-black-abs,"make:Dodge, make:Ram, model:Ram 1500, model:Ram 2500, model:Ram 3500, year:2002, year:2003, year:2004, year:2005",MERGE
2002-2005-dodge-ram-1500-2500-3500-rivet-mesh-grille-matte-black,"make:Dodge, make:Ram, model:Ram 1500, model:Ram 2500, model:Ram 3500, year:2002, year:2003, year:2004, year:2005",MERGE
2006-2009-dodge-ram-1500-2500-3500-mesh-front-grille-matte-black,"make:Dodge, make:Ram, model:Ram 1500, model:Ram 2500, model:Ram 3500, year:2006, year:2007, year:2008, year:2009",MERGE
2006-2009-dodge-ram-1500-2500-3500-mesh-front-grille-black,"make:Dodge, make:Ram, model:Ram 1500, model:Ram 2500, model:Ram 3500, year:2006, year:2007, year:2008, year:2009",MERGE
2010-2018-ram-2500-3500-4500-5500-big-horn-style-chrome-grille,"make:Dodge, make:Ram, model:2500, model:3500, model:4500, model:5500, model:Ram 2500, model:Ram 3500, model:Ram 4500, model:Ram 5500, year:2010, year:2011, year:2012, year:2013, year:2014, year:2015, year:2016, year:2017, year:2018",MERGE
2013-2024-ram-1500-big-horn-style-front-grille-black-abs,"make:Dodge, make:Ram, model:1500, model:1500 Classic, year:2013, year:2014, year:2015, year:2016, year:2017, year:2018, year:2019, year:2020, year:2021, year:2022, year:2023, year:2024",MERGE
2013-2022-ram-1500-big-horn-style-front-grille-matte-black-abs,"make:Dodge, make:Ram, model:1500, model:1500 Classic, year:2013, year:2014, year:2015, year:2016, year:2017, year:2018, year:2019, year:2020, year:2021, year:2022, year:2023, year:2024",MERGE
2013-2024-ram-1500-honeycomb-rebel-style-front-grille-black-abs,"make:Dodge, make:Ram, model:1500, model:1500 Classic, year:2013, year:2014, year:2015, year:2016, year:2017, year:2018, year:2019, year:2020, year:2021, year:2022, year:2023, year:2024",MERGE
2013-2022-ram-1500-honeycomb-rebel-style-front-grille-matte-black,"make:Dodge, make:Ram, model:1500, model:1500 Classic, year:2013, year:2014, year:2015, year:2016, year:2017, year:2018, year:2019, year:2020, year:2021, year:2022, year:2023, year:2024",MERGE
2013-2024-ram-1500-oem-mesh-style-front-grille-black,"make:Dodge, make:Ram, model:1500, model:1500 Classic, year:2013, year:2014, year:2015, year:2016, year:2017, year:2018, year:2019, year:2020, year:2021, year:2022, year:2023, year:2024",MERGE
1994-2002-dodge-ram-1500-2500-3500-horizontal-grille-black,"make:Dodge, make:Ram, model:Ram 1500, model:Ram 2500, model:Ram 3500, year:1994, year:1995, year:1996, year:1997, year:1998, year:1999, year:2000, year:2001, year:2002",MERGE
1994-2002-dodge-ram-1500-2500-3500-horizontal-front-grille-matte-black,"make:Dodge, make:Ram, model:Ram 1500, model:Ram 2500, model:Ram 3500, year:1994, year:1995, year:1996, year:1997, year:1998, year:1999, year:2000, year:2001, year:2002",MERGE
1994-2002-dodge-ram-1500-2500-3500-mesh-front-grille-black,"make:Dodge, make:Ram, model:Ram 1500, model:Ram 2500, model:Ram 3500, year:1994, year:1995, year:1996, year:1997, year:1998, year:1999, year:2000, year:2001, year:2002",MERGE
1994-2002-dodge-ram-1500-2500-3500-mesh-front-grille-matte-black,"make:Dodge, make:Ram, model:Ram 1500, model:Ram 2500, model:Ram 3500, year:1994, year:1995, year:1996, year:1997, year:1998, year:1999, year:2000, year:2001, year:2002",MERGE
2007-2010-chrysler-sebring-bentley-style-chrome-mesh-grille-abs,"make:Chrysler, model:Sebring, year:2007, year:2008, year:2009, year:2010",MERGE
99-06-chevy-silverado-tahoe-suburban-black-horizontal-grille,"make:Chevrolet, make:Chevy, model:Silverado 1500, model:Silverado 2500, model:Suburban 1500, model:Suburban 2500, model:Tahoe, year:1999, year:2000, year:2001, year:2002, year:2003, year:2004, year:2005, year:2006",MERGE
1999-2006-chevy-silverado-tahoe-suburban-front-grille-matte-black,"make:Chevrolet, make:Chevy, model:Silverado 1500, model:Silverado 2500, model:Suburban 1500, model:Suburban 2500, model:Tahoe, year:1999, year:2000, year:2001, year:2002, year:2003, year:2004, year:2005, year:2006",MERGE
2005-2011-toyota-tacoma-studded-mesh-rivet-style-front-grille-matte-black,"make:Toyota, model:Tacoma, year:2005, year:2006, year:2007, year:2008, year:2009, year:2010, year:2011",MERGE
2004-2007-volkswagen-touareg-front-grille-black-torg-0206-bk,"make:Volkswagen, model:Touareg, year:2004, year:2005, year:2006, year:2007",MERGE
2022-2024-toyota-tundra-lex-style-abs-front-grille-glossy-black,"make:Toyota, model:Tundra, year:2022, year:2023, year:2024",MERGE
2022-2024-toyota-tundra-led-front-grille-lex-style-glossy-black,"make:Toyota, model:Tundra, year:2022, year:2023, year:2024",MERGE
2005-2009-ford-mustang-gt-honeycomb-mesh-front-grille-black,"make:Ford, model:Mustang, year:2005, year:2006, year:2007, year:2008, year:2009",MERGE
11-19-dodge-charger-chrysler-300-hex-rubber-floor-mats-3pc-black,"make:Chrysler, make:Dodge, make:Ram, model:300, model:Charger, year:2011, year:2012, year:2013, year:2014, year:2015, year:2016, year:2017, year:2018, year:2019, year:2020, year:2021",MERGE
2011-2021-dodge-challenger-rwd-hex-rubber-floor-mats-4pc-black,"make:Dodge, make:Ram, model:Challenger, year:2011, year:2012, year:2013, year:2014, year:2015, year:2016, year:2017, year:2018, year:2019, year:2020, year:2021",MERGE
2013-2019-buick-encore-hex-style-rubber-trunk-mat-all-weather,"make:Buick, model:Encore, year:2013, year:2014, year:2015, year:2016, year:2017, year:2018, year:2019",MERGE
2008-2017-buick-enclave-hex-style-all-weather-rubber-floor-mats-4pc,"make:Buick, model:Enclave, year:2008, year:2009, year:2010, year:2011, year:2012, year:2013, year:2014, year:2015, year:2016, year:2017",MERGE
2018-2020-buick-enclave-hex-style-all-weather-rubber-floor-mats-4pc,"make:Buick, model:Enclave, year:2018, year:2019, year:2020, year:2021",MERGE
2016-2020-buick-envision-hex-style-rubber-trunk-mat-black,"make:Buick, model:Envision, year:2016, year:2017, year:2018, year:2019, year:2020",MERGE
2010-2017-chevy-equinox-hex-style-rubber-trunk-mat-black-1pc,"make:Chevrolet, make:Chevy, model:Equinox, year:2010, year:2011, year:2012, year:2013, year:2014, year:2015, year:2016, year:2017",MERGE
2010-2017-chevy-equinox-all-weather-rubber-floor-mats-3pc-black,"make:Chevrolet, make:Chevy, model:Equinox, year:2010, year:2011, year:2012, year:2013, year:2014, year:2015, year:2016, year:2017",MERGE
2018-2024-chevy-equinox-hex-style-rubber-trunk-mat-black-1pc,"make:Chevrolet, make:Chevy, model:Equinox, year:2018, year:2019, year:2020, year:2021, year:2022, year:2023, year:2024",MERGE
ford-f-150-lightning-supercrew-hex-rubber-floor-mats-3pc-black,"make:Ford, model:F-150, model:F-150 Lightning, year:2015, year:2016, year:2017, year:2018, year:2019, year:2020, year:2021, year:2022, year:2023",MERGE
ford-f-150-lightning-super-cab-hex-rubber-floor-mats-3pc-black,"make:Ford, model:F-150, year:2015, year:2016, year:2017, year:2018, year:2019, year:2020, year:2021, year:2022, year:2023",MERGE
2013-2019-bmw-3-series-f30-hex-style-rubber-floor-mats-4pc,"make:BMW, model:318i, model:320i, model:320i xDrive, model:325i, model:328d, model:328d xDrive, model:328i, model:328i GT xDrive, model:328i xDrive, model:330e, model:330i, model:330i GT xDrive, model:330i xDrive, model:335i, model:335i GT xDrive, model:335i xDrive, model:340i, model:340i GT xDrive, model:340i xDrive, year:2012, year:2013, year:2014, year:2015, year:2016, year:2017, year:2018, year:2019",MERGE
2022-nissan-frontier-crew-cab-hex-rubber-floor-mats-3pc-black,"make:Nissan, model:Frontier, year:2022, year:2023",MERGE
2022-nissan-frontier-king-cab-hex-rubber-floor-mats-3pc-black,"make:Nissan, model:Frontier, year:2022, year:2023",MERGE
2020-jeep-gladiator-hex-style-all-weather-rubber-floor-mats-3pc,"make:Jeep, model:Gladiator, year:2020, year:2021, year:2022, year:2023",MERGE
14-24-lexus-gx460-toyota-4runner-hex-rubber-floor-mats-3pc,"make:Lexus, make:Toyota, model:4Runner, model:GX460, year:2013, year:2014, year:2015, year:2016, year:2017, year:2018, year:2019, year:2020, year:2021, year:2022, year:2023",MERGE
2020-2024-hyundai-palisade-hex-style-rubber-trunk-mat-black-1pc,"make:Hyundai, model:Palisade, year:2020, year:2021, year:2022, year:2023, year:2024",MERGE
2020-hyundai-palisade-hex-style-all-weather-rubber-floor-mats-3pc,"make:Hyundai, model:Palisade, year:2020, year:2021, year:2022, year:2023",MERGE
honda-pilot-passport-hex-style-all-weather-rubber-floor-mats-3pc,"make:Honda, model:Passport, model:Pilot, year:2016, year:2017, year:2018, year:2019, year:2020, year:2021, year:2022, year:2023",MERGE
2016-honda-pilot-3rd-row-rubber-floor-mat-hex-style-black,"make:Honda, model:Pilot, year:2016, year:2017, year:2018, year:2019, year:2020, year:2021, year:2022, year:2023",MERGE
2016-honda-pilot-hex-style-all-weather-rubber-floor-mats-4pc,"make:Honda, model:Pilot, year:2016, year:2017, year:2018, year:2019, year:2020, year:2021, year:2022, year:2023",MERGE
2019-2023-audi-q8-hex-style-rubber-trunk-mat-all-weather-black,"make:Audi, model:Q8, year:2019, year:2020, year:2021, year:2022, year:2023, year:2024",MERGE
2019-2023-audi-q8-hex-style-all-weather-rubber-floor-mats-3pc-black,"make:Audi, model:Q8, year:2019, year:2020, year:2021, year:2022, year:2023, year:2024",MERGE
rivian-r1t-hex-style-all-weather-rubber-front-trunk-mat-black,"make:Rivian, model:R1S, model:R1T, year:2022, year:2023",MERGE
2019-ford-ranger-supercrew-hex-rubber-floor-mats-3pc-black,"make:Ford, model:Ranger, year:2019, year:2020, year:2021, year:2022, year:2023",MERGE
2019-2022-toyota-rav4-hex-style-all-weather-rubber-floor-mats-3pc,"make:Toyota, model:RAV4, year:2019, year:2020, year:2021, year:2022, year:2023",MERGE
2021-2023-toyota-rav4-prime-hex-style-rubber-floor-mats-3pc-black,"make:Toyota, model:RAV4 Prime, year:2021, year:2022, year:2023",MERGE
2016-2018-acura-rdx-all-weather-rubber-floor-mats-3pc-hex-style,"make:Acura, model:RDX, year:2013, year:2014, year:2015, year:2016, year:2017, year:2018",MERGE
2019-acura-rdx-hex-style-all-weather-rubber-floor-mats-3pc-black,"make:Acura, model:RDX, year:2019, year:2020, year:2021",MERGE
2022-hyundai-santa-cruz-hex-style-rubber-floor-mats-3pc-black,"make:Hyundai, model:Santa Cruz, year:2022, year:2023",MERGE
2021-toyota-sienna-hex-style-rubber-trunk-mat-all-weather-1pc,"make:Toyota, model:Sienna, year:2021, year:2022, year:2023",MERGE
2021-toyota-sienna-trunk-mat-w-spare-tire-hex-style-rubber,"make:Toyota, model:Sienna, year:2021, year:2022, year:2023",MERGE
14-18-chevy-silverado-gmc-sierra-crew-cab-hex-rubber-floor-mats-4pc,"make:Chevrolet, make:Chevy, make:GMC, model:Sierra 1500, model:Sierra 2500 HD, model:Sierra 3500 HD, model:Silverado 1500, model:Silverado 2500, model:Silverado 2500 HD, model:Silverado 3500 HD, year:2014, year:2015, year:2016, year:2017, year:2018, year:2019",MERGE
14-18-silverado-sierra-crew-cab-hex-rubber-floor-mats-2pc-black,"make:Chevrolet, make:Chevy, make:GMC, model:Sierra 1500, model:Sierra 2500 HD, model:Sierra 3500 HD, model:Silverado 1500, model:Silverado 2500, model:Silverado 2500 HD, model:Silverado 3500 HD, year:2014, year:2015, year:2016, year:2017, year:2018, year:2019",MERGE
05-11-toyota-tacoma-double-cab-hex-rubber-floor-mats-3pc-black,"make:Toyota, model:Tacoma, year:2005, year:2006, year:2007, year:2008, year:2009, year:2010, year:2011",MERGE
2021-tesla-model-3-lr-hex-all-weather-rubber-floor-mats-3pc-black,"make:Tesla, model:3, year:2021, year:2022, year:2023",MERGE
2022-2023-tesla-model-x-hex-rubber-trunk-mats-3pc-all-weather,"make:Tesla, model:X, year:2021, year:2022, year:2023",MERGE
2022-2023-tesla-model-x-all-weather-hex-rubber-floor-mats-6pc-set,"make:Tesla, model:X, year:2021, year:2022, year:2023",MERGE
2018-2024-chevy-traverse-hex-style-rubber-trunk-mat-black-1pc,"make:Chevrolet, make:Chevy, model:Traverse, year:2018, year:2019, year:2020, year:2021, year:2022, year:2023, year:2024",MERGE
2014-2018-bmw-x5-hex-style-all-weather-rubber-trunk-mat-black,"make:BMW, model:X5, year:2014, year:2015, year:2016, year:2017, year:2018",MERGE
2014-2018-bmw-x5-hex-style-all-weather-rubber-floor-mats-3pc,"make:BMW, model:X5, year:2014, year:2015, year:2016, year:2017, year:2018",MERGE
03-07-honda-accord-led-crystal-headlights-black-w-amber,"make:Honda, model:Accord, year:2003, year:2004, year:2005, year:2006, year:2007",MERGE
88-98-chevy-c10-ck-crystal-headlights-w-led-bar-8pc-chrome-set,"make:Chevrolet, make:Chevy, model:C1500, model:C1500 Suburban, model:C2500, model:C2500 Suburban, model:C3500, model:K1500, model:K1500 Suburban, model:K2500, model:K2500 Suburban, model:K3500, model:Tahoe, year:1994, year:1995, year:1996, year:1997, year:1998, year:1999, year:2000",MERGE
88-98-chevy-c10-ck-crystal-headlights-led-bar-bumper-corners-8pc-black,"make:Chevrolet, make:Chevy, model:C1500, model:C1500 Suburban, model:C2500, model:C2500 Suburban, model:C3500, model:K1500, model:K1500 Suburban, model:K2500, model:K2500 Suburban, model:K3500, model:Tahoe, year:1994, year:1995, year:1996, year:1997, year:1998, year:1999, year:2000",MERGE
88-98-chevy-gmc-c10-ck-crystal-headlights-w-led-light-bar-chrome,"make:Chevrolet, make:Chevy, model:C1500, model:C2500, model:C3500, model:K1500, model:K2500, model:K3500, year:1988, year:1989, year:1990, year:1991, year:1992, year:1993, year:1994, year:1995, year:1996, year:1997, year:1998, year:1999, year:2000",MERGE
88-98-chevy-gmc-c10-ck-crystal-headlights-w-led-light-bar-black,"make:Chevrolet, make:Chevy, model:C1500, model:C2500, model:C3500, model:K1500, model:K2500, model:K3500, year:1988, year:1989, year:1990, year:1991, year:1992, year:1993, year:1994, year:1995, year:1996, year:1997, year:1998, year:1999, year:2000",MERGE
04-05-honda-civic-crystal-headlights-w-led-light-bar-black,"make:Honda, model:Civic, year:2004, year:2005",MERGE
01-03-honda-civic-crystal-headlights-sequential-led-bar-black,"make:Honda, model:Civic, year:2001, year:2002, year:2003",MERGE
04-05-honda-civic-crystal-headlights-sequential-led-bar-black,"make:Honda, model:Civic, year:2004, year:2005",MERGE
06-11-honda-civic-4dr-crystal-headlights-led-light-bar-black-jdma,"make:Honda, model:Civic, year:2006, year:2007, year:2008, year:2009, year:2010, year:2011",MERGE
06-11-honda-civic-4dr-sequential-led-crystal-headlights-black,"make:Honda, model:Civic, year:2006, year:2007, year:2008, year:2009, year:2010, year:2011",MERGE
96-98-honda-civic-crystal-headlights-w-led-light-bar-black,"make:Honda, model:Civic, year:1996, year:1997, year:1998",MERGE
99-00-honda-civic-crystal-headlights-w-led-light-bar-black,"make:Honda, model:Civic, year:1999, year:2000",MERGE
2011-2016-chevrolet-cruze-crystal-headlights-chrome-jdm-style,"make:Chevrolet, make:Chevy, model:Cruze, model:Cruze Limited, year:2011, year:2012, year:2013, year:2014, year:2015, year:2016",MERGE
04-08-ford-f-150-crystal-led-headlights-w-amber-light-bar-chrome,"make:Ford, make:Lincoln, model:F-150, model:Mark LT, year:2004, year:2005, year:2006, year:2007, year:2008",MERGE
04-08-ford-f-150-led-crystal-headlights-black-w-amber-light-bar,"make:Ford, make:Lincoln, model:F-150, model:Mark LT, year:2004, year:2005, year:2006, year:2007, year:2008",MERGE
04-08-ford-f-150-crystal-headlights-sequential-led-signal-chrome,"make:Ford, make:Lincoln, model:F-150, model:Mark LT, year:2004, year:2005, year:2006, year:2007, year:2008",MERGE
04-08-ford-f-150-led-crystal-headlights-sequential-signal-black,"make:Ford, make:Lincoln, model:F-150, model:Mark LT, year:2004, year:2005, year:2006, year:2007, year:2008",MERGE
09-14-ford-f-150-led-crystal-headlights-chrome-w-amber-light-bar,"make:Ford, model:F-150, year:2009, year:2010, year:2011, year:2012, year:2013, year:2014",MERGE
09-14-ford-f-150-led-crystal-headlights-black-w-amber-light-bar,"make:Ford, model:F-150, year:2009, year:2010, year:2011, year:2012, year:2013, year:2014",MERGE
09-14-ford-f-150-crystal-led-headlights-sequential-signal-chrome,"make:Ford, model:F-150, year:2009, year:2010, year:2011, year:2012, year:2013, year:2014",MERGE
09-14-ford-f-150-led-crystal-headlights-sequential-signal-black,"make:Ford, model:F-150, year:2009, year:2010, year:2011, year:2012, year:2013, year:2014",MERGE
08-10-ford-f250-f350-super-duty-led-crystal-headlights-black,"make:Ford, model:F-250 Super Duty, model:F-350 Super Duty, model:F-450 Super Duty, model:F-550 Super Duty, year:2008, year:2009, year:2010",MERGE
06-15-chevy-impala-monte-carlo-led-crystal-headlights-chrome,"make:Chevrolet, make:Chevy, model:Impala, model:Impala Limited, model:Monte Carlo, year:2006, year:2007, year:2008, year:2009, year:2010, year:2011, year:2012, year:2013, year:2014, year:2015, year:2016",MERGE
06-13-chevy-impala-led-crystal-headlights-black-cvip06a-06,"make:Chevrolet, make:Chevy, model:Impala, model:Impala Limited, model:Monte Carlo, year:2006, year:2007, year:2008, year:2009, year:2010, year:2011, year:2012, year:2013, year:2014, year:2015, year:2016",MERGE
06-13-chevy-impala-sequential-led-crystal-headlights-chrome,"make:Chevrolet, make:Chevy, model:Impala, model:Impala Limited, model:Monte Carlo, year:2006, year:2007, year:2008, year:2009, year:2010, year:2011, year:2012, year:2013, year:2014, year:2015, year:2016",MERGE
06-13-chevy-impala-sequential-led-crystal-headlights-black,"make:Chevrolet, make:Chevy, model:Impala, model:Impala Limited, model:Monte Carlo, year:2006, year:2007, year:2008, year:2009, year:2010, year:2011, year:2012, year:2013, year:2014, year:2015, year:2016",MERGE
2005-2009-ford-mustang-crystal-headlights-w-led-halo-chrome,"make:Ford, model:Mustang, year:2005, year:2006, year:2007, year:2008, year:2009",MERGE
05-09-ford-mustang-led-halo-crystal-headlights-black-fdmt05a1,"make:Ford, model:Mustang, year:2005, year:2006, year:2007, year:2008, year:2009",MERGE
05-09-ford-mustang-chrome-led-halo-crystal-headlights-fdmt05a1-03,"make:Ford, model:Mustang, year:2005, year:2006, year:2007, year:2008, year:2009",MERGE
99-04-ford-mustang-chrome-crystal-headlights-w-led-light-bar,"make:Ford, model:Mustang, year:1999, year:2000, year:2001, year:2002, year:2003, year:2004",MERGE
99-04-ford-mustang-black-crystal-led-headlights-w-amber,"make:Ford, model:Mustang, year:1999, year:2000, year:2001, year:2002, year:2003, year:2004",MERGE
99-04-ford-mustang-crystal-headlights-sequential-led-signal-chrome,"make:Ford, model:Mustang, year:1999, year:2000, year:2001, year:2002, year:2003, year:2004",MERGE
99-04-ford-mustang-crystal-headlights-sequential-led-turn-signal,"make:Ford, model:Mustang, year:1999, year:2000, year:2001, year:2002, year:2003, year:2004",MERGE
02-05-dodge-ram-crystal-headlights-w-led-light-bar-chrome,"make:Dodge, make:Ram, model:Ram 1500, model:Ram 2500, model:Ram 3500, year:2002, year:2003, year:2004, year:2005",MERGE
02-05-dodge-ram-crystal-headlights-w-led-light-bar-black,"make:Dodge, make:Ram, model:Ram 1500, model:Ram 2500, model:Ram 3500, year:2002, year:2003, year:2004, year:2005",MERGE
02-05-dodge-ram-crystal-headlights-sequential-led-chrome,"make:Dodge, make:Ram, model:Ram 1500, model:Ram 2500, model:Ram 3500, year:2002, year:2003, year:2004, year:2005",MERGE
06-09-dodge-ram-black-crystal-headlights-sequential-led-turn-signal,"make:Dodge, make:Ram, model:Ram 1500, model:Ram 2500, model:Ram 3500, year:2006, year:2007, year:2008, year:2009",MERGE
09-18-dodge-ram-chrome-crystal-headlights-w-led-light-bar,"make:Dodge, make:Ram, model:1500, model:1500 Classic, model:2500, model:3500, model:Ram 1500, model:Ram 2500, model:Ram 3500, year:2009, year:2010, year:2011, year:2012, year:2013, year:2014, year:2015, year:2016, year:2017, year:2018, year:2019, year:2020, year:2021, year:2022, year:2023, year:2024",MERGE
09-18-dodge-ram-crystal-headlights-w-led-light-bar-black,"make:Dodge, make:Ram, model:1500, model:1500 Classic, model:2500, model:3500, model:Ram 1500, model:Ram 2500, model:Ram 3500, year:2009, year:2010, year:2011, year:2012, year:2013, year:2014, year:2015, year:2016, year:2017, year:2018, year:2019, year:2020, year:2021, year:2022, year:2023, year:2024",MERGE
09-18-dodge-ram-chrome-crystal-headlights-sequential-led-turn-signal,"make:Dodge, make:Ram, model:1500, model:1500 Classic, model:2500, model:3500, model:Ram 1500, model:Ram 2500, model:Ram 3500, year:2009, year:2010, year:2011, year:2012, year:2013, year:2014, year:2015, year:2016, year:2017, year:2018, year:2019, year:2020, year:2021, year:2022, year:2023, year:2024",MERGE
09-18-dodge-ram-crystal-headlights-sequential-led-turn-signal-black,"make:Dodge, make:Ram, model:1500, model:1500 Classic, model:2500, model:3500, model:Ram 1500, model:Ram 2500, model:Ram 3500, year:2009, year:2010, year:2011, year:2012, year:2013, year:2014, year:2015, year:2016, year:2017, year:2018, year:2019, year:2020, year:2021, year:2022, year:2023, year:2024",MERGE
2009-2022-dodge-ram-crystal-headlights-chrome-quad-style,"make:Dodge, make:Ram, model:1500, model:1500 Classic, model:2500, model:3500, model:Ram 1500, model:Ram 2500, model:Ram 3500, year:2009, year:2010, year:2011, year:2012, year:2013, year:2014, year:2015, year:2016, year:2017, year:2018, year:2019, year:2020, year:2021, year:2022, year:2023, year:2024",MERGE
2009-2022-dodge-ram-crystal-black-headlights-quad-style,"make:Dodge, make:Ram, model:1500, model:1500 Classic, model:2500, model:3500, model:Ram 1500, model:Ram 2500, model:Ram 3500, year:2009, year:2010, year:2011, year:2012, year:2013, year:2014, year:2015, year:2016, year:2017, year:2018, year:2019, year:2020, year:2021, year:2022, year:2023, year:2024",MERGE
01-11-ford-ranger-crystal-headlights-4pc-led-light-bar-black-jdma,"make:Ford, model:Ranger, year:2001, year:2002, year:2003, year:2004, year:2005, year:2006, year:2007, year:2008, year:2009, year:2010, year:2011",MERGE
01-11-ford-ranger-crystal-headlights-w-sequential-led-chrome-4pc,"make:Ford, model:Ranger, year:2001, year:2002, year:2003, year:2004, year:2005, year:2006, year:2007, year:2008, year:2009, year:2010, year:2011",MERGE
01-11-ford-ranger-crystal-headlights-4pc-sequential-led-black,"make:Ford, model:Ranger, year:2001, year:2002, year:2003, year:2004, year:2005, year:2006, year:2007, year:2008, year:2009, year:2010, year:2011",MERGE
2007-2014-gmc-sierra-oem-crystal-headlights-black-gmsr07-03,"make:GMC, model:Sierra 1500, model:Sierra 2500 HD, model:Sierra 3500 HD, year:2007, year:2008, year:2009, year:2010, year:2011, year:2012, year:2013, year:2014",MERGE
2007-2014-gmc-sierra-oem-crystal-headlights-chrome-gmsr07-04,"make:GMC, model:Sierra 1500, model:Sierra 2500 HD, model:Sierra 3500 HD, year:2007, year:2008, year:2009, year:2010, year:2011, year:2012, year:2013, year:2014",MERGE
07-13-gmc-sierra-1500-2500-3500-led-crystal-headlights-black,"make:GMC, model:Sierra 1500, model:Sierra 2500 HD, model:Sierra 3500 HD, year:2007, year:2008, year:2009, year:2010, year:2011, year:2012, year:2013, year:2014",MERGE
07-13-gmc-sierra-1500-2500-3500-chrome-crystal-led-headlights,"make:GMC, model:Sierra 1500, model:Sierra 2500 HD, model:Sierra 3500 HD, year:2007, year:2008, year:2009, year:2010, year:2011, year:2012, year:2013, year:2014",MERGE
07-13-gmc-sierra-1500-2500-3500-black-crystal-led-headlights,"make:GMC, model:Sierra 1500, model:Sierra 2500 HD, model:Sierra 3500 HD, year:2007, year:2008, year:2009, year:2010, year:2011, year:2012, year:2013, year:2014",MERGE
99-06-gmc-sierra-yukon-xl-crystal-headlights-led-bar-chrome-4pc,"make:GMC, model:Sierra 1500, model:Sierra 1500 Classic, model:Sierra 1500 HD, model:Sierra 1500 HD Classic, model:Sierra 2500, model:Sierra 2500 HD, model:Sierra 2500 HD Classic, model:Sierra 3500, model:Sierra 3500 Classic, model:Yukon, model:Yukon XL 1500, model:Yukon XL 2500, year:1999, year:2000, year:2001, year:2002, year:2003, year:2004, year:2005, year:2006, year:2007",MERGE
99-06-gmc-sierra-yukon-xl-crystal-headlights-led-bar-black-4pc,"make:GMC, model:Sierra 1500, model:Sierra 1500 Classic, model:Sierra 1500 HD, model:Sierra 1500 HD Classic, model:Sierra 2500, model:Sierra 2500 HD, model:Sierra 2500 HD Classic, model:Sierra 3500, model:Sierra 3500 Classic, model:Yukon, model:Yukon XL 1500, model:Yukon XL 2500, year:1999, year:2000, year:2001, year:2002, year:2003, year:2004, year:2005, year:2006, year:2007",MERGE
99-06-gmc-sierra-yukon-xl-crystal-headlights-sequential-led-chrome-4pc,"make:GMC, model:Sierra 1500, model:Sierra 1500 Classic, model:Sierra 1500 HD, model:Sierra 1500 HD Classic, model:Sierra 2500, model:Sierra 2500 HD, model:Sierra 2500 HD Classic, model:Sierra 3500, model:Sierra 3500 Classic, model:Yukon, model:Yukon XL 1500, model:Yukon XL 2500, year:1999, year:2000, year:2001, year:2002, year:2003, year:2004, year:2005, year:2006, year:2007",MERGE
99-06-gmc-sierra-yukon-xl-crystal-headlights-sequential-led-black-4pc,"make:GMC, model:Sierra 1500, model:Sierra 1500 Classic, model:Sierra 1500 HD, model:Sierra 1500 HD Classic, model:Sierra 2500, model:Sierra 2500 HD, model:Sierra 2500 HD Classic, model:Sierra 3500, model:Sierra 3500 Classic, model:Yukon, model:Yukon XL 1500, model:Yukon XL 2500, year:1999, year:2000, year:2001, year:2002, year:2003, year:2004, year:2005, year:2006, year:2007",MERGE
1999-2006-gmc-sierra-yukon-xl-led-crystal-headlights-chrome,"make:GMC, model:Sierra 1500, model:Sierra 1500 Classic, model:Sierra 1500 HD, model:Sierra 1500 HD Classic, model:Sierra 2500, model:Sierra 2500 HD, model:Sierra 2500 HD Classic, model:Sierra 3500, model:Sierra 3500 Classic, model:Yukon, model:Yukon XL 1500, model:Yukon XL 2500, year:1999, year:2000, year:2001, year:2002, year:2003, year:2004, year:2005, year:2006, year:2007",MERGE
1999-2006-gmc-sierra-yukon-xl-led-crystal-headlights-black,"make:GMC, model:Sierra 1500, model:Sierra 1500 Classic, model:Sierra 1500 HD, model:Sierra 1500 HD Classic, model:Sierra 2500, model:Sierra 2500 HD, model:Sierra 2500 HD Classic, model:Sierra 3500, model:Sierra 3500 Classic, model:Yukon, model:Yukon XL 1500, model:Yukon XL 2500, year:1999, year:2000, year:2001, year:2002, year:2003, year:2004, year:2005, year:2006, year:2007",MERGE
1999-2006-gmc-sierra-yukon-crystal-headlights-sequential-led-chrome,"make:GMC, model:Sierra 1500, model:Sierra 1500 Classic, model:Sierra 1500 HD, model:Sierra 1500 HD Classic, model:Sierra 2500, model:Sierra 2500 HD, model:Sierra 2500 HD Classic, model:Sierra 3500, model:Sierra 3500 Classic, model:Yukon, model:Yukon XL 1500, model:Yukon XL 2500, year:1999, year:2000, year:2001, year:2002, year:2003, year:2004, year:2005, year:2006, year:2007",MERGE
99-06-gmc-sierra-yukon-xl-sequential-led-crystal-headlights-black,"make:GMC, model:Sierra 1500, model:Sierra 1500 Classic, model:Sierra 1500 HD, model:Sierra 1500 HD Classic, model:Sierra 2500, model:Sierra 2500 HD, model:Sierra 2500 HD Classic, model:Sierra 3500, model:Sierra 3500 Classic, model:Yukon, model:Yukon XL 1500, model:Yukon XL 2500, year:1999, year:2000, year:2001, year:2002, year:2003, year:2004, year:2005, year:2006, year:2007",MERGE
02-07-chevy-silverado-avalanche-crystal-headlights-4pc-black,"make:Chevrolet, make:Chevy, model:Avalanche 1500, model:Avalanche 2500, model:Silverado 1500, model:Silverado 1500 Classic, model:Silverado 1500 HD, model:Silverado 1500 HD Classic, model:Silverado 2500, model:Silverado 2500 HD, model:Silverado 2500 HD Classic, model:Silverado 3500, model:Silverado 3500 Classic, year:2002, year:2003, year:2004, year:2005, year:2006, year:2007",MERGE
03-06-chevy-silverado-avalanche-led-crystal-headlights-chrome-4pc,"make:Chevrolet, make:Chevy, model:Avalanche 1500, model:Avalanche 2500, model:Silverado 1500, model:Silverado 1500 Classic, model:Silverado 1500 HD, model:Silverado 1500 HD Classic, model:Silverado 2500, model:Silverado 2500 HD, model:Silverado 2500 HD Classic, model:Silverado 3500, model:Silverado 3500 Classic, year:2002, year:2003, year:2004, year:2005, year:2006, year:2007",MERGE
03-06-chevy-silverado-avalanche-led-crystal-headlights-black-4pc,"make:Chevrolet, make:Chevy, model:Avalanche 1500, model:Avalanche 2500, model:Silverado 1500, model:Silverado 1500 Classic, model:Silverado 1500 HD, model:Silverado 1500 HD Classic, model:Silverado 2500, model:Silverado 2500 HD, model:Silverado 2500 HD Classic, model:Silverado 3500, model:Silverado 3500 Classic, year:2002, year:2003, year:2004, year:2005, year:2006, year:2007",MERGE
03-06-chevy-silverado-avalanche-chrome-led-sequential-headlights-4pc,"make:Chevrolet, make:Chevy, model:Avalanche 1500, model:Avalanche 2500, model:Silverado 1500, model:Silverado 1500 Classic, model:Silverado 1500 HD, model:Silverado 1500 HD Classic, model:Silverado 2500, model:Silverado 2500 HD, model:Silverado 2500 HD Classic, model:Silverado 3500, model:Silverado 3500 Classic, year:2002, year:2003, year:2004, year:2005, year:2006, year:2007",MERGE
03-06-chevy-silverado-avalanche-black-led-sequential-headlights-4pc,"make:Chevrolet, make:Chevy, model:Avalanche 1500, model:Avalanche 2500, model:Silverado 1500, model:Silverado 1500 Classic, model:Silverado 1500 HD, model:Silverado 1500 HD Classic, model:Silverado 2500, model:Silverado 2500 HD, model:Silverado 2500 HD Classic, model:Silverado 3500, model:Silverado 3500 Classic, year:2002, year:2003, year:2004, year:2005, year:2006, year:2007",MERGE
03-06-chevy-silverado-avalanche-chrome-led-headlights-4pc-set,"make:Chevrolet, make:Chevy, model:Avalanche 1500, model:Avalanche 2500, model:Silverado 1500, model:Silverado 1500 Classic, model:Silverado 1500 HD, model:Silverado 1500 HD Classic, model:Silverado 2500, model:Silverado 2500 HD, model:Silverado 2500 HD Classic, model:Silverado 3500, model:Silverado 3500 Classic, year:2002, year:2003, year:2004, year:2005, year:2006, year:2007",MERGE
03-06-chevy-silverado-avalanche-led-crystal-headlights-4pc-set-black,"make:Chevrolet, make:Chevy, model:Avalanche 1500, model:Avalanche 2500, model:Silverado 1500, model:Silverado 1500 Classic, model:Silverado 1500 HD, model:Silverado 1500 HD Classic, model:Silverado 2500, model:Silverado 2500 HD, model:Silverado 2500 HD Classic, model:Silverado 3500, model:Silverado 3500 Classic, year:2002, year:2003, year:2004, year:2005, year:2006, year:2007",MERGE
07-14-chevy-silverado-crystal-black-headlights-no-amber,"make:Chevrolet, make:Chevy, model:Silverado 1500, model:Silverado 2500 HD, model:Silverado 3500 HD, year:2007, year:2008, year:2009, year:2010, year:2011, year:2012, year:2013, year:2014",MERGE
07-13-chevy-silverado-1500-08-14-2500-3500-led-crystal-headlights-chrome,"make:Chevrolet, make:Chevy, model:Silverado 1500, model:Silverado 2500 HD, model:Silverado 3500 HD, year:2007, year:2008, year:2009, year:2010, year:2011, year:2012, year:2013, year:2014",MERGE
07-13-chevy-silverado-1500-led-crystal-headlights-black-jdma,"make:Chevrolet, make:Chevy, model:Silverado 1500, model:Silverado 2500 HD, model:Silverado 3500 HD, year:2007, year:2008, year:2009, year:2010, year:2011, year:2012, year:2013, year:2014",MERGE
99-02-silverado-00-06-suburban-tahoe-led-headlights-bumper-lights-black,"make:Chevrolet, make:Chevy, model:Silverado, model:Silverado 1500, model:Silverado 1500 HD, model:Silverado 2500, model:Silverado 2500 HD, model:Silverado 3500, model:Suburban 1500, model:Suburban 2500, model:Tahoe, year:1999, year:2000, year:2001, year:2002, year:2003, year:2004, year:2005, year:2006",MERGE
07-13-chevy-silverado-1500-led-crystal-headlights-sequential-signal,"make:Chevrolet, make:Chevy, model:Silverado 1500, model:Silverado 2500 HD, model:Silverado 3500 HD, year:2007, year:2008, year:2009, year:2010, year:2011, year:2012, year:2013, year:2014",MERGE
01-04-toyota-tacoma-crystal-headlights-w-led-light-bar-4pc-black,"make:Toyota, model:Tacoma, year:2001, year:2002, year:2003, year:2004",MERGE
01-04-toyota-tacoma-crystal-headlights-w-sequential-led-black,"make:Toyota, model:Tacoma, year:2001, year:2002, year:2003, year:2004",MERGE
2001-2004-toyota-tacoma-crystal-headlights-black-6pc-set-jdma,"make:Toyota, model:Tacoma, year:2001, year:2002, year:2003, year:2004",MERGE
01-04-toyota-tacoma-crystal-headlights-6pc-led-light-bar-black,"make:Toyota, model:Tacoma, year:2001, year:2002, year:2003, year:2004",MERGE
2005-2011-toyota-tacoma-crystal-headlights-chrome-w-amber,"make:Toyota, model:Tacoma, year:2005, year:2006, year:2007, year:2008, year:2009, year:2010, year:2011",MERGE
01-04-toyota-tacoma-crystal-headlights-w-sequential-led-black-6pc,"make:Toyota, model:Tacoma, year:2001, year:2002, year:2003, year:2004",MERGE
05-11-toyota-tacoma-chrome-crystal-headlights-w-led-light-bar,"make:Toyota, model:Tacoma, year:2005, year:2006, year:2007, year:2008, year:2009, year:2010, year:2011",MERGE
05-11-toyota-tacoma-led-crystal-headlights-black-w-light-bar,"make:Toyota, model:Tacoma, year:2005, year:2006, year:2007, year:2008, year:2009, year:2010, year:2011",MERGE
2012-2015-toyota-tacoma-led-crystal-headlights-black-jdma,"make:Toyota, model:Tacoma, year:2012, year:2013, year:2014, year:2015",MERGE
05-11-toyota-tacoma-crystal-headlights-sequential-led-bar-black,"make:Toyota, model:Tacoma, year:2005, year:2006, year:2007, year:2008, year:2009, year:2010, year:2011",MERGE
2012-2015-toyota-tacoma-sequential-led-crystal-headlights-black,"make:Toyota, model:Tacoma, year:2012, year:2013, year:2014, year:2015",MERGE
04-15-nissan-titan-crystal-headlights-w-led-light-bar-chrome,"make:Nissan, model:Armada, model:Titan, year:2004, year:2005, year:2006, year:2007, year:2008, year:2009, year:2010, year:2011, year:2012, year:2013, year:2014, year:2015",MERGE
04-15-nissan-titan-led-crystal-headlights-black-jdma,"make:Nissan, model:Armada, model:Titan, year:2004, year:2005, year:2006, year:2007, year:2008, year:2009, year:2010, year:2011, year:2012, year:2013, year:2014, year:2015",MERGE
04-15-nissan-titan-chrome-crystal-headlights-sequential-led-signal,"make:Nissan, model:Armada, model:Titan, year:2004, year:2005, year:2006, year:2007, year:2008, year:2009, year:2010, year:2011, year:2012, year:2013, year:2014, year:2015",MERGE
04-15-nissan-titan-sequential-led-crystal-headlights-black,"make:Nissan, model:Armada, model:Titan, year:2004, year:2005, year:2006, year:2007, year:2008, year:2009, year:2010, year:2011, year:2012, year:2013, year:2014, year:2015",MERGE
2005-2007-toyota-tundra-sequoia-crystal-headlights-black,"make:Toyota, model:Sequoia, model:Tundra, year:2005, year:2006, year:2007",MERGE
05-06-toyota-tundra-chrome-crystal-headlights-w-led-light-bar-4pc,"make:Toyota, model:Sequoia, model:Tundra, year:2005, year:2006, year:2007",MERGE
05-06-toyota-tundra-black-crystal-headlights-w-led-light-bar-4pc,"make:Toyota, model:Sequoia, model:Tundra, year:2005, year:2006, year:2007",MERGE
05-06-toyota-tundra-chrome-crystal-headlights-w-sequential-led,"make:Toyota, model:Sequoia, model:Tundra, year:2005, year:2006, year:2007",MERGE
05-06-toyota-tundra-crystal-headlights-w-sequential-led-black-4pc,"make:Toyota, model:Sequoia, model:Tundra, year:2005, year:2006, year:2007",MERGE
07-13-toyota-tundra-08-15-sequoia-chrome-led-crystal-headlights,"make:Toyota, model:Sequoia, model:Tundra, year:2007, year:2008, year:2009, year:2010, year:2011, year:2012, year:2013, year:2014, year:2015, year:2016, year:2017",MERGE
07-13-toyota-tundra-08-15-sequoia-led-crystal-headlights-black,"make:Toyota, model:Sequoia, model:Tundra, year:2007, year:2008, year:2009, year:2010, year:2011, year:2012, year:2013, year:2014, year:2015, year:2016, year:2017",MERGE
07-13-toyota-tundra-08-15-sequoia-chrome-led-headlights-sequential,"make:Toyota, model:Sequoia, model:Tundra, year:2007, year:2008, year:2009, year:2010, year:2011, year:2012, year:2013, year:2014, year:2015, year:2016, year:2017",MERGE
07-13-toyota-tundra-08-15-sequoia-led-crystal-headlights-black-1,"make:Toyota, model:Sequoia, model:Tundra, year:2007, year:2008, year:2009, year:2010, year:2011, year:2012, year:2013, year:2014, year:2015, year:2016, year:2017",MERGE
2014-2021-toyota-tundra-chrome-led-crystal-headlights-tytd14d,"make:Toyota, model:Tundra, year:2014, year:2015, year:2016, year:2017, year:2018, year:2019, year:2020, year:2021",MERGE
2014-2021-toyota-tundra-led-crystal-headlights-black-jdma,"make:Toyota, model:Tundra, year:2014, year:2015, year:2016, year:2017, year:2018, year:2019, year:2020, year:2021",MERGE
14-21-toyota-tundra-crystal-headlights-sequential-led-signal-black,"make:Toyota, model:Tundra, year:2014, year:2015, year:2016, year:2017, year:2018, year:2019, year:2020, year:2021",MERGE
14-21-toyota-tundra-chrome-crystal-headlights-sequential-led-tytd14ds,"make:Toyota, model:Tundra, year:2014, year:2015, year:2016, year:2017, year:2018, year:2019, year:2020, year:2021",MERGE
92-99-chevy-gmc-suburban-tahoe-yukon-halo-led-projector-headlights,"make:Chevrolet, make:Chevy, model:C1500, model:C2500, model:C3500, model:K1500, model:K2500, model:K3500, year:1988, year:1989, year:1990, year:1991, year:1992, year:1993, year:1994, year:1995, year:1996, year:1997, year:1998, year:1999, year:2000",MERGE
2018-2020-ford-f-150-full-led-projector-headlights-black-fr646,"make:Ford, model:F-150, year:2018, year:2019, year:2020",MERGE
04-08-ford-f-150-full-led-projector-headlights-black-hlplnb,"make:Ford, make:Lincoln, model:F-150, model:Mark LT, year:2004, year:2005, year:2006, year:2007, year:2008",MERGE
04-08-ford-f-150-full-led-projector-headlights-chrome-fdpu04d,"make:Ford, make:Lincoln, model:F-150, model:Mark LT, year:2004, year:2005, year:2006, year:2007, year:2008",MERGE
04-08-ford-f-150-full-led-projector-headlights-sequential-signal-black,"make:Ford, make:Lincoln, model:F-150, model:Mark LT, year:2004, year:2005, year:2006, year:2007, year:2008",MERGE
04-08-ford-f-150-full-led-projector-headlights-sequential-chrome,"make:Ford, make:Lincoln, model:F-150, model:Mark LT, year:2004, year:2005, year:2006, year:2007, year:2008",MERGE
09-14-ford-f-150-full-led-projector-headlights-w-light-bar-black,"make:Ford, model:F-150, year:2009, year:2010, year:2011, year:2012, year:2013, year:2014",MERGE
09-14-ford-f-150-full-led-projector-headlights-black-fdpu09c-00,"make:Ford, model:F-150, year:2009, year:2010, year:2011, year:2012, year:2013, year:2014",MERGE
2009-2014-ford-f-150-full-led-projector-headlights-black-amber,"make:Ford, model:F-150, year:2009, year:2010, year:2011, year:2012, year:2013, year:2014",MERGE
09-14-ford-f-150-full-led-projector-headlights-sequential-signal-black,"make:Ford, model:F-150, year:2009, year:2010, year:2011, year:2012, year:2013, year:2014",MERGE
09-14-ford-f-150-full-led-projector-headlights-sequential-chrome,"make:Ford, model:F-150, year:2009, year:2010, year:2011, year:2012, year:2013, year:2014",MERGE
2015-2017-ford-f-150-full-led-projector-headlights-black-amber,"make:Ford, model:F-150, year:2015, year:2016, year:2017",MERGE
02-05-dodge-ram-full-led-projector-headlights-w-light-bar-black,"make:Dodge, make:Ram, model:Ram 1500, model:Ram 2500, model:Ram 3500, year:2002, year:2003, year:2004, year:2005",MERGE
02-05-dodge-ram-full-led-projector-headlights-chrome-led-bar,"make:Dodge, make:Ram, model:Ram 1500, model:Ram 2500, model:Ram 3500, year:2002, year:2003, year:2004, year:2005",MERGE
02-05-dodge-ram-full-led-projector-headlights-sequential-signal-black,"make:Dodge, make:Ram, model:Ram 1500, model:Ram 2500, model:Ram 3500, year:2002, year:2003, year:2004, year:2005",MERGE
02-05-dodge-ram-full-led-projector-headlights-sequential-signal-chrome,"make:Dodge, make:Ram, model:Ram 1500, model:Ram 2500, model:Ram 3500, year:2002, year:2003, year:2004, year:2005",MERGE
06-08-dodge-ram-full-led-projector-headlights-black-dgpu06c-06,"make:Dodge, make:Ram, model:Ram 1500, model:Ram 2500, model:Ram 3500, year:2006, year:2007, year:2008, year:2009",MERGE
06-08-dodge-ram-full-led-projector-headlights-chrome-dgpu06c,"make:Dodge, make:Ram, model:Ram 1500, model:Ram 2500, model:Ram 3500, year:2006, year:2007, year:2008, year:2009",MERGE
2006-2009-dodge-ram-full-led-projector-headlights-black,"make:Dodge, make:Ram, model:Ram 1500, model:Ram 2500, model:Ram 3500, year:2006, year:2007, year:2008, year:2009",MERGE
06-08-dodge-ram-full-led-projector-headlights-sequential-signal-black,"make:Dodge, make:Ram, model:Ram 1500, model:Ram 2500, model:Ram 3500, year:2006, year:2007, year:2008, year:2009",MERGE
2009-2022-dodge-ram-full-led-projector-headlights-black-amber,"make:Dodge, make:Ram, model:1500, model:1500 Classic, model:2500, model:3500, model:Ram 1500, model:Ram 2500, model:Ram 3500, year:2009, year:2010, year:2011, year:2012, year:2013, year:2014, year:2015, year:2016, year:2017, year:2018, year:2019, year:2020, year:2021, year:2022, year:2023, year:2024",MERGE
07-14-chevy-silverado-full-led-projector-headlights-black-amber,"make:Chevrolet, make:Chevy, model:Silverado 1500, model:Silverado 2500 HD, model:Silverado 3500 HD, year:2007, year:2008, year:2009, year:2010, year:2011, year:2012, year:2013, year:2014",MERGE
2016-toyota-tacoma-full-led-projector-headlights-black-amber,"make:Toyota, model:Tacoma, year:2016, year:2017, year:2018, year:2019, year:2020, year:2021, year:2022, year:2023",MERGE
07-13-toyota-tundra-08-17-sequoia-full-led-projector-headlights-black,"make:Toyota, model:Sequoia, model:Tundra, year:2007, year:2008, year:2009, year:2010, year:2011, year:2012, year:2013, year:2014, year:2015, year:2016, year:2017",MERGE
2014-2021-toyota-tundra-full-led-projector-headlights-black-amber,"make:Toyota, model:Tundra, year:2014, year:2015, year:2016, year:2017, year:2018, year:2019, year:2020, year:2021",MERGE
88-98-chevy-gmc-c10-projector-headlights-8pc-set-led-bar-black,"make:Chevrolet, make:Chevy, model:C1500, model:C1500 Suburban, model:C2500, model:C2500 Suburban, model:C3500, model:K1500, model:K1500 Suburban, model:K2500, model:K2500 Suburban, model:K3500, model:Tahoe, year:1994, year:1995, year:1996, year:1997, year:1998, year:1999, year:2000",MERGE
88-98-chevy-gmc-c10-projector-headlights-8pc-set-chrome-led-bar,"make:Chevrolet, make:Chevy, model:C1500, model:C1500 Suburban, model:C2500, model:C2500 Suburban, model:C3500, model:K1500, model:K1500 Suburban, model:K2500, model:K2500 Suburban, model:K3500, model:Tahoe, year:1994, year:1995, year:1996, year:1997, year:1998, year:1999, year:2000",MERGE
04-08-ford-f-150-led-projector-headlights-black-w-amber-light-bar,"make:Ford, make:Lincoln, model:F-150, model:Mark LT, year:2004, year:2005, year:2006, year:2007, year:2008",MERGE
04-08-ford-f-150-led-halo-projector-headlights-black-fdpu04b1-06,"make:Ford, make:Lincoln, model:F-150, model:Mark LT, year:2004, year:2005, year:2006, year:2007, year:2008",MERGE
04-08-ford-f-150-led-halo-projector-headlights-chrome-fdpu04b1,"make:Ford, make:Lincoln, model:F-150, model:Mark LT, year:2004, year:2005, year:2006, year:2007, year:2008",MERGE
04-08-ford-f-150-projector-headlights-sequential-led-black,"make:Ford, make:Lincoln, model:F-150, model:Mark LT, year:2004, year:2005, year:2006, year:2007, year:2008",MERGE
04-08-ford-f-150-projector-headlights-sequential-led-chrome,"make:Ford, make:Lincoln, model:F-150, model:Mark LT, year:2004, year:2005, year:2006, year:2007, year:2008",MERGE
09-14-ford-f-150-led-projector-headlights-black-w-amber-light-bar,"make:Ford, model:F-150, year:2009, year:2010, year:2011, year:2012, year:2013, year:2014",MERGE
09-14-ford-f-150-black-projector-headlights-sequential-led-fdpu09ds-06,"make:Ford, model:F-150, year:2009, year:2010, year:2011, year:2012, year:2013, year:2014",MERGE
09-14-ford-f-150-chrome-led-projector-headlights-w-amber-light-bar,"make:Ford, model:F-150, year:2009, year:2010, year:2011, year:2012, year:2013, year:2014",MERGE
09-14-ford-f-150-chrome-projector-headlights-sequential-led-signal,"make:Ford, model:F-150, year:2009, year:2010, year:2011, year:2012, year:2013, year:2014",MERGE
02-05-dodge-ram-projector-headlights-w-led-light-bar-black,"make:Dodge, make:Ram, model:Ram 1500, model:Ram 2500, model:Ram 3500, year:2002, year:2003, year:2004, year:2005",MERGE
02-05-dodge-ram-chrome-projector-headlights-w-led-light-bar,"make:Dodge, make:Ram, model:Ram 1500, model:Ram 2500, model:Ram 3500, year:2002, year:2003, year:2004, year:2005",MERGE
02-05-dodge-ram-projector-headlights-sequential-led-turn-signal-black,"make:Dodge, make:Ram, model:Ram 1500, model:Ram 2500, model:Ram 3500, year:2002, year:2003, year:2004, year:2005",MERGE
02-05-dodge-ram-projector-headlights-sequential-led-turn-signal-chrome,"make:Dodge, make:Ram, model:Ram 1500, model:Ram 2500, model:Ram 3500, year:2002, year:2003, year:2004, year:2005",MERGE
06-08-dodge-ram-black-projector-headlights-w-led-light-bar-amber,"make:Dodge, make:Ram, model:Ram 1500, model:Ram 2500, model:Ram 3500, year:2006, year:2007, year:2008, year:2009",MERGE
06-08-dodge-ram-chrome-projector-headlights-w-led-light-bar,"make:Dodge, make:Ram, model:Ram 1500, model:Ram 2500, model:Ram 3500, year:2006, year:2007, year:2008, year:2009",MERGE
06-08-dodge-ram-sequential-led-projector-headlights-black,"make:Dodge, make:Ram, model:Ram 1500, model:Ram 2500, model:Ram 3500, year:2006, year:2007, year:2008, year:2009",MERGE
06-08-dodge-ram-sequential-led-projector-headlights-chrome-dgpu06ds,"make:Dodge, make:Ram, model:Ram 1500, model:Ram 2500, model:Ram 3500, year:2006, year:2007, year:2008, year:2009",MERGE
09-18-dodge-ram-projector-headlights-led-light-bar-black-dgpu09d,"make:Dodge, make:Ram, model:1500, model:1500 Classic, model:2500, model:3500, model:Ram 1500, model:Ram 2500, model:Ram 3500, year:2009, year:2010, year:2011, year:2012, year:2013, year:2014, year:2015, year:2016, year:2017, year:2018, year:2019, year:2020, year:2021, year:2022, year:2023, year:2024",MERGE
09-18-dodge-ram-projector-headlights-sequential-led-turn-signal-black,"make:Dodge, make:Ram, model:1500, model:1500 Classic, model:2500, model:3500, model:Ram 1500, model:Ram 2500, model:Ram 3500, year:2009, year:2010, year:2011, year:2012, year:2013, year:2014, year:2015, year:2016, year:2017, year:2018, year:2019, year:2020, year:2021, year:2022, year:2023, year:2024",MERGE
09-18-dodge-ram-sequential-led-projector-headlights-chrome,"make:Dodge, make:Ram, model:1500, model:1500 Classic, model:2500, model:3500, model:Ram 1500, model:Ram 2500, model:Ram 3500, year:2009, year:2010, year:2011, year:2012, year:2013, year:2014, year:2015, year:2016, year:2017, year:2018, year:2019, year:2020, year:2021, year:2022, year:2023, year:2024",MERGE
03-06-chevy-silverado-avalanche-projector-headlights-led-bar-black-4pc,"make:Chevrolet, make:Chevy, model:Avalanche 1500, model:Avalanche 2500, model:Silverado 1500, model:Silverado 1500 Classic, model:Silverado 1500 HD, model:Silverado 1500 HD Classic, model:Silverado 2500, model:Silverado 2500 HD, model:Silverado 2500 HD Classic, model:Silverado 3500, model:Silverado 3500 Classic, year:2002, year:2003, year:2004, year:2005, year:2006, year:2007",MERGE
03-06-chevy-silverado-avalanche-projector-headlights-chrome-4pc-led,"make:Chevrolet, make:Chevy, model:Avalanche 1500, model:Avalanche 2500, model:Silverado 1500, model:Silverado 1500 Classic, model:Silverado 1500 HD, model:Silverado 1500 HD Classic, model:Silverado 2500, model:Silverado 2500 HD, model:Silverado 2500 HD Classic, model:Silverado 3500, model:Silverado 3500 Classic, year:2002, year:2003, year:2004, year:2005, year:2006, year:2007",MERGE
03-06-chevy-silverado-avalanche-projector-headlights-chrome-4pc-set,"make:Chevrolet, make:Chevy, model:Avalanche 1500, model:Avalanche 2500, model:Silverado 1500, model:Silverado 1500 Classic, model:Silverado 1500 HD, model:Silverado 1500 HD Classic, model:Silverado 2500, model:Silverado 2500 HD, model:Silverado 2500 HD Classic, model:Silverado 3500, model:Silverado 3500 Classic, year:2002, year:2003, year:2004, year:2005, year:2006, year:2007",MERGE
05-11-toyota-tacoma-projector-headlights-sequential-led-black,"make:Toyota, model:Tacoma, year:2005, year:2006, year:2007, year:2008, year:2009, year:2010, year:2011",MERGE
05-11-toyota-tacoma-projector-headlights-sequential-led-chrome,"make:Toyota, model:Tacoma, year:2005, year:2006, year:2007, year:2008, year:2009, year:2010, year:2011",MERGE
07-13-toyota-tundra-08-15-sequoia-projector-headlights-black-led-halo,"make:Toyota, model:Sequoia, model:Tundra, year:2007, year:2008, year:2009, year:2010, year:2011, year:2012, year:2013, year:2014, year:2015, year:2016, year:2017",MERGE
2012-2015-toyota-tacoma-projector-headlights-sequential-led-black,"make:Toyota, model:Tacoma, year:2012, year:2013, year:2014, year:2015",MERGE
07-13-toyota-tundra-08-15-sequoia-projector-headlights-chrome-led,"make:Toyota, model:Sequoia, model:Tundra, year:2007, year:2008, year:2009, year:2010, year:2011, year:2012, year:2013, year:2014, year:2015, year:2016, year:2017",MERGE
14-21-toyota-tundra-projector-headlights-led-halo-light-bar-black,"make:Toyota, model:Tundra, year:2014, year:2015, year:2016, year:2017, year:2018, year:2019, year:2020, year:2021",MERGE
2014-2021-toyota-tundra-led-halo-projector-headlights-chrome,"make:Toyota, model:Tundra, year:2014, year:2015, year:2016, year:2017, year:2018, year:2019, year:2020, year:2021",MERGE
2014-2021-toyota-tundra-chrome-projector-headlights-sequential-led,"make:Toyota, model:Tundra, year:2014, year:2015, year:2016, year:2017, year:2018, year:2019, year:2020, year:2021",MERGE
2014-2021-toyota-tundra-projector-headlights-sequential-led-black,"make:Toyota, model:Tundra, year:2014, year:2015, year:2016, year:2017, year:2018, year:2019, year:2020, year:2021",MERGE
2014-2021-toyota-tundra-projector-headlights-sequential-led-chrome,"make:Toyota, model:Tundra, year:2014, year:2015, year:2016, year:2017, year:2018, year:2019, year:2020, year:2021",MERGE
2015-2025-chevy-colorado-82-modular-steel-running-boards-black,"make:Chevrolet, make:Chevy, make:GMC, model:Canyon, model:Colorado, year:2015, year:2016, year:2017, year:2018, year:2019, year:2020, year:2021, year:2022",MERGE
2015-2023-ford-f-150-super-duty-86-aluminum-running-boards-matte-black,"make:Ford, model:F-150, model:F-250 Super Duty, model:F-350 Super Duty, model:F-450 Super Duty, model:F-550 Super Duty, year:2015, year:2016, year:2017, year:2018, year:2019, year:2020, year:2021, year:2022, year:2023",MERGE
2015-2023-ford-f-150-super-duty-86-oe-style-running-boards-matte-black,"make:Ford, model:F-150, model:F-250 Super Duty, model:F-350 Super Duty, model:F-450 Super Duty, model:F-550 Super Duty, year:2015, year:2016, year:2017, year:2018, year:2019, year:2020, year:2021, year:2022, year:2023",MERGE
2015-2023-ford-f-150-super-duty-86-oe-style-running-boards-silver,"make:Ford, model:F-150, model:F-250 Super Duty, model:F-350 Super Duty, model:F-450 Super Duty, model:F-550 Super Duty, year:2015, year:2016, year:2017, year:2018, year:2019, year:2020, year:2021, year:2022, year:2023",MERGE
2009-2022-ram-1500-5-aluminum-running-boards-matte-black-rbjz,"make:Dodge, make:Ram, model:1500, model:1500 Classic, model:Ram 1500, year:2009, year:2010, year:2011, year:2012, year:2013, year:2014, year:2015, year:2016, year:2017, year:2018, year:2019, year:2020, year:2021, year:2022, year:2023, year:2024",MERGE
2009-2022-ram-1500-76-oe-style-running-boards-matte-black,"make:Dodge, make:Ram, model:1500, model:1500 Classic, model:Ram 1500, year:2009, year:2010, year:2011, year:2012, year:2013, year:2014, year:2015, year:2016, year:2017, year:2018, year:2019, year:2020, year:2021, year:2022, year:2023, year:2024",MERGE
2009-2022-ram-1500-6-oe-style-aluminum-running-boards-polish,"make:Dodge, make:Ram, model:1500, model:1500 Classic, model:Ram 1500, year:2009, year:2010, year:2011, year:2012, year:2013, year:2014, year:2015, year:2016, year:2017, year:2018, year:2019, year:2020, year:2021, year:2022, year:2023, year:2024",MERGE
09-22-dodge-ram-1500-5500-crew-cab-86-aluminum-running-boards,"make:Dodge, make:Ram, model:1500, model:1500 Classic, model:2500, model:3500, model:4000, model:4500, model:5500, model:Ram 1500, model:Ram 2500, model:Ram 3500, model:Ram 4500, model:Ram 5500, year:2010, year:2011, year:2013, year:2014, year:2017, year:2018, year:2019, year:2021",MERGE
09-22-dodge-ram-1500-5500-crew-cab-oe-style-running-boards,"make:Dodge, make:Ram, model:1500, model:1500 Classic, model:2500, model:3500, model:4000, model:4500, model:5500, model:Ram 1500, model:Ram 2500, model:Ram 3500, model:Ram 4500, model:Ram 5500, year:2010, year:2011, year:2013, year:2014, year:2017, year:2018, year:2019, year:2021",MERGE
09-22-dodge-ram-1500-5500-crew-cab-oe-style-running-boards-silver,"make:Dodge, make:Ram, model:1500, model:1500 Classic, model:2500, model:3500, model:4000, model:4500, model:5500, model:Ram 1500, model:Ram 2500, model:Ram 3500, model:Ram 4500, model:Ram 5500, year:2010, year:2011, year:2013, year:2014, year:2017, year:2018, year:2019, year:2021",MERGE
2019-2024-ram-1500-76-oe-style-aluminum-running-boards-matte-black,"make:Dodge, make:Ram, model:1500, year:2019, year:2020, year:2021, year:2022, year:2023, year:2024, year:2025, year:2026",MERGE
2019-2024-ram-1500-quad-cab-76-modular-steel-running-boards,"make:Dodge, make:Ram, model:1500, year:2019, year:2020, year:2021, year:2022, year:2023, year:2024, year:2025, year:2026",MERGE
2019-2024-ram-1500-86-oe-style-aluminum-running-boards-matte-black,"make:Dodge, make:Ram, model:1500, year:2019, year:2020, year:2021, year:2022, year:2023, year:2024, year:2025, year:2026",MERGE
2019-2024-ram-1500-modular-steel-running-boards-texture-black,"make:Dodge, make:Ram, model:1500, year:2019, year:2020, year:2021, year:2022, year:2023, year:2024, year:2025, year:2026",MERGE
2019-2024-ford-ranger-crew-cab-82-modular-steel-running-boards,"make:Ford, model:Ranger, year:2019, year:2020, year:2021, year:2022, year:2023",MERGE
2019-2024-chevy-silverado-gmc-sierra-76-oe-running-boards-matte-black,"make:Chevrolet, make:Chevy, make:GMC, model:Sierra 1500, model:Sierra 1500 Limited, model:Sierra 2500 HD, model:Sierra 3500 HD, model:Silverado 1500, model:Silverado 1500 LTD, model:Silverado 2500 HD, model:Silverado 3500 HD, year:2019, year:2020, year:2021, year:2022, year:2023, year:2024",MERGE
2019-2024-chevy-silverado-gmc-sierra-76-modular-steel-running-boards,"make:Chevrolet, make:Chevy, make:GMC, model:Sierra 1500, model:Sierra 1500 Limited, model:Sierra 2500 HD, model:Sierra 3500 HD, model:Silverado 1500, model:Silverado 1500 LTD, model:Silverado 2500 HD, model:Silverado 3500 HD, year:2019, year:2020, year:2021, year:2022, year:2023, year:2024",MERGE
2019-2024-silverado-sierra-86-oe-style-running-boards-matte-black,"make:Chevrolet, make:Chevy, make:GMC, model:Sierra 1500, model:Sierra 1500 Limited, model:Sierra 2500 HD, model:Sierra 3500 HD, model:Silverado 1500, model:Silverado 1500 LTD, model:Silverado 2500 HD, model:Silverado 3500 HD, year:2019, year:2020, year:2021, year:2022, year:2023, year:2024",MERGE
2019-2024-chevy-silverado-gmc-sierra-86-modular-running-boards,"make:Chevrolet, make:Chevy, make:GMC, model:Sierra 1500, model:Sierra 1500 Limited, model:Sierra 2500 HD, model:Sierra 3500 HD, model:Silverado 1500, model:Silverado 1500 LTD, model:Silverado 2500 HD, model:Silverado 3500 HD, year:2019, year:2020, year:2021, year:2022, year:2023, year:2024",MERGE
2005-2022-toyota-tacoma-5-aluminum-running-boards-matte-black,"make:Toyota, model:Tacoma, year:2005, year:2006, year:2007, year:2008, year:2009, year:2010, year:2011, year:2012, year:2013, year:2014, year:2015, year:2016, year:2017, year:2018, year:2019, year:2020, year:2021, year:2022",MERGE
2005-2022-toyota-tacoma-access-cab-oe-style-running-boards-matte-black,"make:Toyota, model:Tacoma, year:2005, year:2006, year:2007, year:2008, year:2009, year:2010, year:2011, year:2012, year:2013, year:2014, year:2015, year:2016, year:2017, year:2018, year:2019, year:2020, year:2021, year:2022",MERGE
2005-2022-toyota-tacoma-6-oe-style-running-boards-polished,"make:Toyota, model:Tacoma, year:2005, year:2006, year:2007, year:2008, year:2009, year:2010, year:2011, year:2012, year:2013, year:2014, year:2015, year:2016, year:2017, year:2018, year:2019, year:2020, year:2021, year:2022",MERGE
2005-2022-toyota-tacoma-86-aluminum-running-boards-matte-black,"make:Toyota, model:Tacoma, year:2005, year:2006, year:2007, year:2008, year:2009, year:2010, year:2011, year:2012, year:2013, year:2014, year:2015, year:2016, year:2017, year:2018, year:2019, year:2020, year:2021, year:2022",MERGE
2005-2022-toyota-tacoma-oe-style-running-boards-matte-black,"make:Toyota, model:Tacoma, year:2005, year:2006, year:2007, year:2008, year:2009, year:2010, year:2011, year:2012, year:2013, year:2014, year:2015, year:2016, year:2017, year:2018, year:2019, year:2020, year:2021, year:2022",MERGE
2005-2022-toyota-tacoma-oe-style-aluminum-running-boards-silver,"make:Toyota, model:Tacoma, year:2005, year:2006, year:2007, year:2008, year:2009, year:2010, year:2011, year:2012, year:2013, year:2014, year:2015, year:2016, year:2017, year:2018, year:2019, year:2020, year:2021, year:2022",MERGE
2005-2021-nissan-frontier-crew-cab-viewpoint-running-boards-chrome,"make:Nissan, make:Suzuki, model:Equator, model:Frontier, year:2005, year:2006, year:2007, year:2008, year:2009, year:2010, year:2011, year:2012, year:2013, year:2014, year:2015, year:2016, year:2017, year:2018, year:2019, year:2020, year:2021",MERGE
2015-2022-chevy-colorado-crew-cab-low-profile-roof-basket-steel,"make:Chevrolet, make:Chevy, make:GMC, model:Canyon, model:Colorado, year:2015, year:2016, year:2017, year:2018, year:2019, year:2020, year:2021, year:2022",MERGE
2022-2025-ford-f-150-lightning-ev-low-profile-roof-basket-system,"make:Ford, model:F-150 Lightning, year:2022, year:2023, year:2024, year:2025, year:2026",MERGE
2024-ford-ranger-supercrew-cab-low-profile-roof-basket-system,"make:Ford, model:Ranger, year:2024, year:2025, year:2026",MERGE
2015-2019-silverado-sierra-2500-3500-hd-crew-cab-roof-basket,"make:Chevrolet, make:Chevy, make:GMC, model:Sierra 2500 HD, model:Sierra 3500 HD, model:Silverado 2500 HD, model:Silverado 3500 HD, year:2015, year:2016, year:2017, year:2018, year:2019",MERGE
2016-2023-toyota-tacoma-crew-cab-low-profile-roof-basket-steel,"make:Toyota, model:Tacoma, year:2016, year:2017, year:2018, year:2019, year:2020, year:2021, year:2022, year:2023",MERGE
2014-2021-toyota-tundra-crew-cab-low-profile-roof-basket-system,"make:Toyota, model:Tundra, year:2014, year:2015, year:2016, year:2017, year:2018, year:2019, year:2020, year:2021",MERGE
2007-2015-ford-edge-lincoln-mkx-4-side-step-bars-black,"make:Ford, make:Lincoln, model:Edge, model:MKX, year:2007, year:2008, year:2009, year:2010, year:2011, year:2012, year:2013, year:2014, year:2015",MERGE
2004-2008-ford-f-150-super-cab-4-oval-side-step-bars-matte-black,"make:Ford, model:F-150, year:2004, year:2005, year:2006, year:2007, year:2008",MERGE
04-08-ford-f-150-super-cab-5-oval-side-step-bars-black,"make:Ford, model:F-150, year:2004, year:2005, year:2006, year:2007, year:2008",MERGE
2009-2014-ford-f-150-supercrew-4-step-bars-black-sbfd5003-4s,"make:Ford, model:F-150, year:2009, year:2010, year:2011, year:2012, year:2013, year:2014",MERGE
2009-2014-ford-f-150-supercrew-4-step-bars-matte-black,"make:Ford, model:F-150, year:2009, year:2010, year:2011, year:2012, year:2013, year:2014",MERGE
2017-2022-ford-super-duty-crew-cab-4-side-step-bars-matte-black,"make:Ford, model:F-150, model:F-250 Super Duty, model:F-350 Super Duty, model:F-450 Super Duty, model:F-550 Super Duty, year:2015, year:2016, year:2017, year:2018, year:2019, year:2020, year:2021, year:2022, year:2023",MERGE
2017-2022-ford-super-duty-crew-cab-5-steel-side-step-bars-black,"make:Ford, model:F-150, model:F-250 Super Duty, model:F-350 Super Duty, model:F-450 Super Duty, model:F-550 Super Duty, year:2015, year:2016, year:2017, year:2018, year:2019, year:2020, year:2021, year:2022, year:2023",MERGE
2004-2024-nissan-titan-crew-cab-4-oval-side-step-bars-matte-black,"make:Nissan, model:TITAN, model:TITAN XD, year:2004, year:2005, year:2006, year:2007, year:2008, year:2009, year:2010, year:2011, year:2012, year:2013, year:2014, year:2015, year:2016, year:2017, year:2018, year:2019, year:2020, year:2021, year:2022, year:2023, year:2024",MERGE
2015-2018-chevy-colorado-gmc-canyon-crew-cab-modular-step-bars,"make:Chevrolet, make:Chevy, make:GMC, model:Canyon, model:Colorado, year:2015, year:2016, year:2017, year:2018, year:2019, year:2020, year:2021, year:2022",MERGE
2015-2018-ford-f-150-f-250-super-crew-modular-step-bars-matte-black,"make:Ford, model:F-150, model:F-250 Super Duty, model:F-350 Super Duty, model:F-450 Super Duty, model:F-550 Super Duty, year:2015, year:2016, year:2017, year:2018, year:2019, year:2020, year:2021, year:2022, year:2023",MERGE
09-18-dodge-ram-1500-2500-3500-crew-cab-modular-step-bars-matte-black,"make:Dodge, make:Ram, model:1500, model:1500 Classic, model:2500, model:3500, model:4000, model:4500, model:5500, model:Ram 1500, model:Ram 2500, model:Ram 3500, model:Ram 4500, model:Ram 5500, year:2010, year:2011, year:2013, year:2014, year:2017, year:2018, year:2019, year:2021",MERGE
09-18-dodge-ram-1500-2500-3500-quad-cab-modular-side-step-bars,"make:Dodge, make:Ram, model:1500, model:1500 Classic, model:Ram 1500, year:2009, year:2010, year:2011, year:2012, year:2013, year:2014, year:2015, year:2016, year:2017, year:2018, year:2019, year:2020, year:2021, year:2022, year:2023, year:2024",MERGE
dodge-ram-quad-cab-modular-drop-step-bars-w-led-lights-matte-black,"make:Dodge, make:Ram, model:1500, model:1500 Classic, model:Ram 1500, year:2009, year:2010, year:2011, year:2012, year:2013, year:2014, year:2015, year:2016, year:2017, year:2018, year:2019, year:2020, year:2021, year:2022, year:2023, year:2024",MERGE
2010-2018-ram-2500-3500-mega-cab-modular-drop-step-bars-matte-black,"make:Dodge, make:Ram, model:2500, model:3500, model:Ram 2500, model:Ram 3500, year:2010, year:2011, year:2012, year:2013, year:2014, year:2015, year:2016, year:2017, year:2018",MERGE
07-18-chevy-silverado-gmc-sierra-crew-cab-modular-step-bars-matte-black,"make:Chevrolet, make:Chevy, make:GMC, model:Sierra 1500, model:Sierra 2500 HD, model:Sierra 3500 HD, model:Silverado 1500, model:Silverado 2500, model:Silverado 2500 HD, model:Silverado 3500 HD, year:2007, year:2008, year:2009, year:2010, year:2011, year:2012, year:2013, year:2014, year:2015, year:2016, year:2017, year:2018",MERGE
07-18-chevy-silverado-gmc-sierra-ext-cab-modular-step-bars-matte-black,"make:Chevrolet, make:Chevy, make:GMC, model:Sierra 1500, model:Sierra 1500 Classic, model:Sierra 1500 Limited, model:Sierra 2500 HD, model:Sierra 2500 HD Classic, model:Sierra 3500 Classic, model:Sierra 3500 HD, model:Silverado 1500, model:Silverado 1500 Classic, model:Silverado 1500 LD, model:Silverado 2500, model:Silverado 2500 HD, model:Silverado 2500 HD Classic, model:Silverado 3500 Classic, model:Silverado 3500 HD, year:2007, year:2010, year:2013, year:2014, year:2019",MERGE
2019-2025-chevy-silverado-gmc-sierra-1500-dc-led-step-bars,"make:Chevrolet, make:Chevy, make:GMC, model:Sierra 1500, model:Sierra 1500 Limited, model:Silverado 1500, model:Silverado 1500 LTD, year:2019, year:2020, year:2021, year:2022, year:2023",MERGE
2005-2018-toyota-tacoma-double-cab-modular-step-bars-matte-black,"make:Toyota, model:Tacoma, year:2005, year:2006, year:2007, year:2008, year:2009, year:2010, year:2011, year:2012, year:2013, year:2014, year:2015, year:2016, year:2017, year:2018, year:2019, year:2020, year:2021, year:2022, year:2023",MERGE
2007-2018-toyota-tundra-crewmax-modular-step-bars-matte-black,"make:Toyota, model:Tundra, year:2007, year:2008, year:2009, year:2010, year:2011, year:2012, year:2013, year:2014, year:2015, year:2016, year:2017, year:2018, year:2019, year:2020, year:2021",MERGE
2007-2018-toyota-tundra-double-cab-modular-side-step-bars-matte-black,"make:Toyota, model:Tundra, year:2007, year:2008, year:2009, year:2010, year:2011, year:2012, year:2013, year:2014, year:2015, year:2016, year:2017, year:2018, year:2019, year:2020, year:2021",MERGE
2007-2018-jeep-wrangler-jk-4-door-modular-side-step-bars-matte-black,"make:Jeep, model:Wrangler, model:Wrangler JK, year:2007, year:2008, year:2009, year:2010, year:2011, year:2012, year:2013, year:2014, year:2015, year:2016, year:2017, year:2018",MERGE
2019-ram-1500-crew-cab-rock-sliders-side-step-bars-texture-black,"make:Dodge, make:Ram, model:1500, year:2019, year:2020, year:2021, year:2022, year:2023, year:2024, year:2025, year:2026",MERGE
2019-chevy-silverado-gmc-sierra-crew-cab-rock-sliders-texture-black,"make:Chevrolet, make:Chevy, make:GMC, model:Sierra 1500, model:Sierra 1500 Limited, model:Silverado 1500, model:Silverado 1500 LTD, year:2022",MERGE
2022-toyota-tundra-double-cab-rock-sliders-side-steps-texture-black,"make:Toyota, model:Tundra, year:2022, year:2023",MERGE
97-00-chevy-gmc-c-k-truck-6-5ft-bed-rubber-mat-lightweight-v2,"make:Chevrolet, make:Chevy, make:GMC, model:C1500, model:C2500, model:C3500, model:K1500, model:K2500, model:K3500, year:1988, year:1989, year:1990, year:1991, year:1992",MERGE
2004-2012-chevy-colorado-gmc-canyon-5-bed-rubber-truck-bed-mat-grey,"make:Chevrolet, make:Chevy, make:GMC, model:Canyon, model:Colorado, year:2004, year:2005, year:2006, year:2007, year:2008, year:2009, year:2010, year:2011, year:2012",MERGE
2004-2012-chevy-colorado-gmc-canyon-5ft-bed-rubber-mat-v2,"make:Chevrolet, make:Chevy, make:GMC, model:Canyon, model:Colorado, year:2004, year:2005, year:2006, year:2007, year:2008, year:2009, year:2010, year:2011, year:2012",MERGE
2004-2012-chevy-colorado-gmc-canyon-6-bed-rubber-mat-grey,"make:Chevrolet, make:Chevy, make:GMC, model:Canyon, model:Colorado, year:2004, year:2005, year:2006, year:2007, year:2008, year:2009, year:2010, year:2011, year:2012",MERGE
04-12-chevy-colorado-gmc-canyon-6ft-bed-rubber-mat-aa016-v2,"make:Chevrolet, make:Chevy, make:GMC, model:Canyon, model:Colorado, year:2004, year:2005, year:2006, year:2007, year:2008, year:2009, year:2010, year:2011, year:2012",MERGE
2015-2022-chevy-colorado-gmc-canyon-5-bed-rubber-mat-grey,"make:Chevrolet, make:Chevy, make:GMC, model:Canyon, model:Colorado, year:2015, year:2016, year:2017, year:2018, year:2019, year:2020, year:2021, year:2022",MERGE
2015-2022-chevy-colorado-gmc-canyon-5ft-bed-rubber-mat-v2,"make:Chevrolet, make:Chevy, make:GMC, model:Canyon, model:Colorado, year:2015, year:2016, year:2017, year:2018, year:2019, year:2020, year:2021, year:2022",MERGE
2015-2022-chevy-colorado-gmc-canyon-6-bed-pvc-truck-bed-mat,"make:Chevrolet, make:Chevy, make:GMC, model:Canyon, model:Colorado, year:2015, year:2016, year:2017, year:2018, year:2019, year:2020, year:2021, year:2022",MERGE
2015-2022-chevy-colorado-gmc-canyon-6ft-bed-rubber-mat-aa037-v2,"make:Chevrolet, make:Chevy, make:GMC, model:Canyon, model:Colorado, year:2015, year:2016, year:2017, year:2018, year:2019, year:2020, year:2021, year:2022",MERGE
2000-2011-dodge-ram-dakota-5-5-rubber-truck-bed-mat-grey,"make:Dodge, make:Ram, model:Dakota, year:2000, year:2001, year:2002, year:2003, year:2004, year:2005, year:2006, year:2007, year:2008, year:2009, year:2010, year:2011",MERGE
2000-2011-dodge-ram-dakota-5-5-ft-rubber-bed-mat-aa006-v2,"make:Dodge, make:Ram, model:Dakota, year:2000, year:2001, year:2002, year:2003, year:2004, year:2005, year:2006, year:2007, year:2008, year:2009, year:2010, year:2011",MERGE
rubber-truck-bed-mat-for-dakota-raider-6-5-bed-grey,"make:Dodge, make:Mitsubishi, make:Ram, model:Dakota, model:Raider, year:1987, year:1988, year:1989, year:1990, year:1991, year:1992, year:1993, year:1994, year:1995, year:1996, year:1997, year:1998, year:1999, year:2000, year:2001, year:2002, year:2003, year:2004, year:2005, year:2006, year:2007, year:2008, year:2009, year:2010, year:2011",MERGE
1987-2011-dodge-dakota-rubber-truck-bed-mat-6-5-ft-aa023-v2,"make:Dodge, make:Mitsubishi, make:Ram, model:Dakota, model:Raider, year:1987, year:1988, year:1989, year:1990, year:1991, year:1992, year:1993, year:1994, year:1995, year:1996, year:1997, year:1998, year:1999, year:2000, year:2001, year:2002, year:2003, year:2004, year:2005, year:2006, year:2007, year:2008, year:2009, year:2010, year:2011",MERGE
2001-2003-ford-f-150-styleside-5-5-bed-pvc-truck-bed-mat-black,"make:Ford, model:F-150, year:2001, year:2002, year:2003",MERGE
2001-2003-ford-f-150-5-5ft-bed-rubber-mat-lightweight-v2-aa039,"make:Ford, model:F-150, year:2001, year:2002, year:2003",MERGE
2006-2008-lincoln-mark-lt-5-5-bed-rubber-truck-bed-mat-grey,"make:Ford, make:Lincoln, model:F-150, model:Mark LT, year:2004, year:2005, year:2006, year:2007, year:2008, year:2009, year:2010, year:2011, year:2012, year:2013, year:2014",MERGE
2004-2014-ford-f-150-lincoln-mark-lt-5-5ft-bed-rubber-mat,"make:Ford, make:Lincoln, model:F-150, model:Mark LT, year:2004, year:2005, year:2006, year:2007, year:2008, year:2009, year:2010, year:2011, year:2012, year:2013, year:2014",MERGE
2006-2008-lincoln-mark-lt-6-5-bed-rubber-truck-bed-mat-grey,"make:Ford, make:Lincoln, model:F-150, model:Mark LT, year:2004, year:2005, year:2006, year:2007, year:2008, year:2009, year:2010, year:2011, year:2012, year:2013, year:2014",MERGE
2004-2014-ford-f-150-lincoln-mark-lt-6-5ft-rubber-bed-mat,"make:Ford, make:Lincoln, model:F-150, model:Mark LT, year:2004, year:2005, year:2006, year:2007, year:2008, year:2009, year:2010, year:2011, year:2012, year:2013, year:2014",MERGE
2004-2014-ford-f-150-long-bed-8-pvc-bed-mat-black,"make:Ford, model:F-150, year:2004, year:2005, year:2006, year:2007, year:2008, year:2009, year:2010, year:2011, year:2012, year:2013, year:2014",MERGE
2004-2014-ford-f-150-8ft-bed-rubber-mat-lightweight-v2-aa033,"make:Ford, model:F-150, year:2004, year:2005, year:2006, year:2007, year:2008, year:2009, year:2010, year:2011, year:2012, year:2013, year:2014",MERGE
2015-2024-ford-f-150-5-5-bed-rubber-truck-bed-mat-grey,"make:Ford, model:F-150, model:F-150 Lightning, year:2015, year:2016, year:2017, year:2018, year:2019, year:2020, year:2021, year:2022, year:2023, year:2024, year:2025, year:2026",MERGE
2015-2024-ford-f-150-5-5ft-bed-rubber-mat-lightweight-v2,"make:Ford, model:F-150, model:F-150 Lightning, year:2015, year:2016, year:2017, year:2018, year:2019, year:2020, year:2021, year:2022, year:2023, year:2024, year:2025, year:2026",MERGE
2015-2024-ford-f-150-6-5-bed-rubber-truck-bed-mat-grey,"make:Ford, model:F-150, year:2015, year:2016, year:2017, year:2018, year:2019, year:2020, year:2021, year:2022, year:2023, year:2024, year:2025, year:2026",MERGE
2015-2024-ford-f-150-6-5-ft-bed-rubber-mat-lightweight-v2,"make:Ford, model:F-150, year:2015, year:2016, year:2017, year:2018, year:2019, year:2020, year:2021, year:2022, year:2023, year:2024, year:2025, year:2026",MERGE
2015-ford-f-150-8ft-bed-rubber-truck-bed-mat-diamond-plate,"make:Ford, model:F-150, year:2015, year:2016, year:2017, year:2018, year:2019, year:2020, year:2021, year:2022, year:2023, year:2024, year:2025, year:2026",MERGE
2015-2026-ford-f-150-8ft-bed-rubber-truck-bed-mat-tlaps-v2,"make:Ford, model:F-150, year:2015, year:2016, year:2017, year:2018, year:2019, year:2020, year:2021, year:2022, year:2023, year:2024, year:2025, year:2026",MERGE
1997-2004-ford-f-150-f-250-6-5-bed-pvc-truck-bed-mat-black,"make:Ford, model:F-150, model:F-150 Heritage, model:F-250, year:1997, year:1998, year:1999, year:2000, year:2001, year:2002, year:2003, year:2004",MERGE
1997-2004-ford-f-150-f-250-6-5-ft-bed-rubber-truck-bed-mat-v2,"make:Ford, model:F-150, model:F-150 Heritage, model:F-250, year:1997, year:1998, year:1999, year:2000, year:2001, year:2002, year:2003, year:2004",MERGE
1997-2004-ford-f-150-flareside-6-5-pvc-truck-bed-mat-black,"make:Ford, model:F-150, model:F-150 Heritage, model:F-250, year:1997, year:1998, year:1999, year:2000, year:2001, year:2002, year:2003, year:2004",MERGE
1997-2004-ford-f-150-flareside-6-5-ft-rubber-bed-mat-aa038-v2,"make:Ford, model:F-150, model:F-150 Heritage, model:F-250, year:1997, year:1998, year:1999, year:2000, year:2001, year:2002, year:2003, year:2004",MERGE
2022-ford-f-150-lightning-ev-rubber-bed-mat-2pc-w-frunk-mat,"make:Ford, model:F-150 Lightning, year:2022, year:2023, year:2024, year:2025, year:2026",MERGE
2022-2026-ford-f-150-lightning-ev-2pc-rubber-bed-mat-w-frunk-mat,"make:Ford, model:F-150 Lightning, year:2022, year:2023, year:2024, year:2025, year:2026",MERGE
2017-ford-f250-f350-f450-6-8ft-bed-rubber-truck-bed-mat,"make:Ford, model:F-250 Super Duty, model:F-350 Super Duty, model:F-450 Super Duty, year:2017, year:2018, year:2019, year:2020, year:2021, year:2022, year:2023, year:2024, year:2025, year:2026",MERGE
2017-ford-f250-f350-f450-6-8-bed-rubber-truck-bed-mat-v2,"make:Ford, model:F-250 Super Duty, model:F-350 Super Duty, model:F-450 Super Duty, year:2017, year:2018, year:2019, year:2020, year:2021, year:2022, year:2023, year:2024, year:2025, year:2026",MERGE
2017-2026-ford-f250-f350-f450-8ft-bed-rubber-mat-lightweight-v2,"make:Ford, model:F-250 Super Duty, model:F-350 Super Duty, model:F-450 Super Duty, year:2017, year:2018, year:2019, year:2020, year:2021, year:2022, year:2023, year:2024, year:2025, year:2026",MERGE
1999-2016-ford-super-duty-f-250-f-350-f-450-6-5-pvc-bed-mat,"make:Ford, model:F-250 Super Duty, model:F-350 Super Duty, model:F-450 Super Duty, year:1999, year:2000, year:2001, year:2002, year:2003, year:2004, year:2005, year:2006, year:2007, year:2008, year:2009, year:2010, year:2011, year:2012, year:2013, year:2014, year:2015, year:2016",MERGE
1999-2016-ford-super-duty-6-5-ft-rubber-bed-mat-lightweight-v2,"make:Ford, model:F-250 Super Duty, model:F-350 Super Duty, model:F-450 Super Duty, year:1999, year:2000, year:2001, year:2002, year:2003, year:2004, year:2005, year:2006, year:2007, year:2008, year:2009, year:2010, year:2011, year:2012, year:2013, year:2014, year:2015, year:2016",MERGE
1999-2016-ford-super-duty-8-ft-rubber-truck-bed-mat-aa032-v2,"make:Ford, model:F-250 Super Duty, model:F-350 Super Duty, model:F-450 Super Duty, year:1999, year:2000, year:2001, year:2002, year:2003, year:2004, year:2005, year:2006, year:2007, year:2008, year:2009, year:2010, year:2011, year:2012, year:2013, year:2014, year:2015, year:2016",MERGE
2005-2021-nissan-frontier-rubber-truck-bed-mat-grey-5ft-bed,"make:Nissan, make:Suzuki, model:Equator, model:Frontier, year:2005, year:2006, year:2007, year:2008, year:2009, year:2010, year:2011, year:2012, year:2013, year:2014, year:2015, year:2016, year:2017, year:2018, year:2019, year:2020, year:2021",MERGE
2005-2021-nissan-frontier-5ft-bed-rubber-mat-lightweight-v2,"make:Nissan, make:Suzuki, model:Equator, model:Frontier, year:2005, year:2006, year:2007, year:2008, year:2009, year:2010, year:2011, year:2012, year:2013, year:2014, year:2015, year:2016, year:2017, year:2018, year:2019, year:2020, year:2021",MERGE
2005-2021-nissan-frontier-6-bed-rubber-truck-bed-mat-grey,"make:Nissan, make:Suzuki, model:Equator, model:Frontier, year:2005, year:2006, year:2007, year:2008, year:2009, year:2010, year:2011, year:2012, year:2013, year:2014, year:2015, year:2016, year:2017, year:2018, year:2019, year:2020, year:2021",MERGE
2005-2021-nissan-frontier-6ft-bed-rubber-mat-lightweight-v2,"make:Nissan, make:Suzuki, model:Equator, model:Frontier, year:2005, year:2006, year:2007, year:2008, year:2009, year:2010, year:2011, year:2012, year:2013, year:2014, year:2015, year:2016, year:2017, year:2018, year:2019, year:2020, year:2021",MERGE
2022-2026-nissan-frontier-5ft-bed-rubber-mat-diamond-plate,"make:Nissan, model:Frontier, year:2022, year:2023, year:2024, year:2025, year:2026",MERGE
2022-nissan-frontier-5ft-short-bed-rubber-mat-lightweight-v2,"make:Nissan, model:Frontier, year:2022, year:2023, year:2024, year:2025, year:2026",MERGE
2022-gmc-hummer-ev-rubber-truck-bed-mat-2pc-w-front-trunk-mat,"make:GMC, model:Hummer EV Pickup, year:2022, year:2023, year:2024, year:2025, year:2026",MERGE
2022-gmc-hummer-ev-pickup-rubber-truck-bed-mat-lightweight-v2,"make:GMC, model:Hummer EV Pickup, year:2022, year:2023, year:2024, year:2025, year:2026",MERGE
2019-jeep-gladiator-5-bed-rubber-truck-bed-mat-diamond-plate,"make:Jeep, model:Gladiator:Will Fit 5 Ft ( 60.3"" ) Bed Models Only, year:2020, year:2021, year:2022, year:2023, year:2024, year:2025, year:2026",MERGE
2019-jeep-gladiator-5ft-bed-rubber-truck-bed-mat-lightweight-v2,"make:Jeep, model:Gladiator:Will Fit 5 Ft ( 60.3"" ) Bed Models Only, year:2020, year:2021, year:2022, year:2023, year:2024, year:2025, year:2026",MERGE
2022-ford-maverick-4-6ft-bed-rubber-truck-bed-mat-diamond-plate,"make:Ford, model:Maverick, year:2022, year:2023, year:2024, year:2025, year:2026",MERGE
2022-2026-ford-maverick-4-5-rubber-truck-bed-mat-lightweight-v2,"make:Ford, model:Maverick, year:2022, year:2023, year:2024, year:2025, year:2026",MERGE
2022-rivian-r1t-ev-rubber-truck-bed-mat-2pc-w-front-trunk-mat,"make:Rivian, model:R1T, year:2022, year:2023, year:2024, year:2025, year:2026",MERGE
2022-2026-rivian-r1t-ev-rubber-bed-mat-2pc-w-front-trunk-mat-v2,"make:Rivian, model:R1T, year:2022, year:2023, year:2024, year:2025, year:2026",MERGE
2022-2024-rivian-r1t-rubber-truck-bed-mat-diamond-plate-style,"make:Rivian, model:R1T, year:2022, year:2023, year:2024, year:2025, year:2026",MERGE
02-22-dodge-ram-1500-2500-3500-6-5-bed-pvc-truck-bed-mat,"make:Dodge, make:Ram, model:1500, model:1500 Classic, model:2500, model:3500, model:Ram 1500, model:Ram 2500, model:Ram 3500, year:2002, year:2003, year:2004, year:2005, year:2006, year:2007, year:2008, year:2009, year:2010, year:2011, year:2012, year:2013, year:2014, year:2015, year:2016, year:2017, year:2018, year:2019, year:2020, year:2021, year:2022, year:2023, year:2024",MERGE
02-22-dodge-ram-1500-2500-3500-6-5-ft-rubber-bed-mat-v2,"make:Dodge, make:Ram, model:1500, model:1500 Classic, model:2500, model:3500, model:Ram 1500, model:Ram 2500, model:Ram 3500, year:2002, year:2003, year:2004, year:2005, year:2006, year:2007, year:2008, year:2009, year:2010, year:2011, year:2012, year:2013, year:2014, year:2015, year:2016, year:2017, year:2018, year:2019, year:2020, year:2021, year:2022, year:2023, year:2024",MERGE
2002-2022-dodge-ram-1500-2500-3500-8-long-bed-pvc-mat-black,"make:Dodge, make:Ram, model:1500, model:1500 Classic, model:Ram 1500, year:2002, year:2003, year:2004, year:2005, year:2006, year:2007, year:2008, year:2009, year:2010, year:2011, year:2012, year:2013, year:2014, year:2015, year:2016, year:2017, year:2018, year:2019, year:2020, year:2021, year:2022, year:2023, year:2024",MERGE
02-22-dodge-ram-1500-2500-3500-8ft-bed-rubber-mat-aa031-v2,"make:Dodge, make:Ram, model:1500, model:1500 Classic, model:Ram 1500, year:2002, year:2003, year:2004, year:2005, year:2006, year:2007, year:2008, year:2009, year:2010, year:2011, year:2012, year:2013, year:2014, year:2015, year:2016, year:2017, year:2018, year:2019, year:2020, year:2021, year:2022, year:2023, year:2024",MERGE
02-22-dodge-ram-rubber-bed-mat-57-rambox-grey,"make:Dodge, make:Ram, model:1500, model:1500 Classic, model:Ram 1500, year:2002, year:2003, year:2004, year:2005, year:2006, year:2007, year:2008, year:2009, year:2010, year:2011, year:2012, year:2013, year:2014, year:2015, year:2016, year:2017, year:2018, year:2019, year:2020, year:2021, year:2022, year:2023, year:2024",MERGE
02-22-dodge-ram-1500-2500-3500-5-7-bed-mat-w-rambox-v2,"make:Dodge, make:Ram, model:1500, model:1500 Classic, model:Ram 1500, year:2002, year:2003, year:2004, year:2005, year:2006, year:2007, year:2008, year:2009, year:2010, year:2011, year:2012, year:2013, year:2014, year:2015, year:2016, year:2017, year:2018, year:2019, year:2020, year:2021, year:2022, year:2023, year:2024",MERGE
02-22-dodge-ram-5-7-short-bed-rubber-truck-bed-mat-grey,"make:Dodge, make:Ram, model:1500, model:1500 Classic, model:Ram 1500, year:2002, year:2003, year:2004, year:2005, year:2006, year:2007, year:2008, year:2009, year:2010, year:2011, year:2012, year:2013, year:2014, year:2015, year:2016, year:2017, year:2018, year:2019, year:2020, year:2021, year:2022, year:2023, year:2024",MERGE
02-22-dodge-ram-1500-2500-3500-5-7-ft-rubber-bed-mat-v2,"make:Dodge, make:Ram, model:1500, model:1500 Classic, model:Ram 1500, year:2002, year:2003, year:2004, year:2005, year:2006, year:2007, year:2008, year:2009, year:2010, year:2011, year:2012, year:2013, year:2014, year:2015, year:2016, year:2017, year:2018, year:2019, year:2020, year:2021, year:2022, year:2023, year:2024",MERGE
02-22-dodge-ram-6-4-bed-rubber-mat-rambox-grey,"make:Dodge, make:Ram, model:1500, model:1500 Classic, model:2500, model:3500, model:Ram 1500, model:Ram 2500, model:Ram 3500, year:2002, year:2003, year:2004, year:2005, year:2006, year:2007, year:2008, year:2009, year:2010, year:2011, year:2012, year:2013, year:2014, year:2015, year:2016, year:2017, year:2018, year:2019, year:2020, year:2021, year:2022, year:2023, year:2024",MERGE
02-22-dodge-ram-1500-2500-3500-6-5-ft-bed-mat-w-rambox,"make:Dodge, make:Ram, model:1500, model:1500 Classic, model:2500, model:3500, model:Ram 1500, model:Ram 2500, model:Ram 3500, year:2002, year:2003, year:2004, year:2005, year:2006, year:2007, year:2008, year:2009, year:2010, year:2011, year:2012, year:2013, year:2014, year:2015, year:2016, year:2017, year:2018, year:2019, year:2020, year:2021, year:2022, year:2023, year:2024",MERGE
2019-ram-1500-6-4ft-bed-rubber-truck-bed-mat-diamond-plate,"make:Dodge, make:Ram, model:1500, year:2019, year:2020, year:2021, year:2022, year:2023, year:2024, year:2025, year:2026",MERGE
2019-2024-ram-1500-6-4ft-bed-rubber-truck-bed-mat-lightweight-v2,"make:Dodge, make:Ram, model:1500, year:2019, year:2020, year:2021, year:2022, year:2023, year:2024, year:2025, year:2026",MERGE
2019-dodge-ram-2500-3500-6-4ft-bed-rubber-mat-diamond-plate,"make:Dodge, make:Ram, model:2500, model:3500, year:2019, year:2020, year:2021, year:2022, year:2023, year:2024, year:2025, year:2026",MERGE
2019-2024-ram-2500-3500-6-4-bed-rubber-truck-bed-mat-tlaps,"make:Dodge, make:Ram, model:2500, model:3500, year:2019, year:2020, year:2021, year:2022, year:2023, year:2024, year:2025, year:2026",MERGE
2019-2024-ram-2500-3500-8ft-bed-rubber-mat-diamond-plate,"make:Dodge, make:Ram, model:2500, model:3500, year:2019, year:2020, year:2021, year:2022, year:2023, year:2024, year:2025, year:2026",MERGE
2019-2024-ram-2500-3500-8ft-bed-rubber-truck-bed-mat-tlaps-v2,"make:Dodge, make:Ram, model:2500, model:3500, year:2019, year:2020, year:2021, year:2022, year:2023, year:2024, year:2025, year:2026",MERGE
2019-dodge-ram-5-7-bed-rubber-truck-bed-mat-lightweight-v2,"make:Dodge, make:Ram, model:1500, year:2019, year:2020, year:2021, year:2022, year:2023, year:2024, year:2025, year:2026",MERGE
2019-dodge-ram-5-bed-rubber-truck-bed-mat-diamond-plate,"make:Dodge, make:Ram, model:1500, year:2019, year:2020, year:2021, year:2022, year:2023, year:2024, year:2025, year:2026",MERGE
2019-ford-ranger-5-bed-rubber-truck-bed-mat-diamond-plate,"make:Ford, model:Ranger, year:2019, year:2020, year:2021, year:2022, year:2023",MERGE
2019-ford-ranger-supercrew-5ft-bed-rubber-mat-lightweight-v2,"make:Ford, model:Ranger, year:2019, year:2020, year:2021, year:2022, year:2023",MERGE
2019-ford-ranger-6-bed-rubber-truck-bed-mat-diamond-plate,"make:Ford, model:Ranger, year:2019, year:2020, year:2021, year:2022, year:2023",MERGE
2019-ford-ranger-super-cab-6ft-bed-rubber-mat-lightweight-v2,"make:Ford, model:Ranger, year:2019, year:2020, year:2021, year:2022, year:2023",MERGE
1983-2012-ford-ranger-7-long-bed-pvc-bed-mat-black,"make:Ford, model:Ranger, year:1983, year:1984, year:1985, year:1986, year:1987, year:1988, year:1989, year:1990, year:1991, year:1992, year:1993, year:1994, year:1995, year:1996, year:1997, year:1998, year:1999, year:2000, year:2001, year:2002, year:2003, year:2004, year:2005, year:2006, year:2007, year:2008, year:2009, year:2010, year:2011, year:2012",MERGE
2017-honda-ridgeline-rubber-truck-bed-mat-diamond-plate-style,"make:Honda, model:Ridgeline, year:2017, year:2018, year:2019, year:2020, year:2021, year:2022, year:2023, year:2024, year:2025, year:2026",MERGE
1983-2012-ford-ranger-7-ft-bed-rubber-mat-lightweight-v2,"make:Ford, model:Ranger, year:1983, year:1984, year:1985, year:1986, year:1987, year:1988, year:1989, year:1990, year:1991, year:1992, year:1993, year:1994, year:1995, year:1996, year:1997, year:1998, year:1999, year:2000, year:2001, year:2002, year:2003, year:2004, year:2005, year:2006, year:2007, year:2008, year:2009, year:2010, year:2011, year:2012",MERGE
2017-honda-ridgeline-rubber-truck-bed-mat-lightweight-v2,"make:Honda, model:Ridgeline, year:2017, year:2018, year:2019, year:2020, year:2021, year:2022, year:2023, year:2024, year:2025, year:2026",MERGE
2022-hyundai-santa-cruz-4ft-bed-rubber-mat-diamond-plate,"make:Hyundai, model:Santa Cruz, year:2022, year:2023, year:2024, year:2025, year:2026",MERGE
2022-2026-hyundai-santa-cruz-4ft-bed-rubber-truck-bed-mat-v2,"make:Hyundai, model:Santa Cruz, year:2022, year:2023, year:2024, year:2025, year:2026",MERGE
04-07-chevy-silverado-gmc-sierra-5-8-bed-rubber-mat-grey,"make:Chevrolet, make:Chevy, make:GMC, model:Sierra 1500, model:Sierra 1500 Classic, model:Sierra 1500 HD, model:Sierra 1500 HD Classic, model:Sierra 2500, model:Sierra 2500 HD, model:Sierra 2500 HD Classic, model:Sierra 3500, model:Sierra 3500 Classic, model:Silverado 1500, model:Silverado 1500 Classic, model:Silverado 1500 HD, model:Silverado 1500 HD Classic, model:Silverado 2500, model:Silverado 2500 HD, model:Silverado 2500 HD Classic, model:Silverado 3500, model:Silverado 3500 Classic, year:2004, year:2005, year:2006, year:2007",MERGE
04-07-silverado-sierra-5-8ft-rubber-truck-bed-mat-aa004-v2,"make:Chevrolet, make:Chevy, make:GMC, model:Sierra 1500, model:Sierra 1500 Classic, model:Sierra 1500 HD, model:Sierra 1500 HD Classic, model:Sierra 2500, model:Sierra 2500 HD, model:Sierra 2500 HD Classic, model:Sierra 3500, model:Sierra 3500 Classic, model:Silverado 1500, model:Silverado 1500 Classic, model:Silverado 1500 HD, model:Silverado 1500 HD Classic, model:Silverado 2500, model:Silverado 2500 HD, model:Silverado 2500 HD Classic, model:Silverado 3500, model:Silverado 3500 Classic, year:2004, year:2005, year:2006, year:2007",MERGE
07-18-chevy-silverado-gmc-sierra-5-8-bed-rubber-mat-grey,"make:Chevrolet, make:Chevy, make:GMC, model:Sierra, model:Sierra 1500, model:Sierra 2500 HD, model:Sierra 3500 HD, model:Silverado 1500, model:Silverado 2500, model:Silverado 2500 HD, model:Silverado 3500, model:Silverado 3500 HD, year:2007, year:2008, year:2009, year:2010, year:2011, year:2012, year:2013, year:2014, year:2015, year:2016, year:2017, year:2018",MERGE
07-18-silverado-sierra-5-8ft-rubber-truck-bed-mat-v2,"make:Chevrolet, make:Chevy, make:GMC, model:Sierra, model:Sierra 1500, model:Sierra 2500 HD, model:Sierra 3500 HD, model:Silverado 1500, model:Silverado 2500, model:Silverado 2500 HD, model:Silverado 3500, model:Silverado 3500 HD, year:2007, year:2008, year:2009, year:2010, year:2011, year:2012, year:2013, year:2014, year:2015, year:2016, year:2017, year:2018",MERGE
07-19-chevy-silverado-gmc-sierra-6-5-bed-rubber-mat-grey,"make:Chevrolet, make:Chevy, make:GMC, model:Sierra, model:Sierra 1500, model:Sierra 1500 Limited, model:Sierra 2500 HD, model:Sierra 3500 HD, model:Silverado 1500, model:Silverado 1500 LD, model:Silverado 2500, model:Silverado 2500 HD, model:Silverado 3500, model:Silverado 3500 HD, year:2007, year:2008, year:2009, year:2010, year:2011, year:2012, year:2013, year:2014, year:2015, year:2016, year:2017, year:2018, year:2019",MERGE
07-19-silverado-sierra-6-5ft-rubber-truck-bed-mat-v2-aa003,"make:Chevrolet, make:Chevy, make:GMC, model:Sierra, model:Sierra 1500, model:Sierra 1500 Limited, model:Sierra 2500 HD, model:Sierra 3500 HD, model:Silverado 1500, model:Silverado 1500 LD, model:Silverado 2500, model:Silverado 2500 HD, model:Silverado 3500, model:Silverado 3500 HD, year:2007, year:2008, year:2009, year:2010, year:2011, year:2012, year:2013, year:2014, year:2015, year:2016, year:2017, year:2018, year:2019",MERGE
07-18-silverado-sierra-8-long-bed-pvc-bed-mat-black,"make:Chevrolet, make:Chevy, make:GMC, model:Sierra 1500, model:Sierra 2500 HD, model:Sierra 3500 HD, model:Silverado 1500, model:Silverado 2500 HD, model:Silverado 3500 HD, year:2007, year:2008, year:2009, year:2010, year:2011, year:2012, year:2013, year:2014, year:2015, year:2016, year:2017, year:2018",MERGE
07-18-silverado-sierra-8ft-bed-rubber-mat-lightweight-v2,"make:Chevrolet, make:Chevy, make:GMC, model:Sierra 1500, model:Sierra 2500 HD, model:Sierra 3500 HD, model:Silverado 1500, model:Silverado 2500 HD, model:Silverado 3500 HD, year:2007, year:2008, year:2009, year:2010, year:2011, year:2012, year:2013, year:2014, year:2015, year:2016, year:2017, year:2018",MERGE
2019-2022-chevy-silverado-gmc-sierra-5-8-rubber-truck-bed-mat,"make:Chevrolet, make:Chevy, make:GMC, model:Sierra 1500, model:Sierra 1500 Limited, model:Silverado 1500, model:Silverado 1500 LTD, year:2019, year:2020, year:2021, year:2022",MERGE
2019-2022-chevy-silverado-gmc-sierra-1500-5-8-ft-rubber-bed-mat-v2,"make:Chevrolet, make:Chevy, make:GMC, model:Sierra 1500, model:Sierra 1500 Limited, model:Silverado 1500, model:Silverado 1500 LTD, year:2019, year:2020, year:2021, year:2022",MERGE
2019-2022-chevy-silverado-gmc-sierra-6-5-rubber-bed-mat-mpn-66,"make:Chevrolet, make:Chevy, make:GMC, model:Sierra 1500, model:Sierra 1500 Limited, model:Silverado 1500, model:Silverado 1500 LTD, year:2019, year:2020, year:2021, year:2022",MERGE
2019-2022-chevy-silverado-gmc-sierra-1500-6-5-ft-rubber-bed-mat,"make:Chevrolet, make:Chevy, make:GMC, model:Sierra 1500, model:Sierra 1500 Limited, model:Silverado 1500, model:Silverado 1500 LTD, year:2019, year:2020, year:2021, year:2022",MERGE
2019-chevy-silverado-gmc-sierra-1500-8ft-bed-rubber-mat-diamond,"make:Chevrolet, make:Chevy, make:GMC, model:Sierra 1500, model:Sierra 1500 Limited, model:Silverado 1500, model:Silverado 1500 LTD, year:2019, year:2020, year:2021, year:2022",MERGE
2019-chevy-silverado-gmc-sierra-1500-8ft-bed-rubber-mat-v2,"make:Chevrolet, make:Chevy, make:GMC, model:Sierra 1500, model:Sierra 1500 Limited, model:Silverado 1500, model:Silverado 1500 LTD, year:2019, year:2020, year:2021, year:2022",MERGE
2020-chevy-silverado-gmc-sierra-2500-3500-hd-6-9-rubber-bed-mat,"make:Chevrolet, make:Chevy, make:GMC, model:Sierra 2500 HD, model:Sierra 3500 HD, model:Silverado 2500 HD, model:Silverado 3500 HD, year:2020, year:2021, year:2022, year:2023, year:2024",MERGE
access-truck-bed-mat-2020-chevy-silverado-gmc-sierra-2500-3500-hd-6-9,"make:Chevrolet, make:Chevy, make:GMC, model:Sierra 2500 HD, model:Sierra 3500 HD, model:Silverado 2500 HD, model:Silverado 3500 HD, year:2020, year:2021, year:2022, year:2023, year:2024",MERGE
2020-chevy-silverado-gmc-sierra-2500-3500-hd-8ft-rubber-bed-mat,"make:Chevrolet, make:Chevy, make:GMC, model:Sierra 2500 HD, model:Sierra 3500 HD, model:Silverado 2500 HD, model:Silverado 3500 HD, year:2020, year:2021, year:2022, year:2023, year:2024",MERGE
2020-2025-chevy-silverado-gmc-sierra-2500-3500-hd-8-bed-mat-rubber,"make:Chevrolet, make:Chevy, make:GMC, model:Sierra 2500 HD, model:Sierra 3500 HD, model:Silverado 2500 HD, model:Silverado 3500 HD, year:2020, year:2021, year:2022, year:2023, year:2024",MERGE
1999-2007-chevy-silverado-gmc-sierra-6-5-rubber-bed-mat-grey,"make:Chevrolet, make:Chevy, make:GMC, model:Sierra 1500, model:Sierra 1500 Classic, model:Sierra 1500 HD, model:Sierra 1500 HD Classic, model:Sierra 2500, model:Sierra 2500 HD, model:Sierra 2500 HD Classic, model:Sierra 3500, model:Sierra 3500 Classic, model:Silverado, model:Silverado 1500, model:Silverado 1500 Classic, model:Silverado 1500 HD, model:Silverado 1500 HD Classic, model:Silverado 2500, model:Silverado 2500 HD, model:Silverado 2500 HD Classic, model:Silverado 3500, model:Silverado 3500 Classic, year:1999, year:2000, year:2001, year:2002, year:2003, year:2004, year:2005, year:2006, year:2007",MERGE
1999-2007-silverado-sierra-8-long-bed-pvc-bed-mat-black,"make:Chevrolet, make:Chevy, make:GMC, model:Sierra 1500, model:Sierra 1500 Classic, model:Sierra 1500 HD, model:Sierra 1500 HD Classic, model:Sierra 2500, model:Sierra 2500 HD, model:Sierra 2500 HD Classic, model:Sierra 3500, model:Sierra 3500 Classic, model:Silverado, model:Silverado 1500, model:Silverado 1500 Classic, model:Silverado 1500 HD, model:Silverado 1500 HD Classic, model:Silverado 2500, model:Silverado 2500 HD, model:Silverado 2500 HD Classic, model:Silverado 3500, model:Silverado 3500 Classic, year:1999, year:2000, year:2001, year:2002, year:2003, year:2004, year:2005, year:2006, year:2007",MERGE
1999-2007-silverado-sierra-6-5ft-rubber-truck-bed-mat-aa025-v2,"make:Chevrolet, make:Chevy, make:GMC, model:Sierra 1500, model:Sierra 1500 Classic, model:Sierra 1500 HD, model:Sierra 1500 HD Classic, model:Sierra 2500, model:Sierra 2500 HD, model:Sierra 2500 HD Classic, model:Sierra 3500, model:Sierra 3500 Classic, model:Silverado, model:Silverado 1500, model:Silverado 1500 Classic, model:Silverado 1500 HD, model:Silverado 1500 HD Classic, model:Silverado 2500, model:Silverado 2500 HD, model:Silverado 2500 HD Classic, model:Silverado 3500, model:Silverado 3500 Classic, year:1999, year:2000, year:2001, year:2002, year:2003, year:2004, year:2005, year:2006, year:2007",MERGE
1999-2007-silverado-sierra-8ft-bed-rubber-mat-lightweight-v2,"make:Chevrolet, make:Chevy, make:GMC, model:Sierra 1500, model:Sierra 1500 Classic, model:Sierra 1500 HD, model:Sierra 1500 HD Classic, model:Sierra 2500, model:Sierra 2500 HD, model:Sierra 2500 HD Classic, model:Sierra 3500, model:Sierra 3500 Classic, model:Silverado, model:Silverado 1500, model:Silverado 1500 Classic, model:Silverado 1500 HD, model:Silverado 1500 HD Classic, model:Silverado 2500, model:Silverado 2500 HD, model:Silverado 2500 HD Classic, model:Silverado 3500, model:Silverado 3500 Classic, year:1999, year:2000, year:2001, year:2002, year:2003, year:2004, year:2005, year:2006, year:2007",MERGE
99-07-chevy-silverado-gmc-sierra-stepside-6-5-pvc-bed-mat,"make:Chevrolet, make:Chevy, make:GMC, model:Sierra 1500, model:Sierra 1500 Classic, model:Sierra 1500 HD, model:Sierra 1500 HD Classic, model:Sierra 2500, model:Sierra 2500 HD, model:Sierra 2500 HD Classic, model:Sierra 3500, model:Sierra 3500 Classic, model:Silverado, model:Silverado 1500, model:Silverado 1500 Classic, model:Silverado 1500 HD, model:Silverado 1500 HD Classic, model:Silverado 2500, model:Silverado 2500 HD, model:Silverado 2500 HD Classic, model:Silverado 3500, model:Silverado 3500 Classic, year:1999, year:2000, year:2001, year:2002, year:2003, year:2004, year:2005, year:2006, year:2007",MERGE
1999-2007-silverado-sierra-stepside-6-5-ft-rubber-bed-mat-v2,"make:Chevrolet, make:Chevy, make:GMC, model:Sierra 1500, model:Sierra 1500 Classic, model:Sierra 1500 HD, model:Sierra 1500 HD Classic, model:Sierra 2500, model:Sierra 2500 HD, model:Sierra 2500 HD Classic, model:Sierra 3500, model:Sierra 3500 Classic, model:Silverado, model:Silverado 1500, model:Silverado 1500 Classic, model:Silverado 1500 HD, model:Silverado 1500 HD Classic, model:Silverado 2500, model:Silverado 2500 HD, model:Silverado 2500 HD Classic, model:Silverado 3500, model:Silverado 3500 Classic, year:1999, year:2000, year:2001, year:2002, year:2003, year:2004, year:2005, year:2006, year:2007",MERGE
2005-2022-toyota-tacoma-5-bed-rubber-truck-bed-mat-grey,"make:Toyota, model:Tacoma, year:2005, year:2006, year:2007, year:2008, year:2009, year:2010, year:2011, year:2012, year:2013, year:2014, year:2015, year:2016, year:2017, year:2018, year:2019, year:2020, year:2021, year:2022, year:2023",MERGE
2005-2022-toyota-tacoma-5ft-bed-rubber-mat-lightweight-v2,"make:Toyota, model:Tacoma, year:2005, year:2006, year:2007, year:2008, year:2009, year:2010, year:2011, year:2012, year:2013, year:2014, year:2015, year:2016, year:2017, year:2018, year:2019, year:2020, year:2021, year:2022, year:2023",MERGE
2005-2022-toyota-tacoma-6-bed-rubber-truck-bed-mat-grey,"make:Toyota, model:Tacoma, year:2005, year:2006, year:2007, year:2008, year:2009, year:2010, year:2011, year:2012, year:2013, year:2014, year:2015, year:2016, year:2017, year:2018, year:2019, year:2020, year:2021, year:2022, year:2023",MERGE
2005-2022-toyota-tacoma-6ft-bed-rubber-mat-lightweight-v2,"make:Toyota, model:Tacoma, year:2005, year:2006, year:2007, year:2008, year:2009, year:2010, year:2011, year:2012, year:2013, year:2014, year:2015, year:2016, year:2017, year:2018, year:2019, year:2020, year:2021, year:2022, year:2023",MERGE
2004-2024-nissan-titan-5-7-bed-rubber-truck-bed-mat-grey,"make:Nissan, model:TITAN, year:2004, year:2005, year:2006, year:2007, year:2008, year:2009, year:2010, year:2011, year:2012, year:2013, year:2014, year:2015, year:2017, year:2018, year:2019, year:2020, year:2021, year:2022, year:2023, year:2024",MERGE
2004-2024-nissan-titan-5-7-ft-rubber-truck-bed-mat-aa009-v2,"make:Nissan, model:TITAN, year:2004, year:2005, year:2006, year:2007, year:2008, year:2009, year:2010, year:2011, year:2012, year:2013, year:2014, year:2015, year:2017, year:2018, year:2019, year:2020, year:2021, year:2022, year:2023, year:2024",MERGE
2004-2024-nissan-titan-6-5-bed-rubber-truck-bed-mat-grey,"make:Nissan, model:TITAN, model:TITAN XD, year:2004, year:2005, year:2006, year:2007, year:2008, year:2009, year:2010, year:2011, year:2012, year:2013, year:2014, year:2015, year:2016, year:2017, year:2018, year:2019, year:2020, year:2021, year:2022, year:2023, year:2024",MERGE
2004-2024-nissan-titan-6-5-ft-rubber-bed-mat-lightweight-v2,"make:Nissan, model:TITAN, model:TITAN XD, year:2004, year:2005, year:2006, year:2007, year:2008, year:2009, year:2010, year:2011, year:2012, year:2013, year:2014, year:2015, year:2016, year:2017, year:2018, year:2019, year:2020, year:2021, year:2022, year:2023, year:2024",MERGE
2008-2015-nissan-titan-7-2ft-bed-rubber-mat-diamond-plate,"make:Nissan, model:TITAN, year:2008, year:2009, year:2010, year:2011, year:2012, year:2013, year:2014, year:2015",MERGE
2008-2015-nissan-titan-7-2-bed-rubber-truck-bed-mat-lightweight-v2,"make:Nissan, model:TITAN, year:2008, year:2009, year:2010, year:2011, year:2012, year:2013, year:2014, year:2015",MERGE
2016-nissan-titan-5-7ft-bed-rubber-truck-bed-mat-diamond-plate,"make:Nissan, model:TITAN, year:2017, year:2018, year:2019, year:2020, year:2021, year:2022, year:2023, year:2024",MERGE
2016-2024-nissan-titan-5-7ft-bed-rubber-truck-bed-mat-lightweight-v2,"make:Nissan, model:TITAN, year:2017, year:2018, year:2019, year:2020, year:2021, year:2022, year:2023, year:2024",MERGE
2016-nissan-titan-6-5-bed-rubber-truck-bed-mat-diamond-plate,"make:Nissan, model:TITAN, model:TITAN XD, year:2016, year:2017, year:2018, year:2019, year:2020, year:2021, year:2022, year:2023, year:2024",MERGE
2016-2024-nissan-titan-6-5ft-bed-rubber-mat-lightweight-v2,"make:Nissan, model:TITAN, model:TITAN XD, year:2016, year:2017, year:2018, year:2019, year:2020, year:2021, year:2022, year:2023, year:2024",MERGE
2017-nissan-titan-8ft-bed-rubber-truck-bed-mat-diamond-plate,"make:Nissan, model:TITAN, model:TITAN XD, year:2016, year:2017, year:2018, year:2019",MERGE
2017-nissan-titan-8ft-bed-rubber-truck-bed-mat-lightweight-v2,"make:Nissan, model:TITAN, model:TITAN XD, year:2016, year:2017, year:2018, year:2019",MERGE
2007-2021-toyota-tundra-5-5-bed-rubber-truck-bed-mat-grey,"make:Toyota, model:Tundra, year:2007, year:2008, year:2009, year:2010, year:2011, year:2012, year:2013, year:2014, year:2015, year:2016, year:2017, year:2018, year:2019, year:2020, year:2021",MERGE
2007-2021-toyota-tundra-5-5ft-bed-rubber-mat-lightweight-v2-aa002,"make:Toyota, model:Tundra, year:2007, year:2008, year:2009, year:2010, year:2011, year:2012, year:2013, year:2014, year:2015, year:2016, year:2017, year:2018, year:2019, year:2020, year:2021",MERGE
2007-2021-toyota-tundra-6-5-bed-rubber-truck-bed-mat-grey,"make:Toyota, model:Tundra, year:2007, year:2008, year:2009, year:2010, year:2011, year:2012, year:2013, year:2014, year:2015, year:2016, year:2017, year:2018, year:2019, year:2020, year:2021",MERGE
2007-2021-toyota-tundra-6-5ft-bed-rubber-mat-lightweight-v2,"make:Toyota, model:Tundra, year:2007, year:2008, year:2009, year:2010, year:2011, year:2012, year:2013, year:2014, year:2015, year:2016, year:2017, year:2018, year:2019, year:2020, year:2021",MERGE
2007-2021-toyota-tundra-8-long-bed-pvc-bed-mat-black,"make:Toyota, model:Tundra, year:2007, year:2008, year:2009, year:2010, year:2011, year:2012, year:2013, year:2014, year:2015, year:2016, year:2017, year:2018, year:2019, year:2020, year:2021",MERGE
2007-2021-toyota-tundra-8ft-bed-rubber-mat-lightweight-v2-aa030,"make:Toyota, model:Tundra, year:2007, year:2008, year:2009, year:2010, year:2011, year:2012, year:2013, year:2014, year:2015, year:2016, year:2017, year:2018, year:2019, year:2020, year:2021",MERGE
2022-toyota-tundra-5-5ft-bed-rubber-mat-diamond-plate-style,"make:Toyota, model:Tundra, year:2022, year:2023, year:2024, year:2025, year:2026",MERGE
2022-2026-toyota-tundra-5-5ft-bed-rubber-mat-lightweight-v2,"make:Toyota, model:Tundra, year:2022, year:2023, year:2024, year:2025, year:2026",MERGE
88-00-gmc-c-k-1500-2500-3500-6-5-hidden-snap-tonneau-cover,"make:Chevrolet, make:Chevy, make:GMC, model:C1500, model:C2500, model:C3500, model:K1500, model:K2500, model:K3500, year:1988, year:1989, year:1990, year:1991, year:1992, year:1993, year:1994, year:1995, year:1996, year:1997, year:1998, year:1999, year:2000",MERGE
88-00-gmc-c-k-1500-3500-6-5-tonneau-cover-led-light-combo,"make:Chevrolet, make:Chevy, make:GMC, model:C1500, model:C2500, model:C3500, model:K1500, model:K2500, model:K3500, year:1988, year:1989, year:1990, year:1991, year:1992, year:1993",MERGE
1988-2000-gmc-c-k-1500-3500-6-5-roll-up-tonneau-cover-503301,"make:Chevrolet, make:Chevy, make:GMC, model:C1500, model:C2500, model:C3500, model:K1500, model:K2500, model:K3500, year:1988, year:1989, year:1990, year:1991, year:1992, year:1993, year:1994, year:1995, year:1996, year:1997, year:1998, year:1999, year:2000",MERGE
88-00-gmc-c-k-1500-3500-6-5-roll-up-tonneau-cover-w-led-lights,"make:Chevrolet, make:Chevy, make:GMC, model:C1500, model:C2500, model:C3500, model:K1500, model:K2500, model:K3500, year:1988, year:1989, year:1990, year:1991, year:1992, year:1993",MERGE
04-12-chevy-colorado-gmc-canyon-6-bed-roll-up-tonneau-cover,"make:Chevrolet, make:Chevy, make:GMC, model:Canyon, model:Colorado, year:2004, year:2005, year:2006, year:2007, year:2008, year:2009, year:2010, year:2011, year:2012",MERGE
04-12-chevy-colorado-gmc-canyon-6-roll-up-tonneau-cover-w-led-kit,"make:Chevrolet, make:Chevy, make:GMC, model:Canyon, model:Colorado, year:2004, year:2005, year:2006, year:2007, year:2008, year:2009, year:2010, year:2011, year:2012",MERGE
04-14-chevy-colorado-gmc-canyon-6ft-tri-fold-tonneau-cover-w-led,"make:Chevrolet, make:Chevy, make:GMC, model:Canyon, model:Colorado, year:2004, year:2005, year:2006, year:2007, year:2008, year:2009, year:2010, year:2011, year:2012",MERGE
2015-chevy-gmc-colorado-canyon-5-bed-flush-roll-up-tonneau-cover,"make:Chevrolet, make:Chevy, make:GMC, model:Canyon, model:Colorado, year:2015, year:2016, year:2017, year:2018, year:2019, year:2020, year:2021, year:2022",MERGE
2015-2022-chevy-colorado-gmc-canyon-5-bed-roll-up-cover-led-kit,"make:Chevrolet, make:Chevy, make:GMC, model:Canyon, model:Colorado, year:2015, year:2016, year:2017, year:2018, year:2019, year:2020, year:2021, year:2022",MERGE
2015-2022-chevy-colorado-gmc-canyon-5-bed-soft-roll-up-cover,"make:Chevrolet, make:Chevy, make:GMC, model:Canyon, model:Colorado, year:2015, year:2016, year:2017, year:2018, year:2019, year:2020, year:2021, year:2022",MERGE
2015-2022-colorado-canyon-5-bed-tonneau-cover-led-light-kit,"make:Chevrolet, make:Chevy, make:GMC, model:Canyon, model:Colorado, year:2015, year:2016, year:2017, year:2018, year:2019, year:2020, year:2021, year:2022",MERGE
2015-2022-chevy-colorado-gmc-canyon-5-bed-roll-up-tonneau-cover,"make:Chevrolet, make:Chevy, make:GMC, model:Canyon, model:Colorado, year:2015, year:2016, year:2017, year:2018, year:2019, year:2020, year:2021, year:2022",MERGE
2015-2022-colorado-canyon-5-roll-up-tonneau-cover-w-led-lights,"make:Chevrolet, make:Chevy, make:GMC, model:Canyon, model:Colorado, year:2015, year:2016, year:2017, year:2018, year:2019, year:2020, year:2021, year:2022",MERGE
2015-chevy-colorado-gmc-canyon-5ft-hard-tri-fold-tonneau-cover,"make:Chevrolet, make:Chevy, make:GMC, model:Canyon, model:Colorado, year:2015, year:2016, year:2017, year:2018, year:2019, year:2020, year:2021, year:2022",MERGE
2015-chevy-colorado-gmc-canyon-5ft-tri-fold-tonneau-cover-w-led,"make:Chevrolet, make:Chevy, make:GMC, model:Canyon, model:Colorado, year:2015, year:2016, year:2017, year:2018, year:2019, year:2020, year:2021, year:2022",MERGE
2015-2022-chevy-colorado-gmc-canyon-5-tri-fold-tonneau-cover,"make:Chevrolet, make:Chevy, make:GMC, model:Canyon, model:Colorado, year:2015, year:2016, year:2017, year:2018, year:2019, year:2020, year:2021, year:2022",MERGE
2015-2022-chevy-colorado-gmc-canyon-5-tri-fold-cover-led-kit,"make:Chevrolet, make:Chevy, make:GMC, model:Canyon, model:Colorado, year:2015, year:2016, year:2017, year:2018, year:2019, year:2020, year:2021, year:2022",MERGE
2015-2022-chevy-colorado-gmc-canyon-6-bed-soft-roll-up-tonneau-cover,"make:Chevrolet, make:Chevy, make:GMC, model:Canyon, model:Colorado, year:2015, year:2016, year:2017, year:2018, year:2019, year:2020, year:2021, year:2022",MERGE
2015-2022-colorado-canyon-6-bed-tonneau-cover-w-led-lights-kit,"make:Chevrolet, make:Chevy, make:GMC, model:Canyon, model:Colorado, year:2015, year:2016, year:2017, year:2018, year:2019, year:2020, year:2021, year:2022",MERGE
2015-2022-chevy-colorado-gmc-canyon-6-bed-roll-up-tonneau-cover,"make:Chevrolet, make:Chevy, make:GMC, model:Canyon, model:Colorado, year:2015, year:2016, year:2017, year:2018, year:2019, year:2020, year:2021, year:2022",MERGE
2015-2022-colorado-canyon-6-roll-up-tonneau-cover-w-led-lights,"make:Chevrolet, make:Chevy, make:GMC, model:Canyon, model:Colorado, year:2015, year:2016, year:2017, year:2018, year:2019, year:2020, year:2021, year:2022",MERGE
2015-chevy-colorado-gmc-canyon-6ft-bed-hard-tri-fold-tonneau-cover,"make:Chevrolet, make:Chevy, make:GMC, model:Canyon, model:Colorado, year:2015, year:2016, year:2017, year:2018, year:2019, year:2020, year:2021, year:2022",MERGE
2015-chevy-colorado-gmc-canyon-6ft-tri-fold-tonneau-cover-w-led-kit,"make:Chevrolet, make:Chevy, make:GMC, model:Canyon, model:Colorado, year:2015, year:2016, year:2017, year:2018, year:2019, year:2020, year:2021, year:2022",MERGE
2023-chevy-colorado-gmc-canyon-5-bed-low-profile-roll-up-tonneau-cover,"make:Chevrolet, make:Chevy, make:GMC, model:Canyon, model:Colorado, year:2023, year:2024, year:2025, year:2026",MERGE
2023-chevy-colorado-gmc-canyon-5-bed-roll-up-cover-led-light-kit,"make:Chevrolet, make:Chevy, make:GMC, model:Canyon, model:Colorado, year:2023, year:2024, year:2025, year:2026",MERGE
2023-chevy-colorado-gmc-canyon-5-bed-low-profile-hard-tri-fold-cover,"make:Chevrolet, make:Chevy, make:GMC, model:Canyon, model:Colorado, year:2023, year:2024, year:2025, year:2026",MERGE
2000-2004-dodge-dakota-5-5-flush-roll-up-tonneau-cover-led-kit,"make:Dodge, make:Ram, model:Dakota, year:2000, year:2001, year:2002, year:2003, year:2004",MERGE
2000-2004-dodge-dakota-5-5-bed-hidden-snap-tonneau-cover-403312,"make:Dodge, make:Ram, model:Dakota, year:2000, year:2001, year:2002, year:2003, year:2004",MERGE
00-04-dodge-dakota-5-5-tonneau-cover-led-bed-light-kit-combo,"make:Dodge, make:Ram, model:Dakota, year:2000, year:2001, year:2002, year:2003, year:2004",MERGE
2000-2004-dodge-dakota-roll-up-vinyl-tonneau-cover-5-5-bed,"make:Dodge, make:Ram, model:Dakota, year:2000, year:2001, year:2002, year:2003, year:2004",MERGE
00-04-dodge-dakota-roll-up-tonneau-cover-led-bed-light-kit-5-5,"make:Dodge, make:Ram, model:Dakota, year:2000, year:2001, year:2002, year:2003, year:2004",MERGE
2000-2004-dodge-dakota-5-5-hard-tri-fold-tonneau-cover-243312,"make:Dodge, make:Ram, model:Dakota, year:2000, year:2001, year:2002, year:2003, year:2004",MERGE
05-11-dakota-raider-6-5-bed-hidden-snap-tonneau-cover-403327,"make:Dodge, make:Mitsubishi, make:Ram, model:Dakota, model:Raider, year:2005, year:2006, year:2007, year:2008, year:2009, year:2010, year:2011",MERGE
2000-2004-dodge-dakota-5-5-bed-tri-fold-tonneau-cover-w-led-lights,"make:Dodge, make:Ram, model:Dakota, year:2000, year:2001, year:2002, year:2003, year:2004",MERGE
05-11-dakota-raider-6-5-tonneau-cover-led-bed-light-kit,"make:Dodge, make:Mitsubishi, make:Ram, model:Dakota, model:Raider, year:2005, year:2006, year:2007, year:2008, year:2009, year:2010, year:2011",MERGE
05-11-dodge-dakota-ram-raider-6-5-roll-up-tonneau-cover,"make:Dodge, make:Mitsubishi, make:Ram, model:Dakota, model:Raider, year:2005, year:2006, year:2007, year:2008, year:2009, year:2010, year:2011",MERGE
2005-2011-dodge-dakota-6-5-ft-hard-tri-fold-tonneau-cover,"make:Dodge, make:Mitsubishi, make:Ram, model:Dakota, model:Raider, year:2005, year:2006, year:2007, year:2008, year:2009, year:2010, year:2011",MERGE
05-11-dakota-raider-6-5-roll-up-tonneau-cover-led-bed-lights,"make:Dodge, make:Mitsubishi, make:Ram, model:Dakota, model:Raider, year:2005, year:2006, year:2007, year:2008, year:2009, year:2010, year:2011",MERGE
2005-2011-dodge-dakota-6-5ft-tri-fold-tonneau-cover-w-led-lights,"make:Dodge, make:Mitsubishi, make:Ram, model:Dakota, model:Raider, year:2005, year:2006, year:2007, year:2008, year:2009, year:2010, year:2011",MERGE
1997-2004-dodge-dakota-6-5-hidden-snap-roll-up-tonneau-cover,"make:Dodge, make:Ram, model:Dakota, year:1997, year:1998, year:1999, year:2000, year:2001, year:2002, year:2003, year:2004",MERGE
97-04-dodge-dakota-6-5-tonneau-cover-led-bed-light-kit,"make:Dodge, make:Ram, model:Dakota, year:1997, year:1998, year:1999, year:2000, year:2001, year:2002, year:2003, year:2004",MERGE
1997-2004-dodge-dakota-6-5-bed-roll-up-vinyl-tonneau-cover,"make:Dodge, make:Ram, model:Dakota, year:1997, year:1998, year:1999, year:2000, year:2001, year:2002, year:2003, year:2004",MERGE
1997-2004-dodge-dakota-6-5-hard-tri-fold-tonneau-cover,"make:Dodge, make:Ram, model:Dakota, year:1997, year:1998, year:1999, year:2000, year:2001, year:2002, year:2003, year:2004",MERGE
1997-2004-dodge-dakota-6-5-roll-up-tonneau-cover-w-led-bed-lights,"make:Dodge, make:Ram, model:Dakota, year:1997, year:1998, year:1999, year:2000, year:2001, year:2002, year:2003, year:2004",MERGE
2001-2003-ford-f-150-5-5-bed-hidden-snap-roll-up-tonneau-cover,"make:Ford, model:F-150, year:2001, year:2002, year:2003",MERGE
1997-2004-dodge-dakota-6-5-tri-fold-tonneau-cover-w-led-lights,"make:Dodge, make:Ram, model:Dakota, year:1997, year:1998, year:1999, year:2000, year:2001, year:2002, year:2003, year:2004",MERGE
2001-2003-ford-f-150-5-5-tonneau-cover-led-bed-light-combo-kit,"make:Ford, model:F-150, year:2001, year:2002, year:2003",MERGE
2001-2003-ford-f-150-5-5-bed-roll-up-tonneau-cover-mpn-503311,"make:Ford, model:F-150, year:2001, year:2002, year:2003",MERGE
2001-2003-ford-f-150-5-5-roll-up-tonneau-cover-w-led-bed-lights,"make:Ford, model:F-150, year:2001, year:2002, year:2003",MERGE
2004-2014-ford-f-150-5-5-bed-flush-roll-up-tonneau-cover,"make:Ford, make:Lincoln, model:F-150, model:Mark LT, year:2004, year:2005, year:2006, year:2007, year:2008, year:2009, year:2010, year:2011, year:2012, year:2013, year:2014",MERGE
2004-2014-ford-f-150-5-5-flush-roll-up-tonneau-cover-w-led-lights,"make:Ford, make:Lincoln, model:F-150, model:Mark LT, year:2004, year:2005, year:2006, year:2007, year:2008, year:2009, year:2010, year:2011, year:2012, year:2013, year:2014",MERGE
04-14-ford-f-150-lincoln-mark-lt-5-5-roll-up-tonneau-cover,"make:Ford, make:Lincoln, model:F-150, model:Mark LT, year:2004, year:2005, year:2006, year:2007, year:2008, year:2009, year:2010, year:2011, year:2012, year:2013, year:2014",MERGE
2004-2014-ford-f-150-5-5ft-bed-hard-tri-fold-tonneau-cover,"make:Ford, make:Lincoln, model:F-150, model:Mark LT, year:2004, year:2005, year:2006, year:2007, year:2008, year:2009, year:2010, year:2011, year:2012, year:2013, year:2014",MERGE
04-14-ford-f-150-5-5-roll-up-tonneau-cover-w-led-bed-lights,"make:Ford, make:Lincoln, model:F-150, model:Mark LT, year:2004, year:2005, year:2006, year:2007, year:2008, year:2009, year:2010, year:2011, year:2012, year:2013, year:2014",MERGE
04-14-ford-f-150-lincoln-mark-lt-5-5-tri-fold-tonneau-cover,"make:Ford, make:Lincoln, model:F-150, model:Mark LT, year:2004, year:2005, year:2006, year:2007, year:2008, year:2009, year:2010, year:2011, year:2012, year:2013, year:2014",MERGE
2004-2014-ford-f-150-5-5ft-tri-fold-tonneau-cover-w-led-bed-lights,"make:Ford, make:Lincoln, model:F-150, model:Mark LT, year:2004, year:2005, year:2006, year:2007, year:2008, year:2009, year:2010, year:2011, year:2012, year:2013, year:2014",MERGE
06-08-lincoln-mark-lt-5-5-tri-fold-tonneau-cover-w-led-bed-lights,"make:Ford, make:Lincoln, model:F-150, model:Mark LT, year:2004, year:2005, year:2006, year:2007, year:2008, year:2009, year:2010, year:2011, year:2012, year:2013, year:2014",MERGE
2004-2014-ford-f-150-6-5-roll-up-tonneau-cover-mpn-503309,"make:Ford, make:Lincoln, model:F-150, model:Mark LT, year:2004, year:2005, year:2006, year:2007, year:2008, year:2009, year:2010, year:2011, year:2012, year:2013, year:2014",MERGE
2004-2014-ford-f-150-6-5ft-bed-hard-tri-fold-tonneau-cover,"make:Ford, make:Lincoln, model:F-150, model:Mark LT, year:2004, year:2005, year:2006, year:2007, year:2008, year:2009, year:2010, year:2011, year:2012, year:2013, year:2014",MERGE
04-14-ford-f-150-6-5-roll-up-tonneau-cover-w-led-bed-lights,"make:Ford, make:Lincoln, model:F-150, model:Mark LT, year:2004, year:2005, year:2006, year:2007, year:2008, year:2009, year:2010, year:2011, year:2012, year:2013, year:2014",MERGE
2004-2014-ford-f-150-6-5ft-tri-fold-tonneau-cover-w-led-bed-lights,"make:Ford, make:Lincoln, model:F-150, model:Mark LT, year:2004, year:2005, year:2006, year:2007, year:2008, year:2009, year:2010, year:2011, year:2012, year:2013, year:2014",MERGE
2015-2024-ford-f-150-5-5-bed-soft-roll-up-tonneau-cover-503362,"make:Ford, model:F-150, model:F-150 Lightning, year:2015, year:2016, year:2017, year:2018, year:2019, year:2020, year:2021, year:2022, year:2023, year:2024, year:2025, year:2026",MERGE
2015-2024-ford-f-150-5-5-tonneau-cover-with-led-bed-lights,"make:Ford, model:F-150, model:F-150 Lightning, year:2015, year:2016, year:2017, year:2018, year:2019, year:2020, year:2021, year:2022, year:2023, year:2024, year:2025, year:2026",MERGE
2015-ford-f-150-5-5ft-bed-hard-tri-fold-tonneau-cover-low-profile,"make:Ford, model:F-150, year:2015, year:2016, year:2017, year:2018, year:2019, year:2020, year:2021, year:2022, year:2023, year:2024, year:2025, year:2026",MERGE
2015-2026-ford-f-150-5-5ft-bed-hard-tri-fold-tonneau-cover-w-led,"make:Ford, model:F-150, year:2015, year:2016, year:2017, year:2018, year:2019, year:2020, year:2021, year:2022, year:2023, year:2024, year:2025, year:2026",MERGE
2015-2024-ford-f-150-6-5-bed-soft-roll-up-tonneau-cover-503363,"make:Ford, model:F-150, year:2015, year:2016, year:2017, year:2018, year:2019, year:2020, year:2021, year:2022, year:2023, year:2024, year:2025, year:2026",MERGE
2015-2024-ford-f-150-6-5-tonneau-cover-with-led-bed-lights,"make:Ford, model:F-150, year:2015, year:2016, year:2017, year:2018, year:2019, year:2020, year:2021, year:2022, year:2023, year:2024, year:2025, year:2026",MERGE
2015-2024-ford-f-150-6-5ft-bed-hard-tri-fold-tonneau-cover-w-led,"make:Ford, model:F-150, year:2015, year:2016, year:2017, year:2018, year:2019, year:2020, year:2021, year:2022, year:2023, year:2024, year:2025, year:2026",MERGE
2015-2024-ford-f-150-8ft-bed-soft-roll-up-tonneau-cover-503368,"make:Ford, model:F-150, year:2015, year:2016, year:2017, year:2018, year:2019, year:2020, year:2021, year:2022, year:2023, year:2024, year:2025, year:2026",MERGE
2015-2024-ford-f-150-8-bed-roll-up-tonneau-cover-w-led-lights,"make:Ford, model:F-150, year:2015, year:2016, year:2017, year:2018, year:2019, year:2020, year:2021, year:2022, year:2023, year:2024, year:2025, year:2026",MERGE
2022-ford-f-150-lightning-5-7ft-bed-tonneau-cover-lock-roll-up,"make:Ford, model:F-150 Lightning, year:2022, year:2023, year:2024, year:2025, year:2026",MERGE
2022-ford-f-150-lightning-5-7-bed-tonneau-cover-w-led-lights,"make:Ford, model:F-150 Lightning, year:2022, year:2023, year:2024, year:2025, year:2026",MERGE
2022-ford-f-150-lightning-5-7ft-bed-hard-tri-fold-tonneau-cover,"make:Ford, model:F-150 Lightning, year:2022, year:2023, year:2024, year:2025, year:2026",MERGE
1997-2004-ford-f-150-f-250-6-5-bed-roll-up-tonneau-cover-503306,"make:Ford, model:F-150, model:F-150 Heritage, model:F-250, year:1997, year:1998, year:1999, year:2000, year:2001, year:2002, year:2003, year:2004",MERGE
2022-ford-f-150-lightning-5-7-tri-fold-tonneau-cover-w-led-kit,"make:Ford, model:F-150 Lightning, year:2022, year:2023, year:2024, year:2025, year:2026",MERGE
1997-2004-ford-f-150-roll-up-tonneau-cover-w-led-bed-lights,"make:Ford, model:F-150, model:F-150 Heritage, model:F-250, year:1997, year:1998, year:1999, year:2000, year:2001, year:2002, year:2003, year:2004",MERGE
1997-2003-ford-f-150-6-5-bed-hard-tri-fold-tonneau-cover,"make:Ford, model:F-150, model:F-150 Heritage, model:F-250, year:1997, year:1998, year:1999, year:2000, year:2001, year:2002, year:2003, year:2004",MERGE
1997-2003-ford-f-150-6-5-tri-fold-tonneau-cover-w-led-bed-lights,"make:Ford, model:F-150, model:F-150 Heritage, model:F-250, year:1997, year:1998, year:1999, year:2000, year:2001, year:2002, year:2003, year:2004",MERGE
1997-2004-ford-f-150-f-250-6-5-hidden-snap-tonneau-cover-403307,"make:Ford, model:F-150, model:F-150 Heritage, model:F-250, year:1997, year:1998, year:1999, year:2000, year:2001, year:2002, year:2003, year:2004",MERGE
2017-2022-ford-super-duty-6-75-bed-soft-tri-fold-tonneau-cover,"make:Ford, model:F-250 Super Duty, model:F-350 Super Duty, model:F-450 Super Duty, year:2017, year:2018, year:2019, year:2020, year:2021, year:2022",MERGE
97-04-ford-f-150-f-250-6-5-tonneau-cover-led-bed-light-combo,"make:Ford, model:F-150, model:F-150 Heritage, model:F-250, year:1997, year:1998, year:1999, year:2000, year:2001, year:2002, year:2003, year:2004",MERGE
2017-2022-ford-super-duty-6-75-tri-fold-tonneau-cover-led-light-kit,"make:Ford, model:F-250 Super Duty, model:F-350 Super Duty, model:F-450 Super Duty, year:2017, year:2018, year:2019, year:2020, year:2021, year:2022",MERGE
2017-ford-f250-super-duty-6-8ft-bed-hard-tri-fold-tonneau-cover,"make:Ford, model:F-250 Super Duty, model:F-350 Super Duty, model:F-450 Super Duty, year:2017, year:2018, year:2019, year:2020, year:2021, year:2022",MERGE
2017-2022-ford-f-250-f-350-6-8ft-bed-tri-fold-tonneau-cover-w-led,"make:Ford, model:F-250 Super Duty, model:F-350 Super Duty, model:F-450 Super Duty, year:2017, year:2018, year:2019, year:2020, year:2021, year:2022",MERGE
1999-2016-ford-super-duty-6-5-roll-up-tonneau-cover-503308,"make:Ford, model:F-250 Super Duty, model:F-350 Super Duty, model:F-450 Super Duty, year:1999, year:2000, year:2001, year:2002, year:2003, year:2004, year:2005, year:2006, year:2007, year:2008, year:2009, year:2010, year:2011, year:2012, year:2013, year:2014, year:2015, year:2016",MERGE
99-16-ford-super-duty-6-5-roll-up-tonneau-cover-w-led-bed-lights,"make:Ford, model:F-250 Super Duty, model:F-350 Super Duty, model:F-450 Super Duty, year:1999, year:2000, year:2001, year:2002, year:2003, year:2004, year:2005, year:2006, year:2007, year:2008, year:2009, year:2010, year:2011, year:2012, year:2013, year:2014, year:2015, year:2016",MERGE
1999-2015-ford-f-250-f-350-f-450-6-5-hard-tri-fold-tonneau-cover,"make:Ford, model:F-250 Super Duty, model:F-350 Super Duty, model:F-450 Super Duty, year:1997, year:1998, year:1999, year:2000, year:2001, year:2002, year:2003, year:2004, year:2005, year:2006, year:2007, year:2008, year:2009, year:2010, year:2011, year:2012, year:2013, year:2014, year:2015, year:2016",MERGE
1999-2016-ford-f-250-f-350-6-5-bed-tri-fold-tonneau-cover-led-kit,"make:Ford, model:F-250 Super Duty, model:F-350 Super Duty, model:F-450 Super Duty, year:1999, year:2000, year:2001, year:2002, year:2003, year:2004, year:2005, year:2006",MERGE
05-21-nissan-frontier-5-bed-hidden-snap-roll-up-tonneau-cover,"make:Nissan, make:Suzuki, model:Equator, model:Frontier, year:2005, year:2006, year:2007, year:2008, year:2009, year:2010, year:2011, year:2012, year:2013, year:2014, year:2015, year:2016, year:2017, year:2018, year:2019, year:2020, year:2021",MERGE
05-21-nissan-frontier-5-bed-roll-up-tonneau-cover-503340,"make:Nissan, make:Suzuki, model:Equator, model:Frontier, year:2005, year:2006, year:2007, year:2008, year:2009, year:2010, year:2011, year:2012, year:2013, year:2014, year:2015, year:2016, year:2017, year:2018, year:2019, year:2020, year:2021",MERGE
05-21-nissan-frontier-5-tonneau-cover-led-light-combo-kit,"make:Nissan, make:Suzuki, model:Equator, model:Frontier, year:2005, year:2006, year:2007, year:2008, year:2009, year:2010, year:2011, year:2012, year:2013, year:2014, year:2015, year:2016, year:2017, year:2018, year:2019, year:2020, year:2021",MERGE
2005-nissan-frontier-5ft-bed-hard-tri-fold-tonneau-cover-243340,"make:Nissan, make:Suzuki, model:Equator, model:Frontier, year:2005, year:2006, year:2007, year:2008, year:2009, year:2010, year:2011, year:2012, year:2013, year:2014, year:2015, year:2016, year:2017, year:2018, year:2019, year:2020, year:2021",MERGE
05-21-nissan-frontier-5-roll-up-tonneau-cover-led-bed-lights,"make:Nissan, make:Suzuki, model:Equator, model:Frontier, year:2005, year:2006, year:2007, year:2008, year:2009, year:2010, year:2011, year:2012, year:2013, year:2014, year:2015, year:2016, year:2017, year:2018, year:2019, year:2020, year:2021",MERGE
2005-2021-nissan-frontier-5ft-bed-tri-fold-tonneau-cover-led-kit,"make:Nissan, make:Suzuki, model:Equator, model:Frontier, year:2005, year:2006, year:2007, year:2008, year:2009, year:2010, year:2011, year:2012, year:2013, year:2014, year:2015, year:2016, year:2017, year:2018, year:2019, year:2020, year:2021",MERGE
05-21-nissan-frontier-6-bed-hidden-snap-roll-up-tonneau-cover,"make:Nissan, make:Suzuki, model:Equator, model:Frontier, year:2005, year:2006, year:2007, year:2008, year:2009, year:2010, year:2011, year:2012, year:2013, year:2014, year:2015, year:2016, year:2017, year:2018, year:2019, year:2020, year:2021",MERGE
05-21-nissan-frontier-6-tonneau-cover-combo-w-led-bed-lights,"make:Nissan, make:Suzuki, model:Equator, model:Frontier, year:2005, year:2006, year:2007, year:2008, year:2009, year:2010, year:2011, year:2012, year:2013, year:2014, year:2015, year:2016, year:2017, year:2018, year:2019, year:2020, year:2021",MERGE
05-21-nissan-frontier-6-bed-roll-up-vinyl-tonneau-cover-503341,"make:Nissan, make:Suzuki, model:Equator, model:Frontier, year:2005, year:2006, year:2007, year:2008, year:2009, year:2010, year:2011, year:2012, year:2013, year:2014, year:2015, year:2016, year:2017, year:2018, year:2019, year:2020, year:2021",MERGE
05-21-nissan-frontier-6-roll-up-tonneau-cover-with-led-bed-lights,"make:Nissan, make:Suzuki, model:Equator, model:Frontier, year:2005, year:2006, year:2007, year:2008, year:2009, year:2010, year:2011, year:2012, year:2013, year:2014, year:2015, year:2016, year:2017, year:2018, year:2019, year:2020, year:2021",MERGE
2005-2021-nissan-frontier-6ft-bed-hard-tri-fold-tonneau-cover,"make:Nissan, make:Suzuki, model:Equator, model:Frontier, year:2005, year:2006, year:2007, year:2008, year:2009, year:2010, year:2011, year:2012, year:2013, year:2014, year:2015, year:2016, year:2017, year:2018, year:2019, year:2020, year:2021",MERGE
2005-2021-nissan-frontier-6ft-bed-hard-tri-fold-tonneau-cover-w-led,"make:Nissan, make:Suzuki, model:Equator, model:Frontier, year:2005, year:2006, year:2007, year:2008, year:2009, year:2010, year:2011, year:2012, year:2013, year:2014, year:2015, year:2016, year:2017, year:2018, year:2019, year:2020, year:2021",MERGE
2022-nissan-frontier-5ft-bed-soft-roll-up-tonneau-cover-5033110,"make:Nissan, model:Frontier, year:2022, year:2023, year:2024, year:2025, year:2026",MERGE
2022-2023-nissan-frontier-5ft-bed-roll-up-tonneau-cover-w-led-lights,"make:Nissan, model:Frontier, year:2022, year:2023, year:2024, year:2025, year:2026",MERGE
2022-nissan-frontier-5ft-bed-hard-tri-fold-tonneau-cover,"make:Nissan, model:Frontier, year:2022, year:2023, year:2024, year:2025, year:2026",MERGE
2020-2021-jeep-gladiator-5ft-bed-hard-tri-fold-tonneau-cover,"make:Jeep, model:Gladiator:Will Fit 5 Ft ( 60.3"" ) Bed Models Only ; Models With The Factory Trail Rail System / Utility Rails May Require Rail Removal Or Additional Adapter Brackets For Installation ( Not Included ), year:2020, year:2021, year:2022, year:2023, year:2024, year:2025, year:2026",MERGE
2022-nissan-frontier-5ft-hard-tri-fold-tonneau-cover-w-led-lights,"make:Nissan, model:Frontier, year:2022, year:2023, year:2024, year:2025, year:2026",MERGE
2020-2021-jeep-gladiator-5ft-tri-fold-tonneau-cover-led-light-kit,"make:Jeep, model:Gladiator:Will Fit 5 Ft ( 60.3"" ) Bed Models Only ; Models With The Factory Trail Rail System / Utility Rails May Require Rail Removal Or Additional Adapter Brackets For Installation ( Not Included ), year:2020, year:2021, year:2022, year:2023, year:2024, year:2025, year:2026",MERGE
2022-ford-maverick-4-6ft-bed-soft-roll-up-tonneau-cover-5033115,"make:Ford, model:Maverick, year:2022, year:2023, year:2024",MERGE
2022-ford-maverick-4-6ft-tonneau-cover-led-light-combo-kit,"make:Ford, model:Maverick, year:2022, year:2023, year:2024",MERGE
2022-ford-maverick-4-6-bed-hard-tri-fold-tonneau-cover-low-profile,"make:Ford, model:Maverick, year:2022, year:2023, year:2024",MERGE
2022-2024-ford-maverick-4-5-bed-tri-fold-tonneau-cover-w-led-kit,"make:Ford, model:Maverick, year:2022, year:2023, year:2024",MERGE
2022-ford-maverick-4-6ft-bed-soft-tri-fold-tonneau-cover-3033115,"make:Ford, model:Maverick, year:2022, year:2023, year:2024",MERGE
2022-2024-ford-maverick-4-6ft-bed-tri-fold-tonneau-cover-w-led-lights,"make:Ford, model:Maverick, year:2022, year:2023, year:2024",MERGE
02-08-dodge-ram-1500-6-5-bed-flush-roll-up-tonneau-cover-133304,"make:Dodge, make:Ram, model:Ram 1500, model:Ram 2500, model:Ram 3500, year:2002, year:2003, year:2004, year:2005, year:2006, year:2007, year:2008, year:2009",MERGE
02-09-dodge-ram-1500-2500-3500-roll-up-tonneau-cover-6-5-bed,"make:Dodge, make:Ram, model:Ram 1500, model:Ram 2500, model:Ram 3500, year:2002, year:2003, year:2004, year:2005, year:2006, year:2007, year:2008, year:2009",MERGE
02-09-dodge-ram-1500-2500-3500-6-5-roll-up-tonneau-cover-led-kit,"make:Dodge, make:Ram, model:Ram 1500, model:Ram 2500, model:Ram 3500, year:2002, year:2003, year:2004, year:2005, year:2006, year:2007, year:2008, year:2009",MERGE
02-09-dodge-ram-1500-2500-3500-6-5-roll-up-tonneau-cover-w-led,"make:Dodge, make:Ram, model:Ram 1500, model:Ram 2500, model:Ram 3500, year:2002, year:2003, year:2004, year:2005, year:2006, year:2007, year:2008, year:2009",MERGE
02-09-dodge-ram-1500-2500-3500-tri-fold-tonneau-cover-6-5-bed,"make:Dodge, make:Ram, model:Ram 1500, model:Ram 2500, model:Ram 3500, year:2002, year:2003, year:2004, year:2005, year:2006, year:2007, year:2008, year:2009",MERGE
02-09-dodge-ram-1500-2500-3500-tri-fold-tonneau-cover-w-led-lights,"make:Dodge, make:Ram, model:Ram 1500, model:Ram 2500, model:Ram 3500, year:2002, year:2003, year:2004, year:2005, year:2006, year:2007, year:2008, year:2009",MERGE
09-18-ram-1500-5-8ft-flush-roll-up-vinyl-tonneau-cover-133353,"make:Dodge, make:Ram, model:1500, model:1500 Classic, model:Ram 1500, year:2009, year:2010, year:2011, year:2012, year:2013, year:2014, year:2015, year:2016, year:2017, year:2018, year:2019, year:2020, year:2021, year:2022, year:2023, year:2024",MERGE
09-18-ram-1500-5-8-bed-flush-roll-up-tonneau-cover-w-led-lights,"make:Dodge, make:Ram, model:1500, model:1500 Classic, model:Ram 1500, year:2009, year:2010, year:2011, year:2012, year:2013, year:2014, year:2015, year:2016, year:2017, year:2018, year:2019, year:2020, year:2021, year:2022, year:2023, year:2024",MERGE
09-22-ram-1500-5-7-bed-roll-up-vinyl-tonneau-cover-503353,"make:Dodge, make:Ram, model:1500, model:1500 Classic, model:Ram 1500, year:2009, year:2010, year:2011, year:2012, year:2013, year:2014, year:2015, year:2016, year:2017, year:2018, year:2019, year:2020, year:2021, year:2022, year:2023, year:2024",MERGE
09-22-ram-1500-roll-up-tonneau-cover-w-led-bed-lights-5-7-bed,"make:Dodge, make:Ram, model:1500, model:1500 Classic, model:Ram 1500, year:2009, year:2010, year:2011, year:2012, year:2013, year:2014, year:2015, year:2016, year:2017, year:2018, year:2019, year:2020, year:2021, year:2022, year:2023, year:2024",MERGE
09-18-ram-1500-5-8ft-bed-hard-tri-fold-tonneau-cover-243353,"make:Dodge, make:Ram, model:1500, model:1500 Classic, model:Ram 1500, year:2009, year:2010, year:2011, year:2012, year:2013, year:2014, year:2015, year:2016, year:2017, year:2018, year:2019, year:2020, year:2021, year:2022, year:2023, year:2024",MERGE
09-18-ram-1500-5-8ft-tri-fold-tonneau-cover-w-led-bed-lights,"make:Dodge, make:Ram, model:1500, model:1500 Classic, model:Ram 1500, year:2009, year:2010, year:2011, year:2012, year:2013, year:2014, year:2015, year:2016, year:2017, year:2018, year:2019, year:2020, year:2021, year:2022, year:2023, year:2024",MERGE
09-22-dodge-ram-1500-2500-3500-6-4-roll-up-tonneau-cover,"make:Dodge, make:Ram, model:1500, model:1500 Classic, model:2500, model:3500, model:Ram 1500, model:Ram 2500, model:Ram 3500, year:2009, year:2010, year:2011, year:2012, year:2013, year:2014, year:2015, year:2016, year:2017, year:2018, year:2019, year:2020, year:2021, year:2022, year:2023, year:2024",MERGE
09-22-ram-1500-2500-3500-roll-up-tonneau-cover-w-led-bed-lights,"make:Dodge, make:Ram, model:1500, model:1500 Classic, model:2500, model:3500, model:Ram 1500, model:Ram 2500, model:Ram 3500, year:2009, year:2010, year:2011, year:2012, year:2013, year:2014, year:2015, year:2016, year:2017, year:2018, year:2019, year:2020, year:2021, year:2022, year:2023, year:2024",MERGE
09-18-dodge-ram-1500-6-5-bed-hard-tri-fold-tonneau-cover-243354,"make:Dodge, make:Ram, model:1500, model:1500 Classic, model:2500, model:3500, model:Ram 1500, model:Ram 2500, model:Ram 3500, year:2009, year:2010, year:2011, year:2012, year:2013, year:2014, year:2015, year:2016, year:2017, year:2018, year:2019, year:2020, year:2021, year:2022, year:2023, year:2024",MERGE
09-18-ram-1500-6-5ft-bed-tri-fold-tonneau-cover-w-led-lights,"make:Dodge, make:Ram, model:1500, model:1500 Classic, model:2500, model:3500, model:Ram 1500, model:Ram 2500, model:Ram 3500, year:2009, year:2010, year:2011, year:2012, year:2013, year:2014, year:2015, year:2016, year:2017, year:2018, year:2019, year:2020, year:2021, year:2022, year:2023, year:2024",MERGE
2019-dodge-ram-5-8ft-bed-flush-roll-up-vinyl-tonneau-cover,"make:Dodge, make:Ram, model:1500, year:2019, year:2020, year:2021, year:2022, year:2023, year:2024, year:2025, year:2026",MERGE
2019-2026-dodge-ram-1500-5-8ft-bed-roll-up-tonneau-cover-led-kit,"make:Dodge, make:Ram, model:1500, year:2019, year:2020, year:2021, year:2022, year:2023, year:2024, year:2025, year:2026",MERGE
2019-2024-ram-1500-5-7ft-bed-lock-roll-up-tonneau-cover,"make:Dodge, make:Ram, model:1500, year:2019, year:2020, year:2021, year:2022, year:2023, year:2024, year:2025, year:2026",MERGE
2019-2024-ram-1500-tonneau-cover-led-light-combo-5-7ft-bed,"make:Dodge, make:Ram, model:1500, year:2019, year:2020, year:2021, year:2022, year:2023, year:2024, year:2025, year:2026",MERGE
2019-dodge-ram-5-8ft-bed-hard-tri-fold-tonneau-cover-low-profile,"make:Dodge, make:Ram, model:1500, year:2019, year:2020, year:2021, year:2022, year:2023, year:2024, year:2025, year:2026",MERGE
2019-2026-ram-1500-5-8ft-tri-fold-tonneau-cover-w-led-bed-lights,"make:Dodge, make:Ram, model:1500, year:2019, year:2020, year:2021, year:2022, year:2023, year:2024, year:2025, year:2026",MERGE
2019-dodge-ram-6-4ft-bed-flush-roll-up-vinyl-tonneau-cover,"make:Dodge, make:Ram, model:1500, year:2019, year:2020, year:2021, year:2022, year:2023, year:2024, year:2025, year:2026",MERGE
2019-dodge-ram-6-4ft-flush-roll-up-tonneau-cover-w-led-bed-lights,"make:Dodge, make:Ram, model:1500, year:2019, year:2020, year:2021, year:2022, year:2023, year:2024, year:2025, year:2026",MERGE
2019-2024-ram-1500-lock-roll-up-tonneau-cover-6-4-ft-bed,"make:Dodge, make:Ram, model:1500, year:2019, year:2020, year:2021, year:2022, year:2023, year:2024, year:2025, year:2026",MERGE
2019-2024-ram-1500-tonneau-cover-led-bed-light-kit-6-4-ft,"make:Dodge, make:Ram, model:1500, year:2019, year:2020, year:2021, year:2022, year:2023, year:2024, year:2025, year:2026",MERGE
2019-2026-dodge-ram-1500-6-5-tri-fold-tonneau-cover-w-led-lights,"make:Dodge, make:Ram, model:1500, year:2019, year:2020, year:2021, year:2022, year:2023, year:2024, year:2025, year:2026",MERGE
1994-2002-dodge-ram-1500-2500-3500-roll-up-tonneau-cover-6-5-bed,"make:Dodge, make:Ram, model:Ram 1500, model:Ram 2500, model:Ram 3500, year:1994, year:1995, year:1996, year:1997, year:1998, year:1999, year:2000, year:2001, year:2002",MERGE
94-02-dodge-ram-1500-2500-3500-6-5-tonneau-cover-led-lights,"make:Dodge, make:Ram, model:Ram 1500, model:Ram 2500, model:Ram 3500, year:1994, year:1995, year:1996, year:1997, year:1998, year:1999, year:2000, year:2001, year:2002",MERGE
1994-2001-dodge-ram-1500-2500-3500-6-5-bed-hard-tri-fold-cover,"make:Dodge, make:Ram, model:Ram 1500, model:Ram 2500, model:Ram 3500, year:1994, year:1995, year:1996, year:1997, year:1998, year:1999, year:2000, year:2001, year:2002",MERGE
1994-2001-dodge-ram-1500-2500-3500-6-5-tri-fold-tonneau-cover-w-led,"make:Dodge, make:Ram, model:Ram 1500, model:Ram 2500, model:Ram 3500, year:1994, year:1995, year:1996, year:1997, year:1998, year:1999, year:2000, year:2001, year:2002",MERGE
2019-ford-ranger-5-bed-flush-roll-up-vinyl-tonneau-cover,"make:Ford, model:Ranger, year:2019, year:2020, year:2021, year:2022, year:2023",MERGE
2019-2024-ford-ranger-5-bed-roll-up-tonneau-cover-led-light-kit,"make:Ford, model:Ranger, year:2019, year:2020, year:2021, year:2022, year:2023",MERGE
2019-ford-ranger-5ft-bed-hard-tri-fold-tonneau-cover-2433106,"make:Ford, model:Ranger, year:2019, year:2020, year:2021, year:2022, year:2023",MERGE
2019-2024-ford-ranger-5ft-bed-tri-fold-tonneau-cover-w-led-lights,"make:Ford, model:Ranger, year:2019, year:2020, year:2021, year:2022, year:2023",MERGE
2019-ford-ranger-6-bed-flush-roll-up-vinyl-tonneau-cover,"make:Ford, model:Ranger, year:2019, year:2020, year:2021, year:2022, year:2023",MERGE
2019-2023-ford-ranger-6-bed-tonneau-cover-led-light-kit,"make:Ford, model:Ranger, year:2019, year:2020, year:2021, year:2022, year:2023",MERGE
2019-ford-ranger-6ft-bed-hard-tri-fold-tonneau-cover-low-profile,"make:Ford, model:Ranger, year:2019, year:2020, year:2021, year:2022, year:2023",MERGE
2019-2023-ford-ranger-6ft-bed-hard-tri-fold-tonneau-cover-w-led-lights,"make:Ford, model:Ranger, year:2019, year:2020, year:2021, year:2022, year:2023",MERGE
1993-2011-ford-ranger-6-bed-hard-tri-fold-tonneau-cover-243315,"make:Ford, make:Mazda, model:B2300, model:B2500, model:B3000, model:B4000, model:Ranger, year:1983, year:1984, year:1985, year:1986, year:1987, year:1988, year:1989, year:1990, year:1991, year:1992, year:1993, year:1994, year:1995, year:1996, year:1997, year:1998, year:1999, year:2000, year:2001, year:2002, year:2003, year:2004, year:2005, year:2006, year:2007, year:2008, year:2009, year:2010, year:2011",MERGE
1993-2011-ford-ranger-6-bed-tri-fold-tonneau-cover-w-led-lights,"make:Ford, make:Mazda, model:B2300, model:B2500, model:B3000, model:B4000, model:Ranger, year:1983, year:1984, year:1985, year:1986, year:1987, year:1988, year:1989, year:1990, year:1991, year:1992, year:1993, year:1994, year:1995, year:1996, year:1997, year:1998, year:1999, year:2000, year:2001, year:2002, year:2003, year:2004, year:2005, year:2006, year:2007, year:2008, year:2009, year:2010, year:2011",MERGE
1983-2011-ford-ranger-mazda-b-series-6-roll-up-tonneau-cover,"make:Ford, make:Mazda, model:B2300, model:B2500, model:B3000, model:B4000, model:Ranger, year:1983, year:1984, year:1985, year:1986, year:1987, year:1988, year:1989, year:1990, year:1991, year:1992, year:1993, year:1994, year:1995, year:1996, year:1997, year:1998, year:1999, year:2000, year:2001, year:2002, year:2003, year:2004, year:2005, year:2006, year:2007, year:2008, year:2009, year:2010, year:2011",MERGE
roll-up-tonneau-cover-w-led-bed-lights-6-bed-ranger-b-series,"make:Ford, make:Mazda, model:B2300, model:B2500, model:B3000, model:B4000, model:Ranger, year:1983, year:1984, year:1985, year:1986, year:1987, year:1988, year:1989, year:1990, year:1991, year:1992, year:1993, year:1994, year:1995, year:1996, year:1997, year:1998, year:1999, year:2000, year:2001, year:2002, year:2003, year:2004, year:2005, year:2006, year:2007, year:2008, year:2009, year:2010, year:2011",MERGE
1982-1993-chevy-s10-gmc-s15-sonoma-6-bed-roll-up-tonneau-cover,"make:Chevrolet, make:Chevy, make:GMC, model:S10, model:S15, model:Sonoma, year:1982, year:1983, year:1984, year:1985, year:1986, year:1987, year:1988, year:1989, year:1990, year:1991, year:1992, year:1993",MERGE
82-93-chevy-s10-gmc-s15-sonoma-6-roll-up-tonneau-cover-led-kit,"make:Chevrolet, make:Chevy, make:GMC, model:S10, model:S15, model:Sonoma, year:1982, year:1983, year:1984, year:1985, year:1986, year:1987, year:1988, year:1989, year:1990, year:1991, year:1992, year:1993",MERGE
1982-1993-chevy-s-10-gmc-sonoma-6-bed-hard-tri-fold-tonneau-cover,"make:Chevrolet, make:Chevy, make:GMC, model:S10, model:S15, model:Sonoma, year:1982, year:1983, year:1984, year:1985, year:1986, year:1987, year:1988, year:1989, year:1990, year:1991, year:1992, year:1993",MERGE
1982-1993-chevy-s10-gmc-s15-sonoma-6-tri-fold-tonneau-cover-w-led,"make:Chevrolet, make:Chevy, make:GMC, model:S10, model:S15, model:Sonoma, year:1982, year:1983, year:1984, year:1985, year:1986, year:1987, year:1988, year:1989, year:1990, year:1991, year:1992, year:1993",MERGE
94-03-chevy-s10-gmc-sonoma-isuzu-hombre-6-tonneau-cover,"make:Chevrolet, make:Chevy, make:GMC, make:Isuzu, model:Hombre, model:S10, model:Sonoma, year:1994, year:1995, year:1996, year:1997, year:1998, year:1999, year:2000, year:2001, year:2002, year:2003",MERGE
94-03-chevy-s10-gmc-sonoma-6-tonneau-cover-led-bed-light-kit,"make:Chevrolet, make:Chevy, make:GMC, make:Isuzu, model:Hombre, model:S10, model:Sonoma, year:1994, year:1995, year:1996, year:1997, year:1998, year:1999, year:2000, year:2001, year:2002, year:2003",MERGE
1994-2003-gmc-sonoma-isuzu-hombre-6-roll-up-tonneau-cover,"make:Chevrolet, make:Chevy, make:GMC, make:Isuzu, model:Hombre, model:S10, model:Sonoma, year:1994, year:1995, year:1996, year:1997, year:1998, year:1999, year:2000, year:2001, year:2002, year:2003",MERGE
94-03-chevy-s10-gmc-sonoma-6-roll-up-tonneau-cover-led-lights,"make:Chevrolet, make:Chevy, make:GMC, make:Isuzu, model:Hombre, model:S10, model:Sonoma, year:1994, year:1995, year:1996, year:1997, year:1998, year:1999, year:2000, year:2001, year:2002, year:2003",MERGE
1994-2004-chevy-s10-gmc-sonoma-6ft-hard-tri-fold-tonneau-cover,"make:Chevrolet, make:Chevy, make:GMC, make:Isuzu, model:Hombre, model:S10, model:Sonoma, year:1994, year:1995, year:1996, year:1997, year:1998, year:1999, year:2000, year:2001, year:2002, year:2003",MERGE
1994-2004-chevy-s10-gmc-sonoma-6ft-tri-fold-tonneau-cover-w-led,"make:Chevrolet, make:Chevy, make:GMC, make:Isuzu, model:Hombre, model:S10, model:Sonoma, year:1994, year:1995, year:1996, year:1997, year:1998, year:1999, year:2000, year:2001, year:2002, year:2003",MERGE
94-03-chevy-s10-gmc-sonoma-isuzu-hombre-6-tri-fold-tonneau-cover,"make:Chevrolet, make:Chevy, make:GMC, make:Isuzu, model:Hombre, model:S10, model:Sonoma, year:1994, year:1995, year:1996, year:1997, year:1998, year:1999, year:2000, year:2001, year:2002, year:2003",MERGE
94-03-chevy-s10-gmc-sonoma-6-tri-fold-tonneau-cover-led-light-kit,"make:Chevrolet, make:Chevy, make:GMC, make:Isuzu, model:Hombre, model:S10, model:Sonoma, year:1994, year:1995, year:1996, year:1997, year:1998, year:1999, year:2000, year:2001, year:2002, year:2003",MERGE
04-07-chevy-silverado-gmc-sierra-5-8-roll-up-tonneau-cover,"make:Chevrolet, make:Chevy, make:GMC, model:Sierra 1500, model:Sierra 1500 Classic, model:Sierra 1500 HD, model:Sierra 1500 HD Classic, model:Sierra 2500, model:Sierra 2500 HD, model:Sierra 2500 HD Classic, model:Sierra 3500, model:Sierra 3500 Classic, model:Silverado 1500, model:Silverado 1500 Classic, model:Silverado 1500 HD, model:Silverado 1500 HD Classic, model:Silverado 2500, model:Silverado 2500 HD, model:Silverado 2500 HD Classic, model:Silverado 3500, model:Silverado 3500 Classic, year:2004, year:2005, year:2006, year:2007",MERGE
04-07-chevy-silverado-gmc-sierra-5-8-roll-up-tonneau-cover-led-kit,"make:Chevrolet, make:Chevy, make:GMC, model:Sierra 1500, model:Sierra 1500 Classic, model:Sierra 1500 HD, model:Sierra 1500 HD Classic, model:Sierra 2500, model:Sierra 2500 HD, model:Sierra 2500 HD Classic, model:Sierra 3500, model:Sierra 3500 Classic, model:Silverado 1500, model:Silverado 1500 Classic, model:Silverado 1500 HD, model:Silverado 1500 HD Classic, model:Silverado 2500, model:Silverado 2500 HD, model:Silverado 2500 HD Classic, model:Silverado 3500, model:Silverado 3500 Classic, year:2004, year:2005, year:2006, year:2007",MERGE
04-07-chevy-silverado-sierra-5-8-hard-tri-fold-tonneau-cover,"make:Chevrolet, make:Chevy, make:GMC, model:Sierra 1500, model:Sierra 1500 Classic, model:Sierra 1500 HD, model:Sierra 1500 HD Classic, model:Sierra 2500, model:Sierra 2500 HD, model:Sierra 2500 HD Classic, model:Sierra 3500, model:Sierra 3500 Classic, model:Silverado 1500, model:Silverado 1500 Classic, model:Silverado 1500 HD, model:Silverado 1500 HD Classic, model:Silverado 2500, model:Silverado 2500 HD, model:Silverado 2500 HD Classic, model:Silverado 3500, model:Silverado 3500 Classic, year:2004, year:2005, year:2006, year:2007",MERGE
04-07-chevy-silverado-sierra-5-8-tri-fold-tonneau-cover-w-led-lights,"make:Chevrolet, make:Chevy, make:GMC, model:Sierra 1500, model:Sierra 1500 Classic, model:Sierra 1500 HD, model:Sierra 1500 HD Classic, model:Sierra 2500, model:Sierra 2500 HD, model:Sierra 2500 HD Classic, model:Sierra 3500, model:Sierra 3500 Classic, model:Silverado 1500, model:Silverado 1500 Classic, model:Silverado 1500 HD, model:Silverado 1500 HD Classic, model:Silverado 2500, model:Silverado 2500 HD, model:Silverado 2500 HD Classic, model:Silverado 3500, model:Silverado 3500 Classic, year:2004, year:2005, year:2006, year:2007",MERGE
07-14-silverado-sierra-5-8-bed-hidden-snap-tonneau-cover,"make:Chevrolet, make:Chevy, make:GMC, model:Sierra 1500, model:Sierra 2500 HD, model:Sierra 3500 HD, model:Silverado 1500, model:Silverado 2500, model:Silverado 2500 HD, model:Silverado 3500, model:Silverado 3500 HD, year:2007, year:2008, year:2009, year:2010, year:2011, year:2012, year:2013, year:2014",MERGE
07-14-silverado-sierra-5-8-tonneau-cover-w-led-bed-lights,"make:Chevrolet, make:Chevy, make:GMC, model:Sierra 1500, model:Sierra 2500 HD, model:Sierra 3500 HD, model:Silverado 1500, model:Silverado 2500, model:Silverado 2500 HD, model:Silverado 3500, model:Silverado 3500 HD, year:2007, year:2008, year:2009, year:2010, year:2011, year:2012, year:2013, year:2014",MERGE
07-14-chevy-silverado-gmc-sierra-5-8-roll-up-tonneau-cover,"make:Chevrolet, make:Chevy, make:GMC, model:Sierra 1500, model:Sierra 2500 HD, model:Sierra 3500 HD, model:Silverado 1500, model:Silverado 2500, model:Silverado 2500 HD, model:Silverado 3500, model:Silverado 3500 HD, year:2007, year:2008, year:2009, year:2010, year:2011, year:2012, year:2013, year:2014",MERGE
07-14-silverado-sierra-5-8-roll-up-tonneau-cover-w-led-lights,"make:Chevrolet, make:Chevy, make:GMC, model:Sierra 1500, model:Sierra 2500 HD, model:Sierra 3500 HD, model:Silverado 1500, model:Silverado 2500, model:Silverado 2500 HD, model:Silverado 3500, model:Silverado 3500 HD, year:2007, year:2008, year:2009, year:2010, year:2011, year:2012, year:2013, year:2014",MERGE
2007-2013-chevy-silverado-5-8ft-bed-hard-tri-fold-tonneau-cover,"make:Chevrolet, make:Chevy, make:GMC, model:Sierra 1500, model:Sierra 2500 HD, model:Sierra 3500 HD, model:Silverado 1500, model:Silverado 2500, model:Silverado 2500 HD, model:Silverado 3500, model:Silverado 3500 HD, year:2007, year:2008, year:2009, year:2010, year:2011, year:2012, year:2013, year:2014",MERGE
07-13-chevy-silverado-5-8ft-tri-fold-tonneau-cover-w-led-lights,"make:Chevrolet, make:Chevy, make:GMC, model:Sierra 1500, model:Sierra 2500 HD, model:Sierra 3500 HD, model:Silverado 1500, model:Silverado 2500, model:Silverado 2500 HD, model:Silverado 3500, model:Silverado 3500 HD, year:2007, year:2008, year:2009, year:2010, year:2011, year:2012, year:2013, year:2014",MERGE
07-14-chevy-silverado-gmc-sierra-6-5-hidden-snap-tonneau-cover,"make:Chevrolet, make:Chevy, make:GMC, model:Sierra 1500, model:Sierra 2500 HD, model:Sierra 3500 HD, model:Silverado 1500, model:Silverado 2500, model:Silverado 2500 HD, model:Silverado 3500, model:Silverado 3500 HD, year:2007, year:2008, year:2009, year:2010, year:2011, year:2012, year:2013, year:2014",MERGE
07-14-silverado-sierra-6-5-tonneau-cover-led-bed-light-kit,"make:Chevrolet, make:Chevy, make:GMC, model:Sierra 1500, model:Sierra 2500 HD, model:Sierra 3500 HD, model:Silverado 1500, model:Silverado 2500, model:Silverado 2500 HD, model:Silverado 3500, model:Silverado 3500 HD, year:2007, year:2008, year:2009, year:2010, year:2011, year:2012, year:2013, year:2014",MERGE
07-14-chevy-silverado-gmc-sierra-6-5-roll-up-tonneau-cover,"make:Chevrolet, make:Chevy, make:GMC, model:Sierra 1500, model:Sierra 2500 HD, model:Sierra 3500 HD, model:Silverado 1500, model:Silverado 2500, model:Silverado 2500 HD, model:Silverado 3500, model:Silverado 3500 HD, year:2007, year:2008, year:2009, year:2010, year:2011, year:2012, year:2013, year:2014",MERGE
07-14-silverado-sierra-6-5-roll-up-tonneau-cover-led-bed-lights,"make:Chevrolet, make:Chevy, make:GMC, model:Sierra 1500, model:Sierra 2500 HD, model:Sierra 3500 HD, model:Silverado 1500, model:Silverado 2500, model:Silverado 2500 HD, model:Silverado 3500, model:Silverado 3500 HD, year:2007, year:2008, year:2009, year:2010, year:2011, year:2012, year:2013, year:2014",MERGE
2007-2013-chevy-silverado-6-5ft-low-profile-hard-tri-fold-tonneau-cover,"make:Chevrolet, make:Chevy, make:GMC, model:Sierra 1500, model:Sierra 2500 HD, model:Sierra 3500 HD, model:Silverado 1500, model:Silverado 2500, model:Silverado 2500 HD, model:Silverado 3500, model:Silverado 3500 HD, year:2007, year:2008, year:2009, year:2010, year:2011, year:2012, year:2013, year:2014",MERGE
07-13-chevy-silverado-6-5ft-tri-fold-tonneau-cover-w-led-lights,"make:Chevrolet, make:Chevy, make:GMC, model:Sierra 1500, model:Sierra 2500 HD, model:Sierra 3500 HD, model:Silverado 1500, model:Silverado 2500, model:Silverado 2500 HD, model:Silverado 3500, model:Silverado 3500 HD, year:2007, year:2008, year:2009, year:2010, year:2011, year:2012, year:2013, year:2014",MERGE
2014-2018-chevy-silverado-gmc-sierra-5-8-flush-roll-up-tonneau-cover,"make:Chevrolet, make:Chevy, make:GMC, model:Sierra, model:Sierra 1500, model:Silverado 1500, year:2014, year:2015, year:2016, year:2017, year:2018",MERGE
2014-2018-chevy-silverado-gmc-sierra-5-8-tonneau-cover-led-kit,"make:Chevrolet, make:Chevy, make:GMC, model:Sierra, model:Sierra 1500, model:Silverado 1500, year:2014, year:2015, year:2016, year:2017, year:2018",MERGE
2014-2018-gmc-sierra-5-8-roll-up-vinyl-tonneau-cover-503360,"make:Chevrolet, make:Chevy, model:Silverado 1500, year:2014, year:2015, year:2016, year:2017, year:2018",MERGE
2014-2018-gmc-sierra-5-8-roll-up-tonneau-cover-w-led-bed-lights,"make:Chevrolet, make:Chevy, make:GMC, model:Sierra, model:Sierra 1500, model:Silverado 1500, year:2014, year:2015, year:2016, year:2017, year:2018",MERGE
2014-2018-chevy-silverado-gmc-sierra-5-8ft-hard-tri-fold-tonneau,"make:Chevrolet, make:Chevy, make:GMC, model:Sierra, model:Sierra 1500, model:Silverado 1500, year:2014, year:2015, year:2016, year:2017, year:2018",MERGE
2014-2018-silverado-sierra-5-8ft-hard-tri-fold-tonneau-cover-led,"make:Chevrolet, make:Chevy, make:GMC, model:Sierra 1500, model:Silverado 1500, year:2014, year:2015, year:2016, year:2017, year:2018",MERGE
2014-2018-chevy-silverado-gmc-sierra-5-8-tri-fold-tonneau-cover,"make:Chevrolet, make:Chevy, make:GMC, model:Sierra, model:Sierra 1500, model:Silverado 1500, year:2014, year:2015, year:2016, year:2017, year:2018",MERGE
2014-2018-silverado-sierra-5-8-tri-fold-tonneau-cover-w-led-lights,"make:Chevrolet, make:Chevy, make:GMC, model:Sierra, model:Sierra 1500, model:Silverado 1500, year:2014, year:2015, year:2016, year:2017, year:2018",MERGE
2014-2019-gmc-sierra-6-5-roll-up-vinyl-tonneau-cover-503361,"make:Chevrolet, make:Chevy, make:GMC, model:Sierra 1500, model:Sierra 1500 Limited, model:Sierra 2500 HD, model:Sierra 3500 HD, model:Silverado 1500, model:Silverado 1500 LD, model:Silverado 2500, model:Silverado 2500 HD, model:Silverado 3500, model:Silverado 3500 HD, year:2014, year:2015, year:2016, year:2017, year:2018, year:2019",MERGE
2014-2019-gmc-sierra-6-5-roll-up-tonneau-cover-w-led-bed-lights,"make:Chevrolet, make:Chevy, make:GMC, model:Sierra 1500, model:Sierra 1500 Limited, model:Sierra 2500 HD, model:Sierra 3500 HD, model:Silverado 1500, model:Silverado 1500 LD, model:Silverado 2500, model:Silverado 2500 HD, model:Silverado 3500, model:Silverado 3500 HD, year:2014, year:2015, year:2016, year:2017, year:2018, year:2019",MERGE
2014-2018-chevy-silverado-gmc-sierra-6-5ft-hard-tri-fold-tonneau,"make:Chevrolet, make:Chevy, make:GMC, model:Sierra 1500, model:Sierra 1500 Limited, model:Sierra 2500 HD, model:Sierra 3500 HD, model:Silverado 1500, model:Silverado 1500 LD, model:Silverado 2500, model:Silverado 2500 HD, model:Silverado 3500, model:Silverado 3500 HD, year:2014, year:2015, year:2016, year:2017, year:2018, year:2019",MERGE
2014-2018-silverado-sierra-6-5ft-hard-tri-fold-tonneau-cover-w-led,"make:Chevrolet, make:Chevy, make:GMC, model:Sierra 1500, model:Sierra 1500 Limited, model:Sierra 2500 HD, model:Sierra 3500 HD, model:Silverado 1500, model:Silverado 1500 LD, model:Silverado 2500, model:Silverado 2500 HD, model:Silverado 3500, model:Silverado 3500 HD, year:2014, year:2015, year:2016, year:2017, year:2018, year:2019",MERGE
2019-chevy-silverado-gmc-sierra-1500-5-8-flush-roll-up-tonneau-cover,"make:Chevrolet, make:Chevy, make:GMC, model:Sierra 1500, model:Sierra 1500 Limited, model:Silverado 1500, model:Silverado 1500 LTD, year:2019, year:2020, year:2021, year:2022, year:2023, year:2024, year:2025, year:2026",MERGE
2019-chevy-silverado-gmc-sierra-1500-5-8-tonneau-cover-led-kit,"make:Chevrolet, make:Chevy, make:GMC, model:Sierra 1500, model:Sierra 1500 Limited, model:Silverado 1500, model:Silverado 1500 LTD, year:2019, year:2020, year:2021, year:2022, year:2023, year:2024, year:2025, year:2026",MERGE
2019-chevy-silverado-gmc-sierra-5-8ft-hard-tri-fold-tonneau-cover,"make:Chevrolet, make:Chevy, make:GMC, model:Sierra 1500, model:Sierra 1500 Limited, model:Silverado 1500, model:Silverado 1500 LTD, year:2019, year:2020, year:2021, year:2022, year:2023, year:2024, year:2025, year:2026",MERGE
2019-chevy-silverado-gmc-sierra-5-8ft-tri-fold-tonneau-cover-w-led,"make:Chevrolet, make:Chevy, make:GMC, model:Sierra 1500, model:Sierra 1500 Limited, model:Silverado 1500, model:Silverado 1500 LTD, year:2019, year:2020, year:2021, year:2022, year:2023, year:2024, year:2025, year:2026",MERGE
2019-chevy-silverado-gmc-sierra-1500-6-5-flush-roll-up-tonneau-cover,"make:Chevrolet, make:Chevy, make:GMC, model:Sierra 1500, model:Sierra 1500 Limited, model:Silverado 1500, model:Silverado 1500 LTD, year:2019, year:2020, year:2021, year:2022, year:2023, year:2024, year:2025, year:2026",MERGE
2019-chevy-silverado-gmc-sierra-1500-6-5-tonneau-cover-led-kit,"make:Chevrolet, make:Chevy, make:GMC, model:Sierra 1500, model:Sierra 1500 Limited, model:Silverado 1500, model:Silverado 1500 LTD, year:2019, year:2020, year:2021, year:2022, year:2023, year:2024, year:2025, year:2026",MERGE
2019-chevy-silverado-gmc-sierra-6-5ft-hard-tri-fold-tonneau-cover,"make:Chevrolet, make:Chevy, make:GMC, model:Sierra 1500, model:Sierra 1500 Limited, model:Silverado 1500, model:Silverado 1500 LTD, year:2019, year:2020, year:2021, year:2022, year:2023, year:2024, year:2025, year:2026",MERGE
2019-chevy-silverado-gmc-sierra-6-5-tri-fold-tonneau-cover-w-led,"make:Chevrolet, make:Chevy, make:GMC, model:Sierra 1500, model:Sierra 1500 Limited, model:Silverado 1500, model:Silverado 1500 LTD, year:2019, year:2020, year:2021, year:2022, year:2023, year:2024, year:2025, year:2026",MERGE
99-07-chevy-silverado-gmc-sierra-6-5-roll-up-tonneau-cover,"make:Chevrolet, make:Chevy, make:GMC, model:Sierra 1500, model:Sierra 1500 Classic, model:Sierra 1500 HD, model:Sierra 1500 HD Classic, model:Sierra 2500, model:Sierra 2500 HD, model:Sierra 2500 HD Classic, model:Sierra 3500, model:Sierra 3500 Classic, model:Silverado, model:Silverado 1500, model:Silverado 1500 Classic, model:Silverado 1500 HD, model:Silverado 1500 HD Classic, model:Silverado 2500, model:Silverado 2500 HD, model:Silverado 2500 HD Classic, model:Silverado 3500, model:Silverado 3500 Classic, year:1999, year:2000, year:2001, year:2002, year:2003, year:2004, year:2005, year:2006, year:2007",MERGE
99-07-chevy-silverado-gmc-sierra-6-5-roll-up-tonneau-cover-w-led,"make:Chevrolet, make:Chevy, make:GMC, model:Sierra 1500, model:Sierra 1500 Classic, model:Sierra 1500 HD, model:Sierra 1500 HD Classic, model:Sierra 2500, model:Sierra 2500 HD, model:Sierra 2500 HD Classic, model:Sierra 3500, model:Sierra 3500 Classic, model:Silverado, model:Silverado 1500, model:Silverado 1500 Classic, model:Silverado 1500 HD, model:Silverado 1500 HD Classic, model:Silverado 2500, model:Silverado 2500 HD, model:Silverado 2500 HD Classic, model:Silverado 3500, model:Silverado 3500 Classic, year:1999, year:2000, year:2001, year:2002, year:2003, year:2004, year:2005, year:2006, year:2007",MERGE
2005-2015-toyota-tacoma-5-bed-roll-up-tonneau-cover-503322,"make:Toyota, model:Tacoma, year:2005, year:2006, year:2007, year:2008, year:2009, year:2010, year:2011, year:2012, year:2013, year:2014, year:2015",MERGE
2005-2015-toyota-tacoma-6-bed-tri-fold-tonneau-cover-303345,"make:Toyota, model:Tacoma, year:2005, year:2006, year:2007, year:2008, year:2009, year:2010, year:2011, year:2012, year:2013, year:2014, year:2015",MERGE
05-15-toyota-tacoma-5-bed-tonneau-cover-led-light-kit-combo,"make:Toyota, model:Tacoma, year:2005, year:2006, year:2007, year:2008, year:2009, year:2010, year:2011, year:2012, year:2013, year:2014, year:2015",MERGE
2005-2015-toyota-tacoma-6-tri-fold-tonneau-cover-led-bed-lights,"make:Toyota, model:Tacoma, year:2005, year:2006, year:2007, year:2008, year:2009, year:2010, year:2011, year:2012, year:2013, year:2014, year:2015",MERGE
2016-2023-toyota-tacoma-5-bed-soft-roll-up-tonneau-cover,"make:Toyota, model:Tacoma, year:2016, year:2017, year:2018, year:2019, year:2020, year:2021, year:2022, year:2023",MERGE
2016-2023-toyota-tacoma-5-bed-tonneau-cover-led-light-combo,"make:Toyota, model:Tacoma, year:2016, year:2017, year:2018, year:2019, year:2020, year:2021, year:2022, year:2023",MERGE
2016-toyota-tacoma-5ft-bed-hard-tri-fold-tonneau-cover-low-profile,"make:Toyota, model:Tacoma, year:2016, year:2017, year:2018, year:2019, year:2020, year:2021, year:2022, year:2023",MERGE
2016-2023-toyota-tacoma-5ft-bed-hard-tri-fold-tonneau-cover-led,"make:Toyota, model:Tacoma, year:2016, year:2017, year:2018, year:2019, year:2020, year:2021, year:2022, year:2023",MERGE
2016-toyota-tacoma-6-bed-flush-roll-up-vinyl-tonneau-cover,"make:Toyota, model:Tacoma, year:2016, year:2017, year:2018, year:2019, year:2020, year:2021, year:2022, year:2023",MERGE
2016-2024-toyota-tacoma-6-bed-roll-up-tonneau-cover-led-light-kit,"make:Toyota, model:Tacoma, year:2016, year:2017, year:2018, year:2019, year:2020, year:2021, year:2022, year:2023",MERGE
2016-2023-toyota-tacoma-6-bed-soft-roll-up-tonneau-cover,"make:Toyota, model:Tacoma, year:2016, year:2017, year:2018, year:2019, year:2020, year:2021, year:2022, year:2023",MERGE
2016-2023-toyota-tacoma-6-bed-tonneau-cover-led-light-combo,"make:Toyota, model:Tacoma, year:2016, year:2017, year:2018, year:2019, year:2020, year:2021, year:2022, year:2023",MERGE
2016-2023-toyota-tacoma-6-bed-soft-roll-up-tonneau-cover-1,"make:Toyota, model:Tacoma, year:2016, year:2017, year:2018, year:2019, year:2020, year:2021, year:2022, year:2023",MERGE
2016-2023-toyota-tacoma-6-bed-roll-up-tonneau-cover-w-led-lights,"make:Toyota, model:Tacoma, year:2016, year:2017, year:2018, year:2019, year:2020, year:2021, year:2022, year:2023",MERGE
2024-toyota-tacoma-hidden-snap-tonneau-cover-5-bed,"make:Toyota, model:Tacoma, year:2024, year:2025, year:2026",MERGE
2024-toyota-tacoma-low-profile-roll-up-tonneau-cover-5-bed,"make:Toyota, model:Tacoma, year:2024, year:2025, year:2026",MERGE
2024-2025-toyota-tacoma-5-bed-low-profile-hard-tri-fold-cover,"make:Toyota, model:Tacoma, year:2024, year:2025, year:2026",MERGE
1989-2004-toyota-tacoma-pickup-6-bed-roll-up-tonneau-cover,"make:Toyota, model:Pickup, model:Tacoma, year:1989, year:1990, year:1991, year:1992, year:1993, year:1994, year:1995, year:1996, year:1997, year:1998, year:1999, year:2000, year:2001, year:2002, year:2003, year:2004",MERGE
1989-2004-toyota-tacoma-pickup-6-roll-up-tonneau-cover-led-lights,"make:Toyota, model:Pickup, model:Tacoma, year:1989, year:1990, year:1991, year:1992, year:1993, year:1994, year:1995, year:1996, year:1997, year:1998, year:1999, year:2000, year:2001, year:2002, year:2003, year:2004",MERGE
1995-2004-toyota-tacoma-6ft-bed-hard-tri-fold-tonneau-cover,"make:Toyota, model:Pickup, model:Tacoma, year:1989, year:1990, year:1991, year:1992, year:1993, year:1994, year:1995, year:1996, year:1997, year:1998, year:1999, year:2000, year:2001, year:2002, year:2003, year:2004",MERGE
1995-2004-toyota-tacoma-6ft-bed-hard-tri-fold-tonneau-cover-w-led,"make:Toyota, model:Pickup, model:Tacoma, year:1989, year:1990, year:1991, year:1992, year:1993, year:1994, year:1995, year:1996, year:1997, year:1998, year:1999, year:2000, year:2001, year:2002, year:2003, year:2004",MERGE
2004-2015-nissan-titan-5-5-roll-up-vinyl-tonneau-cover,"make:Nissan, model:Titan, year:2004, year:2005, year:2006, year:2007, year:2008, year:2009, year:2010, year:2011, year:2012, year:2013, year:2014, year:2015",MERGE
04-15-nissan-titan-5-5-roll-up-tonneau-cover-w-led-bed-lights,"make:Nissan, model:Titan, year:2004, year:2005, year:2006, year:2007, year:2008, year:2009, year:2010, year:2011, year:2012, year:2013, year:2014, year:2015",MERGE
2004-2015-nissan-titan-5-5ft-hard-tri-fold-tonneau-cover,"make:Nissan, model:Titan, year:2004, year:2005, year:2006, year:2007, year:2008, year:2009, year:2010, year:2011, year:2012, year:2013, year:2014, year:2015",MERGE
2004-2015-nissan-titan-5-5ft-tri-fold-tonneau-cover-w-led-lights,"make:Nissan, model:Titan, year:2004, year:2005, year:2006, year:2007, year:2008, year:2009, year:2010, year:2011, year:2012, year:2013, year:2014, year:2015",MERGE
2004-2015-nissan-titan-6-5-hidden-snap-soft-roll-up-tonneau-cover,"make:Nissan, model:Titan, year:2004, year:2005, year:2006, year:2007, year:2008, year:2009, year:2010, year:2011, year:2012, year:2013, year:2014, year:2015",MERGE
04-15-nissan-titan-6-5-tonneau-cover-led-bed-light-combo,"make:Nissan, model:Titan, year:2004, year:2005, year:2006, year:2007, year:2008, year:2009, year:2010, year:2011, year:2012, year:2013, year:2014, year:2015",MERGE
2004-2015-nissan-titan-6-5-bed-roll-up-vinyl-tonneau-cover,"make:Nissan, model:Titan, year:2004, year:2005, year:2006, year:2007, year:2008, year:2009, year:2010, year:2011, year:2012, year:2013, year:2014, year:2015",MERGE
2004-2015-nissan-titan-6-5-roll-up-tonneau-cover-w-led-bed-lights,"make:Nissan, model:Titan, year:2004, year:2005, year:2006, year:2007, year:2008, year:2009, year:2010, year:2011, year:2012, year:2013, year:2014, year:2015",MERGE
2004-2015-nissan-titan-6-5ft-low-profile-hard-tri-fold-tonneau-cover,"make:Nissan, model:Titan, year:2004, year:2005, year:2006, year:2007, year:2008, year:2009, year:2010, year:2011, year:2012, year:2013, year:2014, year:2015",MERGE
2004-2015-nissan-titan-6-5-hard-tri-fold-tonneau-cover-w-led,"make:Nissan, model:Titan, year:2004, year:2005, year:2006, year:2007, year:2008, year:2009, year:2010, year:2011, year:2012, year:2013, year:2014, year:2015",MERGE
2004-2015-nissan-titan-6-5-bed-soft-tri-fold-tonneau-cover,"make:Nissan, model:Titan, year:2004, year:2005, year:2006, year:2007, year:2008, year:2009, year:2010, year:2011, year:2012, year:2013, year:2014, year:2015",MERGE
2004-2015-nissan-titan-6-5-soft-tri-fold-tonneau-cover-w-led-kit,"make:Nissan, model:Titan, year:2004, year:2005, year:2006, year:2007, year:2008, year:2009, year:2010, year:2011, year:2012, year:2013, year:2014, year:2015",MERGE
2016-nissan-titan-5-5-bed-flush-roll-up-vinyl-tonneau-cover,"make:Nissan, model:TITAN, year:2017, year:2018, year:2019, year:2020, year:2021, year:2022, year:2023, year:2024",MERGE
2016-nissan-titan-5-5-flush-roll-up-tonneau-cover-w-led-lights,"make:Nissan, model:TITAN, year:2017, year:2018, year:2019, year:2020, year:2021, year:2022, year:2023, year:2024",MERGE
2017-2024-nissan-titan-5-5-soft-roll-up-tonneau-cover-503334,"make:Nissan, model:TITAN, year:2017, year:2018, year:2019, year:2020, year:2021, year:2022, year:2023, year:2024",MERGE
2017-2024-nissan-titan-5-5-soft-roll-up-tonneau-cover-led-kit,"make:Nissan, model:TITAN, year:2017, year:2018, year:2019, year:2020, year:2021, year:2022, year:2023, year:2024",MERGE
2016-nissan-titan-5-5ft-bed-low-profile-hard-tri-fold-tonneau-cover,"make:Nissan, model:TITAN, year:2017, year:2018, year:2019, year:2020, year:2021, year:2022, year:2023, year:2024",MERGE
2016-nissan-titan-5-5ft-tonneau-cover-w-led-bed-lights-combo,"make:Nissan, model:TITAN, year:2017, year:2018, year:2019, year:2020, year:2021, year:2022, year:2023, year:2024",MERGE
2017-2024-nissan-titan-5-5-soft-tri-fold-tonneau-cover-303334,"make:Nissan, model:TITAN, year:2017, year:2018, year:2019, year:2020, year:2021, year:2022, year:2023, year:2024",MERGE
2017-2024-nissan-titan-5-5-tri-fold-tonneau-cover-led-light-kit,"make:Nissan, model:TITAN, year:2017, year:2018, year:2019, year:2020, year:2021, year:2022, year:2023, year:2024",MERGE
2016-2024-nissan-titan-6-5-soft-roll-up-tonneau-cover-503330,"make:Nissan, model:TITAN, model:TITAN XD, year:2016, year:2017, year:2018, year:2019, year:2020, year:2021, year:2022, year:2023, year:2024",MERGE
2016-2024-nissan-titan-6-5-soft-roll-up-cover-led-light-kit,"make:Nissan, model:TITAN, model:TITAN XD, year:2016, year:2017, year:2018, year:2019, year:2020, year:2021, year:2022, year:2023, year:2024",MERGE
2016-nissan-titan-6-5ft-bed-hard-tri-fold-tonneau-cover-243330,"make:Nissan, model:TITAN, model:TITAN XD, year:2016, year:2017, year:2018, year:2019, year:2020, year:2021, year:2022, year:2023, year:2024",MERGE
2016-nissan-titan-6-5-tonneau-cover-led-bed-light-combo-kit,"make:Nissan, model:TITAN, model:TITAN XD, year:2016, year:2017, year:2018, year:2019, year:2020, year:2021, year:2022, year:2023, year:2024",MERGE
2000-2006-toyota-tundra-6-2-hard-tri-fold-tonneau-cover-243326,"make:Toyota, model:Tundra, year:2000, year:2001, year:2002, year:2003, year:2004, year:2005, year:2006",MERGE
2000-2006-toyota-tundra-6-2ft-tri-fold-tonneau-cover-w-led-lights,"make:Toyota, model:Tundra, year:2000, year:2001, year:2002, year:2003, year:2004, year:2005, year:2006",MERGE
2004-2006-toyota-tundra-6-5-bed-roll-up-tonneau-cover-503325,"make:Toyota, model:Tundra, year:2004, year:2005, year:2006",MERGE
2004-2006-toyota-tundra-roll-up-tonneau-cover-w-led-bed-lights,"make:Toyota, model:Tundra, year:2004, year:2005, year:2006",MERGE
2007-2016-toyota-tundra-5-5-bed-soft-roll-up-tonneau-cover,"make:Toyota, model:Tundra, year:2007, year:2008, year:2009, year:2010, year:2011, year:2012, year:2013, year:2014, year:2015, year:2016",MERGE
07-16-toyota-tundra-5-5-bed-tonneau-cover-w-led-lights-kit,"make:Toyota, model:Tundra, year:2007, year:2008, year:2009, year:2010, year:2011, year:2012, year:2013, year:2014, year:2015, year:2016",MERGE
2007-2016-toyota-tundra-5-5-bed-roll-up-tonneau-cover-503337,"make:Toyota, model:Tundra, year:2007, year:2008, year:2009, year:2010, year:2011, year:2012, year:2013, year:2014, year:2015, year:2016",MERGE
2007-2016-toyota-tundra-roll-up-tonneau-cover-w-led-bed-lights,"make:Toyota, model:Tundra, year:2007, year:2008, year:2009, year:2010, year:2011, year:2012, year:2013, year:2014, year:2015, year:2016",MERGE
2007-2013-toyota-tundra-5-5ft-bed-hard-tri-fold-tonneau-cover,"make:Toyota, model:Tundra, year:2007, year:2008, year:2009, year:2010, year:2011, year:2012, year:2013, year:2014, year:2015, year:2016",MERGE
2007-2013-toyota-tundra-5-5ft-bed-hard-tri-fold-tonneau-cover-leds,"make:Toyota, model:Tundra, year:2007, year:2008, year:2009, year:2010, year:2011, year:2012, year:2013, year:2014, year:2015, year:2016",MERGE
2007-2016-toyota-tundra-5-5-bed-tri-fold-tonneau-cover-303337,"make:Toyota, model:Tundra, year:2007, year:2008, year:2009, year:2010, year:2011, year:2012, year:2013, year:2014, year:2015, year:2016",MERGE
2007-2016-toyota-tundra-tri-fold-tonneau-cover-w-led-bed-lights,"make:Toyota, model:Tundra, year:2007, year:2008, year:2009, year:2010, year:2011, year:2012, year:2013, year:2014, year:2015, year:2016",MERGE
2007-2016-toyota-tundra-6-5-bed-soft-roll-up-tonneau-cover,"make:Toyota, model:Tundra, year:2007, year:2008, year:2009, year:2010, year:2011, year:2012, year:2013, year:2014, year:2015, year:2016",MERGE
2007-2016-toyota-tundra-6-5-tonneau-cover-led-bed-light-kit,"make:Toyota, model:Tundra, year:2007, year:2008, year:2009, year:2010, year:2011, year:2012, year:2013, year:2014, year:2015, year:2016",MERGE
2007-2016-toyota-tundra-6-5-bed-roll-up-vinyl-tonneau-cover,"make:Toyota, model:Tundra, year:2007, year:2008, year:2009, year:2010, year:2011, year:2012, year:2013, year:2014, year:2015, year:2016",MERGE
07-16-toyota-tundra-6-5-roll-up-tonneau-cover-led-bed-lights,"make:Toyota, model:Tundra, year:2007, year:2008, year:2009, year:2010, year:2011, year:2012, year:2013, year:2014, year:2015, year:2016",MERGE
2007-2013-toyota-tundra-6-5-ft-bed-hard-tri-fold-tonneau-cover,"make:Toyota, model:Tundra, year:2007, year:2008, year:2009, year:2010, year:2011, year:2012, year:2013, year:2014, year:2015, year:2016",MERGE
2007-2013-toyota-tundra-6-5ft-tri-fold-tonneau-cover-w-led-lights,"make:Toyota, model:Tundra, year:2007, year:2008, year:2009, year:2010, year:2011, year:2012, year:2013, year:2014, year:2015, year:2016",MERGE
2014-2021-toyota-tundra-5-5-bed-soft-roll-up-tonneau-cover,"make:Toyota, model:Tundra, year:2014, year:2015, year:2016, year:2017, year:2018, year:2019, year:2020, year:2021",MERGE
2014-2021-toyota-tundra-5-5-bed-tonneau-cover-w-led-lights,"make:Toyota, model:Tundra, year:2014, year:2015, year:2016, year:2017, year:2018, year:2019, year:2020, year:2021",MERGE
2014-2021-toyota-tundra-5-5-bed-roll-up-tonneau-cover-503364,"make:Toyota, model:Tundra, year:2014, year:2015, year:2016, year:2017, year:2018, year:2019, year:2020, year:2021",MERGE
2014-2021-toyota-tundra-5-5-roll-up-tonneau-cover-led-light-kit,"make:Toyota, model:Tundra, year:2014, year:2015, year:2016, year:2017, year:2018, year:2019, year:2020, year:2021",MERGE
2014-toyota-tundra-5-5ft-bed-hard-tri-fold-tonneau-cover-243364,"make:Toyota, model:Tundra, year:2014, year:2015, year:2016, year:2017, year:2018, year:2019, year:2020, year:2021",MERGE
2014-2021-toyota-tundra-5-5-bed-tri-fold-tonneau-cover-w-led-lights,"make:Toyota, model:Tundra, year:2004, year:2005, year:2006, year:2007, year:2008, year:2009, year:2010, year:2011, year:2012, year:2013, year:2014, year:2015, year:2016, year:2017, year:2018, year:2019, year:2020, year:2021",MERGE
2014-2021-toyota-tundra-6-5-bed-soft-roll-up-tonneau-cover,"make:Toyota, model:Tundra, year:2014, year:2015, year:2016, year:2017, year:2018, year:2019, year:2020, year:2021",MERGE
2014-2021-toyota-tundra-6-5-tonneau-cover-w-led-bed-lights,"make:Toyota, model:Tundra, year:2014, year:2015, year:2016, year:2017, year:2018, year:2019, year:2020, year:2021",MERGE
2014-2021-toyota-tundra-6-5-bed-roll-up-tonneau-cover-503365,"make:Toyota, model:Tundra, year:2014, year:2015, year:2016, year:2017, year:2018, year:2019, year:2020, year:2021",MERGE
2014-2021-toyota-tundra-6-5-roll-up-tonneau-cover-w-led-lights,"make:Toyota, model:Tundra, year:2014, year:2015, year:2016, year:2017, year:2018, year:2019, year:2020, year:2021",MERGE
2014-toyota-tundra-6-5ft-bed-hard-tri-fold-tonneau-cover-243365,"make:Toyota, model:Tundra, year:2014, year:2015, year:2016, year:2017, year:2018, year:2019, year:2020, year:2021",MERGE
2014-toyota-tundra-6-5-bed-low-profile-hard-tri-fold-tonneau-cover-w-led,"make:Toyota, model:Tundra, year:2004, year:2005, year:2006, year:2007, year:2008, year:2009, year:2010, year:2011, year:2012, year:2013, year:2014, year:2015, year:2016, year:2017, year:2018, year:2019, year:2020, year:2021",MERGE
2014-2021-toyota-tundra-6-5-bed-soft-tri-fold-tonneau-cover,"make:Toyota, model:Tundra, year:2014, year:2015, year:2016, year:2017, year:2018, year:2019, year:2020, year:2021",MERGE
2014-2021-toyota-tundra-6-5-soft-tri-fold-tonneau-cover-w-led-lights,"make:Toyota, model:Tundra, year:2014, year:2015, year:2016, year:2017, year:2018, year:2019, year:2020, year:2021",MERGE
2022-2025-toyota-tundra-5-5-bed-tonneau-cover-led-light-kit,"make:Toyota, model:Tundra, year:2022, year:2023, year:2024, year:2025, year:2026",MERGE
2008-2017-buick-enclave-chevy-traverse-class-3-hitch-kit-curt,"make:Buick, make:Chevrolet, make:Chevy, make:GMC, make:Saturn, model:Acadia, model:Acadia Limited, model:Enclave, model:Outlook, model:Traverse, year:2007, year:2008, year:2009, year:2010, year:2011, year:2012, year:2013, year:2014, year:2015, year:2016, year:2017",MERGE
04-15-nissan-armada-infiniti-qx56-trailer-hitch-kit-curt,"make:Infiniti, make:Nissan, model:Armada, model:Pathfinder Armada, model:QX56, year:2004, year:2005, year:2006, year:2007, year:2008, year:2009, year:2010, year:2011, year:2012, year:2013, year:2014, year:2015",MERGE
1988-2000-gmc-c-k-series-class-4-trailer-hitch-w-ball-mount,"make:Chevrolet, make:Chevy, model:C1500, model:C2500, model:C3500, model:K1500, model:K2500, model:K3500, year:1992, year:1993, year:1995, year:1998, year:1999",MERGE
04-07-chrysler-town-country-class-3-trailer-hitch-ball-mount-curt,"make:Chrysler, make:Dodge, make:Ram, model:Caravan, model:Grand Caravan, model:Town & Country, year:2004, year:2005, year:2006, year:2007",MERGE
curt-class-3-trailer-hitch-ball-mount-combo-town-country,"make:Chrysler, make:Dodge, make:Plymouth, make:Ram, model:Caravan, model:Grand Caravan, model:Town & Country, model:Voyager, year:1996, year:1997, year:1998, year:1999, year:2000, year:2001, year:2002, year:2003, year:2004, year:2005, year:2006, year:2007",MERGE
curt-class-3-trailer-hitch-w-ball-mount-ram-c-v-vw-routan,"make:Chrysler, make:Dodge, make:Ram, make:Volkswagen, model:C/V, model:Grand Caravan, model:Routan, model:Town & Country, year:2008, year:2009, year:2010, year:2011, year:2012, year:2013, year:2014, year:2015, year:2016, year:2017, year:2018, year:2019, year:2020",MERGE
2018-2023-subaru-crosstrek-trailer-hitch-ball-mount-combo,"make:Subaru, model:Crosstrek, year:2018, year:2019, year:2020, year:2021, year:2022, year:2023",MERGE
2002-2006-honda-cr-v-class-3-trailer-hitch-w-ball-mount-curt,"make:Honda, model:CR-V, year:2002, year:2003, year:2004, year:2005, year:2006",MERGE
2007-2011-honda-cr-v-class-3-trailer-hitch-w-ball-mount-curt,"make:Honda, model:CR-V, year:2007, year:2008, year:2009, year:2010, year:2011",MERGE
2012-2016-honda-cr-v-class-3-trailer-hitch-w-ball-mount-curt,"make:Honda, model:CR-V, year:2012, year:2013, year:2014, year:2015, year:2016",MERGE
2004-2009-dodge-durango-chrysler-aspen-class-3-trailer-hitch-kit,"make:Chrysler, make:Dodge, make:Ram, model:Aspen, model:Durango, year:2004, year:2005, year:2006, year:2007, year:2008, year:2009",MERGE
2012-2022-jeep-grand-cherokee-class-3-trailer-hitch-combo-curt,"make:Dodge, make:Jeep, make:Ram, model:Durango, model:Grand Cherokee, model:Grand Cherokee WK, year:2011, year:2012, year:2013, year:2014, year:2015, year:2016, year:2017, year:2018, year:2019, year:2020, year:2021, year:2022, year:2023, year:2024, year:2025, year:2026",MERGE
1998-2003-dodge-durango-class-3-trailer-hitch-w-ball-mount-curt,"make:Dodge, make:Ram, model:Durango, year:1998, year:1999, year:2000, year:2001, year:2002, year:2003",MERGE
2000-2014-ford-e-series-class-4-trailer-hitch-w-ball-mount-curt,"make:Ford, model:E-150, model:E-150 Econoline, model:E-250, model:E-250 Econoline, model:E-350 Super Duty, year:2000, year:2001, year:2002, year:2003, year:2004, year:2005, year:2006, year:2007, year:2008, year:2009, year:2010, year:2011, year:2012, year:2013, year:2014",MERGE
2007-2015-ford-edge-lincoln-mkx-class-3-trailer-hitch-ball-mount,"make:Ford, make:Lincoln, model:Edge, model:MKX, year:2007, year:2008, year:2009, year:2010, year:2011, year:2012, year:2013, year:2014, year:2015",MERGE
curt-class-3-trailer-hitch-ball-mount-combo-black,"make:Chevrolet, make:Chevy, make:GMC, make:Pontiac, make:Saturn, model:Equinox, model:Terrain, model:Torrent, model:Vue, year:2002, year:2003, year:2004, year:2005, year:2006, year:2007, year:2008, year:2009, year:2010, year:2011, year:2012, year:2013, year:2014, year:2015, year:2016, year:2017",MERGE
2005-2006-chevy-equinox-class-3-trailer-hitch-wiring-combo,"make:Chevrolet, make:Chevy, make:Pontiac, model:Equinox, model:Torrent, year:2005, year:2006",MERGE
05-12-ford-escape-class-3-trailer-hitch-ball-mount-combo-curt,"make:Ford, make:Mazda, make:Mercury, model:Escape, model:Mariner, model:Tribute, year:2005, year:2006, year:2007, year:2008, year:2009, year:2010, year:2011, year:2012",MERGE
2013-2019-ford-escape-class-3-trailer-hitch-black-mpn-13186,"make:Ford, model:Escape, year:2013, year:2014, year:2015, year:2016, year:2017, year:2018, year:2019",MERGE
2013-2019-ford-escape-class-3-trailer-hitch-w-ball-mount-curt,"make:Ford, model:Escape, year:2013, year:2014, year:2015, year:2016, year:2017, year:2018, year:2019",MERGE
2013-2019-ford-escape-class-3-trailer-hitch-black-13131,"make:Ford, model:Escape, year:2013, year:2014, year:2015, year:2016, year:2017, year:2018, year:2019",MERGE
1996-2026-gmc-savana-class-3-trailer-hitch-black-13040,"make:Chevrolet, make:Chevy, model:Express 1500, model:Express 2500, model:Express 3500, year:1996, year:1997, year:1998, year:1999, year:2000, year:2001, year:2002, year:2003, year:2004, year:2005, year:2006, year:2007, year:2008, year:2009, year:2010, year:2011, year:2012, year:2013, year:2014, year:2015, year:2016, year:2017, year:2018, year:2019, year:2020, year:2021, year:2022, year:2023, year:2024, year:2025, year:2026",MERGE
gmc-savana-class-3-trailer-hitch-w-ball-mount-combo-curt,"make:Chevrolet, make:Chevy, model:Express 1500, model:Express 2500, model:Express 3500, year:1996, year:1997, year:1998, year:1999, year:2000, year:2001, year:2002, year:2003, year:2004, year:2005, year:2006, year:2007, year:2008, year:2009, year:2010, year:2011, year:2012, year:2013, year:2014, year:2015, year:2016, year:2017, year:2018, year:2019, year:2020, year:2021, year:2022, year:2023, year:2024, year:2025, year:2026",MERGE
1996-2026-gmc-savana-class-4-trailer-hitch-black-14090,"make:Chevrolet, make:Chevy, model:Express 1500, model:Express 2500, model:Express 3500, year:1996, year:1997, year:1998, year:1999, year:2000, year:2001, year:2002, year:2003, year:2004, year:2005, year:2006, year:2007, year:2008, year:2009, year:2010, year:2011, year:2012, year:2013, year:2014, year:2015, year:2016, year:2017, year:2018, year:2019, year:2020, year:2021, year:2022, year:2023, year:2024, year:2025, year:2026",MERGE
2011-2017-ford-explorer-class-3-trailer-hitch-black-mpn-13100,"make:Ford, model:Explorer, model:Police Interceptor Sedan, year:2011, year:2012, year:2013, year:2014, year:2015, year:2016, year:2017",MERGE
gmc-savana-class-4-trailer-hitch-ball-mount-combo-curt,"make:Chevrolet, make:Chevy, model:Express 1500, model:Express 2500, model:Express 3500, year:1996, year:1997, year:1998, year:1999, year:2000, year:2001, year:2002, year:2003, year:2004, year:2005, year:2006, year:2007, year:2008, year:2009, year:2010, year:2011, year:2012, year:2013, year:2014, year:2015, year:2016, year:2017, year:2018, year:2019, year:2020, year:2021, year:2022, year:2023, year:2024, year:2025, year:2026",MERGE
2011-2017-ford-explorer-class-3-trailer-hitch-w-ball-mount-curt,"make:Ford, model:Explorer, model:Police Interceptor Sedan, year:2011, year:2012, year:2013, year:2014, year:2015, year:2016, year:2017",MERGE
2011-2019-ford-explorer-class-3-trailer-hitch-2-receiver-13386,"make:Ford, model:Explorer, model:Police Interceptor Utility, year:2011, year:2012, year:2013, year:2014, year:2015, year:2016, year:2017, year:2018, year:2019",MERGE
2009-2014-ford-f-150-class-4-trailer-hitch-black-mpn-14002,"make:Ford, model:F-150, year:2009, year:2010, year:2011, year:2012, year:2013, year:2014",MERGE
2009-2014-ford-f-150-class-4-trailer-hitch-w-ball-mount-curt,"make:Ford, model:F-150, year:2009, year:2010, year:2011, year:2012, year:2013, year:2014",MERGE
2015-2025-ford-f-150-class-3-trailer-hitch-black-13118,"make:Ford, model:F-150, year:2015, year:2016, year:2017, year:2018, year:2019, year:2020, year:2021, year:2022, year:2023, year:2024, year:2025, year:2026",MERGE
2015-2025-ford-f-150-class-3-trailer-hitch-combo-curt,"make:Ford, model:F-150, year:2015, year:2016, year:2017, year:2018, year:2019, year:2020, year:2021, year:2022, year:2023, year:2024, year:2025, year:2026",MERGE
2015-2026-ford-f-150-class-4-trailer-hitch-black-14017,"make:Ford, model:F-150, year:2015, year:2016, year:2017, year:2018, year:2019, year:2020, year:2021, year:2022, year:2023, year:2024, year:2025, year:2026",MERGE
2015-2026-ford-f-150-class-4-trailer-hitch-ball-mount-combo,"make:Ford, model:F-150, year:2015, year:2016, year:2017, year:2018, year:2019, year:2020, year:2021, year:2022, year:2023, year:2024, year:2025, year:2026",MERGE
1997-2004-ford-f-150-f-250-class-3-trailer-hitch-13038,"make:Ford, model:F-150, model:F-150 Heritage, model:F-250, year:1997, year:1998, year:1999, year:2000, year:2001, year:2002, year:2003, year:2004",MERGE
1997-2004-ford-f-150-class-3-trailer-hitch-ball-mount-kit-curt,"make:Ford, model:F-150, model:F-150 Heritage, model:F-250, year:1997, year:1998, year:1999, year:2000, year:2001, year:2002, year:2003, year:2004",MERGE
1999-2016-ford-f-250-f-350-super-duty-class-3-trailer-hitch,"make:Ford, model:F-250 Super Duty, model:F-350 Super Duty, year:1999, year:2000, year:2001, year:2002, year:2003, year:2004, year:2005, year:2006, year:2007, year:2008, year:2009, year:2010, year:2011, year:2012, year:2013, year:2014, year:2015, year:2016",MERGE
1999-2016-ford-f-250-f-350-class-3-trailer-hitch-ball-mount-kit,"make:Ford, model:F-250 Super Duty, model:F-350 Super Duty, year:1999, year:2000, year:2001, year:2002, year:2003, year:2004, year:2005, year:2006, year:2007, year:2008, year:2009, year:2010, year:2011, year:2012, year:2013, year:2014, year:2015, year:2016",MERGE
2-hitch-cargo-carrier-500-lbs-20x58-fold-up-basket-black,"make:Acura, model:MDX, model:RDX, model:SLX, model:ZDX, year:1996, year:1997, year:1998, year:1999, year:2001, year:2002, year:2003, year:2004, year:2005, year:2006, year:2007, year:2008, year:2009, year:2010, year:2011, year:2012, year:2013, year:2014, year:2015, year:2016, year:2017, year:2018, year:2019, year:2020",MERGE
2007-2014-toyota-fj-cruiser-class-3-trailer-hitch-black,"make:Toyota, model:FJ Cruiser, year:2007, year:2008, year:2009, year:2010, year:2011, year:2012, year:2013, year:2014",MERGE
2007-2014-toyota-fj-cruiser-class-3-trailer-hitch-kit-black,"make:Toyota, model:FJ Cruiser, year:2007, year:2008, year:2009, year:2010, year:2011, year:2012, year:2013, year:2014",MERGE
2000-2007-ford-focus-wagon-class-1-trailer-hitch-black-11296,"make:Ford, model:Focus, year:2000, year:2001, year:2002, year:2003, year:2004, year:2005, year:2006, year:2007",MERGE
2014-2018-subaru-forester-class-2-trailer-hitch-1-25-curt-12100,"make:Subaru, model:Forester, year:2014, year:2015, year:2016, year:2017, year:2018",MERGE
2014-2018-subaru-forester-class-3-trailer-hitch-black-13144,"make:Subaru, model:Forester, year:2014, year:2015, year:2016, year:2017, year:2018",MERGE
2014-2018-subaru-forester-class-3-trailer-hitch-w-ball-mount,"make:Subaru, model:Forester, year:2014, year:2015, year:2016, year:2017, year:2018",MERGE
2019-2025-subaru-forester-2-trailer-hitch-receiver-curt-13409,"make:Subaru, model:Forester, year:2019, year:2020, year:2021, year:2022, year:2023, year:2024, year:2025",MERGE
2000-2004-nissan-frontier-class-3-trailer-hitch-13841,"make:Nissan, model:Frontier, year:2000, year:2001, year:2002, year:2003, year:2004",MERGE
2000-2004-nissan-frontier-class-3-trailer-hitch-combo-curt,"make:Nissan, model:Frontier, year:2000, year:2001, year:2002, year:2003, year:2004",MERGE
2005-2026-nissan-frontier-class-3-trailer-hitch-13241,"make:Nissan, make:Suzuki, model:Equator, model:Frontier, year:2005, year:2006, year:2007, year:2008, year:2009, year:2010, year:2011, year:2012, year:2013, year:2014, year:2015, year:2016, year:2017, year:2018, year:2019, year:2020, year:2021, year:2022, year:2023, year:2024, year:2025, year:2026",MERGE
05-26-nissan-frontier-class-3-trailer-hitch-ball-mount-kit,"make:Nissan, make:Suzuki, model:Equator, model:Frontier, year:2005, year:2006, year:2007, year:2008, year:2009, year:2010, year:2011, year:2012, year:2013, year:2014, year:2015, year:2016, year:2017, year:2018, year:2019, year:2020, year:2021, year:2022, year:2023, year:2024, year:2025, year:2026",MERGE
2-hitch-cargo-carrier-300-lb-tray-style-fold-up-23x59-black,"make:Acura, model:MDX, model:RDX, model:SLX, model:ZDX, year:1996, year:1997, year:1998, year:1999, year:2001, year:2002, year:2003, year:2004, year:2005, year:2006, year:2007, year:2008, year:2009, year:2010, year:2011, year:2012, year:2013, year:2014, year:2015, year:2016, year:2017, year:2018, year:2019, year:2020",MERGE
2005-2010-pontiac-g6-class-2-trailer-hitch-black-mpn-12333,"make:Pontiac, model:G6, year:2005, year:2006, year:2007, year:2008, year:2009, year:2010",MERGE
2015-vw-golf-gti-class-1-trailer-hitch-1-25-receiver,"make:Volkswagen, model:GTI, model:Golf, year:2015, year:2016, year:2017, year:2018, year:2019, year:2020, year:2021, year:2022, year:2023, year:2024, year:2025, year:2026",MERGE
2010-2023-lexus-gx460-class-3-trailer-hitch-2-receiver-black,"make:Lexus, model:GX460, year:2010, year:2011, year:2012, year:2013, year:2014, year:2015, year:2016, year:2017, year:2018, year:2019, year:2020, year:2021, year:2022, year:2023",MERGE
2006-2010-hummer-h3-class-3-trailer-hitch-black-mpn-13270,"make:Hummer, model:H3, year:2006, year:2007, year:2008, year:2009, year:2010",MERGE
2006-2010-hummer-h3-class-3-trailer-hitch-w-ball-mount-curt,"make:Hummer, model:H3, year:2006, year:2007, year:2008, year:2009, year:2010",MERGE
04-09-toyota-highlander-lexus-rx-class-3-trailer-hitch-black,"make:Lexus, make:Toyota, model:Highlander, model:RX330, model:RX350, model:RX400h, year:2004, year:2005, year:2006, year:2007, year:2008, year:2009",MERGE
curt-class-3-trailer-hitch-loaded-ball-mount-kit-45034,"make:Lexus, make:Toyota, model:Highlander, model:RX330, model:RX350, model:RX400h, year:2004, year:2005, year:2006, year:2007, year:2008, year:2009",MERGE
2004-2007-toyota-highlander-class-3-trailer-hitch-wiring-combo,"make:Toyota, model:Highlander, year:2004, year:2005, year:2006, year:2007",MERGE
2008-2013-toyota-highlander-class-3-trailer-hitch-black-13534,"make:Toyota, model:Highlander, year:2008, year:2009, year:2010, year:2011, year:2012, year:2013",MERGE
2008-2013-toyota-highlander-class-3-trailer-hitch-w-ball-mount-curt,"make:Toyota, model:Highlander, year:2008, year:2009, year:2010, year:2011, year:2012, year:2013",MERGE
2014-2019-toyota-highlander-2-trailer-hitch-receiver-curt-13200,"make:Toyota, model:Highlander, year:2014, year:2015, year:2016, year:2017, year:2018, year:2019",MERGE
2014-2019-toyota-highlander-2-trailer-hitch-receiver-w-ball-mount,"make:Toyota, model:Highlander, year:2014, year:2015, year:2016, year:2017, year:2018, year:2019",MERGE
2020-2024-toyota-highlander-2-trailer-hitch-receiver-class-3,"make:Toyota, model:Highlander, year:2020, year:2021, year:2022, year:2023, year:2024, year:2025",MERGE
2001-2005-lexus-is300-class-1-trailer-hitch-black-mpn-11762,"make:Lexus, model:IS300, year:2001, year:2002, year:2003, year:2004, year:2005",MERGE
2014-2019-jeep-cherokee-class-3-trailer-hitch-black-mpn-13171,"make:Jeep, model:Cherokee, year:2014, year:2015, year:2016, year:2017, year:2018, year:2019",MERGE
2014-2019-jeep-cherokee-class-3-trailer-hitch-w-ball-mount-curt,"make:Jeep, model:Cherokee, year:2014, year:2015, year:2016, year:2017, year:2018, year:2019",MERGE
2014-2018-jeep-cherokee-class-3-trailer-hitch-2-receiver-curt-13172,"make:Jeep, model:Cherokee, year:2014, year:2015, year:2016, year:2017, year:2018",MERGE
1984-2001-jeep-cherokee-class-3-trailer-hitch-black,"make:Jeep, model:Cherokee, year:1984, year:1985, year:1986, year:1987, year:1988, year:1989, year:1990, year:1991, year:1992, year:1993, year:1994, year:1995, year:1996, year:1997, year:1998, year:1999, year:2000, year:2001",MERGE
1999-2005-volkswagen-jetta-class-1-trailer-hitch-black,"make:Volkswagen, model:Jetta, year:1999, year:2000, year:2001, year:2002, year:2003, year:2004, year:2005",MERGE
1984-2001-jeep-cherokee-class-3-trailer-hitch-w-ball-mount-curt,"make:Jeep, model:Cherokee, year:1984, year:1985, year:1986, year:1987, year:1988, year:1989, year:1990, year:1991, year:1992, year:1993, year:1994, year:1995, year:1996, year:1997, year:1998, year:1999, year:2000, year:2001",MERGE
2005-2010-jeep-grand-cherokee-class-3-trailer-hitch-black,"make:Jeep, model:Grand Cherokee, year:2005, year:2006, year:2007, year:2008, year:2009, year:2010",MERGE
2005-2010-jeep-grand-cherokee-class-3-trailer-hitch-kit-curt,"make:Jeep, model:Grand Cherokee, year:2005, year:2006, year:2007, year:2008, year:2009, year:2010",MERGE
2011-2022-jeep-grand-cherokee-class-3-trailer-hitch-black,"make:Jeep, model:Grand Cherokee, model:Grand Cherokee WK, year:2011, year:2012, year:2013, year:2014, year:2015, year:2016, year:2017, year:2018, year:2019, year:2020, year:2021, year:2022",MERGE
2011-2022-jeep-grand-cherokee-class-3-trailer-hitch-combo-curt,"make:Jeep, model:Grand Cherokee, model:Grand Cherokee WK, year:2011, year:2012, year:2013, year:2014, year:2015, year:2016, year:2017, year:2018, year:2019, year:2020, year:2021, year:2022",MERGE
1999-2004-jeep-grand-cherokee-class-3-trailer-hitch-black,"make:Jeep, model:Grand Cherokee, year:1999, year:2000, year:2001, year:2002, year:2003, year:2004",MERGE
1999-2004-jeep-grand-cherokee-class-3-trailer-hitch-combo-curt,"make:Jeep, model:Grand Cherokee, year:1999, year:2000, year:2001, year:2002, year:2003, year:2004",MERGE
2021-2025-jeep-grand-cherokee-l-2-trailer-hitch-receiver-class-3,"make:Jeep, model:Grand Cherokee L, year:2021, year:2022, year:2023, year:2024, year:2025",MERGE
2009-2020-dodge-journey-class-3-trailer-hitch-black,"make:Dodge, make:Ram, model:Journey, year:2009, year:2010, year:2011, year:2012, year:2013, year:2014, year:2015, year:2016, year:2017, year:2018, year:2019, year:2020",MERGE
2009-2020-dodge-journey-class-3-trailer-hitch-w-ball-mount-curt,"make:Dodge, make:Ram, model:Journey, year:2009, year:2010, year:2011, year:2012, year:2013, year:2014, year:2015, year:2016, year:2017, year:2018, year:2019, year:2020",MERGE
2011-2017-jeep-patriot-compass-class-3-trailer-hitch-13081,"make:Jeep, model:Compass, model:Patriot, year:2011, year:2012, year:2013, year:2014, year:2015, year:2016, year:2017",MERGE
2011-2017-jeep-patriot-compass-class-3-trailer-hitch-w-ball-mount,"make:Jeep, model:Compass, model:Patriot, year:2011, year:2012, year:2013, year:2014, year:2015, year:2016, year:2017",MERGE
2020-2024-jeep-gladiator-jt-class-3-trailer-hitch-2-receiver,"make:Jeep, model:Gladiator, year:2020, year:2021, year:2022, year:2023, year:2024, year:2025, year:2026",MERGE
universal-2-tube-3-steel-rear-hitch-step-black,"make:AM General, make:Acura, make:Alfa Romeo, make:Aston Martin, make:Audi, make:BAIC, make:BMW, make:Bentley, make:Buick, make:Cadillac, make:Changan, make:Chevrolet, make:Chevy, model:Alpina XB7, model:Astro, model:Avalanche, model:Avalanche 1500, model:Avalanche 2500, model:BJ20, model:BJ40, model:Bentayga, model:Bentayga EWB, model:Blazer, model:CS35, model:CS55 Plus, model:Captiva, model:Captiva Sport, model:Commercial Chassis, model:DBX, model:DBX707, model:ESCALADE IQ, model:Enclave, model:Enclave Avenir, model:Encore, model:Encore GX, model:Envision, model:Escalade, model:Escalade ESV, model:Escalade EXT, model:Hummer, model:LYRIQ, model:M50S, model:MDX, model:Q2, model:Q2 Quattro, model:Q3, model:Q3 Quattro, model:Q5, model:Q5 Sportback, model:Q7, model:Q8, model:RDX, model:RS Q3, model:RS Q8, model:Rainier, model:Rendezvous, model:SLX, model:SQ5, model:SQ5 Sportback, model:SQ7, model:SQ8, model:SRX, model:Stelvio, model:Terraza, model:Tonale, model:X1, model:X2, model:X25, model:X3, model:X30, model:X35, model:X4, model:X5, model:X55, model:X6, model:X65, model:X7, model:XM, model:XT4, model:XT5, model:XT6, model:ZDX, year:2018, year:2019, year:2020, year:2025",MERGE
universal-2-receiver-hitch-step-matte-black-hs207-31bk,"make:AM General, make:Acura, make:Alfa Romeo, make:Aston Martin, make:Audi, make:BAIC, make:BMW, make:Bentley, make:Buick, make:Cadillac, make:Changan, make:Chevrolet, make:Chevy, model:Alpina XB7, model:Astro, model:Avalanche, model:Avalanche 1500, model:Avalanche 2500, model:BJ20, model:BJ40, model:Bentayga, model:Bentayga EWB, model:Blazer, model:CS35, model:CS55 Plus, model:Captiva, model:Captiva Sport, model:Commercial Chassis, model:DBX, model:DBX707, model:ESCALADE IQ, model:Enclave, model:Enclave Avenir, model:Encore, model:Encore GX, model:Envision, model:Escalade, model:Escalade ESV, model:Escalade EXT, model:Hummer, model:LYRIQ, model:M50S, model:MDX, model:Q2, model:Q2 Quattro, model:Q3, model:Q3 Quattro, model:Q5, model:Q5 Sportback, model:Q7, model:Q8, model:RDX, model:RS Q3, model:RS Q8, model:Rainier, model:Rendezvous, model:SLX, model:SQ5, model:SQ5 Sportback, model:SQ7, model:SQ8, model:SRX, model:Stelvio, model:Terraza, model:Tonale, model:X1, model:X2, model:X25, model:X3, model:X30, model:X35, model:X4, model:X5, model:X55, model:X6, model:X65, model:X7, model:XM, model:XT4, model:XT5, model:XT6, model:ZDX, year:2018, year:2019, year:2020, year:2025",MERGE
2010-2013-subaru-outback-class-3-trailer-hitch-black-13390,"make:Subaru, model:Legacy, model:Outback, year:2010, year:2011, year:2012, year:2013, year:2015, year:2016, year:2017, year:2018, year:2019",MERGE
2010-2013-subaru-outback-class-3-trailer-hitch-combo-w-ball-mount,"make:Subaru, model:Legacy, model:Outback, year:2010, year:2011, year:2012, year:2013, year:2015, year:2016, year:2017, year:2018, year:2019",MERGE
2002-2007-jeep-liberty-class-3-trailer-hitch-black-13244,"make:Jeep, model:Liberty, year:2002, year:2003, year:2004, year:2005, year:2006, year:2007",MERGE
2002-2007-jeep-liberty-class-3-trailer-hitch-w-ball-mount-curt,"make:Jeep, model:Liberty, year:2002, year:2003, year:2004, year:2005, year:2006, year:2007",MERGE
2008-2012-jeep-liberty-class-3-trailer-hitch-black-mpn-13245,"make:Jeep, model:Liberty, year:2008, year:2009, year:2010, year:2011, year:2012",MERGE
2008-2012-jeep-liberty-class-3-trailer-hitch-w-ball-mount-curt,"make:Jeep, model:Liberty, year:2008, year:2009, year:2010, year:2011, year:2012",MERGE
2003-2008-toyota-matrix-class-2-trailer-hitch-black-12013,"make:Toyota, model:Matrix, year:2003, year:2004, year:2005, year:2006, year:2007, year:2008",MERGE
2014-2021-mazda-6-class-1-trailer-hitch-1-25-receiver,"make:Mazda, model:6, year:2014, year:2015, year:2016, year:2017, year:2018, year:2019, year:2020, year:2021",MERGE
2007-2013-acura-mdx-class-3-trailer-hitch-black-mpn-13354,"make:Acura, model:MDX, year:2007, year:2008, year:2009, year:2010, year:2011, year:2012, year:2013",MERGE
2007-2013-acura-mdx-class-3-trailer-hitch-w-ball-mount-curt,"make:Acura, model:MDX, year:2007, year:2008, year:2009, year:2010, year:2011, year:2012, year:2013",MERGE
2007-2013-acura-mdx-class-3-trailer-hitch-wiring-harness-combo,"make:Acura, model:MDX, year:2007, year:2008, year:2009, year:2010, year:2011, year:2012, year:2013",MERGE
2007-2010-mini-cooper-s-class-1-trailer-hitch-black,"make:Mini, model:Cooper, year:2007, year:2008, year:2009, year:2010",MERGE
2014-2022-acura-mdx-honda-pilot-class-3-trailer-hitch-ball-mount-kit,"make:Acura, make:Honda, model:MDX, model:Pilot, year:2014, year:2015, year:2016, year:2017, year:2018, year:2019, year:2020, year:2021, year:2022",MERGE
2012-2013-mini-cooper-class-1-trailer-hitch-black-mpn-11272,"make:Mini, model:Cooper, year:2012, year:2013",MERGE
2006-2011-mercedes-benz-ml-class-3-trailer-hitch-13342,"make:Mercedes-Benz, model:ML320, model:ML350, model:ML500, model:ML550, year:2006, year:2007, year:2008, year:2009, year:2010, year:2011",MERGE
2006-2011-mercedes-benz-ml-class-3-trailer-hitch-w-ball-mount,"make:Mercedes-Benz, model:ML320, model:ML350, model:ML500, model:ML550, year:2006, year:2007, year:2008, year:2009, year:2010, year:2011",MERGE
1998-2005-mercedes-benz-ml-class-3-trailer-hitch-black,"make:Mercedes-Benz, model:ML320, model:ML350, model:ML430, model:ML500, year:1998, year:1999, year:2000, year:2001, year:2002, year:2003, year:2004, year:2005",MERGE
2003-2007-nissan-murano-class-3-trailer-hitch-black-13571,"make:Nissan, model:Murano, year:2003, year:2004, year:2005, year:2006, year:2007",MERGE
1998-2005-mercedes-benz-ml-class-3-trailer-hitch-w-ball-mount-curt,"make:Mercedes-Benz, model:ML320, model:ML350, model:ML430, model:ML500, year:1998, year:1999, year:2000, year:2001, year:2002, year:2003, year:2004, year:2005",MERGE
2009-2014-nissan-murano-class-3-trailer-hitch-black-mpn-13577,"make:Nissan, model:Murano, year:2009, year:2010, year:2011, year:2012, year:2013, year:2014",MERGE
2003-2007-nissan-murano-class-3-trailer-hitch-w-ball-mount-curt,"make:Nissan, model:Murano, year:2003, year:2004, year:2005, year:2006, year:2007",MERGE
2009-2014-nissan-murano-class-3-trailer-hitch-w-ball-mount-curt,"make:Nissan, model:Murano, year:2009, year:2010, year:2011, year:2012, year:2013, year:2014",MERGE
2015-2024-nissan-murano-2-trailer-hitch-receiver-class-3-curt-13205,"make:Nissan, model:Murano, year:2015, year:2016, year:2017, year:2018, year:2019, year:2020, year:2021, year:2022, year:2023, year:2024",MERGE
1994-2004-ford-mustang-class-1-trailer-hitch-black,"make:Ford, model:Mustang, year:1994, year:1995, year:1996, year:1997, year:1998, year:1999, year:2000, year:2001, year:2002, year:2003, year:2004",MERGE
2016-2023-mazda-mx-5-miata-1-25-trailer-hitch-receiver-curt-11435,"make:Mazda, model:MX-5 Miata, year:2016, year:2017, year:2018, year:2019, year:2020, year:2021, year:2022",MERGE
1999-2005-mazda-miata-mx-5-class-1-trailer-hitch-black,"make:Mazda, model:Miata, year:1999, year:2000, year:2001, year:2002, year:2003, year:2004, year:2005",MERGE
2007-2011-dodge-nitro-class-3-trailer-hitch-black,"make:Dodge, make:Ram, model:Nitro, year:2007, year:2008, year:2009, year:2010, year:2011",MERGE
2007-2011-dodge-nitro-class-3-trailer-hitch-w-ball-mount-curt,"make:Dodge, make:Ram, model:Nitro, year:2007, year:2008, year:2009, year:2010, year:2011",MERGE
2022-lexus-nx-2-trailer-hitch-receiver-class-3-mpn-13498,"make:Lexus, model:NX250, model:NX350, model:NX350h, model:NX450h+, year:2022, year:2023, year:2024, year:2025",MERGE
2018-2025-honda-odyssey-2-trailer-hitch-receiver-class-3,"make:Honda, model:Odyssey, year:2018, year:2019, year:2020, year:2021, year:2022, year:2023, year:2024, year:2025, year:2026",MERGE
1999-2017-honda-odyssey-class-3-trailer-hitch-black-13068,"make:Honda, model:Odyssey, year:1999, year:2000, year:2001, year:2002, year:2003, year:2004, year:2005, year:2006, year:2007, year:2008, year:2009, year:2010, year:2011, year:2012, year:2013, year:2014, year:2015, year:2016, year:2017",MERGE
1999-2017-honda-odyssey-class-3-trailer-hitch-w-ball-mount-curt,"make:Honda, model:Odyssey, year:1999, year:2000, year:2001, year:2002, year:2003, year:2004, year:2005, year:2006, year:2007, year:2008, year:2009, year:2010, year:2011, year:2012, year:2013, year:2014, year:2015, year:2016, year:2017",MERGE
2014-2019-subaru-outback-1-25-trailer-hitch-receiver-curt-12136,"make:Subaru, model:Outback, year:2014, year:2015, year:2016, year:2017, year:2018, year:2019",MERGE
2014-2019-subaru-outback-2-trailer-hitch-receiver-class-3,"make:Subaru, model:Outback, year:2014, year:2015, year:2016, year:2017, year:2018, year:2019",MERGE
2014-2019-subaru-outback-class-3-trailer-hitch-w-ball-mount-kit,"make:Subaru, model:Outback, year:2014, year:2015, year:2016, year:2017, year:2018, year:2019",MERGE
2020-2025-subaru-outback-legacy-2-trailer-hitch-receiver-class-3,"make:Subaru, model:Legacy, model:Outback, year:2020, year:2021, year:2022, year:2023, year:2024, year:2025, year:2026",MERGE
2007-2013-mitsubishi-outlander-class-3-trailer-hitch-black,"make:Mitsubishi, model:Outlander, year:2007, year:2008, year:2009, year:2010, year:2011, year:2012, year:2013",MERGE
2007-2013-mitsubishi-outlander-class-3-trailer-hitch-w-ball-mount-curt,"make:Mitsubishi, model:Outlander, year:2007, year:2008, year:2009, year:2010, year:2011, year:2012, year:2013",MERGE
2022-2025-mitsubishi-outlander-2-trailer-hitch-receiver-class-3,"make:Mitsubishi, model:Outlander, year:2022, year:2023, year:2024, year:2025",MERGE
2023-2025-mitsubishi-outlander-phev-2-trailer-hitch-class-3,"make:Mitsubishi, model:Outlander PHEV, year:2023, year:2024, year:2025",MERGE
2017-2025-chrysler-pacifica-voyager-2-class-3-trailer-hitch-receiver,"make:Chrysler, model:Grand Caravan, model:Pacifica, model:Voyager, year:2017, year:2018, year:2019, year:2020, year:2021, year:2022, year:2023, year:2024, year:2025, year:2026",MERGE
2020-2024-hyundai-palisade-2-trailer-hitch-receiver-curt-13427,"make:Hyundai, model:Palisade, year:2020, year:2021, year:2022, year:2023, year:2024, year:2025",MERGE
2013-2020-nissan-pathfinder-infiniti-qx60-class-3-trailer-hitch,"make:Infiniti, make:Nissan, model:Pathfinder, model:QX60, year:2013, year:2014, year:2015, year:2016, year:2017, year:2018, year:2019, year:2020",MERGE
2013-2020-nissan-pathfinder-infiniti-qx60-class-3-trailer-hitch-combo,"make:Infiniti, make:Nissan, model:Pathfinder, model:QX60, year:2013, year:2014, year:2015, year:2016, year:2017, year:2018, year:2019, year:2020",MERGE
1996-2004-nissan-pathfinder-infiniti-qx4-class-3-trailer-hitch,"make:Infiniti, make:Nissan, model:Pathfinder, model:QX4, year:1996, year:1997, year:1998, year:1999, year:2000, year:2001, year:2002, year:2003, year:2004",MERGE
2001-2008-honda-pilot-acura-mdx-class-3-trailer-hitch-13328,"make:Acura, make:Honda, model:MDX, model:Pilot, year:2001, year:2002, year:2003, year:2004, year:2005, year:2006, year:2007, year:2008",MERGE
96-04-nissan-pathfinder-infiniti-qx4-class-3-hitch-ball-mount-kit,"make:Infiniti, make:Nissan, model:Pathfinder, model:QX4, year:1996, year:1997, year:1998, year:1999, year:2000, year:2001, year:2002, year:2003, year:2004",MERGE
2001-2008-honda-pilot-acura-mdx-class-3-trailer-hitch-combo-curt,"make:Acura, make:Honda, model:MDX, model:Pilot, year:2001, year:2002, year:2003, year:2004, year:2005, year:2006, year:2007, year:2008",MERGE
1997-2007-pontiac-grand-prix-buick-regal-class-2-trailer-hitch,"make:Buick, make:Pontiac, model:Grand Prix, model:Regal, year:1997, year:1998, year:1999, year:2000, year:2001, year:2002, year:2003, year:2004, year:2005, year:2006, year:2007",MERGE
2017-2025-audi-q7-class-3-trailer-hitch-2-receiver-black,"make:Audi, model:Q7, year:2017, year:2018, year:2019, year:2020, year:2021, year:2022, year:2023, year:2024, year:2025, year:2026",MERGE
2019-2025-dodge-ram-1500-2-trailer-hitch-receiver-class-3,"make:Dodge, make:Ram, model:1500, year:2019, year:2020, year:2021, year:2022, year:2023, year:2024, year:2025, year:2026",MERGE
2019-2023-ford-ranger-class-3-trailer-hitch-2-receiver-curt-13417,"make:Ford, model:Ranger, year:2019, year:2020, year:2021, year:2022, year:2023",MERGE
1994-2009-mazda-b-series-class-3-trailer-hitch-combo-curt,"make:Ford, make:Mazda, model:B2300, model:B3000, model:B4000, model:Ranger, year:1983, year:1984, year:1985, year:1986, year:1987, year:1988, year:1989, year:1990, year:1991, year:1992, year:1993, year:1994, year:1995, year:1996, year:1997, year:1998, year:1999, year:2000, year:2001, year:2002, year:2003, year:2004, year:2005, year:2006, year:2007, year:2008, year:2009, year:2010, year:2011",MERGE
2006-2018-toyota-rav4-class-3-trailer-hitch-black-13149,"make:Toyota, model:RAV4, year:2006, year:2007, year:2008, year:2009, year:2010, year:2011, year:2012, year:2013, year:2014, year:2015, year:2016, year:2017, year:2018",MERGE
2006-2018-toyota-rav4-1-25-trailer-hitch-receiver-class-2,"make:Toyota, model:RAV4, year:2006, year:2007, year:2008, year:2009, year:2010, year:2011, year:2012, year:2013, year:2014, year:2015, year:2016, year:2017, year:2018",MERGE
2006-2018-toyota-rav4-class-3-trailer-hitch-ball-mount-combo,"make:Toyota, model:RAV4, year:2006, year:2007, year:2008, year:2009, year:2010, year:2011, year:2012, year:2013, year:2014, year:2015, year:2016, year:2017, year:2018",MERGE
2006-2012-toyota-rav4-class-3-trailer-hitch-wiring-combo,"make:Toyota, model:RAV4, year:2006, year:2007, year:2008, year:2009, year:2010, year:2011, year:2012",MERGE
2019-2024-toyota-rav4-rav4-prime-2-trailer-hitch-curt-13416,"make:Toyota, model:RAV4, model:RAV4 Prime, year:2019, year:2020, year:2021, year:2022, year:2023, year:2024, year:2025",MERGE
2015-2023-jeep-renegade-2-trailer-hitch-receiver-class-3,"make:Jeep, model:Renegade, year:2015, year:2016, year:2017, year:2018, year:2019, year:2020, year:2021, year:2022, year:2023",MERGE
2006-2014-honda-ridgeline-class-3-trailer-hitch-13385,"make:Honda, model:Ridgeline, year:2006, year:2007, year:2008, year:2009, year:2010, year:2011, year:2012, year:2013, year:2014",MERGE
2006-2014-honda-ridgeline-class-3-trailer-hitch-combo-curt,"make:Honda, model:Ridgeline, year:2006, year:2007, year:2008, year:2009, year:2010, year:2011, year:2012, year:2013, year:2014",MERGE
2008-2020-nissan-rogue-class-3-trailer-hitch-black-13204,"make:Nissan, model:Rogue, model:Rogue Select, year:2008, year:2009, year:2010, year:2011, year:2012, year:2013, year:2014, year:2015, year:2016, year:2017, year:2018, year:2019, year:2020",MERGE
2008-2020-nissan-rogue-class-3-trailer-hitch-w-ball-mount,"make:Nissan, model:Rogue, model:Rogue Select, year:2008, year:2009, year:2010, year:2011, year:2012, year:2013, year:2014, year:2015, year:2016, year:2017, year:2018, year:2019, year:2020",MERGE
2021-2026-nissan-rogue-class-3-trailer-hitch-2-receiver-black,"make:Nissan, model:Rogue, year:2021, year:2022, year:2023, year:2024, year:2025, year:2026",MERGE
2017-2023-nissan-rogue-sport-qashqai-2-trailer-hitch-class-3,"make:Nissan, model:Qashqai, model:Rogue Sport, year:2017, year:2018, year:2019, year:2020, year:2021, year:2022, year:2023",MERGE
2010-2015-lexus-rx350-rx450h-class-3-trailer-hitch-black,"make:Lexus, model:RX350, model:RX450h, year:2010, year:2011, year:2012, year:2013, year:2014, year:2015",MERGE
2004-2012-volvo-s40-v50-class-1-trailer-hitch-black,"make:Volvo, model:S40, model:V50, year:2004, year:2005, year:2006, year:2007, year:2008, year:2009, year:2010, year:2011, year:2012",MERGE
2010-2015-lexus-rx350-rx450h-class-3-trailer-hitch-w-ball-mount,"make:Lexus, model:RX350, model:RX450h, year:2010, year:2011, year:2012, year:2013, year:2014, year:2015",MERGE
2014-2015-kia-sorento-class-3-trailer-hitch-black-13152,"make:Hyundai, make:Kia, model:Santa Fe Sport, model:Sorento, year:2013, year:2014, year:2015, year:2016, year:2017, year:2018",MERGE
2014-2015-kia-sorento-class-3-trailer-hitch-ball-mount-combo-curt,"make:Hyundai, make:Kia, model:Santa Fe Sport, model:Sorento, year:2013, year:2014, year:2015, year:2016, year:2017, year:2018",MERGE
2013-2019-hyundai-santa-fe-2-class-3-trailer-hitch-receiver,"make:Hyundai, model:Santa Fe, model:Santa Fe XL, year:2013, year:2014, year:2015, year:2016, year:2017, year:2018, year:2019",MERGE
2013-2019-hyundai-santa-fe-trailer-hitch-ball-mount-combo-kit,"make:Hyundai, model:Santa Fe, model:Santa Fe XL, year:2013, year:2014, year:2015, year:2016, year:2017, year:2018, year:2019",MERGE
2006-2014-kia-sedona-hyundai-entourage-class-3-trailer-hitch,"make:Hyundai, make:Kia, model:Entourage, model:Sedona, year:2006, year:2007, year:2008, year:2009, year:2010, year:2011, year:2012, year:2014",MERGE
2006-2014-kia-sedona-hyundai-entourage-class-3-trailer-hitch-combo,"make:Hyundai, make:Kia, model:Entourage, model:Sedona, year:2006, year:2007, year:2008, year:2009, year:2010, year:2011, year:2012, year:2014",MERGE
2006-2014-kia-sedona-hyundai-entourage-class-3-hitch-wiring-kit,"make:Hyundai, make:Kia, model:Entourage, model:Sedona, year:2006, year:2007, year:2008, year:2009, year:2010, year:2011, year:2012, year:2014",MERGE
2004-2020-toyota-sienna-class-3-trailer-hitch-black-13105,"make:Toyota, model:Sienna, year:2004, year:2005, year:2006, year:2007, year:2008, year:2009, year:2010, year:2011, year:2012, year:2013, year:2014, year:2015, year:2016, year:2017, year:2018, year:2019, year:2020",MERGE
2004-2020-toyota-sienna-class-3-trailer-hitch-w-ball-mount-curt,"make:Toyota, model:Sienna, year:2004, year:2005, year:2006, year:2007, year:2008, year:2009, year:2010, year:2011, year:2012, year:2013, year:2014, year:2015, year:2016, year:2017, year:2018, year:2019, year:2020",MERGE
01-10-silverado-sierra-2500-3500-class-4-trailer-hitch-black,"make:Chevrolet, make:Chevy, make:GMC, model:Sierra 2500 HD, model:Sierra 2500 HD Classic, model:Sierra 3500, model:Sierra 3500 Classic, model:Sierra 3500 HD, model:Silverado 2500 HD, model:Silverado 2500 HD Classic, model:Silverado 3500, model:Silverado 3500 Classic, model:Silverado 3500 HD, year:2004, year:2006, year:2007",MERGE
01-10-silverado-sierra-2500-3500-class-4-hitch-ball-mount-combo,"make:Chevrolet, make:Chevy, make:GMC, model:Sierra 2500 HD, model:Sierra 2500 HD Classic, model:Sierra 3500, model:Sierra 3500 Classic, model:Sierra 3500 HD, model:Silverado 2500 HD, model:Silverado 2500 HD Classic, model:Silverado 3500, model:Silverado 3500 Classic, model:Silverado 3500 HD, year:2004, year:2006, year:2007",MERGE
07-19-silverado-sierra-1500-class-3-trailer-hitch-ball-mount-curt,"make:Chevrolet, make:Chevy, make:GMC, model:Sierra 1500, model:Sierra 1500 Limited, model:Silverado 1500, model:Silverado 1500 LD, year:2007, year:2008, year:2009, year:2010, year:2011, year:2012, year:2013, year:2014, year:2015, year:2016, year:2017, year:2018, year:2019",MERGE
2007-2009-saturn-sky-class-1-trailer-hitch-black,"make:Saturn, model:Sky, year:2007, year:2008, year:2009",MERGE
99-13-silverado-sierra-1500-class-3-trailer-hitch-ball-mount-curt,"make:Chevrolet, make:Chevy, make:GMC, model:Sierra 1500, model:Sierra 1500 Classic, model:Sierra 1500 HD, model:Sierra 1500 HD Classic, model:Sierra 2500, model:Silverado 1500, model:Silverado 1500 Classic, model:Silverado 1500 HD, model:Silverado 1500 HD Classic, model:Silverado 2500, year:1999, year:2000, year:2001, year:2002, year:2003, year:2004, year:2005, year:2006, year:2007, year:2008, year:2009, year:2010, year:2011, year:2012, year:2013",MERGE
2011-2015-hyundai-sonata-kia-optima-class-1-trailer-hitch-black,"make:Hyundai, make:Kia, model:Optima, model:Sonata, year:2011, year:2012, year:2013, year:2014, year:2015",MERGE
2003-2009-kia-sorento-class-3-trailer-hitch-black-13513,"make:Kia, model:Sorento, year:2003, year:2004, year:2005, year:2006, year:2007, year:2008, year:2009",MERGE
2010-2013-kia-sorento-hyundai-santa-fe-class-3-trailer-hitch,"make:Hyundai, make:Kia, model:Santa Fe, model:Sorento, year:2010, year:2011, year:2012, year:2013",MERGE
2003-2009-kia-sorento-class-3-trailer-hitch-kit-w-ball-mount,"make:Kia, model:Sorento, year:2003, year:2004, year:2005, year:2006, year:2007, year:2008, year:2009",MERGE
class-2-trailer-hitch-black-kia-sorento-hyundai-santa-fe-sport,"make:Hyundai, make:Kia, model:Santa Fe Sport, model:Sorento, year:2013, year:2014, year:2015, year:2016, year:2017, year:2018",MERGE
2010-2013-kia-sorento-hyundai-santa-fe-class-3-hitch-ball-mount,"make:Hyundai, make:Kia, model:Santa Fe, model:Sorento, year:2010, year:2011, year:2012, year:2013",MERGE
2016-2020-kia-sorento-hyundai-santa-fe-class-3-trailer-hitch,"make:Hyundai, make:Kia, model:Santa Fe, model:Sorento, year:2016, year:2017, year:2018, year:2019, year:2020",MERGE
2014-2015-kia-sorento-class-2-trailer-hitch-wiring-combo-black,"make:Kia, model:Sorento, year:2014, year:2015",MERGE
2016-2020-kia-sorento-class-3-trailer-hitch-w-ball-mount-curt,"make:Hyundai, make:Kia, model:Santa Fe, model:Sorento, year:2016, year:2017, year:2018, year:2019, year:2020",MERGE
2021-2024-kia-sorento-hyundai-santa-fe-2-hitch-receiver-class-3,"make:Hyundai, make:Kia, model:Santa Fe, model:Sorento, year:2021, year:2022, year:2023, year:2024, year:2025",MERGE
2010-2013-kia-soul-class-1-trailer-hitch-black-mpn-11110,"make:Kia, model:Soul, year:2010, year:2011, year:2012, year:2013",MERGE
2010-2013-kia-soul-class-1-trailer-hitch-wiring-combo-black,"make:Kia, model:Soul, year:2010, year:2011, year:2012, year:2013",MERGE
2010-2015-hyundai-tucson-adjustable-trailer-hitch-black-13120,"make:Hyundai, make:Kia, model:Sportage, model:Tucson, year:2010, year:2011, year:2012, year:2013, year:2014, year:2015, year:2016",MERGE
2010-2015-hyundai-tucson-trailer-hitch-ball-mount-combo-black,"make:Hyundai, make:Kia, model:Sportage, model:Tucson, year:2010, year:2011, year:2012, year:2013, year:2014, year:2015, year:2016",MERGE
2010-2015-hyundai-tucson-trailer-hitch-wiring-harness-combo-kit,"make:Hyundai, model:Tucson, year:2010, year:2011, year:2012, year:2013, year:2014, year:2015",MERGE
2018-2024-alfa-romeo-stelvio-2-trailer-hitch-receiver-class-3,"make:Alfa Romeo, model:Stelvio, year:2018, year:2019, year:2020, year:2021, year:2022, year:2023, year:2024",MERGE
2016-2023-toyota-tacoma-class-3-trailer-hitch-black-13264,"make:Toyota, model:Tacoma, year:2016, year:2017, year:2018, year:2019, year:2020, year:2021, year:2022, year:2023",MERGE
2016-2023-toyota-tacoma-class-3-trailer-hitch-combo-w-ball-mount,"make:Toyota, model:Tacoma, year:2016, year:2017, year:2018, year:2019, year:2020, year:2021, year:2022, year:2023",MERGE
1995-2004-toyota-tacoma-class-3-trailer-hitch-black-13013,"make:Toyota, model:Tacoma, year:1995, year:1996, year:1997, year:1998, year:1999, year:2000, year:2001, year:2002, year:2003, year:2004",MERGE
1995-2004-toyota-tacoma-class-3-trailer-hitch-w-ball-mount,"make:Toyota, model:Tacoma, year:1995, year:1996, year:1997, year:1998, year:1999, year:2000, year:2001, year:2002, year:2003, year:2004",MERGE
2022-volkswagen-taos-class-3-trailer-hitch-2-receiver-curt-13496,"make:Volkswagen, model:Taos, year:2022, year:2023, year:2024, year:2025",MERGE
2005-2010-scion-tc-class-1-trailer-hitch-black-mpn-11330,"make:Scion, model:Tc, year:2005, year:2006, year:2007, year:2008, year:2009, year:2010",MERGE
2020-2024-kia-telluride-2-trailer-hitch-receiver-class-3-curt,"make:Kia, model:Telluride, year:2020, year:2021, year:2022, year:2023, year:2024, year:2025",MERGE
2018-2024-volkswagen-tiguan-class-3-trailer-hitch-2-receiver-curt,"make:Volkswagen, model:Tiguan, year:2018, year:2019, year:2020, year:2021, year:2022, year:2023, year:2024",MERGE
2004-2015-nissan-titan-class-3-trailer-hitch-black-13199,"make:Nissan, model:Titan, year:2004, year:2005, year:2006, year:2007, year:2008, year:2009, year:2010, year:2011, year:2012, year:2013, year:2014, year:2015",MERGE
2007-2015-audi-q7-quattro-class-3-trailer-hitch-black,"make:Audi, make:Porsche, make:Volkswagen, model:Cayenne, model:Q7, model:Touareg, year:2004, year:2005, year:2006, year:2007, year:2008, year:2009, year:2010, year:2011, year:2012, year:2013, year:2014, year:2015",MERGE
2004-2015-nissan-titan-class-3-trailer-hitch-w-ball-mount-curt,"make:Nissan, model:Titan, year:2004, year:2005, year:2006, year:2007, year:2008, year:2009, year:2010, year:2011, year:2012, year:2013, year:2014, year:2015",MERGE
2015-2021-ford-transit-150-250-350-class-3-trailer-hitch-13193,"make:Ford, model:Transit-150, model:Transit-250, model:Transit-350, year:2015, year:2016, year:2017, year:2018, year:2019, year:2020, year:2021",MERGE
2007-2015-audi-q7-quattro-class-3-trailer-hitch-combo-curt,"make:Audi, make:Porsche, make:Volkswagen, model:Cayenne, model:Q7, model:Touareg, year:2004, year:2005, year:2006, year:2007, year:2008, year:2009, year:2010, year:2011, year:2012, year:2013, year:2014, year:2015",MERGE
2015-2021-ford-transit-150-250-350-class-3-hitch-ball-mount-kit,"make:Ford, model:Transit-150, model:Transit-250, model:Transit-350, year:2015, year:2016, year:2017, year:2018, year:2019, year:2020, year:2021",MERGE
2016-2021-hyundai-tucson-trailer-hitch-receiver-class-2-curt,"make:Hyundai, model:Tucson, year:2016, year:2017, year:2018, year:2019, year:2020, year:2021",MERGE
2016-2021-hyundai-tucson-2-trailer-hitch-receiver-class-3-curt,"make:Hyundai, model:Tucson, year:2016, year:2017, year:2018, year:2019, year:2020, year:2021",MERGE
2016-2021-hyundai-tucson-2-trailer-hitch-receiver-w-ball-mount,"make:Hyundai, model:Tucson, year:2016, year:2017, year:2018, year:2019, year:2020, year:2021",MERGE
2012-2016-hyundai-veloster-class-1-trailer-hitch-black,"make:Hyundai, model:Veloster, year:2012, year:2013, year:2014, year:2015, year:2016",MERGE
2024-lexus-tx-toyota-grand-highlander-2-trailer-hitch-class-3,"make:Lexus, make:Toyota, model:Grand Highlander, model:TX350, model:TX500h, model:TX550h+, year:2024, year:2025, year:2026",MERGE
2021-2024-toyota-venza-2-trailer-hitch-receiver-class-3,"make:Toyota, model:Venza, year:2021, year:2022, year:2023, year:2024",MERGE
2003-2008-pontiac-vibe-class-2-trailer-hitch-black-12234,"make:Pontiac, model:Vibe, year:2003, year:2004, year:2005, year:2006, year:2007, year:2008",MERGE
1989-1998-sidekick-tracker-class-1-trailer-hitch-11128,"make:Chevrolet, make:Chevy, make:Geo, make:Suzuki, model:Sidekick, model:Tracker, year:1989, year:1990, year:1991, year:1992, year:1993, year:1994, year:1995, year:1996, year:1997, year:1998",MERGE
2005-2006-chevy-equinox-pontiac-torrent-trailer-wiring-harness,"make:Chevrolet, make:Chevy, make:Pontiac, model:Equinox, model:Torrent, year:2005, year:2006",MERGE
2013-2016-ford-escape-trailer-wiring-harness-4-way-t-connector,"make:Ford, model:Escape, year:2013, year:2014, year:2015, year:2016",MERGE
trailer-wire-harness-t-connector-4-way-flat-mpn-55400,"make:Hyundai, make:Toyota, model:Azera, model:Highlander, year:2001, year:2002, year:2003, year:2004, year:2005, year:2006, year:2007, year:2008, year:2009, year:2010, year:2011",MERGE
2014-2020-acura-mdx-trailer-wiring-harness-t-connector-56192,"make:Acura, model:MDX, year:2014, year:2015, year:2016, year:2017, year:2018, year:2019, year:2020",MERGE
2007-2013-acura-mdx-trailer-wiring-harness-t-connector-56038,"make:Acura, model:MDX, year:2007, year:2008, year:2009, year:2010, year:2011, year:2012, year:2013",MERGE
2007-2013-mitsubishi-outlander-trailer-wiring-harness-56102,"make:Mitsubishi, model:Outlander, year:2007, year:2008, year:2009, year:2010, year:2011, year:2012, year:2013",MERGE
2007-2024-jeep-wrangler-jk-jl-2-trailer-hitch-receiver-class-3,"make:Jeep, model:Wrangler, model:Wrangler JK, year:2007, year:2008, year:2009, year:2010, year:2011, year:2012, year:2013, year:2014, year:2015, year:2016, year:2017, year:2018, year:2020, year:2021, year:2022, year:2023, year:2025, year:2026",MERGE
2007-2018-jeep-wrangler-class-3-trailer-hitch-black-13432,"make:Jeep, model:Wrangler, model:Wrangler JK, year:2007, year:2008, year:2009, year:2010, year:2011, year:2012, year:2013, year:2014, year:2015, year:2016, year:2017, year:2018",MERGE
2007-2018-jeep-wrangler-class-3-trailer-hitch-w-ball-mount-curt,"make:Jeep, model:Wrangler, model:Wrangler JK, year:2007, year:2008, year:2009, year:2010, year:2011, year:2012, year:2013, year:2014, year:2015, year:2016, year:2017, year:2018",MERGE
1997-2006-jeep-wrangler-class-3-trailer-hitch-ball-mount-kit-curt,"make:Jeep, model:Wrangler, year:1997, year:1998, year:1999, year:2000, year:2001, year:2002, year:2003, year:2004, year:2005, year:2006",MERGE
1997-2006-jeep-wrangler-class-3-trailer-hitch-black,"make:Jeep, model:Wrangler, year:1997, year:1998, year:1999, year:2000, year:2001, year:2002, year:2003, year:2004, year:2005, year:2006",MERGE
1997-2006-jeep-wrangler-class-3-trailer-hitch-w-ball-mount-curt,"make:Jeep, model:Wrangler, year:1997, year:1998, year:1999, year:2000, year:2001, year:2002, year:2003, year:2004, year:2005, year:2006",MERGE
1986-1992-ford-ranger-trailer-wiring-harness-t-connector-55314,"make:Ford, model:Ranger, year:1986, year:1987, year:1988, year:1989, year:1990, year:1991, year:1992",MERGE
2006-2012-toyota-rav4-trailer-wire-harness-t-connector-56165,"make:Toyota, model:RAV4, year:2006, year:2007, year:2008, year:2009, year:2010, year:2011, year:2012",MERGE
2006-2014-kia-sedona-hyundai-entourage-trailer-wiring-harness-55503,"make:Hyundai, make:Kia, model:Entourage, model:Sedona, year:2006, year:2007, year:2008, year:2009, year:2010, year:2011, year:2012, year:2014",MERGE
2014-2018-kia-sorento-trailer-wiring-harness-4-way-flat-56256,"make:Kia, model:Sorento, year:2014, year:2015, year:2016, year:2017, year:2018",MERGE
kia-soul-rondo-trailer-wiring-harness-4-way-t-connector-56220,"make:Kia, model:Rondo, model:Soul, year:2007, year:2008, year:2009, year:2010, year:2011, year:2012, year:2013, year:2014, year:2015, year:2016, year:2017, year:2018, year:2019",MERGE
2010-2017-hyundai-tucson-trailer-wiring-harness-4-way-t-connector,"make:Hyundai, model:Tucson, year:2010, year:2011, year:2012, year:2013, year:2014, year:2015, year:2016, year:2017",MERGE
2016-2022-bmw-x1-class-3-trailer-hitch-2-receiver-black,"make:BMW, model:X1, year:2016, year:2017, year:2018, year:2019, year:2020, year:2021, year:2022",MERGE
2004-2010-bmw-x3-class-3-trailer-hitch-black-mpn-13573,"make:BMW, model:X3, year:2004, year:2005, year:2006, year:2007, year:2008, year:2009, year:2010",MERGE
2004-2010-bmw-x3-class-3-trailer-hitch-ball-mount-kit-curt,"make:BMW, model:X3, year:2004, year:2005, year:2006, year:2007, year:2008, year:2009, year:2010",MERGE
2007-2019-bmw-x5-x6-class-3-trailer-hitch-black-13077,"make:BMW, model:X5, model:X6, year:2007, year:2008, year:2009, year:2010, year:2011, year:2012, year:2013, year:2014, year:2015, year:2016, year:2017, year:2018, year:2019",MERGE
2007-2019-bmw-x5-x6-class-3-trailer-hitch-ball-mount-kit-curt,"make:BMW, model:X5, model:X6, year:2007, year:2008, year:2009, year:2010, year:2011, year:2012, year:2013, year:2014, year:2015, year:2016, year:2017, year:2018, year:2019",MERGE
2008-2015-scion-xb-class-2-trailer-hitch-black-mpn-12490,"make:Scion, model:xB, year:2008, year:2009, year:2010, year:2011, year:2012, year:2013, year:2014, year:2015",MERGE
2003-2014-volvo-xc90-class-3-trailer-hitch-black-mpn-13559,"make:Volvo, model:XC90, year:2003, year:2004, year:2005, year:2006, year:2007, year:2008, year:2009, year:2010, year:2011, year:2012, year:2013, year:2014",MERGE
2003-2014-volvo-xc90-class-3-trailer-hitch-ball-mount-combo,"make:Volvo, model:XC90, year:2003, year:2004, year:2005, year:2006, year:2007, year:2008, year:2009, year:2010, year:2011, year:2012, year:2013, year:2014",MERGE
2008-2010-scion-xd-class-1-trailer-hitch-black-11491,"make:Scion, model:xD, year:2008, year:2009, year:2010",MERGE
2017-2025-cadillac-xt5-class-3-trailer-hitch-2-receiver-stehlen,"make:Cadillac, model:XT5, year:2017, year:2018, year:2019, year:2020, year:2021, year:2022, year:2023, year:2024, year:2025, year:2026",MERGE
2005-2015-nissan-xterra-class-3-trailer-hitch-black-13514,"make:Nissan, model:Xterra, year:2005, year:2006, year:2007, year:2008, year:2009, year:2010, year:2011, year:2012, year:2013, year:2014, year:2015",MERGE
2005-2015-nissan-xterra-class-3-trailer-hitch-ball-mount-kit,"make:Nissan, model:Xterra, year:2005, year:2006, year:2007, year:2008, year:2009, year:2010, year:2011, year:2012, year:2013, year:2014, year:2015",MERGE
2015-2023-ford-f-150-f-250-f-350-underseat-storage-organizer-box,"make:Ford, model:F-150, model:F-250 Super Duty, model:F-350 Super Duty, model:F-450 Super Duty, model:F-550 Super Duty, year:2015, year:2016, year:2017, year:2018, year:2019, year:2020, year:2021, year:2022, year:2023",MERGE
2014-2019-silverado-sierra-rear-underseat-storage-organizer-box,"make:Chevrolet, make:Chevy, make:GMC, model:Sierra 1500, model:Sierra 2500 HD, model:Sierra 3500 HD, model:Silverado 1500, model:Silverado 2500, model:Silverado 2500 HD, model:Silverado 3500 HD, year:2014, year:2015, year:2016, year:2017, year:2018, year:2019",MERGE
